"Device Name","Ticket Name","Order Source","Number of Items","Items in Ticket","Completion Time (seconds)","Time Created","Time Completed","Time Due","Time Recalled"
"ESPRESSO","#6344","Point of Sale","1","1x 12oz/Medium","2847","2024-07-01 04:59:27","2024-07-01 05:46:54","",""
"ESPRESSO","#7670","Point of Sale","1","1x 4oz/Pic, Esp, Dop","2641","2024-07-01 05:02:54","2024-07-01 05:46:55","",""
"ESPRESSO","#9796","Point of Sale","1","1x 4oz/Pic, Esp, Dop","2479","2024-07-01 05:05:35","2024-07-01 05:46:54","",""
"ESPRESSO","#3409","Point of Sale","1","1x 12oz/Medium","2404","2024-07-01 05:06:51","2024-07-01 05:46:55","",""
"ESPRESSO","#5253","Point of Sale","1","1x 4oz/Pic, Esp, Dop","2337","2024-07-01 05:07:58","2024-07-01 05:46:55","",""
"ESPRESSO","#5449","Point of Sale","1","1x 12oz/Medium","1702","2024-07-01 05:19:22","2024-07-01 05:47:44","",""
"ESPRESSO","#5852","Point of Sale","1","1x 12oz/Medium","1595","2024-07-01 05:21:09","2024-07-01 05:47:44","",""
"ESPRESSO","#9190","Point of Sale","1","1x 12oz/Medium","944","2024-07-01 05:31:59","2024-07-01 05:47:43","",""
"ESPRESSO","#9399","Point of Sale","1","1x 12oz/Medium","834","2024-07-01 05:33:48","2024-07-01 05:47:42","",""
"ESPRESSO","#3586","Point of Sale","2","1x 12oz/Medium; 1x 12oz/Medium","576","2024-07-01 05:38:08","2024-07-01 05:47:44","",""
"ESPRESSO","#5175","Point of Sale","2","1x 16oz/Large; 1x Bacon And Egg Breakfast Wrap","638","2024-07-01 05:38:48","2024-07-01 05:49:26","",""
"ESPRESSO","#7867","Point of Sale","1","1x 12oz/Medium","472","2024-07-01 05:41:34","2024-07-01 05:49:26","",""
"ESPRESSO","#1885","Point of Sale","1","1x 12oz/Medium","264","2024-07-01 05:45:03","2024-07-01 05:49:27","",""
"ESPRESSO","#9453","Point of Sale","2","1x 4oz/Pic, Esp, Dop; 1x 12oz/Medium","634","2024-07-01 05:45:24","2024-07-01 05:55:58","",""
"ESPRESSO","#252","Point of Sale","1","1x 12oz/Medium","597","2024-07-01 05:46:01","2024-07-01 05:55:58","",""
"ESPRESSO","#1528","Point of Sale","1","1x 12oz/Medium","511","2024-07-01 05:47:27","2024-07-01 05:55:58","",""
"ESPRESSO","#982","Point of Sale","1","1x 12oz/Medium","477","2024-07-01 05:48:01","2024-07-01 05:55:58","",""
"ESPRESSO","#606","Point of Sale","1","1x 12oz/Medium","313","2024-07-01 05:50:45","2024-07-01 05:55:58","",""
"ESPRESSO","#5014","Point of Sale","1","1x 6oz","470","2024-07-01 05:54:22","2024-07-01 06:02:12","",""
"ESPRESSO","#4891","Point of Sale","1","1x 12oz/Medium","444","2024-07-01 05:54:47","2024-07-01 06:02:11","",""
"ESPRESSO","#5761","Point of Sale","2","1x 12oz/Medium; 1x A Cookie","372","2024-07-01 05:56:00","2024-07-01 06:02:12","",""
"ESPRESSO","#5544","Point of Sale","1","1x Pupacino","363","2024-07-01 05:56:09","2024-07-01 06:02:12","",""
"ESPRESSO","#1416","Point of Sale","1","1x 6oz","70","2024-07-01 06:01:03","2024-07-01 06:02:13","",""
"ESPRESSO","#7015","Point of Sale","1","1x 8oz/Small","147","2024-07-01 06:04:00","2024-07-01 06:06:27","",""
"ESPRESSO","#8801","Point of Sale","1","1x 12oz/Medium","248","2024-07-01 06:05:50","2024-07-01 06:09:58","",""
"ESPRESSO","#7442","Point of Sale","2","2x 12oz/Medium","211","2024-07-01 06:06:27","2024-07-01 06:09:58","",""
"ESPRESSO","#9576","Point of Sale","1","1x 12oz/Medium","383","2024-07-01 06:06:57","2024-07-01 06:13:20","",""
"ESPRESSO","#8611","Point of Sale","1","1x 8oz/Small","262","2024-07-01 06:08:58","2024-07-01 06:13:20","",""
"ESPRESSO","#7603","Point of Sale","1","1x 8oz/Small","429","2024-07-01 06:13:11","2024-07-01 06:20:20","",""
"ESPRESSO","#5886","Point of Sale","2","1x 12oz/Medium; 1x Protein Ball - Peanut Butter","383","2024-07-01 06:13:57","2024-07-01 06:20:20","",""
"ESPRESSO","#676","Point of Sale","1","1x 8oz/Small","181","2024-07-01 06:17:19","2024-07-01 06:20:20","",""
"ESPRESSO","#3338","Point of Sale","1","1x 6oz","135","2024-07-01 06:18:06","2024-07-01 06:20:21","",""
"ESPRESSO","#2910","Point of Sale","2","1x 8oz/Small; 1x Pupacino","998","2024-07-01 06:18:29","2024-07-01 06:35:07","",""
"ESPRESSO","#2706","Point of Sale","2","1x 8oz/Small; 1x 16oz/Large","922","2024-07-01 06:19:45","2024-07-01 06:35:07","",""
"ESPRESSO","#239","Point of Sale","2","1x 500g Beans; 1x 6oz","430","2024-07-01 06:27:57","2024-07-01 06:35:07","",""
"ESPRESSO","#315","Point of Sale","1","1x 4oz/Pic, Esp, Dop","127","2024-07-01 06:33:00","2024-07-01 06:35:07","",""
"ESPRESSO","#6849","Point of Sale","1","1x 12oz/Medium","99","2024-07-01 06:35:42","2024-07-01 06:37:21","",""
"ESPRESSO","#4840","Point of Sale","1","1x 6oz","572","2024-07-01 06:36:14","2024-07-01 06:45:46","",""
"ESPRESSO","#9265","Point of Sale","2","1x A Cookie; 1x 20oz\ICED LARGE","549","2024-07-01 06:36:36","2024-07-01 06:45:45","",""
"ESPRESSO","#5101","Point of Sale","1","1x 16oz/Large","248","2024-07-01 06:41:36","2024-07-01 06:45:44","",""
"ESPRESSO","#8410","Point of Sale","2","1x 12oz/Medium; 1x 16oz/Large","201","2024-07-01 06:42:24","2024-07-01 06:45:45","",""
"ESPRESSO","#1820","Point of Sale","1","1x 8oz/Small","167","2024-07-01 06:44:01","2024-07-01 06:46:48","",""
"ESPRESSO","#4348","Point of Sale","1","1x 8oz/Small","477","2024-07-01 06:50:23","2024-07-01 06:58:20","",""
"ESPRESSO","#8305","Point of Sale","3","1x 8oz/Small; 1x 8oz/Small; 1x A Sweet Muffin","344","2024-07-01 06:52:37","2024-07-01 06:58:21","",""
"ESPRESSO","#7249","Point of Sale","2","1x A Savoury Muffin; 1x 12oz/Medium","297","2024-07-01 06:53:24","2024-07-01 06:58:21","",""
"ESPRESSO","#84","Point of Sale","1","1x Fruit Juice","51","2024-07-01 06:53:37","2024-07-01 06:54:28","",""
"ESPRESSO","#3825","Point of Sale","1","1x 12oz/Medium","281","2024-07-01 06:53:57","2024-07-01 06:58:38","",""
"ESPRESSO","#9381","Point of Sale","4","1x Babycino; 1x Babycino; 1x 16oz/Large; 1x 8oz/Small","181","2024-07-01 06:59:58","2024-07-01 07:02:59","",""
"ESPRESSO","#8139","Point of Sale","1","1x 12oz/Medium","401","2024-07-01 07:04:30","2024-07-01 07:11:11","",""
"ESPRESSO","#6760","Point of Sale","1","1x 12oz/Medium","361","2024-07-01 07:05:11","2024-07-01 07:11:12","",""
"ESPRESSO","#9610","Point of Sale","2","2x 12oz/Medium","282","2024-07-01 07:06:30","2024-07-01 07:11:12","",""
"ESPRESSO","#7281","Point of Sale","1","1x 12oz/Medium","41","2024-07-01 07:11:19","2024-07-01 07:12:00","",""
"ESPRESSO","#4936","Point of Sale","1","1x 12oz/Medium","12","2024-07-01 07:11:49","2024-07-01 07:12:01","",""
"ESPRESSO","#4571","Point of Sale","1","1x 12oz/Medium","626","2024-07-01 07:12:39","2024-07-01 07:23:05","",""
"ESPRESSO","#4590","Point of Sale","2","1x 12oz/Medium; 1x 12oz/Medium","170","2024-07-01 07:20:16","2024-07-01 07:23:06","",""
"ESPRESSO","#5771","Point of Sale","1","1x 12oz/Medium","125","2024-07-01 07:21:00","2024-07-01 07:23:05","",""
"ESPRESSO","#4129","Point of Sale","1","1x 8oz/Small","108","2024-07-01 07:21:17","2024-07-01 07:23:05","",""
"ESPRESSO","#4037","Point of Sale","1","1x 12oz/ICED SMALL","85","2024-07-01 07:25:43","2024-07-01 07:27:08","",""
"ESPRESSO","#5530","Point of Sale","1","1x 16oz/Large","424","2024-07-01 07:26:04","2024-07-01 07:33:08","",""
"ESPRESSO","#2901","Point of Sale","1","1x 16oz/Large","346","2024-07-01 07:27:22","2024-07-01 07:33:08","",""
"ESPRESSO","#3167","Point of Sale","2","1x 8oz/Small; 1x 12oz/Medium","260","2024-07-01 07:28:48","2024-07-01 07:33:08","",""
"ESPRESSO","#283","Point of Sale","1","1x 16oz/Large","16","2024-07-01 07:32:52","2024-07-01 07:33:08","",""
"ESPRESSO","#6087","Point of Sale","1","1x 4oz/Pic, Esp, Dop","458","2024-07-01 07:37:57","2024-07-01 07:45:35","",""
"ESPRESSO","#8836","Point of Sale","2","1x 12oz/Medium; 1x 8oz/Small","396","2024-07-01 07:39:01","2024-07-01 07:45:37","",""
"ESPRESSO","#6220","Point of Sale","1","1x 6oz","190","2024-07-01 07:42:26","2024-07-01 07:45:36","",""
"ESPRESSO","#5782","Point of Sale","1","1x 12oz/Medium","383","2024-07-01 07:43:00","2024-07-01 07:49:23","",""
"ESPRESSO","#8434","Point of Sale","1","1x 20oz\ICED LARGE","259","2024-07-01 07:45:04","2024-07-01 07:49:23","",""
"ESPRESSO","#4639","Point of Sale","1","1x 12oz/Medium","139","2024-07-01 07:47:04","2024-07-01 07:49:23","",""
"ESPRESSO","#4832","Point of Sale","1","1x 4oz/Pic, Esp, Dop","120","2024-07-01 07:47:23","2024-07-01 07:49:23","",""
"ESPRESSO","#706","Point of Sale","1","1x 12oz/Medium","400","2024-07-01 07:48:48","2024-07-01 07:55:28","",""
"ESPRESSO","#8858","Point of Sale","1","1x 8oz/Small","112","2024-07-01 07:53:36","2024-07-01 07:55:28","",""
"ESPRESSO","#4353","Point of Sale","2","1x 6oz; 1x 6oz","439","2024-07-01 07:54:20","2024-07-01 08:01:39","",""
"ESPRESSO","#1266","Point of Sale","2","1x 8oz/Small; 1x 8oz/Small","359","2024-07-01 07:54:51","2024-07-01 08:00:50","",""
"ESPRESSO","#2165","Point of Sale","1","1x 20oz\ICED LARGE","333","2024-07-01 07:55:17","2024-07-01 08:00:50","",""
"ESPRESSO","#980","Point of Sale","4","2x 12oz/ICED SMALL; 1x 16oz/Large; 1x Fruit Juice","260","2024-07-01 07:56:32","2024-07-01 08:00:52","",""
"ESPRESSO","#2667","Point of Sale","1","1x 16oz/Large","119","2024-07-01 07:58:52","2024-07-01 08:00:51","",""
"ESPRESSO","#6697","Point of Sale","1","1x 12oz/Medium","570","2024-07-01 08:01:37","2024-07-01 08:11:07","",""
"ESPRESSO","#4494","Point of Sale","1","1x 16oz/Large","550","2024-07-01 08:01:56","2024-07-01 08:11:06","",""
"ESPRESSO","#5775","Point of Sale","2","1x A Sweet Muffin; 1x 12oz/Medium","516","2024-07-01 08:02:31","2024-07-01 08:11:07","",""
"ESPRESSO","#8263","Point of Sale","3","1x 8oz/Small; 1x A Sweet Muffin; 1x 6oz","137","2024-07-01 08:08:49","2024-07-01 08:11:06","",""
"ESPRESSO","#528","Point of Sale","1","1x 20oz\ICED LARGE","452","2024-07-01 08:09:19","2024-07-01 08:16:51","",""
"ESPRESSO","#7567","Point of Sale","1","1x 20oz\ICED LARGE","424","2024-07-01 08:09:47","2024-07-01 08:16:51","",""
"ESPRESSO","#8003","Point of Sale","1","1x 6oz","381","2024-07-01 08:10:30","2024-07-01 08:16:51","",""
"ESPRESSO","#1794","Point of Sale","3","1x 8oz/Small; 1x 1kg Beans; 1x 12oz/Medium","653","2024-07-01 08:11:34","2024-07-01 08:22:27","",""
"ESPRESSO","#1668","Point of Sale","1","1x 12oz/Medium","518","2024-07-01 08:13:48","2024-07-01 08:22:26","",""
"ESPRESSO","#9051","Point of Sale","2","1x 12oz/Medium; 1x A Cookie","542","2024-07-01 08:14:13","2024-07-01 08:23:15","",""
"ESPRESSO","#6679","Point of Sale","1","1x 8oz/Small","604","2024-07-01 08:14:49","2024-07-01 08:24:53","",""
"ESPRESSO","#9778","Point of Sale","1","1x 16oz/Large","490","2024-07-01 08:16:43","2024-07-01 08:24:53","",""
"ESPRESSO","#6264","Point of Sale","2","1x Protein Ball - Peanut Butter; 1x 12oz/Medium","404","2024-07-01 08:20:47","2024-07-01 08:27:31","",""
"ESPRESSO","#7508","Point of Sale","1","1x 8oz/Small","272","2024-07-01 08:22:59","2024-07-01 08:27:31","",""
"ESPRESSO","#8208","Point of Sale","2","1x 16oz/Large; 1x A Cookie","350","2024-07-01 08:24:13","2024-07-01 08:30:03","",""
"ESPRESSO","#658","Point of Sale","1","1x 16oz/Large","250","2024-07-01 08:25:54","2024-07-01 08:30:04","",""
"ESPRESSO","#6607","Point of Sale","1","1x 12oz/Medium","577","2024-07-01 08:27:42","2024-07-01 08:37:19","",""
"ESPRESSO","#8401","Point of Sale","1","1x 12oz/ICED SMALL","478","2024-07-01 08:29:21","2024-07-01 08:37:19","",""
"ESPRESSO","#414","Point of Sale","1","1x 12oz/Medium","152","2024-07-01 08:34:46","2024-07-01 08:37:18","",""
"ESPRESSO","#301","Point of Sale","1","1x 12oz/Medium","122","2024-07-01 08:35:17","2024-07-01 08:37:19","",""
"ESPRESSO","#1155","Point of Sale","3","1x Fruit Juice; 1x 16oz/ICED MEDIUM; 1x 12oz/Medium","198","2024-07-01 08:37:23","2024-07-01 08:40:41","",""
"ESPRESSO","#7225","Point of Sale","1","1x 16oz/Large","288","2024-07-01 08:37:52","2024-07-01 08:42:40","",""
"ESPRESSO","#4926","Point of Sale","1","1x 16oz/Large","199","2024-07-01 08:39:22","2024-07-01 08:42:41","",""
"ESPRESSO","#9140","Point of Sale","3","1x 20oz\ICED LARGE; 1x A Sweet Muffin; 1x 8oz/Small","247","2024-07-01 08:40:52","2024-07-01 08:44:59","",""
"ESPRESSO","#2319","Point of Sale","1","1x 6oz","363","2024-07-01 08:41:10","2024-07-01 08:47:13","",""
"ESPRESSO","#4665","Point of Sale","1","1x 16oz/Large","217","2024-07-01 08:43:36","2024-07-01 08:47:13","",""
"ESPRESSO","#4220","Point of Sale","2","2x 12oz/Medium","293","2024-07-01 08:44:03","2024-07-01 08:48:56","",""
"ESPRESSO","#7406","Point of Sale","1","1x 12oz/Medium","307","2024-07-01 08:45:01","2024-07-01 08:50:08","",""
"ESPRESSO","#3488","Point of Sale","1","1x 16oz/Large","328","2024-07-01 08:45:40","2024-07-01 08:51:08","",""
"ESPRESSO","#9034","Point of Sale","1","1x 6oz","382","2024-07-01 08:46:19","2024-07-01 08:52:41","",""
"ESPRESSO","#6642","Point of Sale","1","1x 12oz/ICED SMALL","360","2024-07-01 08:46:42","2024-07-01 08:52:42","",""
"ESPRESSO","#1769","Point of Sale","1","1x 8oz/Small","336","2024-07-01 08:47:04","2024-07-01 08:52:40","",""
"ESPRESSO","#4098","Point of Sale","1","1x 8oz/Small","380","2024-07-01 08:47:45","2024-07-01 08:54:05","",""
"ESPRESSO","#9110","Point of Sale","1","1x 8oz/Small","183","2024-07-01 08:51:54","2024-07-01 08:54:57","",""
"ESPRESSO","#2414","Point of Sale","2","1x 8oz/Small; 1x A Savoury Muffin","343","2024-07-01 08:52:49","2024-07-01 08:58:32","",""
"ESPRESSO","#2281","Point of Sale","1","1x 6oz","325","2024-07-01 08:53:08","2024-07-01 08:58:33","",""
"ESPRESSO","#9955","Point of Sale","2","2x 12oz/Medium","344","2024-07-01 08:53:31","2024-07-01 08:59:15","",""
"ESPRESSO","#4965","Point of Sale","5","1x 12oz/ICED SMALL; 1x 12oz/Medium; 1x 12oz/Medium; 2x Babycino","293","2024-07-01 08:58:05","2024-07-01 09:02:58","",""
"ESPRESSO","#9654","Point of Sale","1","1x 16oz/Large","469","2024-07-01 09:00:44","2024-07-01 09:08:33","",""
"ESPRESSO","#315","Point of Sale","1","1x 12oz/Medium","231","2024-07-01 09:04:43","2024-07-01 09:08:34","",""
"ESPRESSO","#2391","Point of Sale","2","1x 16oz/Large; 1x 16oz/Large","186","2024-07-01 09:05:27","2024-07-01 09:08:33","",""
"ESPRESSO","#4164","Point of Sale","1","1x 16oz/Large","441","2024-07-01 09:07:54","2024-07-01 09:15:15","",""
"ESPRESSO","#111","Point of Sale","1","1x 12oz/Medium","316","2024-07-01 09:09:58","2024-07-01 09:15:14","",""
"ESPRESSO","#2230","Point of Sale","1","1x 16oz/Large","232","2024-07-01 09:11:22","2024-07-01 09:15:14","",""
"ESPRESSO","#3647","Point of Sale","1","1x 8oz/Small","32","2024-07-01 09:14:43","2024-07-01 09:15:15","",""
"ESPRESSO","#1846","Point of Sale","1","1x 12oz/Medium","271","2024-07-01 09:23:40","2024-07-01 09:28:11","",""
"ESPRESSO","#980","Point of Sale","1","1x 8oz/Small","146","2024-07-01 09:25:46","2024-07-01 09:28:12","",""
"ESPRESSO","#6762","Point of Sale","1","1x 12oz/Medium","304","2024-07-01 09:26:11","2024-07-01 09:31:15","",""
"ESPRESSO","#3321","Point of Sale","1","1x 8oz/Small","274","2024-07-01 09:26:42","2024-07-01 09:31:16","",""
"ESPRESSO","#9214","Point of Sale","1","1x 8oz/Small","245","2024-07-01 09:27:11","2024-07-01 09:31:16","",""
"ESPRESSO","#2484","Point of Sale","2","1x 6oz; 1x 12oz/Medium","220","2024-07-01 09:27:36","2024-07-01 09:31:16","",""
"ESPRESSO","#8835","Point of Sale","2","1x 12oz/Medium; 1x A Sweet Muffin","549","2024-07-01 09:35:54","2024-07-01 09:45:03","",""
"ESPRESSO","#7169","Point of Sale","2","1x 8oz/Small; 1x 250g Beans","264","2024-07-01 09:40:39","2024-07-01 09:45:03","",""
"ESPRESSO","#7136","Point of Sale","3","1x 8oz/Small; 1x 250g Beans; 1x 8oz/Small","197","2024-07-01 09:41:46","2024-07-01 09:45:03","",""
"ESPRESSO","#3428","Point of Sale","4","1x A Sweet Muffin; 1x 6oz; 1x 6oz; 1x Protein Ball - Peanut Butter","302","2024-07-01 09:47:12","2024-07-01 09:52:14","",""
"ESPRESSO","#6639","Point of Sale","1","1x 12oz/ICED SMALL","267","2024-07-01 09:47:47","2024-07-01 09:52:14","",""
"ESPRESSO","#3053","Point of Sale","1","1x 20oz\ICED LARGE","133","2024-07-01 09:50:02","2024-07-01 09:52:15","",""
"ESPRESSO","#7830","Point of Sale","1","1x 12oz/Medium","143","2024-07-01 09:51:33","2024-07-01 09:53:56","",""
"ESPRESSO","#2306","Point of Sale","1","1x 500g Beans","69","2024-07-01 09:52:47","2024-07-01 09:53:56","",""
"ESPRESSO","#9243","Point of Sale","1","1x 16oz/Large","165","2024-07-01 09:53:58","2024-07-01 09:56:43","",""
"ESPRESSO","#2635","Point of Sale","1","1x 12oz/Medium","87","2024-07-01 09:55:15","2024-07-01 09:56:42","",""
"ESPRESSO","#3151","Point of Sale","1","1x 16oz/ICED MEDIUM","166","2024-07-01 09:55:49","2024-07-01 09:58:35","",""
"ESPRESSO","#979","Point of Sale","1","1x 12oz/Medium","147","2024-07-01 09:56:09","2024-07-01 09:58:36","",""
"ESPRESSO","#5","Point of Sale","2","2x 8oz/Small","94","2024-07-01 09:59:25","2024-07-01 10:00:59","",""
"ESPRESSO","#6503","Point of Sale","1","1x 8oz/Small","62","2024-07-01 09:59:57","2024-07-01 10:00:59","",""
"ESPRESSO","#710","Point of Sale","1","1x 12oz/Medium","1008","2024-07-01 10:00:24","2024-07-01 10:17:12","",""
"ESPRESSO","#881","Point of Sale","1","1x 12oz/Medium","789","2024-07-01 10:04:03","2024-07-01 10:17:12","",""
"ESPRESSO","#8317","Point of Sale","2","1x 16oz/Large; 1x 20oz\ICED LARGE","582","2024-07-01 10:07:32","2024-07-01 10:17:14","",""
"ESPRESSO","#9130","Point of Sale","1","1x 8oz/Small","290","2024-07-01 10:12:30","2024-07-01 10:17:20","",""
"ESPRESSO","#4464","Point of Sale","1","1x 12oz/Medium","217","2024-07-01 10:13:44","2024-07-01 10:17:21","",""
"ESPRESSO","#5207","Point of Sale","1","1x 12oz/Medium","108","2024-07-01 10:15:35","2024-07-01 10:17:23","",""
"ESPRESSO","#7246","Point of Sale","1","1x 12oz/Medium","157","2024-07-01 10:17:14","2024-07-01 10:19:51","",""
"ESPRESSO","#4359","Point of Sale","2","1x 12oz/Medium; 1x 16oz/Large","266","2024-07-01 10:20:49","2024-07-01 10:25:15","",""
"ESPRESSO","#1505","Point of Sale","1","1x 8oz/Small","173","2024-07-01 10:22:22","2024-07-01 10:25:15","",""
"ESPRESSO","#4563","Point of Sale","2","1x 8oz/Small; 1x 1kg Beans","131","2024-07-01 10:23:06","2024-07-01 10:25:17","",""
"ESPRESSO","#9380","Point of Sale","2","1x Protein Ball - Peanut Butter; 1x 12oz/Medium","272","2024-07-01 10:24:21","2024-07-01 10:28:53","",""
"ESPRESSO","#5413","Point of Sale","1","1x 8oz/Small","245","2024-07-01 10:24:48","2024-07-01 10:28:53","",""
"ESPRESSO","#8867","Point of Sale","1","1x 8oz/Small","182","2024-07-01 10:25:52","2024-07-01 10:28:54","",""
"ESPRESSO","#2135","Point of Sale","1","1x 12oz/Medium","123","2024-07-01 10:26:51","2024-07-01 10:28:54","",""
"ESPRESSO","#3357","Point of Sale","1","1x 12oz/Medium","15","2024-07-01 10:28:39","2024-07-01 10:28:54","",""
"ESPRESSO","#8769","Point of Sale","2","1x 6oz; 1x 12oz/Medium","569","2024-07-01 10:31:35","2024-07-01 10:41:04","",""
"ESPRESSO","#4527","Point of Sale","2","1x 6oz; 1x 16oz/ICED MEDIUM","202","2024-07-01 10:37:42","2024-07-01 10:41:04","",""
"ESPRESSO","#4693","Point of Sale","1","1x Butterbing!","250","2024-07-01 10:46:14","2024-07-01 10:50:24","",""
"ESPRESSO","#6455","Point of Sale","1","1x 8oz/Small","210","2024-07-01 10:46:55","2024-07-01 10:50:25","",""
"ESPRESSO","#8140","Point of Sale","3","2x 12oz/Medium; 1x A Sweet Muffin","710","2024-07-01 10:49:33","2024-07-01 11:01:23","",""
"ESPRESSO","#6487","Point of Sale","1","1x 12oz/Medium","504","2024-07-01 10:52:59","2024-07-01 11:01:23","",""
"ESPRESSO","#4986","Point of Sale","1","1x 12oz/Medium","161","2024-07-01 10:58:42","2024-07-01 11:01:23","",""
"ESPRESSO","#1080","Point of Sale","1","1x 12oz/Medium","97","2024-07-01 10:59:46","2024-07-01 11:01:23","",""
"ESPRESSO","#2371","Point of Sale","1","1x 16oz/Large","255","2024-07-01 11:02:23","2024-07-01 11:06:38","",""
"ESPRESSO","#1968","Point of Sale","1","1x 8oz/Small","208","2024-07-01 11:03:10","2024-07-01 11:06:38","",""
"ESPRESSO","#8399","Point of Sale","3","1x 12oz/Medium; 1x 12oz/Medium; 1x Protein Ball - Peanut Butter","501","2024-07-01 11:05:06","2024-07-01 11:13:27","",""
"ESPRESSO","#4692","Point of Sale","1","1x 12oz/Medium","454","2024-07-01 11:05:52","2024-07-01 11:13:26","",""
"ESPRESSO","#8489","Point of Sale","1","1x 8oz/Small","83","2024-07-01 11:12:04","2024-07-01 11:13:27","",""
"ESPRESSO","#6471","Point of Sale","1","1x 12oz/Medium","61","2024-07-01 11:12:26","2024-07-01 11:13:27","",""
"ESPRESSO","#5211","Point of Sale","2","1x 12oz/Medium; 1x 12oz/Medium","334","2024-07-01 11:15:00","2024-07-01 11:20:34","",""
"ESPRESSO","#591","Point of Sale","2","1x A Cookie; 1x 20oz\ICED LARGE","467","2024-07-01 11:22:58","2024-07-01 11:30:45","",""
"ESPRESSO","#5308","Point of Sale","1","1x 6oz","99","2024-07-01 11:29:06","2024-07-01 11:30:45","",""
"ESPRESSO","#2925","Point of Sale","1","1x 8oz/Small","238","2024-07-01 11:34:05","2024-07-01 11:38:03","",""
"ESPRESSO","#2547","Point of Sale","1","1x 8oz/Small","147","2024-07-01 11:35:36","2024-07-01 11:38:03","",""
"ESPRESSO","#2770","Point of Sale","1","1x 12oz/Medium","438","2024-07-01 11:43:37","2024-07-01 11:50:55","",""
"ESPRESSO","#1331","Point of Sale","1","1x 8oz/Small","36","2024-07-01 11:50:19","2024-07-01 11:50:55","",""
"ESPRESSO","#2554","Point of Sale","1","1x 16oz/Large","553","2024-07-01 12:02:24","2024-07-01 12:11:37","",""
"ESPRESSO","#7960","Point of Sale","1","1x 8oz/Small","441","2024-07-01 12:04:17","2024-07-01 12:11:38","",""
"ESPRESSO","#7814","Point of Sale","1","1x 8oz/Small","340","2024-07-01 12:05:59","2024-07-01 12:11:39","",""
"ESPRESSO","#958","Point of Sale","1","1x 6oz","121","2024-07-01 12:09:38","2024-07-01 12:11:39","",""
"ESPRESSO","#5563","Point of Sale","1","1x 8oz/Small","744","2024-07-01 12:36:56","2024-07-01 12:49:20","",""
"ESPRESSO","#7976","Point of Sale","2","1x 8oz/Small; 1x 8oz/Small","714","2024-07-01 12:37:26","2024-07-01 12:49:20","",""
"ESPRESSO","#4260","Point of Sale","1","1x 16oz/Large","465","2024-07-01 12:41:36","2024-07-01 12:49:21","",""
"ESPRESSO","#4641","Point of Sale","1","1x 8oz/Small","396","2024-07-01 12:42:46","2024-07-01 12:49:22","",""
"ESPRESSO","#8840","Point of Sale","1","1x 12oz/Medium","220","2024-07-01 12:45:42","2024-07-01 12:49:22","",""
"ESPRESSO","#2982","Point of Sale","1","1x 12oz/Medium","187","2024-07-01 12:54:55","2024-07-01 12:58:02","",""
"ESPRESSO","#3796","Point of Sale","2","1x 4oz/Pic, Esp, Dop; 1x 8oz/Small","325","2024-07-01 12:59:35","2024-07-01 13:05:00","",""
"ESPRESSO","#1533","Point of Sale","1","1x 12oz/Medium","278","2024-07-01 13:00:23","2024-07-01 13:05:01","",""
"ESPRESSO","#7323","Point of Sale","1","1x 16oz/Large","56823","2024-07-01 13:06:17","2024-07-02 04:53:20","",""
"ESPRESSO","#5319","Point of Sale","1","1x 8oz/Small","2403","2024-07-02 04:51:13","2024-07-02 05:31:16","",""
"ESPRESSO","#8702","Point of Sale","1","1x 6oz","2216","2024-07-02 04:54:21","2024-07-02 05:31:17","",""
"ESPRESSO","#6446","Point of Sale","1","1x 4oz/Pic, Esp, Dop","1534","2024-07-02 05:05:43","2024-07-02 05:31:17","",""
"ESPRESSO","#9420","Point of Sale","1","1x 6oz","1402","2024-07-02 05:07:55","2024-07-02 05:31:17","",""
"ESPRESSO","#9489","Point of Sale","1","1x 16oz/Large","578","2024-07-02 05:21:40","2024-07-02 05:31:18","",""
"ESPRESSO","#6088","Point of Sale","1","1x 500g Beans","464","2024-07-02 05:23:49","2024-07-02 05:31:33","",""
"ESPRESSO","#1091","Point of Sale","1","1x 12oz/Medium","446","2024-07-02 05:24:07","2024-07-02 05:31:33","",""
"ESPRESSO","#7690","Point of Sale","1","1x 4oz/Pic, Esp, Dop","331","2024-07-02 05:26:03","2024-07-02 05:31:34","",""
"ESPRESSO","#8113","Point of Sale","2","1x 12oz/Medium; 1x 12oz/Medium","1041","2024-07-02 05:29:48","2024-07-02 05:47:09","",""
"ESPRESSO","#3441","Point of Sale","1","1x 12oz/Medium","1022","2024-07-02 05:30:08","2024-07-02 05:47:10","",""
"ESPRESSO","#7500","Point of Sale","1","1x 4oz/Pic, Esp, Dop","629","2024-07-02 05:36:41","2024-07-02 05:47:10","",""
"ESPRESSO","#32","Point of Sale","1","1x 16oz/Large","609","2024-07-02 05:37:01","2024-07-02 05:47:10","",""
"ESPRESSO","#2920","Point of Sale","1","1x 12oz/Medium","571","2024-07-02 05:39:21","2024-07-02 05:48:52","",""
"ESPRESSO","#7924","Point of Sale","1","1x 12oz/Medium","135","2024-07-02 05:46:37","2024-07-02 05:48:52","",""
"ESPRESSO","#3074","Point of Sale","2","1x 12oz/Medium; 1x Pupacino","101","2024-07-02 05:47:12","2024-07-02 05:48:53","",""
"ESPRESSO","#7005","Point of Sale","1","1x 8oz/Small","17","2024-07-02 05:54:28","2024-07-02 05:54:45","",""
"ESPRESSO","A J","Point of Sale","1","1x 8oz/Small","226","2024-07-02 05:54:44","2024-07-02 05:58:30","",""
"ESPRESSO","Roz","Point of Sale","1","1x 6oz","599","2024-07-02 05:56:05","2024-07-02 06:06:04","",""
"ESPRESSO","#6999","Point of Sale","4","4x 4oz/Pic, Esp, Dop","478","2024-07-02 05:58:06","2024-07-02 06:06:04","",""
"ESPRESSO","#4224","Point of Sale","1","1x 16oz/Large","459","2024-07-02 05:58:25","2024-07-02 06:06:04","",""
"ESPRESSO","#5485","Point of Sale","1","1x 12oz/Medium","380","2024-07-02 05:59:43","2024-07-02 06:06:03","",""
"ESPRESSO","#6138","Point of Sale","2","1x 6oz; 1x 6oz","177","2024-07-02 06:03:06","2024-07-02 06:06:03","",""
"ESPRESSO","#6842","Point of Sale","1","1x 12oz/Medium","712","2024-07-02 06:03:31","2024-07-02 06:15:23","",""
"ESPRESSO","#5464","Point of Sale","2","1x 12oz/Medium; 1x 12oz/Medium","144","2024-07-02 06:08:12","2024-07-02 06:10:36","",""
"ESPRESSO","#7498","Point of Sale","1","1x 6oz","293","2024-07-02 06:10:30","2024-07-02 06:15:23","",""
"ESPRESSO","#7998","Point of Sale","1","1x 12oz/Medium","180","2024-07-02 06:12:22","2024-07-02 06:15:22","",""
"ESPRESSO","Chris","Point of Sale","1","1x 12oz/Medium","813","2024-07-02 06:15:08","2024-07-02 06:28:41","",""
"ESPRESSO","#9172","Point of Sale","4","1x 16oz/Large; 1x Babycino; 1x 8oz/Small; 1x Babycino","362","2024-07-02 06:22:38","2024-07-02 06:28:40","",""
"ESPRESSO","#2620","Point of Sale","1","1x 8oz/Small","105","2024-07-02 06:29:59","2024-07-02 06:31:44","",""
"ESPRESSO","#2224","Point of Sale","2","2x 12oz/Medium","46","2024-07-02 06:30:57","2024-07-02 06:31:43","",""
"ESPRESSO","#543","Point of Sale","3","1x 16oz/Large; 2x 16oz/Large","306","2024-07-02 06:35:18","2024-07-02 06:40:24","",""
"ESPRESSO","#5850","Point of Sale","2","1x 8oz/Small; 1x 8oz/Small","91","2024-07-02 06:40:28","2024-07-02 06:41:59","",""
"ESPRESSO","#7533","Point of Sale","1","1x 12oz/Medium","564","2024-07-02 06:46:42","2024-07-02 06:56:06","",""
"ESPRESSO","#7593","Point of Sale","1","1x 12oz/Medium","504","2024-07-02 06:47:42","2024-07-02 06:56:06","",""
"ESPRESSO","#1777","Point of Sale","1","1x 12oz/Medium","205","2024-07-02 06:52:41","2024-07-02 06:56:06","",""
"ESPRESSO","#2499","Point of Sale","1","1x 12oz/Medium","185","2024-07-02 06:53:01","2024-07-02 06:56:06","",""
"ESPRESSO","#5787","Point of Sale","2","1x 20oz\ICED LARGE; 1x 8oz/Small","493","2024-07-02 06:56:07","2024-07-02 07:04:20","",""
"ESPRESSO","#8504","Point of Sale","1","1x 20oz\ICED LARGE","311","2024-07-02 06:59:10","2024-07-02 07:04:21","",""
"ESPRESSO","#5553","Point of Sale","1","1x 12oz/Medium","515","2024-07-02 07:01:13","2024-07-02 07:09:48","",""
"ESPRESSO","#3360","Point of Sale","1","1x 12oz/Medium","144","2024-07-02 07:01:46","2024-07-02 07:04:10","",""
"ESPRESSO","Lou","Point of Sale","1","1x 12oz/ICED SMALL","412","2024-07-02 07:02:56","2024-07-02 07:09:48","",""
"ESPRESSO","#8674","Point of Sale","4","1x 12oz/Medium; 1x Pupacino; 1x 12oz/Medium; 1x 12oz/Medium","427","2024-07-02 07:04:20","2024-07-02 07:11:27","",""
"ESPRESSO","#7281","Point of Sale","1","1x 12oz/ICED SMALL","486","2024-07-02 07:04:33","2024-07-02 07:12:39","",""
"ESPRESSO","#2025","Point of Sale","1","1x 16oz/Large","595","2024-07-02 07:04:53","2024-07-02 07:14:48","",""
"ESPRESSO","#2188","Point of Sale","1","1x Babycino","447","2024-07-02 07:05:13","2024-07-02 07:12:40","",""
"ESPRESSO","#525","Point of Sale","1","1x 6oz","559","2024-07-02 07:05:29","2024-07-02 07:14:48","",""
"ESPRESSO","#1179","Point of Sale","1","1x 12oz/Medium","524","2024-07-02 07:06:04","2024-07-02 07:14:48","",""
"ESPRESSO","#3079","Point of Sale","3","1x 16oz/Large; 1x 250g Beans; 1x 12oz/Medium","648","2024-07-02 07:08:24","2024-07-02 07:19:12","",""
"ESPRESSO","#899","Point of Sale","1","1x 8oz/Small","745","2024-07-02 07:08:52","2024-07-02 07:21:17","",""
"ESPRESSO","Keith","Point of Sale","1","1x 16oz/Large","704","2024-07-02 07:09:33","2024-07-02 07:21:17","",""
"ESPRESSO","#2998","Point of Sale","1","1x 12oz/Medium","635","2024-07-02 07:10:52","2024-07-02 07:21:27","",""
"ESPRESSO","#565","Point of Sale","1","1x 4oz/Pic, Esp, Dop","763","2024-07-02 07:11:46","2024-07-02 07:24:29","",""
"ESPRESSO","#2396","Point of Sale","2","1x 12oz/Medium; 1x 12oz/Medium","665","2024-07-02 07:12:32","2024-07-02 07:23:37","",""
"ESPRESSO","#2779","Point of Sale","1","1x 8oz/Small","744","2024-07-02 07:13:02","2024-07-02 07:25:26","",""
"ESPRESSO","Chole","Point of Sale","1","1x 12oz/Medium","782","2024-07-02 07:13:45","2024-07-02 07:26:47","",""
"ESPRESSO","#7724","Point of Sale","1","1x 6oz","762","2024-07-02 07:14:18","2024-07-02 07:27:00","",""
"ESPRESSO","A J","Point of Sale","2","1x 8oz/Small; 1x 6oz","689","2024-07-02 07:16:13","2024-07-02 07:27:42","",""
"ESPRESSO","#9896","Point of Sale","1","1x 8oz/Small","602","2024-07-02 07:20:08","2024-07-02 07:30:10","",""
"ESPRESSO","#6704","Point of Sale","1","1x 12oz/Medium","588","2024-07-02 07:20:22","2024-07-02 07:30:10","",""
"ESPRESSO","#6888","Point of Sale","1","1x 12oz/Medium","454","2024-07-02 07:23:05","2024-07-02 07:30:39","",""
"ESPRESSO","#9758","Point of Sale","1","1x 12oz/Medium","453","2024-07-02 07:24:47","2024-07-02 07:32:20","",""
"ESPRESSO","#3843","Point of Sale","1","1x 16oz/Large","216","2024-07-02 07:28:45","2024-07-02 07:32:21","",""
"ESPRESSO","#3119","Point of Sale","1","1x 12oz/Medium","545","2024-07-02 07:36:52","2024-07-02 07:45:57","",""
"ESPRESSO","#2384","Point of Sale","1","1x 6oz","518","2024-07-02 07:37:20","2024-07-02 07:45:58","",""
"ESPRESSO","#9833","Point of Sale","2","1x Bacon And Egg Breakfast Wrap; 1x 20oz\ICED LARGE","294","2024-07-02 07:41:04","2024-07-02 07:45:58","",""
"ESPRESSO","#1011","Point of Sale","1","1x 12oz/Medium","292","2024-07-02 07:45:12","2024-07-02 07:50:04","",""
"ESPRESSO","#4942","Point of Sale","2","1x 8oz/Small; 1x 12oz/Medium","141","2024-07-02 07:47:44","2024-07-02 07:50:05","",""
"ESPRESSO","#8739","Point of Sale","2","1x 12oz/Medium; 1x 12oz/Medium","264","2024-07-02 07:55:27","2024-07-02 07:59:51","",""
"ESPRESSO","#6460","Point of Sale","2","1x 6oz; 1x 6oz","217","2024-07-02 07:56:14","2024-07-02 07:59:51","",""
"ESPRESSO","#5815","Point of Sale","3","1x 1kg Beans; 1x 6oz; 1x 8oz/Small","262","2024-07-02 07:58:12","2024-07-02 08:02:34","",""
"ESPRESSO","#985","Point of Sale","1","1x 16oz/Large","238","2024-07-02 07:58:35","2024-07-02 08:02:33","",""
"ESPRESSO","#9700","Point of Sale","1","1x 12oz/ICED SMALL","533","2024-07-02 07:59:16","2024-07-02 08:08:09","",""
"ESPRESSO","#8273","Point of Sale","1","1x 12oz/Medium","354","2024-07-02 08:02:15","2024-07-02 08:08:09","",""
"ESPRESSO","#4977","Point of Sale","1","1x 6oz","84","2024-07-02 08:06:45","2024-07-02 08:08:09","",""
"ESPRESSO","#5822","Point of Sale","2","1x 16oz/Large; 1x 16oz/ICED MEDIUM","275","2024-07-02 08:07:14","2024-07-02 08:11:49","",""
"ESPRESSO","#8324","Point of Sale","2","1x 12oz/Medium; 1x Butterbing!","195","2024-07-02 08:08:35","2024-07-02 08:11:50","",""
"ESPRESSO","#2295","Point of Sale","2","1x Butterbing!; 1x 16oz/ICED MEDIUM","403","2024-07-02 08:11:01","2024-07-02 08:17:44","",""
"ESPRESSO","#185","Point of Sale","1","1x 16oz/Large","384","2024-07-02 08:11:19","2024-07-02 08:17:43","",""
"ESPRESSO","#3708","Point of Sale","1","1x 16oz/Large","364","2024-07-02 08:11:39","2024-07-02 08:17:43","",""
"ESPRESSO","#2555","Point of Sale","1","1x 16oz/Large","321","2024-07-02 08:12:21","2024-07-02 08:17:42","",""
"ESPRESSO","#2916","Point of Sale","1","1x 12oz/Medium","92","2024-07-02 08:17:42","2024-07-02 08:19:14","",""
"ESPRESSO","#233","Point of Sale","4","2x 12oz/Medium; 1x 12oz/Medium; 1x A Savoury Muffin","248","2024-07-02 08:20:04","2024-07-02 08:24:12","",""
"ESPRESSO","#4549","Point of Sale","1","1x 8oz/Small","276","2024-07-02 08:20:43","2024-07-02 08:25:19","",""
"ESPRESSO","#1642","Point of Sale","2","1x 12oz/Medium; 1x Bacon And Egg Breakfast Wrap","801","2024-07-02 08:21:25","2024-07-02 08:34:46","",""
"ESPRESSO","#6714","Point of Sale","2","1x 12oz/Medium; 1x 16oz/Large","759","2024-07-02 08:22:07","2024-07-02 08:34:46","",""
"ESPRESSO","#7951","Point of Sale","1","1x 12oz/Medium","347","2024-07-02 08:29:00","2024-07-02 08:34:47","",""
"ESPRESSO","#3167","Point of Sale","2","1x A Savoury Muffin; 1x 16oz/Large","225","2024-07-02 08:31:51","2024-07-02 08:35:36","",""
"ESPRESSO","#7652","Point of Sale","1","1x 8oz/Small","406","2024-07-02 08:32:21","2024-07-02 08:39:07","",""
"ESPRESSO","#6280","Point of Sale","1","1x 12oz/Medium","301","2024-07-02 08:33:02","2024-07-02 08:38:03","",""
"ESPRESSO","#9954","Point of Sale","2","1x 12oz/Medium; 1x 16oz/ICED MEDIUM","565","2024-07-02 08:34:44","2024-07-02 08:44:09","",""
"ESPRESSO","#9284","Point of Sale","2","1x 16oz/Large; 1x Bacon And Egg Breakfast Wrap","471","2024-07-02 08:36:19","2024-07-02 08:44:10","",""
"ESPRESSO","#2955","Point of Sale","2","1x Bacon And Egg Breakfast Wrap; 1x 20oz\ICED LARGE","441","2024-07-02 08:36:48","2024-07-02 08:44:09","",""
"ESPRESSO","#2689","Point of Sale","1","1x 8oz/Small","442","2024-07-02 08:37:19","2024-07-02 08:44:41","",""
"ESPRESSO","#2865","Point of Sale","1","1x A Cookie","368","2024-07-02 08:38:34","2024-07-02 08:44:42","",""
"ESPRESSO","#7120","Point of Sale","3","1x 20oz\ICED LARGE; 1x A Savoury Muffin; 1x A Cookie","572","2024-07-02 08:42:03","2024-07-02 08:51:35","",""
"ESPRESSO","#1508","Point of Sale","2","1x 4oz/Pic, Esp, Dop; 1x 8oz/Small","514","2024-07-02 08:43:00","2024-07-02 08:51:34","",""
"ESPRESSO","#1194","Point of Sale","6","1x 12oz/Medium; 1x 12oz/Medium; 1x Bacon And Egg Breakfast Wrap; 1x 8oz/Small; 2x A Sweet Muffin","484","2024-07-02 08:46:35","2024-07-02 08:54:39","",""
"ESPRESSO","#4202","Point of Sale","2","1x Butterbing!; 1x 12oz/Medium","286","2024-07-02 08:47:29","2024-07-02 08:52:15","",""
"ESPRESSO","#4960","Point of Sale","2","1x Bacon And Egg Breakfast Wrap; 1x 16oz/Large","557","2024-07-02 08:47:58","2024-07-02 08:57:15","",""
"ESPRESSO","#5943","Point of Sale","2","2x 16oz/Large","485","2024-07-02 08:51:15","2024-07-02 08:59:20","",""
"ESPRESSO","#3023","Point of Sale","1","1x 6oz","468","2024-07-02 08:51:32","2024-07-02 08:59:20","",""
"ESPRESSO","#9306","Point of Sale","3","1x 8oz/Small; 1x 8oz/Small; 1x 12oz/Medium","398","2024-07-02 08:56:53","2024-07-02 09:03:31","",""
"ESPRESSO","#3717","Point of Sale","2","1x 12oz/ICED SMALL; 1x 12oz/Medium","365","2024-07-02 08:57:28","2024-07-02 09:03:33","",""
"ESPRESSO","#4308","Point of Sale","1","1x 8oz/Small","499","2024-07-02 09:00:18","2024-07-02 09:08:37","",""
"ESPRESSO","#4235","Point of Sale","1","1x 12oz/Medium","449","2024-07-02 09:01:08","2024-07-02 09:08:37","",""
"ESPRESSO","#4342","Point of Sale","1","1x 6oz","289","2024-07-02 09:03:48","2024-07-02 09:08:37","",""
"ESPRESSO","#7797","Point of Sale","1","1x A Sweet Muffin","133","2024-07-02 09:06:25","2024-07-02 09:08:38","",""
"ESPRESSO","#1488","Point of Sale","1","1x 20oz\ICED LARGE","576","2024-07-02 09:06:57","2024-07-02 09:16:33","",""
"ESPRESSO","#2796","Point of Sale","1","1x 12oz/Medium","349","2024-07-02 09:10:03","2024-07-02 09:15:52","",""
"ESPRESSO","#1832","Point of Sale","1","1x 4oz/Pic, Esp, Dop","100","2024-07-02 09:14:12","2024-07-02 09:15:52","",""
"ESPRESSO","#2810","Point of Sale","1","1x 16oz/Large","677","2024-07-02 09:15:35","2024-07-02 09:26:52","",""
"ESPRESSO","#6175","Point of Sale","1","1x 16oz/Large","631","2024-07-02 09:16:23","2024-07-02 09:26:54","",""
"ESPRESSO","#5284","Point of Sale","1","1x 8oz/Small","600","2024-07-02 09:16:53","2024-07-02 09:26:53","",""
"ESPRESSO","#475","Point of Sale","2","1x 6oz; 1x A Sweet Muffin","357","2024-07-02 09:20:57","2024-07-02 09:26:54","",""
"ESPRESSO","Person","Point of Sale","1","1x Bacon And Egg Breakfast Wrap","670","2024-07-02 09:22:37","2024-07-02 09:33:47","",""
"ESPRESSO","#59","Point of Sale","1","1x Bacon And Egg Breakfast Wrap","828","2024-07-02 09:22:58","2024-07-02 09:36:46","",""
"ESPRESSO","#9336","Point of Sale","1","1x 12oz/Medium","624","2024-07-02 09:23:22","2024-07-02 09:33:46","",""
"ESPRESSO","#9534","Point of Sale","1","1x 12oz/Medium","195","2024-07-02 09:30:31","2024-07-02 09:33:46","",""
"ESPRESSO","#9337","Point of Sale","1","1x 16oz/Large","220","2024-07-02 09:33:08","2024-07-02 09:36:48","",""
"ESPRESSO","#6226","Point of Sale","1","1x 8oz/Small","107","2024-07-02 09:35:00","2024-07-02 09:36:47","",""
"ESPRESSO","#4966","Point of Sale","1","1x 12oz/Medium","289","2024-07-02 09:36:36","2024-07-02 09:41:25","",""
"ESPRESSO","#1662","Point of Sale","3","1x 16oz/Large; 2x 20oz\ICED LARGE","251","2024-07-02 09:37:15","2024-07-02 09:41:26","",""
"ESPRESSO","#5987","Point of Sale","3","1x A Sweet Muffin; 2x 12oz/Medium","240","2024-07-02 09:39:58","2024-07-02 09:43:58","",""
"ESPRESSO","#1023","Point of Sale","2","1x 12oz/Medium; 1x 12oz/Medium","244","2024-07-02 09:42:34","2024-07-02 09:46:38","",""
"ESPRESSO","#2653","Point of Sale","2","1x Bacon And Egg Breakfast Wrap; 1x 12oz/Medium","191","2024-07-02 09:43:27","2024-07-02 09:46:38","",""
"ESPRESSO","#6309","Point of Sale","1","1x 8oz/Small","226","2024-07-02 09:43:57","2024-07-02 09:47:43","",""
"ESPRESSO","#7510","Point of Sale","1","1x 12oz/Medium","108","2024-07-02 09:45:55","2024-07-02 09:47:43","",""
"ESPRESSO","#2268","Point of Sale","1","1x 12oz/Medium","391","2024-07-02 09:50:56","2024-07-02 09:57:27","",""
"ESPRESSO","#6360","Point of Sale","1","1x 8oz/Small","246","2024-07-02 09:53:20","2024-07-02 09:57:26","",""
"ESPRESSO","#8058","Point of Sale","1","1x 12oz/ICED SMALL","227","2024-07-02 09:53:40","2024-07-02 09:57:27","",""
"ESPRESSO","#5061","Point of Sale","1","1x 6oz","395","2024-07-02 09:57:53","2024-07-02 10:04:28","",""
"ESPRESSO","#8578","Point of Sale","2","1x 12oz/Medium; 1x 12oz/Medium","1187","2024-07-02 10:03:04","2024-07-02 10:22:51","",""
"ESPRESSO","#3476","Point of Sale","1","1x 12oz/Medium","150","2024-07-02 10:03:50","2024-07-02 10:06:20","",""
"ESPRESSO","#607","Point of Sale","1","1x Bacon And Egg Breakfast Wrap","236","2024-07-02 10:04:07","2024-07-02 10:08:03","",""
"ESPRESSO","#8472","Point of Sale","1","1x 8oz/Small","164","2024-07-02 10:05:19","2024-07-02 10:08:03","",""
"ESPRESSO","#4338","Point of Sale","1","1x 8oz/Small","111","2024-07-02 10:06:13","2024-07-02 10:08:04","",""
"ESPRESSO","#8850","Point of Sale","2","1x Protein Ball - Peanut Butter; 1x 16oz/Large","262","2024-07-02 10:07:00","2024-07-02 10:11:22","",""
"ESPRESSO","#7147","Point of Sale","2","1x 4oz/Pic, Esp, Dop; 1x Protein Ball - Peanut Butter","230","2024-07-02 10:07:32","2024-07-02 10:11:22","",""
"ESPRESSO","#2376","Point of Sale","2","1x A Sweet Muffin; 1x 12oz/Medium","318","2024-07-02 10:14:47","2024-07-02 10:20:05","",""
"ESPRESSO","#7467","Point of Sale","1","1x 8oz/Small","129","2024-07-02 10:17:57","2024-07-02 10:20:06","",""
"ESPRESSO","#3875","Point of Sale","1","1x 12oz/Medium","247","2024-07-02 10:18:43","2024-07-02 10:22:50","",""
"ESPRESSO","#5973","Point of Sale","1","1x 8oz/Small","302","2024-07-02 10:19:35","2024-07-02 10:24:37","",""
"ESPRESSO","#6635","Point of Sale","1","1x 12oz/Medium","278","2024-07-02 10:19:58","2024-07-02 10:24:36","",""
"ESPRESSO","#1494","Point of Sale","2","1x 8oz/Small; 1x 500g Beans","353","2024-07-02 10:21:32","2024-07-02 10:27:25","",""
"ESPRESSO","#8260","Point of Sale","2","1x A Sweet Muffin; 1x 8oz/Small","328","2024-07-02 10:21:58","2024-07-02 10:27:26","",""
"ESPRESSO","#3675","Point of Sale","2","1x Portugese Tart; 1x 8oz/Small","300","2024-07-02 10:22:25","2024-07-02 10:27:25","",""
"ESPRESSO","#8202","Point of Sale","1","1x 12oz/Medium","387","2024-07-02 10:22:58","2024-07-02 10:29:25","",""
"ESPRESSO","#2123","Point of Sale","1","1x 8oz/Small","366","2024-07-02 10:23:18","2024-07-02 10:29:24","",""
"ESPRESSO","#8555","Point of Sale","1","1x 8oz/Small","547","2024-07-02 10:24:10","2024-07-02 10:33:17","",""
"ESPRESSO","#1359","Point of Sale","1","1x 12oz/Medium","147","2024-07-02 10:30:51","2024-07-02 10:33:18","",""
"ESPRESSO","#9720","Point of Sale","2","1x 12oz/Medium; 1x A Sweet Muffin","458","2024-07-02 10:31:15","2024-07-02 10:38:53","",""
"ESPRESSO","#7078","Point of Sale","2","2x 12oz/Medium","353","2024-07-02 10:31:37","2024-07-02 10:37:30","",""
"ESPRESSO","#1484","Point of Sale","2","1x 12oz/Medium; 1x 4oz/Pic, Esp, Dop","268","2024-07-02 10:34:25","2024-07-02 10:38:53","",""
"ESPRESSO","#7261","Point of Sale","1","1x 12oz/Medium","326","2024-07-02 10:36:00","2024-07-02 10:41:26","",""
"ESPRESSO","#8680","Point of Sale","2","1x 12oz/Medium; 1x 12oz/Medium","187","2024-07-02 10:38:20","2024-07-02 10:41:27","",""
"ESPRESSO","#1304","Point of Sale","2","1x 8oz/Small; 1x A Sweet Muffin","354","2024-07-02 10:40:08","2024-07-02 10:46:02","",""
"ESPRESSO","#8303","Point of Sale","3","2x 12oz/Medium; 1x 12oz/Medium","299","2024-07-02 10:41:03","2024-07-02 10:46:02","",""
"ESPRESSO","#4430","Point of Sale","1","1x 12oz/Medium","561","2024-07-02 10:46:28","2024-07-02 10:55:49","",""
"ESPRESSO","#7636","Point of Sale","1","1x 8oz/Small","531","2024-07-02 10:46:57","2024-07-02 10:55:48","",""
"ESPRESSO","#5779","Point of Sale","2","1x 12oz/Medium; 1x 12oz/Medium","178","2024-07-02 10:52:51","2024-07-02 10:55:49","",""
"ESPRESSO","#6365","Point of Sale","1","1x 12oz/Medium","421","2024-07-02 10:54:04","2024-07-02 11:01:05","",""
"ESPRESSO","#275","Point of Sale","2","1x 4oz/Pic, Esp, Dop; 1x Protein Ball - Peanut Butter","396","2024-07-02 10:54:29","2024-07-02 11:01:05","",""
"ESPRESSO","#9210","Point of Sale","2","1x Bacon And Egg Breakfast Wrap; 1x 16oz/Large","318","2024-07-02 10:55:49","2024-07-02 11:01:07","",""
"ESPRESSO","#6111","Point of Sale","2","1x 250g Beans; 1x 12oz/Medium","227","2024-07-02 10:59:08","2024-07-02 11:02:55","",""
"ESPRESSO","#8210","Point of Sale","1","1x 12oz/Medium","384","2024-07-02 11:00:10","2024-07-02 11:06:34","",""
"ESPRESSO","#9453","Point of Sale","3","1x A Savoury Muffin; 1x 12oz/Medium; 1x 12oz/Medium","238","2024-07-02 11:02:36","2024-07-02 11:06:34","",""
"ESPRESSO","#161","Point of Sale","2","1x 8oz/Small; 1x 12oz/Medium","166","2024-07-02 11:03:48","2024-07-02 11:06:34","",""
"ESPRESSO","#7156","Point of Sale","1","1x 6oz","403","2024-07-02 11:08:00","2024-07-02 11:14:43","",""
"ESPRESSO","#7036","Point of Sale","1","1x 6oz","379","2024-07-02 11:08:24","2024-07-02 11:14:43","",""
"ESPRESSO","#4702","Point of Sale","3","1x 12oz/Medium; 1x 12oz/Medium; 1x 250g Beans","638","2024-07-02 11:10:28","2024-07-02 11:21:06","",""
"ESPRESSO","#9718","Point of Sale","1","1x 12oz/Medium","376","2024-07-02 11:14:50","2024-07-02 11:21:06","",""
"ESPRESSO","#961","Point of Sale","1","1x 500g Beans","287","2024-07-02 11:16:20","2024-07-02 11:21:07","",""
"ESPRESSO","#2070","Point of Sale","1","1x 16oz/Large","751","2024-07-02 11:34:16","2024-07-02 11:46:47","",""
"ESPRESSO","#4723","Point of Sale","1","1x 12oz/Medium","693","2024-07-02 11:35:14","2024-07-02 11:46:47","",""
"ESPRESSO","#9521","Point of Sale","1","1x 16oz/ICED MEDIUM","635","2024-07-02 11:36:13","2024-07-02 11:46:48","",""
"ESPRESSO","#4793","Point of Sale","1","1x 8oz/Small","234","2024-07-02 11:42:54","2024-07-02 11:46:48","",""
"ESPRESSO","#6821","Point of Sale","1","1x A Sweet Muffin","190","2024-07-02 11:43:38","2024-07-02 11:46:48","",""
"ESPRESSO","#5380","Point of Sale","1","1x 12oz/Medium","98","2024-07-02 11:45:16","2024-07-02 11:46:54","",""
"ESPRESSO","#8444","Point of Sale","1","1x 16oz/Large","961","2024-07-02 11:51:07","2024-07-02 12:07:08","",""
"ESPRESSO","#6362","Point of Sale","1","1x 12oz/Medium","868","2024-07-02 11:52:40","2024-07-02 12:07:08","",""
"ESPRESSO","#6468","Point of Sale","1","1x Fruit Juice","794","2024-07-02 11:53:54","2024-07-02 12:07:08","",""
"ESPRESSO","#3671","Point of Sale","1","1x 8oz/Small","609","2024-07-02 11:57:00","2024-07-02 12:07:09","",""
"ESPRESSO","#2433","Point of Sale","1","1x 12oz/Medium","1434","2024-07-02 12:06:31","2024-07-02 12:30:25","",""
"ESPRESSO","#8245","Point of Sale","2","1x 20oz\ICED LARGE; 1x 16oz/Large","1125","2024-07-02 12:11:40","2024-07-02 12:30:25","",""
"ESPRESSO","#8141","Point of Sale","1","1x 12oz/Medium","808","2024-07-02 12:16:57","2024-07-02 12:30:25","",""
"ESPRESSO","#3750","Point of Sale","1","1x 8oz/Small","375","2024-07-02 12:24:10","2024-07-02 12:30:25","",""
"ESPRESSO","#1196","Point of Sale","2","1x 4oz/Pic, Esp, Dop; 1x Bacon And Egg Breakfast Wrap","805","2024-07-02 12:26:35","2024-07-02 12:40:00","",""
"ESPRESSO","#6244","Point of Sale","2","1x 12oz/Medium; 1x 12oz/Medium","691","2024-07-02 12:28:29","2024-07-02 12:40:00","",""
"ESPRESSO","#1519","Point of Sale","1","1x 4oz/Pic, Esp, Dop","609","2024-07-02 12:29:51","2024-07-02 12:40:00","",""
"ESPRESSO","#4794","Point of Sale","1","1x 12oz/Medium","1489","2024-07-02 12:38:14","2024-07-02 13:03:03","",""
"ESPRESSO","#6239","Point of Sale","4","1x A Sweet Muffin; 1x 8oz/Small; 2x A Savoury Muffin","1228","2024-07-02 12:42:35","2024-07-02 13:03:03","",""
"ESPRESSO","#4012","Point of Sale","1","1x 16oz/Large","723","2024-07-02 12:51:00","2024-07-02 13:03:03","",""
"ESPRESSO","#8042","Point of Sale","1","1x 12oz/ICED SMALL","705","2024-07-02 12:51:18","2024-07-02 13:03:03","",""
"ESPRESSO","#3404","Point of Sale","1","1x 12oz/Medium","800","2024-07-02 13:09:14","2024-07-02 13:22:34","",""
"ESPRESSO","#9029","Point of Sale","1","1x 12oz/Medium","782","2024-07-02 13:09:32","2024-07-02 13:22:34","",""
"ESPRESSO","#4151","Point of Sale","1","1x 12oz/Medium","475","2024-07-02 13:14:40","2024-07-02 13:22:35","",""
"ESPRESSO","#7210","Point of Sale","1","1x 12oz/Medium","424","2024-07-02 13:15:31","2024-07-02 13:22:35","",""
"ESPRESSO","#5165","Point of Sale","1","1x 16oz/Large","902","2024-07-02 13:21:42","2024-07-02 13:36:44","",""
"ESPRESSO","#6513","Point of Sale","1","1x 8oz/Small","345","2024-07-02 13:30:59","2024-07-02 13:36:44","",""
"ESPRESSO","#4972","Point of Sale","1","1x 12oz/Medium","1876","2024-07-03 05:00:50","2024-07-03 05:32:06","",""
"ESPRESSO","#8575","Point of Sale","1","1x 12oz/Medium","306","2024-07-03 05:27:00","2024-07-03 05:32:06","",""
"ESPRESSO","#9579","Point of Sale","1","1x 6oz","258","2024-07-03 05:27:48","2024-07-03 05:32:06","",""
"ESPRESSO","#1662","Point of Sale","2","1x A Sweet Muffin; 1x 6oz","229","2024-07-03 05:37:58","2024-07-03 05:41:47","",""
"ESPRESSO","#3231","Point of Sale","1","1x 12oz/Medium","196","2024-07-03 05:38:32","2024-07-03 05:41:48","",""
"ESPRESSO","#9380","Point of Sale","1","1x 4oz/Pic, Esp, Dop","153","2024-07-03 05:39:15","2024-07-03 05:41:48","",""
"ESPRESSO","#9235","Point of Sale","1","1x 20oz\ICED LARGE","144","2024-07-03 05:44:24","2024-07-03 05:46:48","",""
"ESPRESSO","#3306","Point of Sale","1","1x 12oz/Medium","696","2024-07-03 05:47:00","2024-07-03 05:58:36","",""
"ESPRESSO","#9681","Point of Sale","3","1x 12oz/Medium; 2x 12oz/Medium","506","2024-07-03 05:50:09","2024-07-03 05:58:35","",""
"ESPRESSO","#8152","Point of Sale","1","1x 12oz/Medium","426","2024-07-03 06:00:30","2024-07-03 06:07:36","",""
"ESPRESSO","#6972","Point of Sale","1","1x 12oz/Medium","410","2024-07-03 06:00:46","2024-07-03 06:07:36","",""
"ESPRESSO","#3032","Point of Sale","1","1x 6oz","389","2024-07-03 06:01:07","2024-07-03 06:07:36","",""
"ESPRESSO","#598","Point of Sale","1","1x 8oz/Small","172","2024-07-03 06:04:44","2024-07-03 06:07:36","",""
"ESPRESSO","#3873","Point of Sale","1","1x 8oz/Small","116","2024-07-03 06:05:41","2024-07-03 06:07:37","",""
"ESPRESSO","#6938","Point of Sale","1","1x 8oz/Small","329","2024-07-03 06:05:53","2024-07-03 06:11:22","",""
"ESPRESSO","#7696","Point of Sale","2","1x 6oz; 1x 8oz/Small","252","2024-07-03 06:07:10","2024-07-03 06:11:22","",""
"ESPRESSO","#6207","Point of Sale","2","1x 12oz/Medium; 1x 12oz/Medium","500","2024-07-03 06:07:31","2024-07-03 06:15:51","",""
"ESPRESSO","#6856","Point of Sale","1","1x 4oz/Pic, Esp, Dop","390","2024-07-03 06:09:22","2024-07-03 06:15:52","",""
"ESPRESSO","#2008","Point of Sale","1","1x 16oz/ICED MEDIUM","327","2024-07-03 06:10:25","2024-07-03 06:15:52","",""
"ESPRESSO","#4766","Point of Sale","1","1x 12oz/Medium","312","2024-07-03 06:22:51","2024-07-03 06:28:03","",""
"ESPRESSO","#6080","Point of Sale","1","1x Bacon And Egg Breakfast Wrap","263","2024-07-03 06:23:41","2024-07-03 06:28:04","",""
"ESPRESSO","#6437","Point of Sale","2","1x 12oz/Medium; 1x Pupacino","419","2024-07-03 06:24:33","2024-07-03 06:31:32","",""
"ESPRESSO","#8051","Point of Sale","2","1x 4oz/Pic, Esp, Dop; 1x Protein Ball - Peanut Butter","370","2024-07-03 06:25:22","2024-07-03 06:31:32","",""
"ESPRESSO","#5689","Point of Sale","2","1x 20oz\ICED LARGE; 1x A Cookie","558","2024-07-03 06:25:58","2024-07-03 06:35:16","",""
"ESPRESSO","#9081","Point of Sale","1","1x 6oz","343","2024-07-03 06:29:20","2024-07-03 06:35:03","",""
"ESPRESSO","#7693","Point of Sale","1","1x 12oz/Medium","237","2024-07-03 06:31:07","2024-07-03 06:35:04","",""
"ESPRESSO","#4286","Point of Sale","2","1x 12oz/Medium; 1x 12oz/Medium","328","2024-07-03 06:31:53","2024-07-03 06:37:21","",""
"ESPRESSO","#7084","Point of Sale","1","1x 8oz/Small","723","2024-07-03 06:32:14","2024-07-03 06:44:17","",""
"ESPRESSO","#145","Point of Sale","2","1x 12oz/Medium; 1x 12oz/Medium","585","2024-07-03 06:34:32","2024-07-03 06:44:17","",""
"ESPRESSO","#4889","Point of Sale","2","1x 12oz/Medium; 1x 12oz/Medium","710","2024-07-03 06:37:20","2024-07-03 06:49:10","","2024-07-02T20:49:07.000Z"
"ESPRESSO","#739","Point of Sale","1","1x 12oz/Medium","161","2024-07-03 06:42:33","2024-07-03 06:45:14","",""
"ESPRESSO","#6521","Point of Sale","3","1x Pupacino; 2x 12oz/Medium","356","2024-07-03 06:43:14","2024-07-03 06:49:10","",""
"ESPRESSO","#9323","Point of Sale","3","1x 8oz/Small; 1x 8oz/Small; 1x 12oz/Medium","417","2024-07-03 06:44:13","2024-07-03 06:51:10","",""
"ESPRESSO","#2195","Point of Sale","1","1x 16oz/Large","508","2024-07-03 06:44:30","2024-07-03 06:52:58","",""
"ESPRESSO","#4077","Point of Sale","1","1x 12oz/ICED SMALL","493","2024-07-03 06:44:45","2024-07-03 06:52:58","",""
"ESPRESSO","#3533","Point of Sale","2","1x 8oz/Small; 1x 12oz/Medium","521","2024-07-03 06:47:36","2024-07-03 06:56:17","",""
"ESPRESSO","#5159","Point of Sale","2","1x 12oz/Medium; 1x 4oz/Pic, Esp, Dop","415","2024-07-03 06:49:23","2024-07-03 06:56:18","",""
"ESPRESSO","#1071","Point of Sale","3","1x 16oz/ICED MEDIUM; 1x A Sweet Muffin; 1x 12oz/Medium","430","2024-07-03 06:51:08","2024-07-03 06:58:18","",""
"ESPRESSO","#8680","Point of Sale","2","2x 12oz/Medium","585","2024-07-03 06:53:12","2024-07-03 07:02:57","",""
"ESPRESSO","#7480","Point of Sale","2","1x 16oz/Large; 1x Babycino","520","2024-07-03 06:54:17","2024-07-03 07:02:57","",""
"ESPRESSO","#1204","Point of Sale","1","1x 12oz/Medium","433","2024-07-03 06:59:28","2024-07-03 07:06:41","",""
"ESPRESSO","#8736","Point of Sale","1","1x 12oz/Medium","258","2024-07-03 07:02:23","2024-07-03 07:06:41","",""
"ESPRESSO","#4404","Point of Sale","1","1x 6oz","97","2024-07-03 07:05:05","2024-07-03 07:06:42","",""
"ESPRESSO","#7379","Point of Sale","1","1x 12oz/ICED SMALL","59","2024-07-03 07:05:43","2024-07-03 07:06:42","",""
"ESPRESSO","#5979","Point of Sale","1","1x 16oz/Large","697","2024-07-03 07:06:20","2024-07-03 07:17:57","",""
"ESPRESSO","#9214","Point of Sale","1","1x 6oz","678","2024-07-03 07:06:39","2024-07-03 07:17:57","",""
"ESPRESSO","#9572","Point of Sale","2","1x Pupacino; 1x 12oz/ICED SMALL","609","2024-07-03 07:07:48","2024-07-03 07:17:57","",""
"ESPRESSO","#2876","Point of Sale","2","1x 16oz/ICED MEDIUM; 1x 16oz/Large","384","2024-07-03 07:15:24","2024-07-03 07:21:48","",""
"ESPRESSO","#9593","Point of Sale","3","1x A Sweet Muffin; 1x 16oz/Large; 1x 12oz/Medium","297","2024-07-03 07:16:51","2024-07-03 07:21:48","",""
"ESPRESSO","#7084","Point of Sale","1","1x 12oz/Medium","551","2024-07-03 07:17:48","2024-07-03 07:26:59","",""
"ESPRESSO","#7147","Point of Sale","1","1x 12oz/Medium","382","2024-07-03 07:20:37","2024-07-03 07:26:59","",""
"ESPRESSO","#5734","Point of Sale","2","1x 16oz/Large; 1x 6oz","177","2024-07-03 07:24:03","2024-07-03 07:27:00","",""
"ESPRESSO","#6802","Point of Sale","1","1x 16oz/Large","465","2024-07-03 07:26:40","2024-07-03 07:34:25","",""
"ESPRESSO","#6271","Point of Sale","1","1x 6oz","411","2024-07-03 07:27:34","2024-07-03 07:34:25","",""
"ESPRESSO","#3184","Point of Sale","1","1x 16oz/Large","373","2024-07-03 07:28:13","2024-07-03 07:34:26","",""
"ESPRESSO","#2509","Point of Sale","1","1x 12oz/Medium","270","2024-07-03 07:29:56","2024-07-03 07:34:26","",""
"ESPRESSO","#8761","Point of Sale","1","1x Bacon And Egg Breakfast Wrap","327","2024-07-03 07:31:09","2024-07-03 07:36:36","",""
"ESPRESSO","#2965","Point of Sale","1","1x 16oz/Large","367","2024-07-03 07:33:06","2024-07-03 07:39:13","",""
"ESPRESSO","#879","Point of Sale","1","1x 6oz","344","2024-07-03 07:33:29","2024-07-03 07:39:13","",""
"ESPRESSO","#7929","Point of Sale","2","1x 12oz/Medium; 1x 8oz/Small","356","2024-07-03 07:35:22","2024-07-03 07:41:18","",""
"ESPRESSO","#6531","Point of Sale","2","1x Bacon And Egg Breakfast Wrap; 1x 12oz/Medium","594","2024-07-03 07:36:20","2024-07-03 07:46:14","",""
"ESPRESSO","#8514","Point of Sale","2","1x 12oz/Medium; 1x 12oz/Medium","343","2024-07-03 07:38:47","2024-07-03 07:44:30","",""
"ESPRESSO","#5214","Point of Sale","2","1x 8oz/Small; 1x 12oz/Medium","467","2024-07-03 07:39:21","2024-07-03 07:47:08","",""
"ESPRESSO","#7600","Point of Sale","1","1x 4oz/Pic, Esp, Dop","395","2024-07-03 07:40:35","2024-07-03 07:47:10","",""
"ESPRESSO","#6765","Point of Sale","1","1x 6oz","324","2024-07-03 07:43:12","2024-07-03 07:48:36","",""
"ESPRESSO","#381","Point of Sale","2","1x 8oz/Small; 1x 16oz/ICED MEDIUM","306","2024-07-03 07:45:09","2024-07-03 07:50:15","",""
"ESPRESSO","#1417","Point of Sale","1","1x 8oz/Small","338","2024-07-03 07:45:27","2024-07-03 07:51:05","",""
"ESPRESSO","#4966","Point of Sale","1","1x 8oz/Small","370","2024-07-03 07:49:19","2024-07-03 07:55:29","",""
"ESPRESSO","#443","Point of Sale","2","1x 16oz/Large; 1x A Sweet Muffin","516","2024-07-03 07:51:05","2024-07-03 07:59:41","",""
"ESPRESSO","#9570","Point of Sale","1","1x 12oz/Medium","227","2024-07-03 07:51:43","2024-07-03 07:55:30","",""
"ESPRESSO","#9789","Point of Sale","1","1x 16oz/Large","358","2024-07-03 07:53:43","2024-07-03 07:59:41","",""
"ESPRESSO","#8813","Point of Sale","1","1x 6oz","99","2024-07-03 07:58:02","2024-07-03 07:59:41","",""
"ESPRESSO","#9871","Point of Sale","2","1x A Savoury Muffin; 1x 12oz/Medium","240","2024-07-03 07:59:51","2024-07-03 08:03:51","",""
"ESPRESSO","#317","Point of Sale","1","1x 12oz/Medium","399","2024-07-03 08:00:32","2024-07-03 08:07:11","",""
"ESPRESSO","#6202","Point of Sale","1","1x 12oz/Medium","384","2024-07-03 08:00:47","2024-07-03 08:07:11","",""
"ESPRESSO","#962","Point of Sale","2","1x 8oz/Small; 1x 12oz/Medium","346","2024-07-03 08:01:25","2024-07-03 08:07:11","",""
"ESPRESSO","#4468","Point of Sale","1","1x Solitude Coffee 250g","227","2024-07-03 08:03:23","2024-07-03 08:07:10","",""
"ESPRESSO","#9799","Point of Sale","1","1x 6oz","134","2024-07-03 08:06:21","2024-07-03 08:08:35","",""
"ESPRESSO","#4491","Point of Sale","1","1x 12oz/Medium","232","2024-07-03 08:07:00","2024-07-03 08:10:52","",""
"ESPRESSO","#8932","Point of Sale","2","1x 12oz/Medium; 1x A Cookie","688","2024-07-03 08:11:34","2024-07-03 08:23:02","",""
"ESPRESSO","#4372","Point of Sale","3","1x A Cookie; 1x A Savoury Muffin; 1x 20oz\ICED LARGE","251","2024-07-03 08:18:50","2024-07-03 08:23:01","",""
"ESPRESSO","#4854","Point of Sale","1","1x 12oz/Medium","179","2024-07-03 08:20:02","2024-07-03 08:23:01","",""
"ESPRESSO","1717340334","Square Online","1","1x 16oz/Large","465","2024-07-03 08:20:47","2024-07-03 08:28:32","2024-07-03 08:20:43",""
"ESPRESSO","#6022","Point of Sale","1","1x 6oz","338","2024-07-03 08:21:41","2024-07-03 08:27:19","",""
"ESPRESSO","#5142","Point of Sale","2","1x 1kg Beans; 1x 12oz/Medium","383","2024-07-03 08:22:10","2024-07-03 08:28:33","",""
"ESPRESSO","#3707","Point of Sale","1","1x 12oz/Medium","184","2024-07-03 08:25:30","2024-07-03 08:28:34","",""
"ESPRESSO","#9907","Point of Sale","1","1x 6oz","163","2024-07-03 08:27:12","2024-07-03 08:29:55","",""
"ESPRESSO","#3593","Point of Sale","1","1x 12oz/Medium","141","2024-07-03 08:27:34","2024-07-03 08:29:55","",""
"ESPRESSO","#9224","Point of Sale","1","1x 16oz/Large","312","2024-07-03 08:34:38","2024-07-03 08:39:50","",""
"ESPRESSO","#983","Point of Sale","1","1x 6oz","17","2024-07-03 08:39:33","2024-07-03 08:39:50","",""
"ESPRESSO","#9035","Point of Sale","1","1x 8oz/Small","409","2024-07-03 08:44:11","2024-07-03 08:51:00","",""
"ESPRESSO","#8909","Point of Sale","1","1x 16oz/Large","355","2024-07-03 08:45:06","2024-07-03 08:51:01","",""
"ESPRESSO","#758","Point of Sale","1","1x 16oz/Large","230","2024-07-03 08:47:11","2024-07-03 08:51:01","",""
"ESPRESSO","#7626","Point of Sale","1","1x 6oz","156","2024-07-03 08:48:26","2024-07-03 08:51:02","",""
"ESPRESSO","#3445","Point of Sale","6","1x 12oz/Medium; 1x 8oz/Small; 1x 12oz/Medium; 3x Babycino","373","2024-07-03 08:50:38","2024-07-03 08:56:51","",""
"ESPRESSO","#8678","Point of Sale","3","1x Bacon And Egg Breakfast Wrap; 2x A Sweet Muffin","349","2024-07-03 08:51:21","2024-07-03 08:57:10","",""
"ESPRESSO","#505","Point of Sale","1","1x 16oz/Large","450","2024-07-03 08:51:41","2024-07-03 08:59:11","",""
"ESPRESSO","#1801","Point of Sale","1","1x 12oz/Medium","401","2024-07-03 08:52:30","2024-07-03 08:59:11","",""
"ESPRESSO","#5895","Point of Sale","1","1x 8oz/Small","448","2024-07-03 08:53:00","2024-07-03 09:00:28","",""
"ESPRESSO","#1172","Point of Sale","2","1x 6oz; 1x 12oz/Medium","317","2024-07-03 08:55:11","2024-07-03 09:00:28","",""
"ESPRESSO","#3321","Point of Sale","4","1x 8oz/Small; 2x Babycino; 1x 12oz/Medium","492","2024-07-03 08:56:02","2024-07-03 09:04:14","",""
"ESPRESSO","#1279","Point of Sale","1","1x 12oz/Medium","468","2024-07-03 08:56:27","2024-07-03 09:04:15","",""
"ESPRESSO","#3521","Point of Sale","1","1x 16oz/Large","319","2024-07-03 09:00:51","2024-07-03 09:06:10","",""
"ESPRESSO","#3969","Point of Sale","1","1x 8oz/Small","292","2024-07-03 09:01:17","2024-07-03 09:06:09","",""
"ESPRESSO","#6666","Point of Sale","1","1x 8oz/Small","462","2024-07-03 09:01:40","2024-07-03 09:09:22","",""
"ESPRESSO","#7575","Point of Sale","2","1x 16oz/Large; 1x 16oz/ICED MEDIUM","516","2024-07-03 09:04:42","2024-07-03 09:13:18","",""
"ESPRESSO","#9869","Point of Sale","1","1x Bacon And Egg Breakfast Wrap","261","2024-07-03 09:05:03","2024-07-03 09:09:24","",""
"ESPRESSO","#929","Point of Sale","1","1x 12oz/Medium","290","2024-07-03 09:08:28","2024-07-03 09:13:18","",""
"ESPRESSO","#4439","Point of Sale","2","1x 8oz/Small; 1x Fruit Juice","276","2024-07-03 09:08:43","2024-07-03 09:13:19","",""
"ESPRESSO","#3481","Point of Sale","1","1x 8oz/Small","257","2024-07-03 09:09:03","2024-07-03 09:13:20","",""
"ESPRESSO","#1238","Point of Sale","1","1x 8oz/Small","276","2024-07-03 09:09:18","2024-07-03 09:13:54","",""
"ESPRESSO","#2968","Point of Sale","2","1x 12oz/Medium; 1x 12oz/Medium","927","2024-07-03 09:12:09","2024-07-03 09:27:36","",""
"ESPRESSO","#1145","Point of Sale","1","1x 12oz/Medium","852","2024-07-03 09:13:24","2024-07-03 09:27:36","",""
"ESPRESSO","#780","Point of Sale","3","1x Bacon And Egg Breakfast Wrap; 1x 8oz/Small; 1x 16oz/Large","271","2024-07-03 09:23:05","2024-07-03 09:27:36","",""
"ESPRESSO","#3892","Point of Sale","3","1x A Savoury Muffin; 1x 12oz/Medium; 1x A Cookie","241","2024-07-03 09:25:30","2024-07-03 09:29:31","",""
"ESPRESSO","#364","Point of Sale","2","1x 12oz/Medium; 1x 12oz/ICED SMALL","269","2024-07-03 09:26:35","2024-07-03 09:31:04","",""
"ESPRESSO","#7241","Point of Sale","1","1x 12oz/Medium","528","2024-07-03 09:27:11","2024-07-03 09:35:59","",""
"ESPRESSO","#499","Point of Sale","1","1x 12oz/Medium","482","2024-07-03 09:27:57","2024-07-03 09:35:59","",""
"ESPRESSO","#6952","Point of Sale","1","1x 16oz/Large","466","2024-07-03 09:28:13","2024-07-03 09:35:59","",""
"ESPRESSO","#3174","Point of Sale","1","1x 12oz/Medium","564","2024-07-03 09:29:44","2024-07-03 09:39:08","",""
"ESPRESSO","#6448","Point of Sale","1","1x 8oz/Small","551","2024-07-03 09:29:58","2024-07-03 09:39:09","",""
"ESPRESSO","#9863","Point of Sale","1","1x A Sweet Muffin","384","2024-07-03 09:30:22","2024-07-03 09:36:46","",""
"ESPRESSO","#8268","Point of Sale","1","1x 8oz/Small","221","2024-07-03 09:35:28","2024-07-03 09:39:09","",""
"ESPRESSO","#9923","Point of Sale","1","1x 12oz/Medium","208","2024-07-03 09:40:17","2024-07-03 09:43:45","",""
"ESPRESSO","#2201","Point of Sale","1","1x 16oz/Large","189","2024-07-03 09:40:36","2024-07-03 09:43:45","",""
"ESPRESSO","#5682","Point of Sale","2","1x 6oz; 1x 8oz/Small","423","2024-07-03 09:46:26","2024-07-03 09:53:29","",""
"ESPRESSO","#4821","Point of Sale","3","2x Butterbing!; 1x 6oz","365","2024-07-03 09:47:24","2024-07-03 09:53:29","",""
"ESPRESSO","#8772","Point of Sale","1","1x 16oz/Large","279","2024-07-03 09:48:51","2024-07-03 09:53:30","",""
"ESPRESSO","#7263","Point of Sale","1","1x 12oz/ICED SMALL","102","2024-07-03 09:51:48","2024-07-03 09:53:30","",""
"ESPRESSO","#6829","Point of Sale","2","1x Black Mass; 1x Bacon And Egg Breakfast Wrap","119","2024-07-03 09:56:06","2024-07-03 09:58:05","",""
"ESPRESSO","#6618","Point of Sale","1","1x 12oz/Medium","249","2024-07-03 09:57:12","2024-07-03 10:01:21","",""
"ESPRESSO","#7860","Point of Sale","1","1x 6oz","231","2024-07-03 09:57:31","2024-07-03 10:01:22","",""
"ESPRESSO","#5797","Point of Sale","1","1x 12oz/Medium","133","2024-07-03 09:59:09","2024-07-03 10:01:22","",""
"ESPRESSO","#8201","Point of Sale","1","1x 12oz/Medium","511","2024-07-03 09:59:48","2024-07-03 10:08:19","",""
"ESPRESSO","#5018","Point of Sale","2","2x 6oz","422","2024-07-03 10:01:17","2024-07-03 10:08:19","",""
"ESPRESSO","#5407","Point of Sale","1","1x 8oz/Small","296","2024-07-03 10:03:23","2024-07-03 10:08:19","",""
"ESPRESSO","#9705","Point of Sale","4","3x Babycino; 1x 16oz/Large","278","2024-07-03 10:03:40","2024-07-03 10:08:18","",""
"ESPRESSO","#1553","Point of Sale","1","1x 12oz/Medium","277","2024-07-03 10:03:52","2024-07-03 10:08:29","",""
"ESPRESSO","#5081","Point of Sale","2","1x 12oz/Medium; 1x 12oz/Medium","1239","2024-07-03 10:10:06","2024-07-03 10:30:45","",""
"ESPRESSO","#8741","Point of Sale","1","1x 12oz/Medium","1093","2024-07-03 10:12:33","2024-07-03 10:30:46","",""
"ESPRESSO","#3188","Point of Sale","2","1x 4oz/Pic, Esp, Dop; 1x 12oz/Medium","849","2024-07-03 10:16:39","2024-07-03 10:30:48","",""
"ESPRESSO","#2110","Point of Sale","2","1x A Sweet Muffin; 1x 12oz/Medium","402","2024-07-03 10:36:16","2024-07-03 10:42:58","",""
"ESPRESSO","#9420","Point of Sale","2","1x 8oz/Small; 1x 12oz/Medium","326","2024-07-03 10:37:32","2024-07-03 10:42:58","",""
"ESPRESSO","#1620","Point of Sale","4","1x 8oz/Small; 2x 6oz; 1x Babycino","476","2024-07-03 10:39:31","2024-07-03 10:47:27","",""
"ESPRESSO","#2842","Point of Sale","1","1x 12oz/Medium","447","2024-07-03 10:40:02","2024-07-03 10:47:29","",""
"ESPRESSO","#5087","Point of Sale","2","1x 6oz; 1x Pupacino","1463","2024-07-03 10:45:03","2024-07-03 11:09:26","",""
"ESPRESSO","#5441","Point of Sale","2","1x 12oz/ICED SMALL; 1x 12oz/Medium","1366","2024-07-03 10:46:39","2024-07-03 11:09:25","",""
"ESPRESSO","#9882","Point of Sale","1","1x 12oz/Medium","1256","2024-07-03 10:48:30","2024-07-03 11:09:26","",""
"ESPRESSO","#1362","Point of Sale","1","1x 12oz/Medium","1064","2024-07-03 10:51:43","2024-07-03 11:09:27","",""
"ESPRESSO","#3935","Point of Sale","1","1x Bacon And Egg Breakfast Wrap","1036","2024-07-03 10:52:10","2024-07-03 11:09:26","",""
"ESPRESSO","#5428","Point of Sale","2","1x 12oz/Medium; 1x A Cookie","1729","2024-07-03 10:52:49","2024-07-03 11:21:38","",""
"ESPRESSO","#2338","Point of Sale","1","1x 8oz/Small","1231","2024-07-03 11:01:08","2024-07-03 11:21:39","",""
"ESPRESSO","#5457","Point of Sale","1","1x 8oz/Small","1189","2024-07-03 11:01:50","2024-07-03 11:21:39","",""
"ESPRESSO","#5575","Point of Sale","1","1x 12oz/Medium","780","2024-07-03 11:08:39","2024-07-03 11:21:39","",""
"ESPRESSO","#324","Point of Sale","1","1x 12oz/Medium","593","2024-07-03 11:11:46","2024-07-03 11:21:39","",""
"ESPRESSO","#121","Point of Sale","3","2x 4oz/Pic, Esp, Dop; 1x 12oz/Medium","459","2024-07-03 11:14:08","2024-07-03 11:21:47","",""
"ESPRESSO","#1897","Point of Sale","3","3x Protein Ball - Peanut Butter","189","2024-07-03 11:18:40","2024-07-03 11:21:49","",""
"ESPRESSO","#4430","Point of Sale","2","1x 6oz; 1x 8oz/Small","1302","2024-07-03 11:20:07","2024-07-03 11:41:49","",""
"ESPRESSO","#6556","Point of Sale","1","1x 12oz/Medium","1241","2024-07-03 11:21:08","2024-07-03 11:41:49","",""
"ESPRESSO","#1044","Point of Sale","2","2x 16oz/Large","1042","2024-07-03 11:24:27","2024-07-03 11:41:49","",""
"ESPRESSO","#8516","Point of Sale","1","1x 12oz/Medium","877","2024-07-03 11:27:12","2024-07-03 11:41:49","",""
"ESPRESSO","#9466","Point of Sale","2","1x 8oz/Small; 1x A Sweet Muffin","342","2024-07-03 11:36:06","2024-07-03 11:41:48","",""
"ESPRESSO","#1826","Point of Sale","1","1x 12oz/Medium","1164","2024-07-03 11:39:54","2024-07-03 11:59:18","",""
"ESPRESSO","#7372","Point of Sale","1","1x 12oz/Medium","298","2024-07-03 11:54:20","2024-07-03 11:59:18","",""
"ESPRESSO","#8021","Point of Sale","1","1x 250g Beans","242","2024-07-03 11:55:15","2024-07-03 11:59:17","",""
"ESPRESSO","#3620","Point of Sale","1","1x 20oz\ICED LARGE","527","2024-07-03 11:55:57","2024-07-03 12:04:44","",""
"ESPRESSO","#4196","Point of Sale","4","1x 250g Beans; 1x 12oz/ICED SMALL; 2x 12oz/Medium","418","2024-07-03 11:57:46","2024-07-03 12:04:44","",""
"ESPRESSO","#3510","Point of Sale","1","1x 16oz/Large","384","2024-07-03 11:58:21","2024-07-03 12:04:45","",""
"ESPRESSO","#5202","Point of Sale","1","1x 8oz/Small","353","2024-07-03 12:20:27","2024-07-03 12:26:20","",""
"ESPRESSO","#7501","Point of Sale","1","1x 16oz/Large","47","2024-07-03 12:25:32","2024-07-03 12:26:19","",""
"ESPRESSO","#121","Point of Sale","2","1x 12oz/Medium; 1x 8oz/Small","1520","2024-07-03 12:32:08","2024-07-03 12:57:28","",""
"ESPRESSO","#3605","Point of Sale","2","1x 6oz; 1x 6oz","952","2024-07-03 12:41:36","2024-07-03 12:57:28","",""
"ESPRESSO","#2771","Point of Sale","2","1x 6oz; 1x 6oz","435","2024-07-03 12:50:13","2024-07-03 12:57:28","",""
"ESPRESSO","#4479","Point of Sale","1","1x 12oz/Medium","265","2024-07-03 12:53:04","2024-07-03 12:57:29","",""
"ESPRESSO","#4835","Point of Sale","1","1x 12oz/Medium","141","2024-07-03 12:55:09","2024-07-03 12:57:30","",""
"ESPRESSO","#9967","Point of Sale","1","1x 12oz/Medium","58462","2024-07-03 12:57:05","2024-07-04 05:11:27","",""
"ESPRESSO","#8913","Point of Sale","2","1x 8oz/Small; 1x 8oz/Small","57651","2024-07-03 13:10:37","2024-07-04 05:11:28","",""
"ESPRESSO","#4340","Point of Sale","2","2x 12oz/Medium","453","2024-07-04 05:03:55","2024-07-04 05:11:28","",""
"ESPRESSO","#1989","Point of Sale","1","1x 12oz/Medium","160","2024-07-04 05:08:48","2024-07-04 05:11:28","",""
"ESPRESSO","#886","Point of Sale","1","1x 4oz/Pic, Esp, Dop","24","2024-07-04 05:11:04","2024-07-04 05:11:28","",""
"ESPRESSO","#6343","Point of Sale","1","1x 12oz/Medium","719","2024-07-04 05:23:41","2024-07-04 05:35:40","",""
"ESPRESSO","#3043","Point of Sale","2","1x 6oz; 1x 6oz","623","2024-07-04 05:25:18","2024-07-04 05:35:41","",""
"ESPRESSO","Michael","Point of Sale","1","1x 12oz/Medium","543","2024-07-04 05:26:37","2024-07-04 05:35:40","",""
"ESPRESSO","#8982","Point of Sale","1","1x 6oz","145","2024-07-04 05:33:16","2024-07-04 05:35:41","",""
"ESPRESSO","#455","Point of Sale","2","1x 16oz/Large; 1x 16oz/Large","161","2024-07-04 05:39:10","2024-07-04 05:41:51","",""
"ESPRESSO","#1409","Point of Sale","2","1x 16oz/ICED MEDIUM; 1x 16oz/Large","214","2024-07-04 05:41:26","2024-07-04 05:45:00","",""
"ESPRESSO","#1635","Point of Sale","1","1x 12oz/Medium","202","2024-07-04 05:44:30","2024-07-04 05:47:52","",""
"ESPRESSO","#7788","Point of Sale","1","1x 12oz/Medium","64","2024-07-04 05:46:49","2024-07-04 05:47:53","",""
"ESPRESSO","#500","Point of Sale","2","1x 16oz/Large; 1x 16oz/Large","279","2024-07-04 05:47:19","2024-07-04 05:51:58","",""
"ESPRESSO","#2955","Point of Sale","1","1x 20oz\ICED LARGE","111","2024-07-04 05:50:29","2024-07-04 05:52:20","",""
"ESPRESSO","#749","Point of Sale","1","1x 16oz/Large","182","2024-07-04 05:50:46","2024-07-04 05:53:48","",""
"ESPRESSO","#6917","Point of Sale","1","1x 16oz/ICED MEDIUM","516","2024-07-04 05:51:13","2024-07-04 05:59:49","",""
"ESPRESSO","#4423","Point of Sale","1","1x 16oz/Large","318","2024-07-04 05:54:31","2024-07-04 05:59:49","",""
"ESPRESSO","Ray","Point of Sale","1","1x 16oz/Large","238","2024-07-04 05:55:51","2024-07-04 05:59:49","",""
"ESPRESSO","Cherie","Point of Sale","1","1x Bacon And Egg Breakfast Wrap","135","2024-07-04 05:57:34","2024-07-04 05:59:49","",""
"ESPRESSO","#9668","Point of Sale","1","1x 6oz","489","2024-07-04 05:59:11","2024-07-04 06:07:20","",""
"ESPRESSO","#6134","Point of Sale","1","1x 8oz/Small","373","2024-07-04 06:01:07","2024-07-04 06:07:20","",""
"ESPRESSO","Jp","Point of Sale","1","1x 12oz/Medium","265","2024-07-04 06:02:56","2024-07-04 06:07:21","",""
"ESPRESSO","#2939","Point of Sale","1","1x 8oz/Small","146","2024-07-04 06:04:55","2024-07-04 06:07:21","",""
"ESPRESSO","413707149","Square Online","1","1x 8oz/Small","226","2024-07-04 06:05:27","2024-07-04 06:09:13","2024-07-04 06:05:20",""
"ESPRESSO","#2981","Point of Sale","2","1x 8oz/Small; 1x 8oz/Small","480","2024-07-04 06:08:02","2024-07-04 06:16:02","",""
"ESPRESSO","Glenn","Point of Sale","2","2x 4oz/Pic, Esp, Dop","343","2024-07-04 06:10:19","2024-07-04 06:16:02","",""
"ESPRESSO","#9803","Point of Sale","1","1x 12oz/Medium","283","2024-07-04 06:11:19","2024-07-04 06:16:02","",""
"ESPRESSO","#9371","Point of Sale","1","1x 6oz","184","2024-07-04 06:12:58","2024-07-04 06:16:02","",""
"ESPRESSO","#154","Point of Sale","1","1x 12oz/Medium","142","2024-07-04 06:14:55","2024-07-04 06:17:17","",""
"ESPRESSO","Carolyn","Point of Sale","1","1x 12oz/Medium","223","2024-07-04 06:18:51","2024-07-04 06:22:34","",""
"ESPRESSO","#2278","Point of Sale","1","1x 6oz","187","2024-07-04 06:24:34","2024-07-04 06:27:41","",""
"ESPRESSO","#8992","Point of Sale","1","1x 12oz/Medium","164","2024-07-04 06:24:55","2024-07-04 06:27:39","",""
"ESPRESSO","#6430","Point of Sale","4","1x 12oz/Medium; 1x 8oz/Small; 1x 8oz/Small; 1x 12oz/Medium","258","2024-07-04 06:25:32","2024-07-04 06:29:50","",""
"ESPRESSO","#3101","Point of Sale","1","1x 4oz/Pic, Esp, Dop","431","2024-07-04 06:25:55","2024-07-04 06:33:06","",""
"ESPRESSO","#4404","Point of Sale","1","1x 12oz/ICED SMALL","281","2024-07-04 06:26:40","2024-07-04 06:31:21","",""
"ESPRESSO","#4830","Point of Sale","1","1x 12oz/Medium","411","2024-07-04 06:27:18","2024-07-04 06:34:09","",""
"ESPRESSO","#5208","Point of Sale","2","1x A Cookie; 1x 20oz\ICED LARGE","119","2024-07-04 06:31:06","2024-07-04 06:33:05","",""
"ESPRESSO","#4789","Point of Sale","2","1x 6oz; 1x 6oz","299","2024-07-04 06:32:12","2024-07-04 06:37:11","",""
"ESPRESSO","#1516","Point of Sale","1","1x 6oz","284","2024-07-04 06:32:27","2024-07-04 06:37:11","",""
"ESPRESSO","#124","Point of Sale","2","1x 12oz/Medium; 1x 12oz/Medium","169","2024-07-04 06:35:46","2024-07-04 06:38:35","",""
"ESPRESSO","#8821","Point of Sale","1","1x 8oz/Small","201","2024-07-04 06:36:24","2024-07-04 06:39:45","",""
"ESPRESSO","#5495","Point of Sale","2","1x 12oz/Medium; 1x 16oz/ICED MEDIUM","344","2024-07-04 06:36:49","2024-07-04 06:42:33","",""
"ESPRESSO","#6338","Point of Sale","1","1x 16oz/Large","540","2024-07-04 06:37:14","2024-07-04 06:46:14","",""
"ESPRESSO","#6479","Point of Sale","1","1x 16oz/Large","195","2024-07-04 06:42:59","2024-07-04 06:46:14","",""
"ESPRESSO","#1054","Point of Sale","1","1x 16oz/Large","90","2024-07-04 06:44:43","2024-07-04 06:46:13","",""
"ESPRESSO","#8308","Point of Sale","2","1x 12oz/Medium; 1x 12oz/Medium","196","2024-07-04 06:45:58","2024-07-04 06:49:14","",""
"ESPRESSO","#8978","Point of Sale","3","1x 16oz/Large; 2x 16oz/Large","251","2024-07-04 06:46:34","2024-07-04 06:50:45","",""
"ESPRESSO","#9034","Point of Sale","4","1x Pupacino; 1x 12oz/Medium; 1x 12oz/Medium; 1x 12oz/Medium","399","2024-07-04 06:47:50","2024-07-04 06:54:29","",""
"ESPRESSO","#5832","Point of Sale","1","1x 12oz/ICED SMALL","543","2024-07-04 06:48:07","2024-07-04 06:57:10","",""
"ESPRESSO","#3741","Point of Sale","1","1x 12oz/ICED SMALL","482","2024-07-04 06:49:07","2024-07-04 06:57:09","",""
"ESPRESSO","#2260","Point of Sale","2","1x 500g Beans; 1x 12oz/Medium","439","2024-07-04 06:49:49","2024-07-04 06:57:08","",""
"ESPRESSO","#4356","Point of Sale","1","1x 12oz/Medium","754","2024-07-04 06:50:08","2024-07-04 07:02:42","",""
"ESPRESSO","Tommy","Point of Sale","3","1x 6oz; 1x Babycino; 1x 16oz/Large","402","2024-07-04 06:56:00","2024-07-04 07:02:42","",""
"ESPRESSO","Mitch","Point of Sale","4","1x 12oz/Medium; 1x 16oz/ICED MEDIUM; 1x Portugese Tart; 1x A Sweet Muffin","422","2024-07-04 06:57:00","2024-07-04 07:04:02","",""
"ESPRESSO","#6656","Point of Sale","1","1x 12oz/Medium","365","2024-07-04 06:59:28","2024-07-04 07:05:33","",""
"ESPRESSO","#4152","Point of Sale","1","1x 6oz","185","2024-07-04 07:02:28","2024-07-04 07:05:33","",""
"ESPRESSO","#9616","Point of Sale","2","1x 12oz/Medium; 1x 12oz/Medium","285","2024-07-04 07:03:15","2024-07-04 07:08:00","",""
"ESPRESSO","#185","Point of Sale","1","1x 12oz/Medium","333","2024-07-04 07:03:29","2024-07-04 07:09:02","",""
"ESPRESSO","#8101","Point of Sale","2","1x A Sweet Muffin; 1x 8oz/Small","313","2024-07-04 07:04:02","2024-07-04 07:09:15","",""
"ESPRESSO","#9990","Point of Sale","1","1x 8oz/Small","339","2024-07-04 07:04:31","2024-07-04 07:10:10","",""
"ESPRESSO","#4268","Point of Sale","1","1x 12oz/Medium","431","2024-07-04 07:04:59","2024-07-04 07:12:10","",""
"ESPRESSO","#1847","Point of Sale","1","1x 12oz/Medium","405","2024-07-04 07:05:24","2024-07-04 07:12:09","",""
"ESPRESSO","#8080","Point of Sale","1","1x 6oz","318","2024-07-04 07:06:51","2024-07-04 07:12:09","",""
"ESPRESSO","#3647","Point of Sale","5","3x Pupacino; 1x 12oz/Medium; 1x 12oz/Medium","343","2024-07-04 07:09:13","2024-07-04 07:14:56","",""
"ESPRESSO","#9186","Point of Sale","2","1x Babycino; 1x 12oz/Medium","287","2024-07-04 07:12:20","2024-07-04 07:17:07","",""
"ESPRESSO","#2449","Point of Sale","1","1x 20oz\ICED LARGE","261","2024-07-04 07:12:47","2024-07-04 07:17:08","",""
"ESPRESSO","#6297","Point of Sale","2","1x 12oz/Medium; 1x 16oz/ICED MEDIUM","228","2024-07-04 07:14:56","2024-07-04 07:18:44","",""
"ESPRESSO","#8278","Point of Sale","1","1x 12oz/Medium","130","2024-07-04 07:16:48","2024-07-04 07:18:58","",""
"ESPRESSO","#2843","Point of Sale","2","1x 12oz/Medium; 1x 8oz/Small","251","2024-07-04 07:17:36","2024-07-04 07:21:47","",""
"ESPRESSO","#4023","Point of Sale","2","1x 8oz/Small; 1x 12oz/Medium","295","2024-07-04 07:18:06","2024-07-04 07:23:01","",""
"ESPRESSO","#7127","Point of Sale","2","1x Protein Ball - Peanut Butter; 1x 16oz/Large","265","2024-07-04 07:18:36","2024-07-04 07:23:01","",""
"ESPRESSO","#7886","Point of Sale","1","1x 12oz/Medium","397","2024-07-04 07:18:57","2024-07-04 07:25:34","",""
"ESPRESSO","#9748","Point of Sale","4","2x 8oz/Small; 2x Bacon And Egg Breakfast Wrap","364","2024-07-04 07:22:30","2024-07-04 07:28:34","",""
"ESPRESSO","#9382","Point of Sale","1","1x 12oz/Medium","348","2024-07-04 07:22:46","2024-07-04 07:28:34","",""
"ESPRESSO","#1767","Point of Sale","3","1x Bacon And Egg Breakfast Wrap; 1x Pupacino; 1x 12oz/Medium","264","2024-07-04 07:24:10","2024-07-04 07:28:34","",""
"ESPRESSO","#4174","Point of Sale","1","1x 16oz/Large","292","2024-07-04 07:25:27","2024-07-04 07:30:19","",""
"ESPRESSO","#1","Point of Sale","2","1x 6oz; 1x 12oz/Medium","378","2024-07-04 07:25:47","2024-07-04 07:32:05","",""
"ESPRESSO","#3443","Point of Sale","1","1x 12oz/Medium","362","2024-07-04 07:26:04","2024-07-04 07:32:06","",""
"ESPRESSO","#311","Point of Sale","4","1x Bacon And Egg Breakfast Wrap; 1x 8oz/Small; 1x Pupacino; 1x 16oz/Large","403","2024-07-04 07:27:40","2024-07-04 07:34:23","",""
"ESPRESSO","#4652","Point of Sale","1","1x 12oz/Medium","474","2024-07-04 07:28:17","2024-07-04 07:36:11","",""
"ESPRESSO","#8292","Point of Sale","2","1x 8oz/Small; 1x Bacon And Egg Breakfast Wrap","455","2024-07-04 07:29:02","2024-07-04 07:36:37","",""
"ESPRESSO","#4066","Point of Sale","1","1x 4oz/Pic, Esp, Dop","564","2024-07-04 07:30:08","2024-07-04 07:39:32","",""
"ESPRESSO","#4657","Point of Sale","1","1x 8oz/Small","419","2024-07-04 07:32:33","2024-07-04 07:39:32","",""
"ESPRESSO","Todd","Point of Sale","1","1x 16oz/Large","359","2024-07-04 07:33:32","2024-07-04 07:39:31","",""
"ESPRESSO","Abby Partner","Point of Sale","1","1x 12oz/Medium","168","2024-07-04 07:38:09","2024-07-04 07:40:57","",""
"ESPRESSO","#6473","Point of Sale","2","1x 12oz/Medium; 1x 8oz/Small","279","2024-07-04 07:39:08","2024-07-04 07:43:47","",""
"ESPRESSO","#4267","Point of Sale","2","2x 16oz/Large","204","2024-07-04 07:45:21","2024-07-04 07:48:45","",""
"ESPRESSO","#904","Point of Sale","1","1x 16oz/Large","104","2024-07-04 07:47:01","2024-07-04 07:48:45","",""
"ESPRESSO","#431","Point of Sale","2","1x Bacon And Egg Breakfast Wrap; 1x 16oz/Large","304","2024-07-04 07:48:11","2024-07-04 07:53:15","",""
"ESPRESSO","#3737","Point of Sale","1","1x 16oz/Large","268","2024-07-04 07:48:48","2024-07-04 07:53:16","",""
"ESPRESSO","#6904","Point of Sale","2","1x Protein Ball - Peanut Butter; 1x 16oz/Large","209","2024-07-04 07:49:47","2024-07-04 07:53:16","",""
"ESPRESSO","#3616","Point of Sale","2","1x 12oz/Medium; 1x 12oz/Medium","242","2024-07-04 07:53:19","2024-07-04 07:57:21","",""
"ESPRESSO","#1646","Point of Sale","1","1x 6oz","173","2024-07-04 07:54:28","2024-07-04 07:57:21","",""
"ESPRESSO","#4202","Point of Sale","1","1x 16oz/Large","423","2024-07-04 07:56:17","2024-07-04 08:03:20","",""
"ESPRESSO","#7451","Point of Sale","1","1x 16oz/Large","254","2024-07-04 07:59:06","2024-07-04 08:03:20","",""
"ESPRESSO","#2883","Point of Sale","4","1x 8oz/Small; 1x A Sweet Muffin; 2x Babycino","219","2024-07-04 07:59:42","2024-07-04 08:03:21","",""
"ESPRESSO","#4741","Point of Sale","1","1x 8oz/Small","462","2024-07-04 08:00:03","2024-07-04 08:07:45","",""
"ESPRESSO","#1366","Point of Sale","1","1x 8oz/Small","346","2024-07-04 08:01:59","2024-07-04 08:07:45","",""
"ESPRESSO","#5856","Point of Sale","1","1x 16oz/Large","89","2024-07-04 08:06:16","2024-07-04 08:07:45","",""
"ESPRESSO","#8651","Point of Sale","2","1x Bacon And Egg Breakfast Wrap; 1x 12oz/Medium","292","2024-07-04 08:06:36","2024-07-04 08:11:28","",""
"ESPRESSO","#7173","Point of Sale","1","1x 6oz","270","2024-07-04 08:06:58","2024-07-04 08:11:28","",""
"ESPRESSO","Linda","Point of Sale","2","1x 6oz; 1x 6oz","171","2024-07-04 08:08:44","2024-07-04 08:11:35","",""
"ESPRESSO","#7121","Point of Sale","1","1x 8oz/Small","512","2024-07-04 08:09:05","2024-07-04 08:17:37","",""
"ESPRESSO","#7647","Point of Sale","1","1x 16oz/Large","296","2024-07-04 08:12:42","2024-07-04 08:17:38","",""
"ESPRESSO","#9951","Point of Sale","1","1x 16oz/ICED MEDIUM","252","2024-07-04 08:13:26","2024-07-04 08:17:38","",""
"ESPRESSO","#6854","Point of Sale","1","1x 16oz/ICED MEDIUM","229","2024-07-04 08:13:50","2024-07-04 08:17:39","",""
"ESPRESSO","#2672","Point of Sale","1","1x 16oz/Large","144","2024-07-04 08:15:17","2024-07-04 08:17:41","",""
"ESPRESSO","#7203","Point of Sale","2","1x 16oz/ICED MEDIUM; 1x A Sweet Muffin","589","2024-07-04 08:18:52","2024-07-04 08:28:41","",""
"ESPRESSO","#4623","Point of Sale","1","1x 6oz","422","2024-07-04 08:21:40","2024-07-04 08:28:42","",""
"ESPRESSO","#902","Point of Sale","2","1x 12oz/Medium; 1x 12oz/Medium","392","2024-07-04 08:22:10","2024-07-04 08:28:42","",""
"ESPRESSO","#8873","Point of Sale","1","1x 16oz/Large","669","2024-07-04 08:30:42","2024-07-04 08:41:51","",""
"ESPRESSO","#2779","Point of Sale","2","1x Bacon And Egg Breakfast Wrap; 1x 6oz","463","2024-07-04 08:34:07","2024-07-04 08:41:50","",""
"ESPRESSO","#7334","Point of Sale","1","1x 12oz/Medium","326","2024-07-04 08:38:00","2024-07-04 08:43:26","",""
"ESPRESSO","#985","Point of Sale","3","1x 16oz/ICED MEDIUM; 1x 12oz/Medium; 1x A Sweet Muffin","333","2024-07-04 08:43:37","2024-07-04 08:49:10","",""
"ESPRESSO","#2728","Point of Sale","1","1x 12oz/ICED SMALL","309","2024-07-04 08:44:00","2024-07-04 08:49:09","",""
"ESPRESSO","#5599","Point of Sale","1","1x 6oz","292","2024-07-04 08:44:17","2024-07-04 08:49:09","",""
"ESPRESSO","#9807","Point of Sale","1","1x 6oz","424","2024-07-04 08:44:40","2024-07-04 08:51:44","",""
"ESPRESSO","#8343","Point of Sale","2","1x 8oz/Small; 1x 250g Beans","592","2024-07-04 08:47:41","2024-07-04 08:57:33","",""
"ESPRESSO","#7411","Point of Sale","3","1x 8oz/Small; 2x 8oz/Small","702","2024-07-04 08:48:39","2024-07-04 09:00:21","",""
"ESPRESSO","#8436","Point of Sale","1","1x 6oz","496","2024-07-04 08:49:17","2024-07-04 08:57:33","",""
"ESPRESSO","#9346","Point of Sale","1","1x 8oz/Small","130","2024-07-04 08:55:24","2024-07-04 08:57:34","",""
"ESPRESSO","#7962","Point of Sale","1","1x 12oz/Medium","52","2024-07-04 08:56:44","2024-07-04 08:57:36","",""
"ESPRESSO","#6690","Point of Sale","2","1x 16oz/Large; 1x 16oz/Large","29","2024-07-04 08:57:08","2024-07-04 08:57:37","",""
"ESPRESSO","#142","Point of Sale","4","1x Babycino; 1x 8oz/Small; 1x 12oz/Medium; 1x 6oz","504","2024-07-04 08:58:01","2024-07-04 09:06:25","",""
"ESPRESSO","Ciaran","Point of Sale","1","1x 12oz/Medium","468","2024-07-04 08:58:38","2024-07-04 09:06:26","",""
"ESPRESSO","#6489","Point of Sale","2","1x 12oz/Medium; 1x 16oz/Large","373","2024-07-04 09:04:40","2024-07-04 09:10:53","",""
"ESPRESSO","#8769","Point of Sale","1","1x 12oz/Medium","250","2024-07-04 09:05:32","2024-07-04 09:09:42","",""
"ESPRESSO","#8629","Point of Sale","2","1x A Sweet Muffin; 1x 8oz/Small","338","2024-07-04 09:08:11","2024-07-04 09:13:49","",""
"ESPRESSO","#4745","Point of Sale","1","1x 16oz/Large","219","2024-07-04 09:10:11","2024-07-04 09:13:50","",""
"ESPRESSO","#6443","Point of Sale","1","1x 16oz/ICED MEDIUM","110","2024-07-04 09:12:00","2024-07-04 09:13:50","",""
"ESPRESSO","#1693","Point of Sale","3","1x 8oz/Small; 1x 16oz/Large; 1x 8oz/Small","357","2024-07-04 09:12:53","2024-07-04 09:18:50","",""
"ESPRESSO","#2472","Point of Sale","1","1x 12oz/Medium","259","2024-07-04 09:18:11","2024-07-04 09:22:30","",""
"ESPRESSO","#1205","Point of Sale","1","1x 8oz/Small","208","2024-07-04 09:22:20","2024-07-04 09:25:48","",""
"ESPRESSO","#3343","Point of Sale","3","1x 8oz/Small; 1x Butterbing!; 1x Portugese Tart","169","2024-07-04 09:22:59","2024-07-04 09:25:48","",""
"ESPRESSO","#7903","Point of Sale","1","1x 8oz/Small","275","2024-07-04 09:23:20","2024-07-04 09:27:55","",""
"ESPRESSO","#8306","Point of Sale","1","1x 8oz/Small","251","2024-07-04 09:23:44","2024-07-04 09:27:55","",""
"ESPRESSO","#6536","Point of Sale","1","1x 8oz/Small","434","2024-07-04 09:24:00","2024-07-04 09:31:14","",""
"ESPRESSO","#399","Point of Sale","1","1x 12oz/Medium","62","2024-07-04 09:30:13","2024-07-04 09:31:15","",""
"ESPRESSO","#1257","Point of Sale","2","1x 12oz/Medium; 1x A Savoury Muffin","198","2024-07-04 09:34:57","2024-07-04 09:38:15","",""
"ESPRESSO","#4650","Point of Sale","1","1x 16oz/Large","171","2024-07-04 09:35:24","2024-07-04 09:38:15","",""
"ESPRESSO","#704","Point of Sale","1","1x 12oz/Medium","338","2024-07-04 09:38:38","2024-07-04 09:44:16","",""
"ESPRESSO","#6027","Point of Sale","2","1x 16oz/Large; 1x A Savoury Muffin","230","2024-07-04 09:40:27","2024-07-04 09:44:17","",""
"ESPRESSO","#6713","Point of Sale","1","1x 12oz/Medium","733","2024-07-04 09:45:02","2024-07-04 09:57:15","",""
"ESPRESSO","Drazen","Point of Sale","1","1x 12oz/Medium","602","2024-07-04 09:47:14","2024-07-04 09:57:16","",""
"ESPRESSO","#8117","Point of Sale","2","2x 6oz","10","2024-07-04 09:57:06","2024-07-04 09:57:16","",""
"ESPRESSO","#385","Point of Sale","3","1x 12oz/Medium; 1x 12oz/Medium; 1x Protein Ball - Peanut Butter","246","2024-07-04 09:59:11","2024-07-04 10:03:17","",""
"ESPRESSO","#2045","Point of Sale","2","1x 12oz/Medium; 1x 8oz/Small","620","2024-07-04 10:00:56","2024-07-04 10:11:16","",""
"ESPRESSO","#8789","Point of Sale","4","1x 8oz/Small; 1x 8oz/Small; 1x 8oz/Small; 1x 12oz/Medium","295","2024-07-04 10:07:48","2024-07-04 10:12:43","",""
"ESPRESSO","#679","Point of Sale","1","1x 12oz/Medium","487","2024-07-04 10:08:59","2024-07-04 10:17:06","",""
"ESPRESSO","#6009","Point of Sale","1","1x 12oz/Medium","465","2024-07-04 10:09:21","2024-07-04 10:17:06","",""
"ESPRESSO","#1358","Point of Sale","2","1x 12oz/Medium; 1x 12oz/Medium","435","2024-07-04 10:09:51","2024-07-04 10:17:06","",""
"ESPRESSO","#1826","Point of Sale","2","1x Pupacino; 1x 12oz/Medium","349","2024-07-04 10:11:17","2024-07-04 10:17:06","",""
"ESPRESSO","#6850","Point of Sale","1","1x 12oz/Medium","326","2024-07-04 10:11:39","2024-07-04 10:17:05","",""
"ESPRESSO","#5000","Point of Sale","1","1x 8oz/Small","436","2024-07-04 10:18:04","2024-07-04 10:25:20","",""
"ESPRESSO","#7981","Point of Sale","2","1x A Sweet Muffin; 1x 12oz/Medium","1068","2024-07-04 10:34:36","2024-07-04 10:52:24","",""
"ESPRESSO","#1703","Point of Sale","1","1x 12oz/Medium","926","2024-07-04 10:36:58","2024-07-04 10:52:24","",""
"ESPRESSO","#2571","Point of Sale","1","1x 12oz/Medium","660","2024-07-04 10:51:13","2024-07-04 11:02:13","",""
"ESPRESSO","#4971","Point of Sale","1","1x 12oz/Medium","1469","2024-07-04 10:51:42","2024-07-04 11:16:11","",""
"ESPRESSO","#7792","Point of Sale","1","1x 16oz/ICED MEDIUM","613","2024-07-04 10:52:00","2024-07-04 11:02:13","",""
"ESPRESSO","#874","Point of Sale","2","1x 12oz/Medium; 1x 16oz/ICED MEDIUM","652","2024-07-04 11:05:19","2024-07-04 11:16:11","",""
"ESPRESSO","#1178","Point of Sale","2","1x 16oz/ICED MEDIUM; 1x 20oz\ICED LARGE","249","2024-07-04 11:12:03","2024-07-04 11:16:12","",""
"ESPRESSO","#4207","Point of Sale","2","1x 16oz/Large; 1x 8oz/Small","251","2024-07-04 11:15:29","2024-07-04 11:19:40","",""
"ESPRESSO","#5028","Point of Sale","2","1x 12oz/Medium; 1x 8oz/Small","583","2024-07-04 11:18:01","2024-07-04 11:27:44","",""
"ESPRESSO","#1361","Point of Sale","1","1x 12oz/Medium","567","2024-07-04 11:18:17","2024-07-04 11:27:44","",""
"ESPRESSO","#3267","Point of Sale","2","1x 8oz/Small; 1x 12oz/ICED SMALL","456","2024-07-04 11:20:08","2024-07-04 11:27:44","",""
"ESPRESSO","#6900","Point of Sale","1","1x 16oz/Large","212","2024-07-04 11:24:13","2024-07-04 11:27:45","",""
"ESPRESSO","#6332","Point of Sale","1","1x 12oz/Medium","385","2024-07-04 11:25:41","2024-07-04 11:32:06","",""
"ESPRESSO","#4292","Point of Sale","2","1x 250g Beans; 1x 6oz","275","2024-07-04 11:27:32","2024-07-04 11:32:07","",""
"ESPRESSO","#350","Point of Sale","1","1x 8oz/Small","98","2024-07-04 11:30:28","2024-07-04 11:32:06","",""
"ESPRESSO","#3063","Point of Sale","2","1x 8oz/Small; 1x 8oz/Small","515","2024-07-04 11:30:51","2024-07-04 11:39:26","",""
"ESPRESSO","#4383","Point of Sale","1","1x 16oz/Large","341","2024-07-04 11:32:00","2024-07-04 11:37:41","",""
"ESPRESSO","#3347","Point of Sale","1","1x 16oz/Large","573","2024-07-04 11:36:14","2024-07-04 11:45:47","",""
"ESPRESSO","#2537","Point of Sale","1","1x 12oz/Medium","557","2024-07-04 11:36:30","2024-07-04 11:45:47","",""
"ESPRESSO","#1205","Point of Sale","2","1x 12oz/Medium; 1x 16oz/ICED MEDIUM","506","2024-07-04 11:37:21","2024-07-04 11:45:47","",""
"ESPRESSO","#2789","Point of Sale","3","1x Candle; 1x Protein Ball - Peanut Butter; 1x 6oz","683","2024-07-04 11:38:37","2024-07-04 11:50:00","",""
"ESPRESSO","#7819","Point of Sale","1","1x 12oz/Medium","646","2024-07-04 11:39:14","2024-07-04 11:50:00","",""
"ESPRESSO","#7286","Point of Sale","1","1x 4oz/Pic, Esp, Dop","1850","2024-07-04 11:51:35","2024-07-04 12:22:25","",""
"ESPRESSO","#212","Point of Sale","1","1x 16oz/ICED MEDIUM","1474","2024-07-04 11:57:51","2024-07-04 12:22:25","",""
"ESPRESSO","#4545","Point of Sale","1","1x 8oz/Small","1216","2024-07-04 12:02:09","2024-07-04 12:22:25","",""
"ESPRESSO","#9004","Point of Sale","3","1x 12oz/ICED SMALL; 1x 12oz/Medium; 1x 500g Beans","252","2024-07-04 12:18:16","2024-07-04 12:22:28","",""
"ESPRESSO","#8820","Point of Sale","1","1x A Cookie","348","2024-07-04 12:23:33","2024-07-04 12:29:21","",""
"ESPRESSO","#9695","Point of Sale","2","1x A Cookie; 1x 8oz/Small","223","2024-07-04 12:25:38","2024-07-04 12:29:21","",""
"ESPRESSO","#7128","Point of Sale","1","1x 16oz/Large","3189","2024-07-04 12:28:10","2024-07-04 13:21:19","",""
"ESPRESSO","#2948","Point of Sale","1","1x 12oz/Medium","1366","2024-07-04 12:58:33","2024-07-04 13:21:19","",""
"ESPRESSO","#2544","Point of Sale","2","2x A Cookie","1229","2024-07-04 13:00:51","2024-07-04 13:21:20","",""
"ESPRESSO","#838","Point of Sale","1","1x 4oz/Pic, Esp, Dop","380","2024-07-04 13:14:59","2024-07-04 13:21:19","",""
"ESPRESSO","#1679","Point of Sale","2","2x Black Mass","122","2024-07-04 13:19:17","2024-07-04 13:21:19","",""
"ESPRESSO","#5409","Point of Sale","1","1x 8oz/Small","5570","2024-07-04 13:20:47","2024-07-04 14:53:37","",""
"ESPRESSO","#4060","Point of Sale","1","1x 4oz/Pic, Esp, Dop","2017","2024-07-05 05:00:12","2024-07-05 05:33:49","",""
"ESPRESSO","#3843","Point of Sale","1","1x 12oz/Medium","1483","2024-07-05 05:09:06","2024-07-05 05:33:49","",""
"ESPRESSO","#8818","Point of Sale","1","1x 6oz","632","2024-07-05 05:23:17","2024-07-05 05:33:49","",""
"ESPRESSO","#7551","Point of Sale","2","1x 250g Beans; 1x 16oz/Large","482","2024-07-05 05:25:46","2024-07-05 05:33:48","",""
"ESPRESSO","#3062","Point of Sale","1","1x 12oz/Medium","393","2024-07-05 05:36:09","2024-07-05 05:42:42","",""
"ESPRESSO","#1536","Point of Sale","1","1x 8oz/Small","300","2024-07-05 05:37:42","2024-07-05 05:42:42","",""
"ESPRESSO","#8781","Point of Sale","1","1x 12oz/Medium","239","2024-07-05 05:42:45","2024-07-05 05:46:44","",""
"ESPRESSO","#2441","Point of Sale","2","1x A Cookie; 1x 20oz\ICED LARGE","39","2024-07-05 05:46:06","2024-07-05 05:46:45","",""
"ESPRESSO","#7541","Point of Sale","2","1x 16oz/Large; 1x 12oz/Medium","326","2024-07-05 05:46:53","2024-07-05 05:52:19","",""
"ESPRESSO","#9177","Point of Sale","4","1x 12oz/Medium; 2x 12oz/Medium; 1x 12oz/Medium","423","2024-07-05 05:47:23","2024-07-05 05:54:26","",""
"ESPRESSO","#2775","Point of Sale","2","1x 12oz/Medium; 1x 12oz/Medium","286","2024-07-05 05:49:40","2024-07-05 05:54:26","",""
"ESPRESSO","#2994","Point of Sale","2","1x 12oz/Medium; 1x 12oz/Medium","256","2024-07-05 05:52:30","2024-07-05 05:56:46","",""
"ESPRESSO","Jp","Point of Sale","1","1x 12oz/Medium","335","2024-07-05 05:52:58","2024-07-05 05:58:33","",""
"ESPRESSO","#2468","Point of Sale","1","1x 8oz/Small","293","2024-07-05 05:53:40","2024-07-05 05:58:33","",""
"ESPRESSO","#8328","Point of Sale","2","1x 16oz/Large; 1x 16oz/Large","321","2024-07-05 05:53:58","2024-07-05 05:59:19","",""
"ESPRESSO","#5249","Point of Sale","1","1x 16oz/Large","402","2024-07-05 05:54:10","2024-07-05 06:00:52","",""
"ESPRESSO","#6165","Point of Sale","1","1x 6oz","448","2024-07-05 05:54:40","2024-07-05 06:02:08","",""
"ESPRESSO","#2850","Point of Sale","1","1x 12oz/Medium","364","2024-07-05 05:56:04","2024-07-05 06:02:08","",""
"ESPRESSO","#376","Point of Sale","2","1x 12oz/Medium; 1x 12oz/Medium","325","2024-07-05 05:58:41","2024-07-05 06:04:06","",""
"ESPRESSO","#7903","Point of Sale","2","2x 4oz/Pic, Esp, Dop","444","2024-07-05 05:59:23","2024-07-05 06:06:47","",""
"ESPRESSO","Campbell","Point of Sale","1","1x 12oz/Medium","474","2024-07-05 05:59:48","2024-07-05 06:07:42","",""
"ESPRESSO","#8086","Point of Sale","1","1x 16oz/Large","515","2024-07-05 06:00:10","2024-07-05 06:08:45","",""
"ESPRESSO","#3285","Point of Sale","1","1x 20oz\ICED LARGE","233","2024-07-05 06:02:50","2024-07-05 06:06:43","",""
"ESPRESSO","#3067","Point of Sale","2","2x 12oz/Medium","300","2024-07-05 06:05:26","2024-07-05 06:10:26","",""
"ESPRESSO","#6926","Point of Sale","2","2x 12oz/Medium","110","2024-07-05 06:05:52","2024-07-05 06:07:42","",""
"ESPRESSO","A J","Point of Sale","1","1x 8oz/Small","233","2024-07-05 06:06:33","2024-07-05 06:10:26","",""
"ESPRESSO","#4145","Point of Sale","1","1x 8oz/Small","270","2024-07-05 06:06:45","2024-07-05 06:11:15","",""
"ESPRESSO","#2279","Point of Sale","2","1x 4oz/Pic, Esp, Dop; 1x 12oz/Medium","261","2024-07-05 06:08:29","2024-07-05 06:12:50","",""
"ESPRESSO","#112","Point of Sale","1","1x 8oz/Small","246","2024-07-05 06:08:45","2024-07-05 06:12:51","",""
"ESPRESSO","#4844","Point of Sale","1","1x 16oz/Large","356","2024-07-05 06:10:24","2024-07-05 06:16:20","",""
"ESPRESSO","Brandon","Point of Sale","4","2x Babycino; 1x 12oz/Medium; 1x 6oz","303","2024-07-05 06:11:16","2024-07-05 06:16:19","",""
"ESPRESSO","Ben","Point of Sale","2","1x 12oz/Medium; 1x 12oz/Medium","240","2024-07-05 06:13:58","2024-07-05 06:17:58","",""
"ESPRESSO","David","Point of Sale","1","1x 12oz/Medium","271","2024-07-05 06:15:16","2024-07-05 06:19:47","",""
"ESPRESSO","Jaah","Point of Sale","1","1x 12oz/Medium","344","2024-07-05 06:15:47","2024-07-05 06:21:31","",""
"ESPRESSO","#8924","Point of Sale","3","1x 12oz/Medium; 1x 12oz/Medium; 1x 8oz/Small","318","2024-07-05 06:16:14","2024-07-05 06:21:32","",""
"ESPRESSO","#9630","Point of Sale","1","1x 6oz","146","2024-07-05 06:21:24","2024-07-05 06:23:50","",""
"ESPRESSO","#1235","Point of Sale","1","1x 8oz/Small","103","2024-07-05 06:22:07","2024-07-05 06:23:50","",""
"ESPRESSO","#2438","Point of Sale","1","1x 12oz/Medium","351","2024-07-05 06:23:10","2024-07-05 06:29:01","",""
"ESPRESSO","Nat","Point of Sale","2","1x 12oz/Medium; 1x 12oz/Medium","141","2024-07-05 06:26:39","2024-07-05 06:29:00","",""
"ESPRESSO","Clair","Point of Sale","2","1x 16oz/Large; 1x 12oz/Medium","348","2024-07-05 06:29:20","2024-07-05 06:35:08","",""
"ESPRESSO","#6423","Point of Sale","1","1x 8oz/Small","184","2024-07-05 06:32:05","2024-07-05 06:35:09","",""
"ESPRESSO","#1942","Point of Sale","1","1x 16oz/Large","330","2024-07-05 06:35:58","2024-07-05 06:41:28","",""
"ESPRESSO","#9973","Point of Sale","1","1x 12oz/Medium","308","2024-07-05 06:36:21","2024-07-05 06:41:29","",""
"ESPRESSO","#7976","Point of Sale","1","1x 12oz/Medium","196","2024-07-05 06:39:10","2024-07-05 06:42:26","",""
"ESPRESSO","#7396","Point of Sale","2","1x 4oz/Pic, Esp, Dop; 1x 16oz/Large","269","2024-07-05 06:39:43","2024-07-05 06:44:12","",""
"ESPRESSO","#8942","Point of Sale","1","1x 16oz/Large","279","2024-07-05 06:40:25","2024-07-05 06:45:04","",""
"ESPRESSO","Jaden","Point of Sale","2","1x 12oz/Medium; 1x 6oz","336","2024-07-05 06:41:15","2024-07-05 06:46:51","",""
"ESPRESSO","Bayle","Point of Sale","1","1x 12oz/Medium","320","2024-07-05 06:41:31","2024-07-05 06:46:51","",""
"ESPRESSO","#8796","Point of Sale","2","1x 12oz/Medium; 1x 500g Beans","262","2024-07-05 06:44:16","2024-07-05 06:48:38","",""
"ESPRESSO","#1096","Point of Sale","2","1x A Savoury Muffin; 1x 16oz/Large","196","2024-07-05 06:46:02","2024-07-05 06:49:18","",""
"ESPRESSO","Keith","Point of Sale","1","1x 16oz/Large","355","2024-07-05 06:48:17","2024-07-05 06:54:12","",""
"ESPRESSO","#9546","Point of Sale","2","1x 12oz/Medium; 1x 12oz/Medium","297","2024-07-05 06:49:15","2024-07-05 06:54:12","",""
"ESPRESSO","2062931280","Square Online","1","1x 8oz/Small","288","2024-07-05 06:49:24","2024-07-05 06:54:12","2024-07-05 06:49:18",""
"ESPRESSO","#4027","Point of Sale","1","1x 8oz/Small","272","2024-07-05 06:56:21","2024-07-05 07:00:53","",""
"ESPRESSO","#4627","Point of Sale","1","1x 4oz/Pic, Esp, Dop","156","2024-07-05 06:58:18","2024-07-05 07:00:54","",""
"ESPRESSO","#1604","Point of Sale","1","1x 12oz/Medium","161","2024-07-05 07:00:53","2024-07-05 07:03:34","",""
"ESPRESSO","#7489","Point of Sale","2","1x 8oz/Small; 1x 12oz/Medium","354","2024-07-05 07:03:26","2024-07-05 07:09:20","",""
"ESPRESSO","#102","Point of Sale","1","1x 12oz/Medium","246","2024-07-05 07:05:14","2024-07-05 07:09:20","",""
"ESPRESSO","#687","Point of Sale","1","1x 8oz/Small","351","2024-07-05 07:07:38","2024-07-05 07:13:29","",""
"ESPRESSO","#2142","Point of Sale","1","1x 12oz/ICED SMALL","331","2024-07-05 07:07:57","2024-07-05 07:13:28","",""
"ESPRESSO","#8795","Point of Sale","1","1x 12oz/Medium","310","2024-07-05 07:08:19","2024-07-05 07:13:29","",""
"ESPRESSO","#9306","Point of Sale","1","1x 6oz","246","2024-07-05 07:09:22","2024-07-05 07:13:28","",""
"ESPRESSO","#3824","Point of Sale","1","1x 12oz/Medium","120","2024-07-05 07:11:28","2024-07-05 07:13:28","",""
"ESPRESSO","#8049","Point of Sale","2","1x 12oz/ICED SMALL; 1x 8oz/Small","250","2024-07-05 07:13:50","2024-07-05 07:18:00","",""
"ESPRESSO","#7034","Point of Sale","3","2x 16oz/ICED MEDIUM; 1x 16oz/Large","212","2024-07-05 07:14:29","2024-07-05 07:18:01","",""
"ESPRESSO","#7331","Point of Sale","1","1x 12oz/Medium","175","2024-07-05 07:18:42","2024-07-05 07:21:37","",""
"ESPRESSO","#5004","Point of Sale","1","1x 12oz/Medium","162","2024-07-05 07:18:55","2024-07-05 07:21:37","",""
"ESPRESSO","#7637","Point of Sale","1","1x 16oz/Large","95","2024-07-05 07:20:39","2024-07-05 07:22:14","",""
"ESPRESSO","Ben","Point of Sale","1","1x 12oz/Medium","216","2024-07-05 07:21:23","2024-07-05 07:24:59","",""
"ESPRESSO","#9947","Point of Sale","2","1x 12oz/Medium; 1x 16oz/Large","601","2024-07-05 07:22:05","2024-07-05 07:32:06","",""
"ESPRESSO","#2665","Point of Sale","1","1x 4oz/Pic, Esp, Dop","559","2024-07-05 07:22:46","2024-07-05 07:32:05","",""
"ESPRESSO","#4633","Point of Sale","1","1x 12oz/Medium","467","2024-07-05 07:24:19","2024-07-05 07:32:06","",""
"ESPRESSO","#379","Point of Sale","1","1x 16oz/Large","386","2024-07-05 07:25:41","2024-07-05 07:32:07","",""
"ESPRESSO","#1715","Point of Sale","1","1x 8oz/Small","109","2024-07-05 07:35:09","2024-07-05 07:36:58","",""
"ESPRESSO","#3940","Point of Sale","1","1x Bacon And Egg Breakfast Wrap","80","2024-07-05 07:35:39","2024-07-05 07:36:59","",""
"ESPRESSO","#4705","Point of Sale","1","1x 6oz","233","2024-07-05 07:36:51","2024-07-05 07:40:44","",""
"ESPRESSO","Mitch","Point of Sale","3","1x A Sweet Muffin; 1x 16oz/ICED MEDIUM; 1x 12oz/Medium","175","2024-07-05 07:37:50","2024-07-05 07:40:45","",""
"ESPRESSO","#1279","Point of Sale","2","1x 8oz/Small; 1x 8oz/Small","305","2024-07-05 07:38:32","2024-07-05 07:43:37","",""
"ESPRESSO","Tommi","Point of Sale","3","1x 16oz/Large; 1x Babycino; 1x 6oz","281","2024-07-05 07:38:56","2024-07-05 07:43:37","",""
"ESPRESSO","Mase","Point of Sale","1","1x 12oz/Medium","408","2024-07-05 07:39:10","2024-07-05 07:45:58","",""
"ESPRESSO","#5903","Point of Sale","1","1x Bacon And Egg Breakfast Wrap","271","2024-07-05 07:39:57","2024-07-05 07:44:28","",""
"ESPRESSO","#5999","Point of Sale","1","1x 16oz/Large","339","2024-07-05 07:40:19","2024-07-05 07:45:58","",""
"ESPRESSO","#4528","Point of Sale","1","1x 6oz","155","2024-07-05 07:43:23","2024-07-05 07:45:58","",""
"ESPRESSO","#4029","Point of Sale","2","1x Protein Ball - Peanut Butter; 1x 16oz/Large","216","2024-07-05 07:43:46","2024-07-05 07:47:22","",""
"ESPRESSO","#9288","Point of Sale","1","1x 16oz/Large","340","2024-07-05 07:44:07","2024-07-05 07:49:47","",""
"ESPRESSO","#7791","Point of Sale","1","1x 12oz/Medium","308","2024-07-05 07:44:39","2024-07-05 07:49:47","",""
"ESPRESSO","#1485","Point of Sale","2","1x 8oz/Small; 1x Babycino","428","2024-07-05 07:45:32","2024-07-05 07:52:40","",""
"ESPRESSO","#1711","Point of Sale","1","1x 12oz/Medium","328","2024-07-05 07:47:11","2024-07-05 07:52:39","",""
"ESPRESSO","#2412","Point of Sale","1","1x 8oz/Small","180","2024-07-05 07:49:39","2024-07-05 07:52:39","",""
"ESPRESSO","#1263","Point of Sale","1","1x 16oz/Large","295","2024-07-05 07:51:49","2024-07-05 07:56:44","",""
"ESPRESSO","#6254","Point of Sale","2","1x 12oz/Medium; 1x 6oz","251","2024-07-05 07:52:33","2024-07-05 07:56:44","",""
"ESPRESSO","#9442","Point of Sale","1","1x 12oz/Medium","193","2024-07-05 07:53:32","2024-07-05 07:56:45","",""
"ESPRESSO","#2648","Point of Sale","1","1x 12oz/Medium","237","2024-07-05 07:54:04","2024-07-05 07:58:01","",""
"ESPRESSO","#52","Point of Sale","3","1x 16oz/Large; 1x 12oz/Medium; 1x Babycino","803","2024-07-05 07:54:38","2024-07-05 08:08:01","",""
"ESPRESSO","#5455","Point of Sale","1","1x 16oz/ICED MEDIUM","154","2024-07-05 08:03:59","2024-07-05 08:06:33","",""
"ESPRESSO","#8526","Point of Sale","2","1x 8oz/Small; 1x 16oz/ICED MEDIUM","174","2024-07-05 08:05:07","2024-07-05 08:08:01","",""
"ESPRESSO","#6673","Point of Sale","3","1x 12oz/Medium; 1x 12oz/Medium; 1x 16oz/ICED MEDIUM","318","2024-07-05 08:07:24","2024-07-05 08:12:42","",""
"ESPRESSO","#3347","Point of Sale","1","1x 16oz/Large","299","2024-07-05 08:07:43","2024-07-05 08:12:42","",""
"ESPRESSO","#1270","Point of Sale","1","1x 8oz/Small","278","2024-07-05 08:09:07","2024-07-05 08:13:45","",""
"ESPRESSO","#7292","Point of Sale","2","1x 12oz/Medium; 1x 12oz/Medium","417","2024-07-05 08:09:37","2024-07-05 08:16:34","",""
"ESPRESSO","#2858","Point of Sale","1","1x 8oz/Small","417","2024-07-05 08:10:37","2024-07-05 08:17:34","",""
"ESPRESSO","#9855","Point of Sale","1","1x 6oz","446","2024-07-05 08:10:56","2024-07-05 08:18:22","",""
"ESPRESSO","#4298","Point of Sale","1","1x 12oz/Medium","461","2024-07-05 08:11:40","2024-07-05 08:19:21","",""
"ESPRESSO","#8451","Point of Sale","1","1x 12oz/Medium","521","2024-07-05 08:14:55","2024-07-05 08:23:36","",""
"ESPRESSO","#6194","Point of Sale","1","1x 8oz/Small","325","2024-07-05 08:16:07","2024-07-05 08:21:32","",""
"ESPRESSO","#4979","Point of Sale","1","1x 12oz/Medium","372","2024-07-05 08:17:24","2024-07-05 08:23:36","",""
"ESPRESSO","#5254","Point of Sale","1","1x 12oz/Medium","149","2024-07-05 08:21:06","2024-07-05 08:23:35","",""
"ESPRESSO","#2542","Point of Sale","1","1x 12oz/Medium","142","2024-07-05 08:23:53","2024-07-05 08:26:15","",""
"ESPRESSO","#7481","Point of Sale","1","1x 12oz/Medium","113","2024-07-05 08:24:23","2024-07-05 08:26:16","",""
"ESPRESSO","#7760","Point of Sale","1","1x 12oz/Medium","328","2024-07-05 08:24:47","2024-07-05 08:30:15","",""
"ESPRESSO","#2205","Point of Sale","1","1x 12oz/Medium","312","2024-07-05 08:25:03","2024-07-05 08:30:15","",""
"ESPRESSO","#8839","Point of Sale","2","1x Bacon And Egg Breakfast Wrap; 1x 8oz/Small","277","2024-07-05 08:25:38","2024-07-05 08:30:15","",""
"ESPRESSO","#1628","Point of Sale","1","1x Fruit Juice","127","2024-07-05 08:26:38","2024-07-05 08:28:45","",""
"ESPRESSO","#8958","Point of Sale","1","1x Bacon And Egg Breakfast Wrap","251","2024-07-05 08:29:03","2024-07-05 08:33:14","",""
"ESPRESSO","#906","Point of Sale","1","1x 16oz/Large","226","2024-07-05 08:29:28","2024-07-05 08:33:14","",""
"ESPRESSO","#4016","Point of Sale","2","1x A Sweet Muffin; 1x 16oz/ICED MEDIUM","188","2024-07-05 08:30:06","2024-07-05 08:33:14","",""
"ESPRESSO","#2643","Point of Sale","1","1x 8oz/Small","288","2024-07-05 08:30:52","2024-07-05 08:35:40","",""
"ESPRESSO","#5589","Point of Sale","1","1x 16oz/Large","185","2024-07-05 08:32:35","2024-07-05 08:35:40","",""
"ESPRESSO","#4198","Point of Sale","1","1x 16oz/Large","179","2024-07-05 08:35:43","2024-07-05 08:38:42","",""
"ESPRESSO","#9245","Point of Sale","2","1x 8oz/Small; 1x 6oz","173","2024-07-05 08:37:02","2024-07-05 08:39:55","",""
"ESPRESSO","#2612","Point of Sale","2","1x 16oz/Large; 1x A Cookie","342","2024-07-05 08:37:19","2024-07-05 08:43:01","",""
"ESPRESSO","#4966","Point of Sale","1","1x A Savoury Muffin","166","2024-07-05 08:38:23","2024-07-05 08:41:09","",""
"ESPRESSO","#419","Point of Sale","1","1x 6oz","259","2024-07-05 08:38:43","2024-07-05 08:43:02","",""
"ESPRESSO","Alex","Point of Sale","2","1x 16oz/Large; 1x 16oz/Large","303","2024-07-05 08:44:21","2024-07-05 08:49:24","",""
"ESPRESSO","#6947","Point of Sale","2","1x 1kg Beans; 1x 8oz/Small","272","2024-07-05 08:44:51","2024-07-05 08:49:23","",""
"ESPRESSO","#1419","Point of Sale","3","1x A Sweet Muffin; 1x Babycino; 1x 6oz","300","2024-07-05 08:49:54","2024-07-05 08:54:54","",""
"ESPRESSO","#9496","Point of Sale","1","1x 12oz/Medium","270","2024-07-05 08:50:18","2024-07-05 08:54:48","",""
"ESPRESSO","#5496","Point of Sale","3","3x 8oz/Small","468","2024-07-05 08:50:45","2024-07-05 08:58:33","",""
"ESPRESSO","#1222","Point of Sale","2","2x 8oz/Small","435","2024-07-05 08:51:17","2024-07-05 08:58:32","",""
"ESPRESSO","#4645","Point of Sale","1","1x Bacon And Egg Breakfast Wrap","448","2024-07-05 08:51:36","2024-07-05 08:59:04","",""
"ESPRESSO","#5115","Point of Sale","2","1x 20oz\ICED LARGE; 1x 16oz/Large","523","2024-07-05 08:52:31","2024-07-05 09:01:14","",""
"ESPRESSO","#6683","Point of Sale","1","1x 12oz/Medium","427","2024-07-05 08:53:38","2024-07-05 09:00:45","",""
"ESPRESSO","#2770","Point of Sale","1","1x 12oz/Medium","543","2024-07-05 08:54:36","2024-07-05 09:03:39","",""
"ESPRESSO","#2789","Point of Sale","2","1x 12oz/Medium; 1x 8oz/Small","514","2024-07-05 08:55:06","2024-07-05 09:03:40","",""
"ESPRESSO","Misty","Point of Sale","4","1x 12oz/Medium; 1x A Sweet Muffin; 2x Babycino","520","2024-07-05 08:58:04","2024-07-05 09:06:44","",""
"ESPRESSO","#7773","Point of Sale","1","1x 16oz/Large","465","2024-07-05 08:58:59","2024-07-05 09:06:44","",""
"ESPRESSO","#9042","Point of Sale","2","1x 12oz/Medium; 1x Pupacino","428","2024-07-05 08:59:36","2024-07-05 09:06:44","",""
"ESPRESSO","#3213","Point of Sale","1","1x 4oz/Pic, Esp, Dop","298","2024-07-05 09:06:54","2024-07-05 09:11:52","",""
"ESPRESSO","#2141","Point of Sale","3","1x 12oz/Medium; 1x 20oz\ICED LARGE; 1x A Cookie","247","2024-07-05 09:07:46","2024-07-05 09:11:53","",""
"ESPRESSO","#9931","Point of Sale","1","1x 12oz/Medium","728","2024-07-05 09:09:19","2024-07-05 09:21:27","",""
"ESPRESSO","#7457","Point of Sale","1","1x 8oz/Small","528","2024-07-05 09:12:40","2024-07-05 09:21:28","",""
"ESPRESSO","#7062","Point of Sale","1","1x 8oz/Small","447","2024-07-05 09:14:01","2024-07-05 09:21:28","",""
"ESPRESSO","#8360","Point of Sale","1","1x 4oz/Pic, Esp, Dop","342","2024-07-05 09:20:09","2024-07-05 09:25:51","",""
"ESPRESSO","#9390","Point of Sale","2","1x A Savoury Muffin; 1x 12oz/Medium","311","2024-07-05 09:20:41","2024-07-05 09:25:52","",""
"ESPRESSO","#2699","Point of Sale","1","1x 12oz/Medium","614","2024-07-05 09:21:00","2024-07-05 09:31:14","",""
"ESPRESSO","#242","Point of Sale","1","1x 8oz/Small","493","2024-07-05 09:21:28","2024-07-05 09:29:41","",""
"ESPRESSO","#3500","Point of Sale","2","1x Bacon And Egg Breakfast Wrap; 1x 12oz/ICED SMALL","557","2024-07-05 09:21:59","2024-07-05 09:31:16","",""
"ESPRESSO","#7319","Point of Sale","1","1x 8oz/Small","597","2024-07-05 09:22:22","2024-07-05 09:32:19","",""
"ESPRESSO","#6905","Point of Sale","1","1x 12oz/Medium","577","2024-07-05 09:22:43","2024-07-05 09:32:20","",""
"ESPRESSO","#287","Point of Sale","1","1x 16oz/ICED MEDIUM","590","2024-07-05 09:22:55","2024-07-05 09:32:45","",""
"ESPRESSO","#7615","Point of Sale","1","1x 16oz/Large","656","2024-07-05 09:23:21","2024-07-05 09:34:17","",""
"ESPRESSO","#9238","Point of Sale","1","1x 12oz/Medium","671","2024-07-05 09:23:33","2024-07-05 09:34:44","",""
"ESPRESSO","#4834","Point of Sale","3","1x 12oz/Medium; 1x 8oz/Small; 1x 12oz/Medium","764","2024-07-05 09:24:02","2024-07-05 09:36:46","",""
"ESPRESSO","#932","Point of Sale","1","1x 16oz/Large","849","2024-07-05 09:24:28","2024-07-05 09:38:37","",""
"ESPRESSO","Paul","Point of Sale","2","1x A Savoury Muffin; 1x 12oz/Medium","810","2024-07-05 09:26:16","2024-07-05 09:39:46","",""
"ESPRESSO","#3661","Point of Sale","2","1x 8oz/Small; 1x A Sweet Muffin","694","2024-07-05 09:27:03","2024-07-05 09:38:37","",""
"ESPRESSO","#5642","Point of Sale","1","1x 8oz/Small","737","2024-07-05 09:27:30","2024-07-05 09:39:47","",""
"ESPRESSO","#3174","Point of Sale","1","1x 6oz","802","2024-07-05 09:28:06","2024-07-05 09:41:28","",""
"ESPRESSO","Reecestickes","Point of Sale","2","1x 6oz; 1x 12oz/ICED SMALL","608","2024-07-05 09:31:20","2024-07-05 09:41:28","",""
"ESPRESSO","#8530","Point of Sale","2","1x A Savoury Muffin; 1x 16oz/Large","529","2024-07-05 09:34:14","2024-07-05 09:43:03","",""
"ESPRESSO","#5162","Point of Sale","2","1x 12oz/Medium; 1x A Cookie","389","2024-07-05 09:38:44","2024-07-05 09:45:13","",""
"ESPRESSO","#1855","Point of Sale","1","1x 16oz/Large","303","2024-07-05 09:42:41","2024-07-05 09:47:44","",""
"ESPRESSO","#4711","Point of Sale","3","1x A Cookie; 1x A Sweet Muffin; 1x 16oz/Large","281","2024-07-05 09:43:03","2024-07-05 09:47:44","",""
"ESPRESSO","#6135","Point of Sale","1","1x 8oz/Small","719","2024-07-05 09:45:03","2024-07-05 09:57:02","",""
"ESPRESSO","#7386","Point of Sale","2","1x 8oz/Small; 1x 12oz/Medium","654","2024-07-05 09:46:07","2024-07-05 09:57:01","",""
"ESPRESSO","#2338","Point of Sale","1","1x 12oz/Medium","611","2024-07-05 09:46:50","2024-07-05 09:57:01","",""
"ESPRESSO","#7606","Point of Sale","3","2x Protein Ball - Peanut Butter; 1x 6oz","157","2024-07-05 09:56:31","2024-07-05 09:59:08","",""
"ESPRESSO","#35","Point of Sale","1","1x 12oz/Medium","117","2024-07-05 09:57:12","2024-07-05 09:59:09","",""
"ESPRESSO","#8573","Point of Sale","2","1x 16oz/ICED MEDIUM; 1x 12oz/Medium","322","2024-07-05 09:58:57","2024-07-05 10:04:19","",""
"ESPRESSO","#157","Point of Sale","1","1x 8oz/Small","296","2024-07-05 09:59:24","2024-07-05 10:04:20","",""
"ESPRESSO","#6660","Point of Sale","1","1x 12oz/Medium","496","2024-07-05 10:02:51","2024-07-05 10:11:07","",""
"ESPRESSO","#3557","Point of Sale","1","1x 16oz/ICED MEDIUM","731","2024-07-05 10:11:46","2024-07-05 10:23:57","",""
"ESPRESSO","#3263","Point of Sale","2","1x 8oz/Small; 1x 6oz","372","2024-07-05 10:16:19","2024-07-05 10:22:31","",""
"ESPRESSO","#3210","Point of Sale","4","1x 12oz/Medium; 1x 12oz/Medium; 1x 16oz/ICED MEDIUM; 1x 12oz/Medium","365","2024-07-05 10:18:00","2024-07-05 10:24:05","",""
"ESPRESSO","#7141","Point of Sale","1","1x 8oz/Small","398","2024-07-05 10:18:37","2024-07-05 10:25:15","",""
"ESPRESSO","#5501","Point of Sale","1","1x 12oz/Medium","372","2024-07-05 10:19:01","2024-07-05 10:25:13","",""
"ESPRESSO","#4570","Point of Sale","1","1x 12oz/ICED SMALL","957","2024-07-05 10:21:22","2024-07-05 10:37:19","",""
"ESPRESSO","#9487","Point of Sale","1","1x 12oz/Medium","499","2024-07-05 10:29:01","2024-07-05 10:37:20","",""
"ESPRESSO","#5699","Point of Sale","2","1x Portugese Tart; 1x 16oz/Large","304","2024-07-05 10:32:16","2024-07-05 10:37:20","",""
"ESPRESSO","#5751","Point of Sale","2","1x 12oz/Medium; 1x 12oz/Medium","255","2024-07-05 10:33:04","2024-07-05 10:37:19","",""
"ESPRESSO","#2747","Point of Sale","2","1x 12oz/Medium; 1x A Sweet Muffin","478","2024-07-05 10:33:37","2024-07-05 10:41:35","",""
"ESPRESSO","#5522","Point of Sale","1","1x 16oz/Large","380","2024-07-05 10:35:14","2024-07-05 10:41:34","",""
"ESPRESSO","#3954","Point of Sale","1","1x 16oz/ICED MEDIUM","345","2024-07-05 10:35:49","2024-07-05 10:41:34","",""
"ESPRESSO","#4493","Point of Sale","4","3x Fruit Juice; 1x 12oz/Medium","166","2024-07-05 10:41:12","2024-07-05 10:43:58","",""
"ESPRESSO","#9210","Point of Sale","1","1x 8oz/Small","318","2024-07-05 10:56:40","2024-07-05 11:01:58","",""
"ESPRESSO","#4378","Point of Sale","1","1x 16oz/ICED MEDIUM","302","2024-07-05 10:56:58","2024-07-05 11:02:00","",""
"ESPRESSO","#7181","Point of Sale","1","1x 1kg Beans","905","2024-07-05 11:04:01","2024-07-05 11:19:06","",""
"ESPRESSO","#3224","Point of Sale","1","1x 6oz","451","2024-07-05 11:11:36","2024-07-05 11:19:07","",""
"ESPRESSO","#446","Point of Sale","1","1x 8oz/Small","327","2024-07-05 11:13:40","2024-07-05 11:19:07","",""
"ESPRESSO","#7005","Point of Sale","2","1x 12oz/Medium; 1x 8oz/Small","240","2024-07-05 11:15:08","2024-07-05 11:19:08","",""
"ESPRESSO","#6527","Point of Sale","3","1x 12oz/Medium; 1x Fruit Juice; 1x 12oz/Medium","861","2024-07-05 11:25:33","2024-07-05 11:39:54","",""
"ESPRESSO","#6019","Point of Sale","2","1x 8oz/Small; 1x 16oz/Large","686","2024-07-05 11:28:29","2024-07-05 11:39:55","",""
"ESPRESSO","#1499","Point of Sale","1","1x 8oz/Small","642","2024-07-05 11:29:13","2024-07-05 11:39:55","",""
"ESPRESSO","#2681","Point of Sale","1","1x 12oz/Medium","532","2024-07-05 11:31:02","2024-07-05 11:39:54","",""
"ESPRESSO","#4884","Point of Sale","1","1x 12oz/Medium","465","2024-07-05 11:32:10","2024-07-05 11:39:55","",""
"ESPRESSO","#94","Point of Sale","3","3x Butterbing!","2031","2024-07-05 11:45:00","2024-07-05 12:18:51","",""
"ESPRESSO","#4142","Point of Sale","1","1x 16oz/Large","1967","2024-07-05 11:46:04","2024-07-05 12:18:51","",""
"ESPRESSO","#3840","Point of Sale","1","1x 16oz/ICED MEDIUM","1321","2024-07-05 11:56:49","2024-07-05 12:18:50","",""
"ESPRESSO","#5605","Point of Sale","2","1x 250g Beans; 1x 12oz/Medium","1130","2024-07-05 12:00:01","2024-07-05 12:18:51","",""
"ESPRESSO","#7701","Point of Sale","1","1x 4oz/Pic, Esp, Dop","58799","2024-07-05 12:43:03","2024-07-06 05:03:02","",""
"ESPRESSO","#6148","Point of Sale","2","1x A Sweet Muffin; 1x 12oz/Medium","57828","2024-07-05 12:59:13","2024-07-06 05:03:01","",""
"ESPRESSO","#2055","Point of Sale","1","1x 12oz/Medium","57709","2024-07-05 13:01:13","2024-07-06 05:03:02","",""
"ESPRESSO","#3321","Point of Sale","3","1x 8oz/Small; 2x 12oz/Medium","56943","2024-07-05 13:13:57","2024-07-06 05:03:00","",""
"ESPRESSO","#4916","Point of Sale","1","1x 12oz/Medium","56286","2024-07-05 13:24:55","2024-07-06 05:03:01","",""
"ESPRESSO","#3541","Point of Sale","1","1x 12oz/Medium","35","2024-07-06 05:03:23","2024-07-06 05:03:58","",""
"ESPRESSO","#5661","Point of Sale","2","1x 16oz/Large; 1x Bacon And Egg Breakfast Wrap","264","2024-07-06 05:34:54","2024-07-06 05:39:18","",""
"ESPRESSO","#5435","Point of Sale","1","1x 12oz/Medium","412","2024-07-06 05:43:12","2024-07-06 05:50:04","",""
"ESPRESSO","#5506","Point of Sale","1","1x 12oz/Medium","336","2024-07-06 05:44:28","2024-07-06 05:50:04","",""
"ESPRESSO","#9866","Point of Sale","1","1x 16oz/Large","143","2024-07-06 05:47:41","2024-07-06 05:50:04","",""
"ESPRESSO","#9187","Point of Sale","2","1x 12oz/Medium; 1x 12oz/Medium","156","2024-07-06 05:50:45","2024-07-06 05:53:21","",""
"ESPRESSO","#5205","Point of Sale","3","1x 16oz/ICED MEDIUM; 1x 12oz/Medium; 1x 12oz/Medium","238","2024-07-06 05:53:08","2024-07-06 05:57:06","",""
"ESPRESSO","#3952","Point of Sale","1","1x 12oz/Medium","202","2024-07-06 05:53:45","2024-07-06 05:57:07","",""
"ESPRESSO","#2388","Point of Sale","1","1x 12oz/Medium","95","2024-07-06 06:00:20","2024-07-06 06:01:55","",""
"ESPRESSO","#2297","Point of Sale","1","1x 6oz","109","2024-07-06 06:02:52","2024-07-06 06:04:41","",""
"ESPRESSO","#5920","Point of Sale","1","1x 16oz/Large","112","2024-07-06 06:05:58","2024-07-06 06:07:50","",""
"ESPRESSO","#1756","Point of Sale","3","2x 12oz/Medium; 1x Butterbing!","209","2024-07-06 06:06:39","2024-07-06 06:10:08","",""
"ESPRESSO","#8943","Point of Sale","1","1x 12oz/Medium","159","2024-07-06 06:07:29","2024-07-06 06:10:08","",""
"ESPRESSO","#1307","Point of Sale","2","1x 16oz/Large; 1x 12oz/Medium","286","2024-07-06 06:17:37","2024-07-06 06:22:23","",""
"ESPRESSO","Jp","Point of Sale","1","1x 12oz/Medium","180","2024-07-06 06:19:24","2024-07-06 06:22:24","",""
"ESPRESSO","#6621","Point of Sale","2","1x 8oz/Small; 1x 6oz","161","2024-07-06 06:23:07","2024-07-06 06:25:48","",""
"ESPRESSO","#1154","Point of Sale","1","1x 8oz/Small","108","2024-07-06 06:27:46","2024-07-06 06:29:34","",""
"ESPRESSO","#2359","Point of Sale","1","1x Bacon And Egg Breakfast Wrap","65","2024-07-06 06:30:06","2024-07-06 06:31:11","",""
"ESPRESSO","#8201","Point of Sale","1","1x Bacon And Egg Breakfast Wrap","403","2024-07-06 06:31:51","2024-07-06 06:38:34","",""
"ESPRESSO","#6028","Point of Sale","1","1x 16oz/Large","361","2024-07-06 06:32:34","2024-07-06 06:38:35","",""
"ESPRESSO","#3562","Point of Sale","1","1x Fruit Juice","346","2024-07-06 06:32:49","2024-07-06 06:38:35","",""
"ESPRESSO","#7247","Point of Sale","1","1x 12oz/Medium","181","2024-07-06 06:39:48","2024-07-06 06:42:49","",""
"ESPRESSO","#2100","Point of Sale","1","1x 16oz/Large","396","2024-07-06 06:45:07","2024-07-06 06:51:43","",""
"ESPRESSO","#8267","Point of Sale","2","1x Babycino; 1x 12oz/Medium","306","2024-07-06 06:46:38","2024-07-06 06:51:44","",""
"ESPRESSO","#7819","Point of Sale","3","1x 16oz/Large; 1x 16oz/Large; 1x Babycino","218","2024-07-06 06:51:24","2024-07-06 06:55:02","",""
"ESPRESSO","#7699","Point of Sale","3","1x 12oz/Medium; 1x Pupacino; 1x Bacon And Egg Breakfast Wrap","332","2024-07-06 06:53:14","2024-07-06 06:58:46","",""
"ESPRESSO","#8927","Point of Sale","3","2x Babycino; 1x 12oz/Medium","300","2024-07-06 06:53:46","2024-07-06 06:58:46","",""
"ESPRESSO","Kayla","Point of Sale","1","1x 8oz/Small","281","2024-07-06 06:54:07","2024-07-06 06:58:48","",""
"ESPRESSO","Taren","Point of Sale","1","1x 12oz/Medium","329","2024-07-06 06:54:28","2024-07-06 06:59:57","",""
"ESPRESSO","Chris","Point of Sale","1","1x 4oz/Pic, Esp, Dop","302","2024-07-06 06:54:56","2024-07-06 06:59:58","",""
"ESPRESSO","Sam","Point of Sale","2","1x 12oz/Medium; 1x 12oz/Medium","358","2024-07-06 06:56:07","2024-07-06 07:02:05","",""
"ESPRESSO","#8580","Point of Sale","1","1x 8oz/Small","283","2024-07-06 06:57:23","2024-07-06 07:02:06","",""
"ESPRESSO","#2425","Point of Sale","1","1x Bacon And Egg Breakfast Wrap","474","2024-07-06 07:01:08","2024-07-06 07:09:02","",""
"ESPRESSO","#8800","Point of Sale","1","1x 12oz/Medium","140","2024-07-06 07:06:42","2024-07-06 07:09:02","",""
"ESPRESSO","Judy","Point of Sale","4","3x Pupacino; 1x 12oz/Medium","152","2024-07-06 07:11:25","2024-07-06 07:13:57","",""
"ESPRESSO","#1818","Point of Sale","1","1x 12oz/Medium","136","2024-07-06 07:12:26","2024-07-06 07:14:42","",""
"ESPRESSO","#6855","Point of Sale","1","1x 12oz/Medium","238","2024-07-06 07:13:45","2024-07-06 07:17:43","",""
"ESPRESSO","#6322","Point of Sale","1","1x 16oz/Large","116","2024-07-06 07:14:11","2024-07-06 07:16:07","",""
"ESPRESSO","#7749","Point of Sale","1","1x A Savoury Muffin","187","2024-07-06 07:14:43","2024-07-06 07:17:50","",""
"ESPRESSO","Keith","Point of Sale","1","1x 16oz/Large","130","2024-07-06 07:15:34","2024-07-06 07:17:44","",""
"ESPRESSO","#6396","Point of Sale","1","1x 4oz/Pic, Esp, Dop","222","2024-07-06 07:16:07","2024-07-06 07:19:49","",""
"ESPRESSO","Mich","Point of Sale","4","1x A Sweet Muffin; 1x 12oz/Medium; 1x 16oz/ICED MEDIUM; 1x 12oz/Medium","275","2024-07-06 07:17:13","2024-07-06 07:21:48","",""
"ESPRESSO","Dylan","Point of Sale","2","1x 12oz/Medium; 1x 12oz/Medium","231","2024-07-06 07:18:57","2024-07-06 07:22:48","",""
"ESPRESSO","Greer","Point of Sale","3","1x 6oz; 1x Butterbing!; 1x 6oz","347","2024-07-06 07:19:33","2024-07-06 07:25:20","",""
"ESPRESSO","Tyler","Point of Sale","2","2x 12oz/Medium","360","2024-07-06 07:20:06","2024-07-06 07:26:06","",""
"ESPRESSO","Indi","Point of Sale","2","1x 12oz/Medium; 1x 12oz/Medium","433","2024-07-06 07:20:40","2024-07-06 07:27:53","",""
"ESPRESSO","Michael","Point of Sale","1","1x 12oz/Medium","375","2024-07-06 07:21:38","2024-07-06 07:27:53","",""
"ESPRESSO","#1882","Point of Sale","3","2x 4oz/Pic, Esp, Dop; 1x 12oz/Medium","429","2024-07-06 07:22:22","2024-07-06 07:29:31","",""
"ESPRESSO","Elly May","Point of Sale","7","1x 12oz/Medium; 2x 12oz/Medium; 2x 12oz/Medium; 1x 4oz/Pic, Esp, Dop; 1x 16oz/ICED MEDIUM","364","2024-07-06 07:26:22","2024-07-06 07:32:26","",""
"ESPRESSO","David","Point of Sale","2","1x 12oz/Medium; 1x 16oz/Large","144","2024-07-06 07:32:20","2024-07-06 07:34:44","",""
"ESPRESSO","#5572","Point of Sale","2","1x 16oz/Large; 1x Babycino","161","2024-07-06 07:33:29","2024-07-06 07:36:10","",""
"ESPRESSO","#6545","Point of Sale","2","1x 20oz\ICED LARGE; 1x A Cookie","102","2024-07-06 07:34:31","2024-07-06 07:36:13","",""
"ESPRESSO","#8165","Point of Sale","1","1x 16oz/Large","135","2024-07-06 07:35:41","2024-07-06 07:37:56","",""
"ESPRESSO","#9431","Point of Sale","4","1x 6oz; 1x Babycino; 1x 16oz/Large; 1x Babycino","165","2024-07-06 07:39:31","2024-07-06 07:42:16","",""
"ESPRESSO","#6236","Point of Sale","3","1x 12oz/Medium; 1x 12oz/Medium; 1x A Savoury Muffin","181","2024-07-06 07:40:24","2024-07-06 07:43:25","",""
"ESPRESSO","Amy","Point of Sale","2","1x 12oz/Medium; 1x 12oz/Medium","152","2024-07-06 07:42:00","2024-07-06 07:44:32","",""
"ESPRESSO","Micheal","Point of Sale","2","1x 12oz/Medium; 1x 8oz/Small","249","2024-07-06 07:42:49","2024-07-06 07:46:58","",""
"ESPRESSO","#9300","Point of Sale","1","1x 8oz/Small","170","2024-07-06 07:44:09","2024-07-06 07:46:59","",""
"ESPRESSO","#8343","Point of Sale","1","1x 16oz/Large","185","2024-07-06 07:46:35","2024-07-06 07:49:40","",""
"ESPRESSO","Fran","Point of Sale","1","1x 12oz/Medium","142","2024-07-06 07:47:18","2024-07-06 07:49:40","",""
"ESPRESSO","Kate","Point of Sale","1","1x 8oz/Small","127","2024-07-06 07:47:34","2024-07-06 07:49:41","",""
"ESPRESSO","Nathaniel","Point of Sale","2","2x Babycino","48","2024-07-06 07:50:23","2024-07-06 07:51:11","",""
"ESPRESSO","Hugo","Point of Sale","4","1x 12oz/Medium; 1x 12oz/Medium; 1x 12oz/Medium; 1x A Sweet Muffin","144","2024-07-06 07:51:21","2024-07-06 07:53:45","",""
"ESPRESSO","Mason","Point of Sale","3","2x 8oz/Small; 1x 8oz/Small","225","2024-07-06 07:52:00","2024-07-06 07:55:45","",""
"ESPRESSO","James","Point of Sale","3","1x 16oz/ICED MEDIUM; 1x Pupacino; 1x 16oz/ICED MEDIUM","216","2024-07-06 07:53:20","2024-07-06 07:56:56","",""
"ESPRESSO","Sisca","Point of Sale","3","1x 12oz/ICED SMALL; 2x Pupacino","333","2024-07-06 07:54:16","2024-07-06 07:59:49","",""
"ESPRESSO","Todd","Point of Sale","1","1x 16oz/Large","298","2024-07-06 07:54:39","2024-07-06 07:59:37","",""
"ESPRESSO","Jeff","Point of Sale","1","1x 16oz/Large","356","2024-07-06 07:54:51","2024-07-06 08:00:47","",""
"ESPRESSO","Tony","Point of Sale","2","1x Protein Ball - Peanut Butter; 1x 12oz/ICED SMALL","251","2024-07-06 07:55:24","2024-07-06 07:59:35","",""
"ESPRESSO","Alex","Point of Sale","1","1x 16oz/ICED MEDIUM","316","2024-07-06 07:55:45","2024-07-06 08:01:01","",""
"ESPRESSO","Kate","Point of Sale","1","1x 12oz/Medium","457","2024-07-06 07:56:06","2024-07-06 08:03:43","",""
"ESPRESSO","Ruth","Point of Sale","1","1x 16oz/Large","443","2024-07-06 07:56:21","2024-07-06 08:03:44","",""
"ESPRESSO","Stef","Point of Sale","2","1x Fruit Juice; 1x 8oz/Small","431","2024-07-06 07:57:15","2024-07-06 08:04:26","",""
"ESPRESSO","Divena","Point of Sale","3","1x 12oz/Medium; 1x 8oz/Small; 1x 12oz/ICED SMALL","175","2024-07-06 08:03:54","2024-07-06 08:06:49","",""
"ESPRESSO","Amélie","Point of Sale","1","1x 12oz/Medium","205","2024-07-06 08:04:19","2024-07-06 08:07:44","",""
"ESPRESSO","#9203","Point of Sale","2","1x 6oz; 1x 4oz/Pic, Esp, Dop","292","2024-07-06 08:04:35","2024-07-06 08:09:27","",""
"ESPRESSO","Peter","Point of Sale","1","1x 16oz/Large","262","2024-07-06 08:05:05","2024-07-06 08:09:27","",""
"ESPRESSO","#2246","Point of Sale","1","1x 12oz/Medium","89","2024-07-06 08:10:38","2024-07-06 08:12:07","",""
"ESPRESSO","#4118","Point of Sale","1","1x 16oz/Large","79","2024-07-06 08:12:03","2024-07-06 08:13:22","",""
"ESPRESSO","#7259","Point of Sale","2","2x 6oz","172","2024-07-06 08:13:46","2024-07-06 08:16:38","",""
"ESPRESSO","#1107","Point of Sale","2","1x 8oz/Small; 1x Babycino","218","2024-07-06 08:15:06","2024-07-06 08:18:44","",""
"ESPRESSO","Kath","Point of Sale","2","1x 12oz/Medium; 1x A Sweet Muffin","229","2024-07-06 08:16:51","2024-07-06 08:20:40","",""
"ESPRESSO","Kate","Point of Sale","2","1x A Sweet Muffin; 1x 8oz/Small","189","2024-07-06 08:17:29","2024-07-06 08:20:38","",""
"ESPRESSO","Maree","Point of Sale","1","1x 12oz/Medium","200","2024-07-06 08:17:51","2024-07-06 08:21:11","",""
"ESPRESSO","Diane","Point of Sale","1","1x 12oz/Medium","212","2024-07-06 08:18:50","2024-07-06 08:22:22","",""
"ESPRESSO","Tegan","Point of Sale","1","1x 16oz/ICED MEDIUM","188","2024-07-06 08:19:14","2024-07-06 08:22:22","",""
"ESPRESSO","#5679","Point of Sale","2","1x 12oz/Medium; 1x 12oz/Medium","255","2024-07-06 08:20:01","2024-07-06 08:24:16","",""
"ESPRESSO","Fill","Point of Sale","1","1x 12oz/Medium","326","2024-07-06 08:20:22","2024-07-06 08:25:48","",""
"ESPRESSO","Julley","Point of Sale","1","1x 8oz/Small","354","2024-07-06 08:20:46","2024-07-06 08:26:40","",""
"ESPRESSO","Nicholl","Point of Sale","1","1x 12oz/Medium","386","2024-07-06 08:21:09","2024-07-06 08:27:35","",""
"ESPRESSO","#629","Point of Sale","2","1x 12oz/Medium; 1x Protein Ball - Peanut Butter","391","2024-07-06 08:21:49","2024-07-06 08:28:20","",""
"ESPRESSO","#519","Point of Sale","2","2x 12oz/Medium","205","2024-07-06 08:22:39","2024-07-06 08:26:04","",""
"ESPRESSO","#1431","Point of Sale","2","1x 12oz/Medium; 1x 8oz/Small","366","2024-07-06 08:24:13","2024-07-06 08:30:19","",""
"ESPRESSO","Ree","Point of Sale","1","1x 16oz/Large","336","2024-07-06 08:24:42","2024-07-06 08:30:18","",""
"ESPRESSO","Christa","Point of Sale","5","1x Pupacino; 2x 8oz/Small; 1x 12oz/Medium; 1x 12oz/Medium","415","2024-07-06 08:25:57","2024-07-06 08:32:52","",""
"ESPRESSO","Ash","Point of Sale","3","1x A Sweet Muffin; 2x 16oz/ICED MEDIUM","442","2024-07-06 08:26:36","2024-07-06 08:33:58","",""
"ESPRESSO","Bridy","Point of Sale","2","1x 12oz/Medium; 1x 12oz/Medium","481","2024-07-06 08:27:23","2024-07-06 08:35:24","",""
"ESPRESSO","#7194","Point of Sale","1","1x 12oz/Medium","479","2024-07-06 08:27:54","2024-07-06 08:35:53","",""
"ESPRESSO","Sarah","Point of Sale","1","1x 12oz/Medium","512","2024-07-06 08:28:33","2024-07-06 08:37:05","",""
"ESPRESSO","Indigo","Point of Sale","2","2x 12oz/Medium","595","2024-07-06 08:28:57","2024-07-06 08:38:52","",""
"ESPRESSO","#6984","Point of Sale","1","1x 12oz/Medium","385","2024-07-06 08:34:04","2024-07-06 08:40:29","",""
"ESPRESSO","#4147","Point of Sale","1","1x 6oz","440","2024-07-06 08:34:32","2024-07-06 08:41:52","",""
"ESPRESSO","#6331","Point of Sale","3","1x Bacon And Egg Breakfast Wrap; 1x 8oz/Small; 1x 6oz","443","2024-07-06 08:36:36","2024-07-06 08:43:59","",""
"ESPRESSO","Erick","Point of Sale","1","1x 16oz/Large","424","2024-07-06 08:37:30","2024-07-06 08:44:34","",""
"ESPRESSO","Matt","Point of Sale","2","1x 12oz/Medium; 1x 8oz/Small","463","2024-07-06 08:37:54","2024-07-06 08:45:37","",""
"ESPRESSO","Jeramy","Point of Sale","1","1x 8oz/Small","498","2024-07-06 08:38:26","2024-07-06 08:46:44","",""
"ESPRESSO","#5663","Point of Sale","4","2x 16oz/Large; 1x 12oz/Medium; 1x 12oz/Medium","519","2024-07-06 08:40:43","2024-07-06 08:49:22","",""
"ESPRESSO","Dav","Point of Sale","1","1x 8oz/Small","409","2024-07-06 08:42:52","2024-07-06 08:49:41","",""
"ESPRESSO","#9631","Point of Sale","2","1x 16oz/Large; 1x 16oz/Large","431","2024-07-06 08:44:34","2024-07-06 08:51:45","",""
"ESPRESSO","Wayn","Point of Sale","2","1x 12oz/Medium; 1x 8oz/Small","456","2024-07-06 08:45:09","2024-07-06 08:52:45","",""
"ESPRESSO","Amy","Point of Sale","2","1x 12oz/Medium; 1x 12oz/Medium","459","2024-07-06 08:46:48","2024-07-06 08:54:27","",""
"ESPRESSO","#9645","Point of Sale","2","1x 12oz/Medium; 1x 16oz/ICED MEDIUM","398","2024-07-06 08:48:37","2024-07-06 08:55:15","",""
"ESPRESSO","#4255","Point of Sale","1","1x 16oz/Large","228","2024-07-06 08:52:36","2024-07-06 08:56:24","",""
"ESPRESSO","#8773","Point of Sale","1","1x 12oz/Medium","256","2024-07-06 08:53:22","2024-07-06 08:57:38","",""
"ESPRESSO","#9524","Point of Sale","1","1x 16oz/Large","286","2024-07-06 08:53:32","2024-07-06 08:58:18","",""
"ESPRESSO","#2780","Point of Sale","2","2x 12oz/Medium","326","2024-07-06 08:54:10","2024-07-06 08:59:36","",""
"ESPRESSO","Grace","Point of Sale","2","1x 16oz/ICED MEDIUM; 1x 12oz/ICED SMALL","259","2024-07-06 08:57:21","2024-07-06 09:01:40","",""
"ESPRESSO","Luke","Point of Sale","3","1x Portugese Tart; 1x 12oz/Medium; 1x 4oz/Pic, Esp, Dop","356","2024-07-06 08:58:13","2024-07-06 09:04:09","",""
"ESPRESSO","Lin","Point of Sale","4","1x 12oz/Medium; 2x 8oz/Small; 1x A Sweet Muffin","403","2024-07-06 08:59:39","2024-07-06 09:06:22","",""
"ESPRESSO","Ingrid","Point of Sale","1","1x 12oz/Medium","380","2024-07-06 09:00:22","2024-07-06 09:06:42","",""
"ESPRESSO","Mark","Point of Sale","1","1x 8oz/Small","462","2024-07-06 09:00:52","2024-07-06 09:08:34","","2024-07-05T23:06:32.000Z"
"ESPRESSO","Ryan","Point of Sale","4","1x Fruit Juice; 1x 12oz/Medium; 2x Protein Ball - Peanut Butter","426","2024-07-06 09:01:27","2024-07-06 09:08:33","",""
"ESPRESSO","Fronce","Point of Sale","1","1x 12oz/Medium","406","2024-07-06 09:02:25","2024-07-06 09:09:11","",""
"ESPRESSO","Cameron","Point of Sale","1","1x 16oz/Large","352","2024-07-06 09:03:50","2024-07-06 09:09:42","",""
"ESPRESSO","Roger","Point of Sale","1","1x 12oz/Medium","372","2024-07-06 09:04:21","2024-07-06 09:10:33","",""
"ESPRESSO","Rob","Point of Sale","3","1x 8oz/Small; 1x 8oz/Small; 1x 16oz/Large","391","2024-07-06 09:05:55","2024-07-06 09:12:26","",""
"ESPRESSO","Jeremy","Point of Sale","2","1x 16oz/Large; 1x 12oz/Medium","275","2024-07-06 09:09:27","2024-07-06 09:14:02","",""
"ESPRESSO","Kate","Point of Sale","1","1x 12oz/Medium","323","2024-07-06 09:10:00","2024-07-06 09:15:23","",""
"ESPRESSO","Kate","Point of Sale","1","1x 12oz/Medium","296","2024-07-06 09:10:28","2024-07-06 09:15:24","",""
"ESPRESSO","Sean","Point of Sale","2","1x Pupacino; 1x 12oz/Medium","397","2024-07-06 09:10:50","2024-07-06 09:17:27","",""
"ESPRESSO","Brenden","Point of Sale","4","2x Babycino; 1x 6oz; 1x 12oz/Medium","272","2024-07-06 09:14:41","2024-07-06 09:19:13","",""
"ESPRESSO","Pam","Point of Sale","2","1x Bacon And Egg Breakfast Wrap; 1x 16oz/Large","347","2024-07-06 09:17:21","2024-07-06 09:23:08","",""
"ESPRESSO","#2008","Point of Sale","2","2x 8oz/Small","108","2024-07-06 09:22:58","2024-07-06 09:24:46","",""
"ESPRESSO","#9570","Point of Sale","1","1x 8oz/Small","172","2024-07-06 09:27:22","2024-07-06 09:30:14","",""
"ESPRESSO","Nick","Point of Sale","2","1x Babycino; 1x 16oz/ICED MEDIUM","138","2024-07-06 09:28:00","2024-07-06 09:30:18","",""
"ESPRESSO","Rach","Point of Sale","5","2x Bacon And Egg Breakfast Wrap; 1x 16oz/Large; 1x A Savoury Muffin; 1x 12oz/Medium","235","2024-07-06 09:29:54","2024-07-06 09:33:49","",""
"ESPRESSO","Captain","Point of Sale","2","1x 12oz/Medium; 1x 6oz","309","2024-07-06 09:30:34","2024-07-06 09:35:43","",""
"ESPRESSO","Roy","Point of Sale","2","1x 16oz/Large; 1x A Sweet Muffin","273","2024-07-06 09:31:32","2024-07-06 09:36:05","",""
"ESPRESSO","Dykan","Point of Sale","1","1x 8oz/Small","339","2024-07-06 09:31:51","2024-07-06 09:37:30","",""
"ESPRESSO","Anna","Point of Sale","2","1x 12oz/Medium; 1x Babycino","337","2024-07-06 09:34:25","2024-07-06 09:40:02","",""
"ESPRESSO","Jason","Point of Sale","2","1x 12oz/Medium; 1x 16oz/ICED MEDIUM","308","2024-07-06 09:35:43","2024-07-06 09:40:51","",""
"ESPRESSO","#5859","Point of Sale","1","1x 8oz/Small","328","2024-07-06 09:36:13","2024-07-06 09:41:41","",""
"ESPRESSO","#481","Point of Sale","1","1x 16oz/Large","133","2024-07-06 09:44:46","2024-07-06 09:46:59","",""
"ESPRESSO","#277","Point of Sale","2","1x 12oz/Medium; 1x A Sweet Muffin","232","2024-07-06 09:45:28","2024-07-06 09:49:20","",""
"ESPRESSO","#3893","Point of Sale","1","1x 8oz/Small","344","2024-07-06 09:46:21","2024-07-06 09:52:05","",""
"ESPRESSO","#3948","Point of Sale","1","1x 12oz/Medium","323","2024-07-06 09:46:42","2024-07-06 09:52:05","",""
"ESPRESSO","#2710","Point of Sale","2","1x 16oz/Large; 1x 16oz/Large","309","2024-07-06 09:51:26","2024-07-06 09:56:35","",""
"ESPRESSO","Grayhem","Point of Sale","1","1x 16oz/Large","222","2024-07-06 09:53:32","2024-07-06 09:57:14","",""
"ESPRESSO","#3749","Point of Sale","1","1x Bacon And Egg Breakfast Wrap","575","2024-07-06 09:58:57","2024-07-06 10:08:32","",""
"ESPRESSO","#4493","Point of Sale","2","1x 6oz; 1x 16oz/Large","235","2024-07-06 10:04:57","2024-07-06 10:08:52","",""
"ESPRESSO","#865","Point of Sale","1","1x 6oz","328","2024-07-06 10:05:59","2024-07-06 10:11:27","",""
"ESPRESSO","#3198","Point of Sale","1","1x 16oz/Large","312","2024-07-06 10:06:15","2024-07-06 10:11:27","",""
"ESPRESSO","#8413","Point of Sale","1","1x 12oz/Medium","96","2024-07-06 10:10:46","2024-07-06 10:12:22","",""
"ESPRESSO","#6366","Point of Sale","1","1x 16oz/ICED MEDIUM","112","2024-07-06 10:12:16","2024-07-06 10:14:08","",""
"ESPRESSO","#1170","Point of Sale","1","1x 12oz/Medium","205","2024-07-06 10:12:34","2024-07-06 10:15:59","",""
"ESPRESSO","#5218","Point of Sale","4","1x 16oz/Large; 1x 8oz/Small; 1x Butterbing!; 1x Bacon And Egg Breakfast Wrap","402","2024-07-06 10:15:39","2024-07-06 10:22:21","",""
"ESPRESSO","#9180","Point of Sale","1","1x Bacon And Egg Breakfast Wrap","119","2024-07-06 10:16:24","2024-07-06 10:18:23","",""
"ESPRESSO","#4626","Point of Sale","1","1x 16oz/Large","245","2024-07-06 10:18:17","2024-07-06 10:22:22","",""
"ESPRESSO","#5717","Point of Sale","1","1x Protein Ball - Peanut Butter","9","2024-07-06 10:22:20","2024-07-06 10:22:29","",""
"ESPRESSO","#636","Point of Sale","1","1x 8oz/Small","247","2024-07-06 10:23:37","2024-07-06 10:27:44","",""
"ESPRESSO","#2488","Point of Sale","1","1x A Sweet Muffin","178","2024-07-06 10:25:43","2024-07-06 10:28:41","",""
"ESPRESSO","#3086","Point of Sale","1","1x 8oz/Small","78","2024-07-06 10:26:38","2024-07-06 10:27:56","",""
"ESPRESSO","#5792","Point of Sale","2","1x 12oz/Medium; 1x 6oz","214","2024-07-06 10:27:40","2024-07-06 10:31:14","",""
"ESPRESSO","#2749","Point of Sale","1","1x 1kg Beans","144","2024-07-06 10:28:05","2024-07-06 10:30:29","",""
"ESPRESSO","#8702","Point of Sale","2","2x 12oz/Medium","418","2024-07-06 10:28:28","2024-07-06 10:35:26","",""
"ESPRESSO","#577","Point of Sale","1","1x 12oz/Medium","211","2024-07-06 10:31:55","2024-07-06 10:35:26","",""
"ESPRESSO","#7207","Point of Sale","1","1x Bacon And Egg Breakfast Wrap","11","2024-07-06 10:35:17","2024-07-06 10:35:28","",""
"ESPRESSO","#1208","Point of Sale","1","1x 12oz/Medium","130","2024-07-06 10:36:04","2024-07-06 10:38:14","",""
"ESPRESSO","#6683","Point of Sale","1","1x A Sweet Muffin","41","2024-07-06 10:37:35","2024-07-06 10:38:16","",""
"ESPRESSO","#8267","Point of Sale","1","1x A Sweet Muffin","831","2024-07-06 10:41:05","2024-07-06 10:54:56","",""
"ESPRESSO","#6837","Point of Sale","1","1x 8oz/Small","295","2024-07-06 10:44:11","2024-07-06 10:49:06","",""
"ESPRESSO","#2047","Point of Sale","1","1x 16oz/Large","137","2024-07-06 10:50:11","2024-07-06 10:52:28","",""
"ESPRESSO","#6329","Point of Sale","2","1x 12oz/Medium; 1x 12oz/Medium","193","2024-07-06 10:52:15","2024-07-06 10:55:28","",""
"ESPRESSO","#5762","Point of Sale","2","1x 16oz/Large; 1x Bacon And Egg Breakfast Wrap","161","2024-07-06 10:53:58","2024-07-06 10:56:39","",""
"ESPRESSO","#5452","Point of Sale","1","1x 8oz/Small","539","2024-07-06 10:54:57","2024-07-06 11:03:56","",""
"ESPRESSO","#5755","Point of Sale","1","1x 1kg Beans","4400","2024-07-07 05:49:24","2024-07-07 07:02:44","",""
"ESPRESSO","#5888","Point of Sale","1","1x 6oz","4022","2024-07-07 05:55:43","2024-07-07 07:02:45","",""
"ESPRESSO","#8052","Point of Sale","1","1x 12oz/Medium","3810","2024-07-07 05:59:15","2024-07-07 07:02:45","",""
"ESPRESSO","#5166","Point of Sale","1","1x 12oz/Medium","2240","2024-07-07 06:25:26","2024-07-07 07:02:46","",""
"ESPRESSO","#208","Point of Sale","1","1x 8oz/Small","1845","2024-07-07 06:32:01","2024-07-07 07:02:46","",""
"ESPRESSO","#8425","Point of Sale","1","1x 12oz/Medium","1265","2024-07-07 06:41:47","2024-07-07 07:02:52","",""
"ESPRESSO","#974","Point of Sale","2","2x 4oz/Pic, Esp, Dop","752","2024-07-07 06:50:20","2024-07-07 07:02:52","",""
"ESPRESSO","#4141","Point of Sale","2","1x 12oz/Medium; 1x 12oz/Medium","202","2024-07-07 06:59:30","2024-07-07 07:02:52","",""
"ESPRESSO","#7673","Point of Sale","4","2x A Sweet Muffin; 1x 12oz/Medium; 1x 16oz/ICED MEDIUM","434","2024-07-07 07:01:00","2024-07-07 07:08:14","",""
"ESPRESSO","#847","Point of Sale","2","2x 4oz/Pic, Esp, Dop","416","2024-07-07 07:01:21","2024-07-07 07:08:17","",""
"ESPRESSO","#6920","Point of Sale","1","1x 12oz/Medium","187","2024-07-07 07:08:25","2024-07-07 07:11:32","",""
"ESPRESSO","#1052","Point of Sale","1","1x ","150","2024-07-07 07:09:03","2024-07-07 07:11:33","",""
"ESPRESSO","#218","Point of Sale","1","1x 16oz/Large","363","2024-07-07 07:20:35","2024-07-07 07:26:38","",""
"ESPRESSO","#3764","Point of Sale","2","1x 4oz/Pic, Esp, Dop; 1x 8oz/Small","314","2024-07-07 07:21:28","2024-07-07 07:26:42","",""
"ESPRESSO","#6125","Point of Sale","2","1x 12oz/Medium; 1x Pupacino","396","2024-07-07 07:22:01","2024-07-07 07:28:37","",""
"ESPRESSO","#4472","Point of Sale","3","1x 8oz/Small; 1x 6oz; 1x Babycino","352","2024-07-07 07:22:46","2024-07-07 07:28:38","",""
"ESPRESSO","#8524","Point of Sale","3","3x 12oz/Medium","380","2024-07-07 07:24:16","2024-07-07 07:30:36","",""
"ESPRESSO","Todd","Point of Sale","1","1x 16oz/Large","523","2024-07-07 07:24:27","2024-07-07 07:33:10","",""
"ESPRESSO","Tommi","Point of Sale","4","1x 16oz/Large; 1x 6oz; 2x Babycino","496","2024-07-07 07:24:54","2024-07-07 07:33:10","",""
"ESPRESSO","Michelle","Point of Sale","1","1x 8oz/Small","539","2024-07-07 07:25:19","2024-07-07 07:34:18","",""
"ESPRESSO","#6023","Point of Sale","2","1x 16oz/Large; 1x 12oz/Medium","319","2024-07-07 07:31:12","2024-07-07 07:36:31","",""
"ESPRESSO","#4603","Point of Sale","2","1x 8oz/Small; 1x 12oz/Medium","571","2024-07-07 07:33:17","2024-07-07 07:42:48","",""
"ESPRESSO","Cazzy Carolyn Marina Old Lady","Point of Sale","1","1x 12oz/Medium","343","2024-07-07 07:37:05","2024-07-07 07:42:48","",""
"ESPRESSO","#4285","Point of Sale","2","2x 12oz/Medium","477","2024-07-07 07:39:18","2024-07-07 07:47:15","",""
"ESPRESSO","#9036","Point of Sale","1","1x 12oz/Medium","168","2024-07-07 07:40:02","2024-07-07 07:42:50","",""
"ESPRESSO","#6669","Point of Sale","1","1x 12oz/Medium","233","2024-07-07 07:43:23","2024-07-07 07:47:16","",""
"ESPRESSO","#4933","Point of Sale","1","1x 6oz","454","2024-07-07 07:48:16","2024-07-07 07:55:50","",""
"ESPRESSO","Judy","Point of Sale","5","1x 8oz/Small; 3x Pupacino; 1x 12oz/Medium","214","2024-07-07 07:52:17","2024-07-07 07:55:51","",""
"ESPRESSO","#5761","Point of Sale","1","1x 8oz/Small","139","2024-07-07 07:53:32","2024-07-07 07:55:51","",""
"ESPRESSO","Ann","Point of Sale","1","1x 6oz","181","2024-07-07 07:54:11","2024-07-07 07:57:12","",""
"ESPRESSO","#1030","Point of Sale","1","1x 8oz/Small","131","2024-07-07 07:55:35","2024-07-07 07:57:46","",""
"ESPRESSO","#9933","Point of Sale","1","1x Bacon And Egg Breakfast Wrap","300","2024-07-07 08:01:51","2024-07-07 08:06:51","",""
"ESPRESSO","#2438","Point of Sale","2","1x 16oz/Large; 1x 16oz/Large","246","2024-07-07 08:02:45","2024-07-07 08:06:51","",""
"ESPRESSO","#5477","Point of Sale","1","1x 6oz","300","2024-07-07 08:03:08","2024-07-07 08:08:08","",""
"ESPRESSO","#4937","Point of Sale","4","1x 12oz/Medium; 2x 12oz/Medium; 1x 12oz/Medium","391","2024-07-07 08:03:39","2024-07-07 08:10:10","",""
"ESPRESSO","#7971","Point of Sale","3","1x 1kg Beans; 1x 8oz/Small; 1x 8oz/Small","699","2024-07-07 08:10:24","2024-07-07 08:22:03","",""
"ESPRESSO","#5556","Point of Sale","1","1x 16oz/Large","246","2024-07-07 08:18:07","2024-07-07 08:22:13","",""
"ESPRESSO","#9884","Point of Sale","1","1x 12oz/Medium","203","2024-07-07 08:20:40","2024-07-07 08:24:03","",""
"ESPRESSO","#196","Point of Sale","1","1x 12oz/Medium","157","2024-07-07 08:21:26","2024-07-07 08:24:03","",""
"ESPRESSO","#7690","Point of Sale","2","1x 12oz/Medium; 1x 12oz/Medium","165","2024-07-07 08:23:08","2024-07-07 08:25:53","",""
"ESPRESSO","#6093","Point of Sale","1","1x 4oz/Pic, Esp, Dop","249","2024-07-07 08:25:40","2024-07-07 08:29:49","",""
"ESPRESSO","#7714","Point of Sale","2","1x Babycino; 1x 16oz/Large","142","2024-07-07 08:27:25","2024-07-07 08:29:47","",""
"ESPRESSO","#9468","Point of Sale","1","1x 16oz/Large","315","2024-07-07 08:27:51","2024-07-07 08:33:06","",""
"ESPRESSO","#6331","Point of Sale","2","1x 12oz/Medium; 1x 20oz\ICED LARGE","119","2024-07-07 08:31:07","2024-07-07 08:33:06","",""
"ESPRESSO","#3502","Point of Sale","2","1x 8oz/Small; 1x 1kg Beans","84","2024-07-07 08:32:45","2024-07-07 08:34:09","",""
"ESPRESSO","#4847","Point of Sale","2","1x 8oz/Small; 1x 6oz","431","2024-07-07 08:36:05","2024-07-07 08:43:16","",""
"ESPRESSO","Ash","Point of Sale","1","1x A Sweet Muffin","256","2024-07-07 08:39:00","2024-07-07 08:43:16","",""
"ESPRESSO","#5060","Point of Sale","1","1x Bacon And Egg Breakfast Wrap","76","2024-07-07 08:41:34","2024-07-07 08:42:50","",""
"ESPRESSO","#2457","Point of Sale","2","1x 12oz/Medium; 1x 12oz/Medium","444","2024-07-07 08:42:57","2024-07-07 08:50:21","",""
"ESPRESSO","Sinead","Point of Sale","3","1x 12oz/Medium; 1x Babycino; 1x A Sweet Muffin","142","2024-07-07 08:48:31","2024-07-07 08:50:53","",""
"ESPRESSO","Dylame","Point of Sale","2","1x 12oz/Medium; 1x 12oz/Medium","389","2024-07-07 08:49:02","2024-07-07 08:55:31","",""
"ESPRESSO","#9174","Point of Sale","2","2x 8oz/Small","257","2024-07-07 08:51:14","2024-07-07 08:55:31","",""
"ESPRESSO","#8197","Point of Sale","1","1x 12oz/Medium","205","2024-07-07 08:52:06","2024-07-07 08:55:31","",""
"ESPRESSO","Toby","Point of Sale","2","1x 8oz/Small; 1x 4oz/Pic, Esp, Dop","289","2024-07-07 08:56:06","2024-07-07 09:00:55","",""
"ESPRESSO","#1877","Point of Sale","2","1x 8oz/Small; 1x 16oz/Large","213","2024-07-07 08:57:55","2024-07-07 09:01:28","",""
"ESPRESSO","#8810","Point of Sale","4","2x Babycino; 1x 12oz/Medium; 1x 12oz/Medium","317","2024-07-07 08:58:53","2024-07-07 09:04:10","",""
"ESPRESSO","#4328","Point of Sale","4","1x 12oz/Medium; 1x 16oz/Large; 2x A Sweet Muffin","309","2024-07-07 09:01:13","2024-07-07 09:06:22","",""
"ESPRESSO","Scott","Point of Sale","1","1x 16oz/Large","487","2024-07-07 09:02:07","2024-07-07 09:10:14","",""
"ESPRESSO","#6479","Point of Sale","2","1x 12oz/Medium; 1x 20oz\ICED LARGE","262","2024-07-07 09:05:54","2024-07-07 09:10:16","",""
"ESPRESSO","Michael","Point of Sale","1","1x 12oz/Medium","280","2024-07-07 09:09:44","2024-07-07 09:14:24","",""
"ESPRESSO","Bianca","Point of Sale","1","1x 12oz/ICED SMALL","197","2024-07-07 09:11:07","2024-07-07 09:14:24","",""
"ESPRESSO","Tom","Point of Sale","2","2x 8oz/Small","245","2024-07-07 09:11:24","2024-07-07 09:15:29","",""
"ESPRESSO","#4273","Point of Sale","1","1x 16oz/Large","536","2024-07-07 09:11:50","2024-07-07 09:20:46","",""
"ESPRESSO","Glenn","Point of Sale","2","1x Bacon And Egg Breakfast Wrap; 1x 4oz/Pic, Esp, Dop","466","2024-07-07 09:13:01","2024-07-07 09:20:47","",""
"ESPRESSO","Ray","Point of Sale","2","1x Bacon And Egg Breakfast Wrap; 1x 16oz/Large","439","2024-07-07 09:13:28","2024-07-07 09:20:47","",""
"ESPRESSO","#5215","Point of Sale","1","1x 20oz\ICED LARGE","336","2024-07-07 09:15:12","2024-07-07 09:20:48","",""
"ESPRESSO","#9349","Point of Sale","1","1x 12oz/Medium","317","2024-07-07 09:15:31","2024-07-07 09:20:48","",""
"ESPRESSO","#2460","Point of Sale","2","1x 20oz\ICED LARGE; 1x 16oz/Large","393","2024-07-07 09:17:05","2024-07-07 09:23:38","",""
"ESPRESSO","#2681","Point of Sale","2","1x 8oz/Small; 1x Portugese Tart","361","2024-07-07 09:17:37","2024-07-07 09:23:38","",""
"ESPRESSO","#8403","Point of Sale","3","1x 8oz/Small; 1x Babycino; 1x 8oz/Small","424","2024-07-07 09:20:12","2024-07-07 09:27:16","",""
"ESPRESSO","#5226","Point of Sale","1","1x 12oz/Medium","449","2024-07-07 09:21:24","2024-07-07 09:28:53","",""
"ESPRESSO","#6685","Point of Sale","1","1x A Sweet Muffin","185","2024-07-07 09:22:45","2024-07-07 09:25:50","",""
"ESPRESSO","#1802","Point of Sale","2","2x 6oz","458","2024-07-07 09:23:36","2024-07-07 09:31:14","",""
"ESPRESSO","#3560","Point of Sale","2","1x 500g Beans; 1x 8oz/Small","546","2024-07-07 09:24:34","2024-07-07 09:33:40","",""
"ESPRESSO","#8757","Point of Sale","4","1x 16oz/ICED MEDIUM; 1x 16oz/ICED MEDIUM; 2x Bacon And Egg Breakfast Wrap","550","2024-07-07 09:25:19","2024-07-07 09:34:29","",""
"ESPRESSO","#7155","Point of Sale","1","1x 16oz/Large","337","2024-07-07 09:29:18","2024-07-07 09:34:55","",""
"ESPRESSO","#2213","Point of Sale","2","2x 6oz","368","2024-07-07 09:30:00","2024-07-07 09:36:08","",""
"ESPRESSO","Dyl","Point of Sale","1","1x 8oz/Small","341","2024-07-07 09:31:12","2024-07-07 09:36:53","",""
"ESPRESSO","#5969","Point of Sale","2","2x 12oz/Medium","451","2024-07-07 09:33:16","2024-07-07 09:40:47","",""
"ESPRESSO","#5760","Point of Sale","3","1x 6oz; 2x Butterbing!","258","2024-07-07 09:36:31","2024-07-07 09:40:49","",""
"ESPRESSO","#354","Point of Sale","2","1x 12oz/Medium; 1x 12oz/Medium","292","2024-07-07 09:37:21","2024-07-07 09:42:13","",""
"ESPRESSO","#5920","Point of Sale","2","1x 8oz/Small; 1x 8oz/Small","367","2024-07-07 09:38:03","2024-07-07 09:44:10","",""
"ESPRESSO","#3854","Point of Sale","2","1x 16oz/Large; 1x 8oz/Small","415","2024-07-07 09:38:30","2024-07-07 09:45:25","",""
"ESPRESSO","#8498","Point of Sale","2","1x 12oz/Medium; 1x 12oz/Medium","447","2024-07-07 09:39:37","2024-07-07 09:47:04","",""
"ESPRESSO","#7766","Point of Sale","2","1x 6oz; 1x 12oz/Medium","334","2024-07-07 09:43:50","2024-07-07 09:49:24","",""
"ESPRESSO","#9981","Point of Sale","1","1x 12oz/Medium","295","2024-07-07 09:46:15","2024-07-07 09:51:10","",""
"ESPRESSO","#890","Point of Sale","1","1x 12oz/Medium","278","2024-07-07 09:46:32","2024-07-07 09:51:10","",""
"ESPRESSO","#5463","Point of Sale","1","1x 8oz/Small","259","2024-07-07 09:48:12","2024-07-07 09:52:31","",""
"ESPRESSO","Dyl","Point of Sale","1","1x 4oz/Pic, Esp, Dop","303","2024-07-07 09:49:09","2024-07-07 09:54:12","",""
"ESPRESSO","#2098","Point of Sale","1","1x 12oz/Medium","148","2024-07-07 09:51:44","2024-07-07 09:54:12","",""
"ESPRESSO","#5458","Point of Sale","2","1x 16oz/Large; 1x 12oz/Medium","224","2024-07-07 09:52:11","2024-07-07 09:55:55","",""
"ESPRESSO","#5086","Point of Sale","2","1x 16oz/Large; 1x 16oz/Large","243","2024-07-07 09:53:35","2024-07-07 09:57:38","",""
"ESPRESSO","#7237","Point of Sale","3","1x 12oz/Medium; 1x 8oz/Small; 1x 8oz/Small","394","2024-07-07 09:54:08","2024-07-07 10:00:42","",""
"ESPRESSO","Reece","Point of Sale","1","1x 6oz","365","2024-07-07 09:54:57","2024-07-07 10:01:02","",""
"ESPRESSO","#3290","Point of Sale","1","1x 16oz/Large","441","2024-07-07 09:55:22","2024-07-07 10:02:43","",""
"ESPRESSO","#8001","Point of Sale","2","1x 12oz/Medium; 1x 12oz/Medium","444","2024-07-07 09:55:51","2024-07-07 10:03:15","",""
"ESPRESSO","#2054","Point of Sale","1","1x 8oz/Small","292","2024-07-07 10:00:46","2024-07-07 10:05:38","",""
"ESPRESSO","#7395","Point of Sale","3","1x 12oz/Medium; 1x 12oz/Medium; 1x Butterbing!","314","2024-07-07 10:02:19","2024-07-07 10:07:33","",""
"ESPRESSO","#40","Point of Sale","1","1x Babycino","292","2024-07-07 10:02:33","2024-07-07 10:07:25","",""
"ESPRESSO","#1236","Point of Sale","1","1x 8oz/Small","288","2024-07-07 10:03:06","2024-07-07 10:07:54","",""
"ESPRESSO","Chloe","Point of Sale","1","1x 12oz/Medium","328","2024-07-07 10:03:42","2024-07-07 10:09:10","",""
"ESPRESSO","#8353","Point of Sale","1","1x 12oz/Medium","280","2024-07-07 10:05:04","2024-07-07 10:09:44","",""
"ESPRESSO","#2606","Point of Sale","1","1x 6oz","239","2024-07-07 10:06:46","2024-07-07 10:10:45","",""
"ESPRESSO","#2218","Point of Sale","3","1x A Cookie; 1x 12oz/Medium; 1x 12oz/Medium","296","2024-07-07 10:09:04","2024-07-07 10:14:00","",""
"ESPRESSO","#4983","Point of Sale","1","1x 6oz","431","2024-07-07 10:11:49","2024-07-07 10:19:00","",""
"ESPRESSO","#3970","Point of Sale","3","2x 8oz/Small; 1x 8oz/Small","332","2024-07-07 10:15:27","2024-07-07 10:20:59","",""
"ESPRESSO","#7058","Point of Sale","4","2x Babycino; 1x 12oz/Medium; 1x 6oz","502","2024-07-07 10:16:33","2024-07-07 10:24:55","",""
"ESPRESSO","#5770","Point of Sale","1","1x 12oz/Medium","473","2024-07-07 10:17:01","2024-07-07 10:24:54","",""
"ESPRESSO","#3215","Point of Sale","1","1x 16oz/Large","356","2024-07-07 10:19:00","2024-07-07 10:24:56","",""
"ESPRESSO","#3190","Point of Sale","1","1x 12oz/Medium","277","2024-07-07 10:21:02","2024-07-07 10:25:39","",""
"ESPRESSO","#6879","Point of Sale","2","1x 6oz; 1x 12oz/Medium","346","2024-07-07 10:21:34","2024-07-07 10:27:20","",""
"ESPRESSO","#8735","Point of Sale","1","1x 6oz","400","2024-07-07 10:23:00","2024-07-07 10:29:40","",""
"ESPRESSO","#4188","Point of Sale","1","1x 12oz/Medium","263","2024-07-07 10:25:17","2024-07-07 10:29:40","",""
"ESPRESSO","#1232","Point of Sale","1","1x 12oz/Medium","283","2024-07-07 10:26:18","2024-07-07 10:31:01","",""
"ESPRESSO","#4129","Point of Sale","1","1x 6oz","539","2024-07-07 10:26:50","2024-07-07 10:35:49","",""
"ESPRESSO","#3296","Point of Sale","6","1x 16oz/Large; 2x Butterbing!; 1x 16oz/Large; 2x Babycino","246","2024-07-07 10:31:43","2024-07-07 10:35:49","",""
"ESPRESSO","#8899","Point of Sale","1","1x 12oz/Medium","365","2024-07-07 10:32:14","2024-07-07 10:38:19","",""
"ESPRESSO","#9366","Point of Sale","2","1x 12oz/Medium; 1x 12oz/Medium","218","2024-07-07 10:34:40","2024-07-07 10:38:18","",""
"ESPRESSO","#8219","Point of Sale","1","1x 8oz/Small","264","2024-07-07 10:35:25","2024-07-07 10:39:49","",""
"ESPRESSO","#2959","Point of Sale","4","1x 16oz/Large; 2x A Sweet Muffin; 1x 8oz/Small","444","2024-07-07 10:35:52","2024-07-07 10:43:16","",""
"ESPRESSO","#7486","Point of Sale","1","1x 6oz","358","2024-07-07 10:37:18","2024-07-07 10:43:16","",""
"ESPRESSO","#9782","Point of Sale","1","1x 12oz/Medium","385","2024-07-07 10:38:40","2024-07-07 10:45:05","",""
"ESPRESSO","#6701","Point of Sale","1","1x 16oz/Large","251","2024-07-07 10:43:11","2024-07-07 10:47:22","",""
"ESPRESSO","#7786","Point of Sale","1","1x 12oz/Medium","232","2024-07-07 10:43:31","2024-07-07 10:47:23","",""
"ESPRESSO","#9673","Point of Sale","5","1x 16oz/Large; 1x Bacon And Egg Breakfast Wrap; 1x 8oz/Small; 1x 12oz/Medium; 1x 16oz/Large","448","2024-07-07 10:46:49","2024-07-07 10:54:17","",""
"ESPRESSO","#6216","Point of Sale","2","1x 12oz/Medium; 1x 12oz/Medium","330","2024-07-07 10:49:22","2024-07-07 10:54:52","",""
"ESPRESSO","#1413","Point of Sale","2","1x A Savoury Muffin; 1x 12oz/Medium","864","2024-07-07 10:51:20","2024-07-07 11:05:44","",""
"ESPRESSO","#7082","Point of Sale","3","1x Bobby Soda; 1x A Savoury Muffin; 1x 8oz/Small","830","2024-07-07 10:51:54","2024-07-07 11:05:44","",""
"ESPRESSO","#9457","Point of Sale","2","1x 12oz/ICED SMALL; 1x Fruit Juice","443","2024-07-07 10:58:21","2024-07-07 11:05:44","",""
"ESPRESSO","#9507","Point of Sale","3","2x 12oz/Medium; 1x A Sweet Muffin","66504","2024-07-07 11:19:31","2024-07-08 05:47:55","",""
"ESPRESSO","#3666","Point of Sale","1","1x 6oz","2155","2024-07-08 05:11:59","2024-07-08 05:47:54","",""
"ESPRESSO","#9565","Point of Sale","1","1x 12oz/Medium","1846","2024-07-08 05:17:08","2024-07-08 05:47:54","",""
"ESPRESSO","#8280","Point of Sale","2","2x 6oz","282","2024-07-08 05:43:13","2024-07-08 05:47:55","",""
"ESPRESSO","#1606","Point of Sale","1","1x 12oz/Medium","256","2024-07-08 05:43:38","2024-07-08 05:47:54","",""
"ESPRESSO","#7208","Point of Sale","1","1x 12oz/Medium","863","2024-07-08 05:50:01","2024-07-08 06:04:24","",""
"ESPRESSO","196488167","Square Online","1","1x 8oz/Small","343","2024-07-08 05:55:37","2024-07-08 06:01:20","2024-07-08 05:55:31",""
"ESPRESSO","#8547","Point of Sale","1","1x 12oz/Medium","296","2024-07-08 05:56:23","2024-07-08 06:01:19","",""
"ESPRESSO","#8074","Point of Sale","1","1x 12oz/Medium","257","2024-07-08 05:57:02","2024-07-08 06:01:19","",""
"ESPRESSO","#9013","Point of Sale","2","2x 4oz/Pic, Esp, Dop","428","2024-07-08 05:57:16","2024-07-08 06:04:24","",""
"ESPRESSO","#5835","Point of Sale","1","1x 16oz/Large","408","2024-07-08 05:57:36","2024-07-08 06:04:24","",""
"ESPRESSO","#645","Point of Sale","1","1x 8oz/Small","436","2024-07-08 05:59:46","2024-07-08 06:07:02","",""
"ESPRESSO","#8643","Point of Sale","1","1x 12oz/Medium","415","2024-07-08 06:00:08","2024-07-08 06:07:03","",""
"ESPRESSO","#9690","Point of Sale","1","1x 8oz/Small","400","2024-07-08 06:00:23","2024-07-08 06:07:03","",""
"ESPRESSO","#8491","Point of Sale","1","1x 6oz","607","2024-07-08 06:00:42","2024-07-08 06:10:49","",""
"ESPRESSO","#2761","Point of Sale","1","1x 6oz","584","2024-07-08 06:01:08","2024-07-08 06:10:52","",""
"ESPRESSO","#7133","Point of Sale","1","1x 4oz/Pic, Esp, Dop","750","2024-07-08 06:05:07","2024-07-08 06:17:37","",""
"ESPRESSO","#5513","Point of Sale","2","1x Protein Ball - Peanut Butter; 1x 4oz/Pic, Esp, Dop","654","2024-07-08 06:06:44","2024-07-08 06:17:38","",""
"ESPRESSO","#8130","Point of Sale","2","2x 12oz/Medium","628","2024-07-08 06:07:09","2024-07-08 06:17:37","",""
"ESPRESSO","#941","Point of Sale","2","2x 8oz/Small","174","2024-07-08 06:09:13","2024-07-08 06:12:07","",""
"ESPRESSO","#4924","Point of Sale","1","1x 8oz/Small","404","2024-07-08 06:10:54","2024-07-08 06:17:38","",""
"ESPRESSO","#9400","Point of Sale","2","1x 12oz/Medium; 1x 8oz/Small","423","2024-07-08 06:14:52","2024-07-08 06:21:55","",""
"ESPRESSO","#3792","Point of Sale","3","1x 12oz/Medium; 2x 12oz/Medium","278","2024-07-08 06:17:16","2024-07-08 06:21:54","",""
"ESPRESSO","#1442","Point of Sale","1","1x 12oz/Medium","188","2024-07-08 06:18:46","2024-07-08 06:21:54","",""
"ESPRESSO","#4065","Point of Sale","1","1x 4oz/Pic, Esp, Dop","53","2024-07-08 06:21:00","2024-07-08 06:21:53","",""
"ESPRESSO","#801","Point of Sale","1","1x 8oz/Small","806","2024-07-08 06:22:26","2024-07-08 06:35:52","",""
"ESPRESSO","#1262","Point of Sale","2","1x 12oz/Medium; 1x 12oz/Medium","651","2024-07-08 06:25:01","2024-07-08 06:35:52","",""
"ESPRESSO","#6861","Point of Sale","2","2x 4oz/Pic, Esp, Dop","532","2024-07-08 06:27:01","2024-07-08 06:35:53","",""
"ESPRESSO","#229","Point of Sale","1","1x 12oz/Medium","468","2024-07-08 06:28:05","2024-07-08 06:35:53","",""
"ESPRESSO","#9611","Point of Sale","1","1x 12oz/Medium","141","2024-07-08 06:33:33","2024-07-08 06:35:54","",""
"ESPRESSO","#6169","Point of Sale","1","1x 6oz","218","2024-07-08 06:34:02","2024-07-08 06:37:40","",""
"ESPRESSO","#5851","Point of Sale","2","1x 12oz/Medium; 1x 16oz/Large","304","2024-07-08 06:35:43","2024-07-08 06:40:47","",""
"ESPRESSO","Jp","Point of Sale","1","1x 12oz/Medium","258","2024-07-08 06:36:29","2024-07-08 06:40:47","",""
"ESPRESSO","#3727","Point of Sale","2","1x Bacon And Egg Breakfast Wrap; 1x 16oz/Large","520","2024-07-08 06:39:04","2024-07-08 06:47:44","",""
"ESPRESSO","#9684","Point of Sale","1","1x 12oz/Medium","471","2024-07-08 06:39:52","2024-07-08 06:47:43","",""
"ESPRESSO","#3129","Point of Sale","1","1x 12oz/Medium","340","2024-07-08 06:42:04","2024-07-08 06:47:44","",""
"ESPRESSO","#7994","Point of Sale","3","1x 8oz/Small; 1x 8oz/Small; 1x 12oz/Medium","370","2024-07-08 06:45:31","2024-07-08 06:51:41","",""
"ESPRESSO","#998","Point of Sale","2","1x 16oz/Large; 1x 12oz/Medium","304","2024-07-08 06:46:38","2024-07-08 06:51:42","",""
"ESPRESSO","#4678","Point of Sale","1","1x 12oz/Medium","226","2024-07-08 06:50:22","2024-07-08 06:54:08","",""
"ESPRESSO","#8980","Point of Sale","1","1x 16oz/ICED MEDIUM","201","2024-07-08 06:50:46","2024-07-08 06:54:07","",""
"ESPRESSO","#9348","Point of Sale","4","1x 6oz; 1x Babycino; 1x 16oz/Large; 1x Babycino","828","2024-07-08 06:51:25","2024-07-08 07:05:13","",""
"ESPRESSO","Lou","Point of Sale","1","1x 12oz/ICED SMALL","765","2024-07-08 06:52:29","2024-07-08 07:05:14","",""
"ESPRESSO","#8205","Point of Sale","1","1x 16oz/Large","423","2024-07-08 06:58:10","2024-07-08 07:05:13","",""
"ESPRESSO","#888","Point of Sale","1","1x 4oz/Pic, Esp, Dop","312","2024-07-08 07:00:02","2024-07-08 07:05:14","",""
"ESPRESSO","#9167","Point of Sale","2","1x 16oz/ICED MEDIUM; 1x 12oz/Medium","609","2024-07-08 07:04:05","2024-07-08 07:14:14","",""
"ESPRESSO","#8967","Point of Sale","2","1x Pupacino; 1x 8oz/Small","461","2024-07-08 07:06:34","2024-07-08 07:14:15","",""
"ESPRESSO","#9730","Point of Sale","1","1x 8oz/Small","443","2024-07-08 07:06:51","2024-07-08 07:14:14","",""
"ESPRESSO","Ben","Point of Sale","1","1x 12oz/Medium","297","2024-07-08 07:09:16","2024-07-08 07:14:13","",""
"ESPRESSO","#4401","Point of Sale","1","1x 4oz/Pic, Esp, Dop","151","2024-07-08 07:11:43","2024-07-08 07:14:14","",""
"ESPRESSO","THE jimmy","Point of Sale","1","1x 8oz/Small","470","2024-07-08 07:13:18","2024-07-08 07:21:08","",""
"ESPRESSO","#9951","Point of Sale","2","1x 12oz/Medium; 1x 8oz/Small","389","2024-07-08 07:14:40","2024-07-08 07:21:09","",""
"ESPRESSO","Vhloe","Point of Sale","1","1x 12oz/Medium","135","2024-07-08 07:18:53","2024-07-08 07:21:08","",""
"ESPRESSO","#4474","Point of Sale","1","1x 8oz/Small","147","2024-07-08 07:21:02","2024-07-08 07:23:29","",""
"ESPRESSO","#5085","Point of Sale","2","1x 12oz/Medium; 1x A Sweet Muffin","361","2024-07-08 07:22:42","2024-07-08 07:28:43","",""
"ESPRESSO","#9998","Point of Sale","1","1x Pods - 10 Pack","258","2024-07-08 07:24:25","2024-07-08 07:28:43","",""
"ESPRESSO","#1327","Point of Sale","1","1x 6oz","242","2024-07-08 07:24:42","2024-07-08 07:28:44","",""
"ESPRESSO","#4920","Point of Sale","1","1x 6oz","203","2024-07-08 07:30:31","2024-07-08 07:33:54","",""
"ESPRESSO","#7561","Point of Sale","1","1x 16oz/Large","252","2024-07-08 07:31:09","2024-07-08 07:35:21","",""
"ESPRESSO","#5985","Point of Sale","1","1x 8oz/Small","702","2024-07-08 07:31:29","2024-07-08 07:43:11","",""
"ESPRESSO","#7330","Point of Sale","1","1x 12oz/ICED SMALL","677","2024-07-08 07:31:52","2024-07-08 07:43:09","",""
"ESPRESSO","#4683","Point of Sale","1","1x 12oz/Medium","490","2024-07-08 07:35:01","2024-07-08 07:43:11","",""
"ESPRESSO","#1484","Point of Sale","1","1x 12oz/Medium","396","2024-07-08 07:36:36","2024-07-08 07:43:12","",""
"ESPRESSO","#5978","Point of Sale","1","1x 12oz/Medium","160","2024-07-08 07:40:28","2024-07-08 07:43:08","",""
"ESPRESSO","#5817","Point of Sale","2","1x 16oz/Large; 1x A Sweet Muffin","549","2024-07-08 07:43:05","2024-07-08 07:52:14","",""
"ESPRESSO","#8498","Point of Sale","1","1x 6oz","381","2024-07-08 07:45:13","2024-07-08 07:51:34","",""
"ESPRESSO","#6139","Point of Sale","1","1x 16oz/Large","326","2024-07-08 07:46:09","2024-07-08 07:51:35","",""
"ESPRESSO","#8538","Point of Sale","3","1x 16oz/Large; 2x 16oz/Large","251","2024-07-08 07:47:55","2024-07-08 07:52:06","",""
"ESPRESSO","#9587","Point of Sale","1","1x 12oz/Medium","265","2024-07-08 07:50:47","2024-07-08 07:55:12","",""
"ESPRESSO","#1579","Point of Sale","1","1x 8oz/Small","224","2024-07-08 07:51:28","2024-07-08 07:55:12","",""
"ESPRESSO","#4903","Point of Sale","1","1x 8oz/Small","201","2024-07-08 07:51:52","2024-07-08 07:55:13","",""
"ESPRESSO","#6704","Point of Sale","1","1x 8oz/Small","141","2024-07-08 07:52:53","2024-07-08 07:55:14","",""
"ESPRESSO","#61","Point of Sale","2","1x 12oz/Medium; 1x A Cookie","1261","2024-07-08 07:53:47","2024-07-08 08:14:48","",""
"ESPRESSO","#9115","Point of Sale","2","1x 6oz; 1x 6oz","1179","2024-07-08 07:55:08","2024-07-08 08:14:47","",""
"ESPRESSO","#9613","Point of Sale","1","1x 6oz","1084","2024-07-08 07:56:43","2024-07-08 08:14:47","",""
"ESPRESSO","#3514","Point of Sale","1","1x A Cookie","446","2024-07-08 08:07:21","2024-07-08 08:14:47","",""
"ESPRESSO","Mitch","Point of Sale","3","2x A Sweet Muffin; 1x 12oz/Medium","334","2024-07-08 08:09:13","2024-07-08 08:14:47","",""
"ESPRESSO","#3695","Point of Sale","1","1x 12oz/Medium","354","2024-07-08 08:12:58","2024-07-08 08:18:52","",""
"ESPRESSO","#1262","Point of Sale","2","1x 12oz/Medium; 1x Bacon And Egg Breakfast Wrap","318","2024-07-08 08:13:36","2024-07-08 08:18:54","",""
"ESPRESSO","#2579","Point of Sale","1","1x 6oz","487","2024-07-08 08:13:58","2024-07-08 08:22:05","",""
"ESPRESSO","#4542","Point of Sale","1","1x 8oz/Small","431","2024-07-08 08:14:54","2024-07-08 08:22:05","",""
"ESPRESSO","#9339","Point of Sale","2","1x 8oz/Small; 1x 8oz/Small","215","2024-07-08 08:18:32","2024-07-08 08:22:07","",""
"ESPRESSO","#2493","Point of Sale","2","1x 8oz/Small; 1x 12oz/Medium","349","2024-07-08 08:19:18","2024-07-08 08:25:07","",""
"ESPRESSO","Carloas","Point of Sale","1","1x 16oz/Large","471","2024-07-08 08:19:36","2024-07-08 08:27:27","",""
"ESPRESSO","#2718","Point of Sale","2","1x 16oz/Large; 1x 16oz/Large","428","2024-07-08 08:20:19","2024-07-08 08:27:27","",""
"ESPRESSO","Damnien","Point of Sale","1","1x 16oz/Large","594","2024-07-08 08:20:40","2024-07-08 08:30:34","",""
"ESPRESSO","Neil","Point of Sale","1","1x 12oz/Medium","577","2024-07-08 08:20:57","2024-07-08 08:30:34","",""
"ESPRESSO","#306","Point of Sale","3","1x 12oz/Medium; 2x 12oz/Medium","627","2024-07-08 08:22:23","2024-07-08 08:32:50","",""
"ESPRESSO","Anaana","Point of Sale","1","1x 16oz/Large","579","2024-07-08 08:24:22","2024-07-08 08:34:01","",""
"ESPRESSO","Aiden","Point of Sale","1","1x 8oz/Small","580","2024-07-08 08:24:44","2024-07-08 08:34:24","",""
"ESPRESSO","Maddie","Point of Sale","1","1x 16oz/ICED MEDIUM","442","2024-07-08 08:28:11","2024-07-08 08:35:33","",""
"ESPRESSO","#5937","Point of Sale","1","1x 12oz/Medium","211","2024-07-08 08:29:23","2024-07-08 08:32:54","",""
"ESPRESSO","Christian","Point of Sale","1","1x 12oz/Medium","230","2024-07-08 08:36:36","2024-07-08 08:40:26","",""
"ESPRESSO","Toby","Point of Sale","1","1x 4oz/Pic, Esp, Dop","138","2024-07-08 08:38:08","2024-07-08 08:40:26","",""
"ESPRESSO","#9132","Point of Sale","3","1x 16oz/Large; 1x 12oz/ICED SMALL; 1x 12oz/Medium","372","2024-07-08 08:44:25","2024-07-08 08:50:37","",""
"ESPRESSO","Matt","Point of Sale","1","1x 6oz","320","2024-07-08 08:45:19","2024-07-08 08:50:39","",""
"ESPRESSO","#1206","Point of Sale","2","1x Protein Ball - Peanut Butter; 1x 12oz/Medium","499","2024-07-08 08:45:47","2024-07-08 08:54:06","",""
"ESPRESSO","Ben","Point of Sale","1","1x 12oz/Medium","418","2024-07-08 08:47:08","2024-07-08 08:54:06","",""
"ESPRESSO","#8526","Point of Sale","1","1x 12oz/Medium","149","2024-07-08 08:51:37","2024-07-08 08:54:06","",""
"ESPRESSO","#616","Point of Sale","2","1x A Sweet Muffin; 1x 16oz/Large","270","2024-07-08 08:52:03","2024-07-08 08:56:33","",""
"ESPRESSO","#5879","Point of Sale","1","1x 12oz/Medium","404","2024-07-08 08:52:26","2024-07-08 08:59:10","",""
"ESPRESSO","#3677","Point of Sale","1","1x A Cookie","231","2024-07-08 08:52:41","2024-07-08 08:56:32","",""
"ESPRESSO","#151","Point of Sale","3","1x 8oz/Small; 1x A Sweet Muffin; 1x Babycino","543","2024-07-08 08:53:27","2024-07-08 09:02:30","",""
"ESPRESSO","Aurors","Point of Sale","2","1x 16oz/Large; 1x 12oz/Medium","433","2024-07-08 08:55:17","2024-07-08 09:02:30","",""
"ESPRESSO","#6555","Point of Sale","2","1x A Sweet Muffin; 1x 16oz/Large","460","2024-07-08 08:56:11","2024-07-08 09:03:51","",""
"ESPRESSO","#3452","Point of Sale","2","1x 12oz/Medium; 1x A Sweet Muffin","763","2024-07-08 08:58:01","2024-07-08 09:10:44","",""
"ESPRESSO","#2667","Point of Sale","1","1x 16oz/Large","500","2024-07-08 09:02:25","2024-07-08 09:10:45","",""
"ESPRESSO","Ann","Point of Sale","1","1x 6oz","371","2024-07-08 09:04:35","2024-07-08 09:10:46","",""
"ESPRESSO","#7829","Point of Sale","1","1x 6oz","85","2024-07-08 09:09:25","2024-07-08 09:10:50","",""
"ESPRESSO","#359","Point of Sale","1","1x 16oz/Large","227","2024-07-08 09:09:56","2024-07-08 09:13:43","",""
"ESPRESSO","Bear","Point of Sale","1","1x 12oz/Medium","203","2024-07-08 09:10:21","2024-07-08 09:13:44","",""
"ESPRESSO","#8847","Point of Sale","1","1x 6oz","313","2024-07-08 09:12:16","2024-07-08 09:17:29","",""
"ESPRESSO","#2855","Point of Sale","1","1x 12oz/Medium","1242","2024-07-08 09:13:35","2024-07-08 09:34:17","",""
"ESPRESSO","Tim","Point of Sale","2","1x 6oz; 1x 8oz/Small","193","2024-07-08 09:14:17","2024-07-08 09:17:30","",""
"ESPRESSO","#447","Point of Sale","1","1x 12oz/Medium","667","2024-07-08 09:23:09","2024-07-08 09:34:16","",""
"ESPRESSO","#3786","Point of Sale","1","1x 12oz/Medium","605","2024-07-08 09:24:11","2024-07-08 09:34:16","",""
"ESPRESSO","#6010","Point of Sale","1","1x 6oz","352","2024-07-08 09:28:24","2024-07-08 09:34:16","",""
"ESPRESSO","#9661","Point of Sale","2","1x A Sweet Muffin; 1x 12oz/Medium","155","2024-07-08 09:32:53","2024-07-08 09:35:28","",""
"ESPRESSO","#3323","Point of Sale","2","1x Butterbing!; 1x 12oz/Medium","847","2024-07-08 09:33:31","2024-07-08 09:47:38","",""
"ESPRESSO","#3697","Point of Sale","2","1x 12oz/Medium; 1x A COOKIES- biscoff And Caramilk","200","2024-07-08 09:44:18","2024-07-08 09:47:38","",""
"ESPRESSO","#7241","Point of Sale","1","1x 8oz/Small","288","2024-07-08 09:48:44","2024-07-08 09:53:32","",""
"ESPRESSO","Lauren","Point of Sale","1","1x 8oz/Small","14","2024-07-08 09:53:19","2024-07-08 09:53:33","",""
"ESPRESSO","#810","Point of Sale","1","1x 12oz/Medium","1821","2024-07-08 09:54:34","2024-07-08 10:24:55","",""
"ESPRESSO","#9729","Point of Sale","2","2x 8oz/Small","1802","2024-07-08 09:54:54","2024-07-08 10:24:56","",""
"ESPRESSO","#2025","Point of Sale","1","1x 12oz/Medium","1726","2024-07-08 09:56:09","2024-07-08 10:24:55","",""
"ESPRESSO","#5622","Point of Sale","1","1x 16oz/Large","636","2024-07-08 10:14:19","2024-07-08 10:24:55","",""
"ESPRESSO","#291","Point of Sale","1","1x 8oz/Small","591","2024-07-08 10:15:05","2024-07-08 10:24:56","",""
"ESPRESSO","#8942","Point of Sale","1","1x 12oz/Medium","573","2024-07-08 10:17:34","2024-07-08 10:27:07","",""
"ESPRESSO","#4400","Point of Sale","1","1x 16oz/Large","518","2024-07-08 10:18:28","2024-07-08 10:27:06","",""
"ESPRESSO","#6797","Point of Sale","1","1x 8oz/Small","224","2024-07-08 10:23:21","2024-07-08 10:27:05","",""
"ESPRESSO","#7973","Point of Sale","1","1x 16oz/Large","144","2024-07-08 10:24:41","2024-07-08 10:27:05","",""
"ESPRESSO","#1669","Point of Sale","1","1x Portugese Tart","117","2024-07-08 10:25:08","2024-07-08 10:27:05","",""
"ESPRESSO","#6903","Point of Sale","1","1x 12oz/Medium","1209","2024-07-08 10:26:36","2024-07-08 10:46:45","",""
"ESPRESSO","#8245","Point of Sale","1","1x 8oz/Small","1181","2024-07-08 10:27:04","2024-07-08 10:46:45","",""
"ESPRESSO","#1547","Point of Sale","1","1x 8oz/Small","1166","2024-07-08 10:27:20","2024-07-08 10:46:46","",""
"ESPRESSO","#985","Point of Sale","1","1x 8oz/Small","1000","2024-07-08 10:30:08","2024-07-08 10:46:48","",""
"ESPRESSO","#4523","Point of Sale","1","1x 12oz/Medium","905","2024-07-08 10:31:43","2024-07-08 10:46:48","",""
"ESPRESSO","#6990","Point of Sale","1","1x Butterbing!","1230","2024-07-08 10:36:07","2024-07-08 10:56:37","",""
"ESPRESSO","#5302","Point of Sale","1","1x 6oz","1124","2024-07-08 10:37:53","2024-07-08 10:56:37","",""
"ESPRESSO","#166","Point of Sale","1","1x 8oz/Small","258","2024-07-08 10:42:36","2024-07-08 10:46:54","",""
"ESPRESSO","#5550","Point of Sale","2","1x Protein Ball - Peanut Butter; 1x 12oz/Medium","205","2024-07-08 10:43:30","2024-07-08 10:46:55","",""
"ESPRESSO","#4202","Point of Sale","2","1x 12oz/Medium; 1x 16oz/Large","761","2024-07-08 10:43:56","2024-07-08 10:56:37","",""
"ESPRESSO","#4315","Point of Sale","2","1x Portugese Tart; 1x 12oz/Medium","668","2024-07-08 10:45:29","2024-07-08 10:56:37","",""
"ESPRESSO","#3363","Point of Sale","1","1x 12oz/Medium","531","2024-07-08 10:47:47","2024-07-08 10:56:38","",""
"ESPRESSO","#3674","Point of Sale","2","1x 12oz/Medium; 1x 16oz/Large","887","2024-07-08 10:53:14","2024-07-08 11:08:01","",""
"ESPRESSO","#3739","Point of Sale","1","1x 4oz/Pic, Esp, Dop","676","2024-07-08 10:56:44","2024-07-08 11:08:00","",""
"ESPRESSO","#9477","Point of Sale","1","1x 12oz/Medium","565","2024-07-08 10:58:35","2024-07-08 11:08:00","",""
"ESPRESSO","#406","Point of Sale","2","1x 12oz/Medium; 1x 12oz/Medium","545","2024-07-08 10:58:54","2024-07-08 11:07:59","",""
"ESPRESSO","#3363","Point of Sale","1","1x Butterbing!","118","2024-07-08 11:06:01","2024-07-08 11:07:59","",""
"ESPRESSO","#9925","Point of Sale","3","1x 12oz/Medium; 1x 16oz/ICED MEDIUM; 1x 12oz/Medium","420","2024-07-08 11:13:49","2024-07-08 11:20:49","",""
"ESPRESSO","#6983","Point of Sale","1","1x 12oz/Medium","393","2024-07-08 11:14:16","2024-07-08 11:20:49","",""
"ESPRESSO","#2474","Point of Sale","1","1x 6oz","239","2024-07-08 11:16:50","2024-07-08 11:20:49","",""
"ESPRESSO","#4603","Point of Sale","2","1x 16oz/ICED MEDIUM; 1x A Savoury Muffin","30","2024-07-08 11:20:20","2024-07-08 11:20:50","",""
"ESPRESSO","#9867","Point of Sale","1","1x 12oz/ICED SMALL","247","2024-07-08 11:23:34","2024-07-08 11:27:41","",""
"ESPRESSO","#3807","Point of Sale","1","1x 12oz/Medium","5694","2024-07-08 11:29:55","2024-07-08 13:04:49","",""
"ESPRESSO","#6995","Point of Sale","1","1x 6oz","5420","2024-07-08 11:34:29","2024-07-08 13:04:49","",""
"ESPRESSO","#9694","Point of Sale","1","1x A Sweet Muffin","5147","2024-07-08 11:39:03","2024-07-08 13:04:50","",""
"ESPRESSO","#8297","Point of Sale","1","1x 12oz/Medium","4631","2024-07-08 11:47:39","2024-07-08 13:04:50","",""
"ESPRESSO","#343","Point of Sale","1","1x 12oz/Medium","3085","2024-07-08 12:13:25","2024-07-08 13:04:50","",""
"ESPRESSO","#9414","Point of Sale","1","1x 12oz/Medium","60493","2024-07-08 12:46:45","2024-07-09 05:34:58","",""
"ESPRESSO","#1694","Point of Sale","1","1x 8oz/Small","59319","2024-07-08 13:06:19","2024-07-09 05:34:58","",""
"ESPRESSO","#728","Point of Sale","1","1x 16oz/Large","59232","2024-07-08 13:07:47","2024-07-09 05:34:59","",""
"ESPRESSO","#1563","Point of Sale","1","1x 12oz/Medium","59123","2024-07-08 13:09:36","2024-07-09 05:34:59","",""
"ESPRESSO","#3937","Point of Sale","1","1x 8oz/Small","58161","2024-07-08 13:25:38","2024-07-09 05:34:59","",""
"ESPRESSO","#2832","Point of Sale","2","1x 12oz/Medium; 1x 12oz/Medium","1147","2024-07-09 05:05:33","2024-07-09 05:24:40","",""
"ESPRESSO","#6067","Point of Sale","1","1x 6oz","428","2024-07-09 05:17:32","2024-07-09 05:24:40","",""
"ESPRESSO","#5655","Point of Sale","1","1x 16oz/Large","387","2024-07-09 05:18:13","2024-07-09 05:24:40","",""
"ESPRESSO","#517","Point of Sale","1","1x 12oz/Medium","68","2024-07-09 05:23:32","2024-07-09 05:24:40","",""
"ESPRESSO","#1145","Point of Sale","2","1x 6oz; 1x 6oz","494","2024-07-09 05:26:50","2024-07-09 05:35:04","",""
"ESPRESSO","#161","Point of Sale","1","1x 12oz/Medium","447","2024-07-09 05:27:38","2024-07-09 05:35:05","",""
"ESPRESSO","#2451","Point of Sale","1","1x 12oz/Medium","597","2024-07-09 05:42:56","2024-07-09 05:52:53","",""
"ESPRESSO","#9091","Point of Sale","1","1x 16oz/ICED MEDIUM","563","2024-07-09 05:43:31","2024-07-09 05:52:54","",""
"ESPRESSO","#4186","Point of Sale","2","1x 16oz/Large; 1x A Cookie","279","2024-07-09 05:48:15","2024-07-09 05:52:54","",""
"ESPRESSO","#9983","Point of Sale","1","1x 8oz/Small","184","2024-07-09 05:49:50","2024-07-09 05:52:54","",""
"ESPRESSO","#4376","Point of Sale","2","1x Bacon And Egg Breakfast Wrap; 1x 12oz/Medium","190","2024-07-09 05:51:37","2024-07-09 05:54:47","",""
"ESPRESSO","#7523","Point of Sale","4","1x 8oz/Small; 1x 16oz/ICED MEDIUM; 1x 12oz/Medium; 1x 16oz/ICED MEDIUM","315","2024-07-09 05:54:06","2024-07-09 05:59:21","",""
"ESPRESSO","#7814","Point of Sale","1","1x 6oz","289","2024-07-09 05:54:33","2024-07-09 05:59:22","",""
"ESPRESSO","#8761","Point of Sale","2","1x 12oz/Medium; 1x 12oz/Medium","324","2024-07-09 05:55:24","2024-07-09 06:00:48","",""
"ESPRESSO","Rose","Point of Sale","1","1x 12oz/Medium","295","2024-07-09 05:55:53","2024-07-09 06:00:48","",""
"ESPRESSO","Roz","Point of Sale","1","1x 6oz","436","2024-07-09 05:56:25","2024-07-09 06:03:41","",""
"ESPRESSO","#9757","Point of Sale","1","1x 12oz/Medium","411","2024-07-09 05:56:50","2024-07-09 06:03:41","",""
"ESPRESSO","Kandy","Point of Sale","1","1x 12oz/Medium","397","2024-07-09 05:57:04","2024-07-09 06:03:41","",""
"ESPRESSO","Damian","Point of Sale","1","1x 12oz/Medium","378","2024-07-09 05:57:22","2024-07-09 06:03:40","",""
"ESPRESSO","Frazer","Point of Sale","1","1x 8oz/Small","377","2024-07-09 05:59:19","2024-07-09 06:05:36","",""
"ESPRESSO","#9373","Point of Sale","3","2x 4oz/Pic, Esp, Dop; 1x 16oz/Large","354","2024-07-09 05:59:43","2024-07-09 06:05:37","",""
"ESPRESSO","#9782","Point of Sale","1","1x 6oz","773","2024-07-09 06:03:41","2024-07-09 06:16:34","",""
"ESPRESSO","Nic","Point of Sale","2","1x 16oz/Large; 1x 6oz","700","2024-07-09 06:04:54","2024-07-09 06:16:34","",""
"ESPRESSO","Aj","Point of Sale","1","1x 8oz/Small","683","2024-07-09 06:05:11","2024-07-09 06:16:34","",""
"ESPRESSO","#365","Point of Sale","1","1x 8oz/Small","235","2024-07-09 06:12:38","2024-07-09 06:16:33","",""
"ESPRESSO","#8025","Point of Sale","4","1x 16oz/Large; 1x 6oz; 1x Babycino; 1x Babycino","355","2024-07-09 06:16:18","2024-07-09 06:22:13","",""
"ESPRESSO","#2041","Point of Sale","2","2x 8oz/Small","278","2024-07-09 06:17:34","2024-07-09 06:22:12","",""
"ESPRESSO","#1407","Point of Sale","3","3x 8oz/Small","322","2024-07-09 06:19:13","2024-07-09 06:24:35","",""
"ESPRESSO","#7805","Point of Sale","1","1x 12oz/Medium","344","2024-07-09 06:21:37","2024-07-09 06:27:21","",""
"ESPRESSO","#3436","Point of Sale","1","1x 12oz/Medium","325","2024-07-09 06:21:55","2024-07-09 06:27:20","",""
"ESPRESSO","#8022","Point of Sale","2","1x 16oz/Large; 1x 12oz/Medium","375","2024-07-09 06:22:44","2024-07-09 06:28:59","",""
"ESPRESSO","#7245","Point of Sale","1","1x 12oz/Medium","277","2024-07-09 06:24:23","2024-07-09 06:29:00","",""
"ESPRESSO","#9462","Point of Sale","1","1x 12oz/Medium","385","2024-07-09 06:26:37","2024-07-09 06:33:02","",""
"ESPRESSO","Micheal","Point of Sale","2","1x 4oz/Pic, Esp, Dop; 1x 12oz/Medium","342","2024-07-09 06:27:20","2024-07-09 06:33:02","",""
"ESPRESSO","#7925","Point of Sale","2","1x A Sweet Muffin; 1x 8oz/Small","83","2024-07-09 06:31:39","2024-07-09 06:33:02","",""
"ESPRESSO","#589","Point of Sale","1","1x 8oz/Small","393","2024-07-09 06:32:35","2024-07-09 06:39:08","",""
"ESPRESSO","#4917","Point of Sale","2","1x 12oz/Medium; 1x 12oz/Medium","229","2024-07-09 06:35:19","2024-07-09 06:39:08","",""
"ESPRESSO","Casy","Point of Sale","1","1x 12oz/Medium","583","2024-07-09 06:37:00","2024-07-09 06:46:43","",""
"ESPRESSO","Jp","Point of Sale","1","1x 12oz/Medium","514","2024-07-09 06:38:09","2024-07-09 06:46:43","",""
"ESPRESSO","#5439","Point of Sale","1","1x 8oz/Small","369","2024-07-09 06:40:35","2024-07-09 06:46:44","",""
"ESPRESSO","#8296","Point of Sale","1","1x 12oz/Medium","314","2024-07-09 06:42:02","2024-07-09 06:47:16","",""
"ESPRESSO","#8926","Point of Sale","1","1x 12oz/ICED SMALL","280","2024-07-09 06:42:37","2024-07-09 06:47:17","",""
"ESPRESSO","#9456","Point of Sale","1","1x 8oz/Small","415","2024-07-09 06:45:09","2024-07-09 06:52:04","",""
"ESPRESSO","#6614","Point of Sale","2","1x A Savoury Muffin; 1x 16oz/Large","383","2024-07-09 06:45:41","2024-07-09 06:52:04","",""
"ESPRESSO","#2254","Point of Sale","1","1x 12oz/Medium","364","2024-07-09 06:46:00","2024-07-09 06:52:04","",""
"ESPRESSO","#5595","Point of Sale","2","1x 12oz/Medium; 1x 6oz","307","2024-07-09 06:46:57","2024-07-09 06:52:04","",""
"ESPRESSO","#8869","Point of Sale","2","2x 12oz/Medium","393","2024-07-09 06:50:57","2024-07-09 06:57:30","",""
"ESPRESSO","#7739","Point of Sale","2","1x 12oz/Medium; 1x 12oz/ICED SMALL","284","2024-07-09 06:52:46","2024-07-09 06:57:30","",""
"ESPRESSO","#7422","Point of Sale","1","1x 16oz/Large","28","2024-07-09 06:57:02","2024-07-09 06:57:30","",""
"ESPRESSO","#6524","Point of Sale","1","1x 12oz/Medium","172","2024-07-09 06:58:25","2024-07-09 07:01:17","",""
"ESPRESSO","#9476","Point of Sale","1","1x 6oz","100","2024-07-09 06:59:36","2024-07-09 07:01:16","",""
"ESPRESSO","#2212","Point of Sale","2","1x 16oz/Large; 1x Pupacino","449","2024-07-09 07:00:37","2024-07-09 07:08:06","",""
"ESPRESSO","#3954","Point of Sale","1","1x 12oz/Medium","436","2024-07-09 07:00:50","2024-07-09 07:08:06","",""
"ESPRESSO","#3516","Point of Sale","1","1x 8oz/Small","225","2024-07-09 07:04:21","2024-07-09 07:08:06","",""
"ESPRESSO","#3000","Point of Sale","1","1x 12oz/Medium","417","2024-07-09 07:08:12","2024-07-09 07:15:09","",""
"ESPRESSO","#6878","Point of Sale","1","1x A Sweet Muffin","383","2024-07-09 07:08:44","2024-07-09 07:15:07","",""
"ESPRESSO","#3105","Point of Sale","1","1x 12oz/Medium","238","2024-07-09 07:11:10","2024-07-09 07:15:08","",""
"ESPRESSO","#2596","Point of Sale","1","1x 12oz/Medium","120","2024-07-09 07:13:07","2024-07-09 07:15:07","",""
"ESPRESSO","#8196","Point of Sale","1","1x 6oz","91","2024-07-09 07:16:08","2024-07-09 07:17:39","",""
"ESPRESSO","#4987","Point of Sale","1","1x 12oz/Medium","198","2024-07-09 07:19:48","2024-07-09 07:23:06","",""
"ESPRESSO","#7012","Point of Sale","1","1x 12oz/Medium","174","2024-07-09 07:20:12","2024-07-09 07:23:06","",""
"ESPRESSO","#3183","Point of Sale","1","1x 12oz/Medium","294","2024-07-09 07:21:19","2024-07-09 07:26:13","",""
"ESPRESSO","#718","Point of Sale","2","1x Butterbing!; 1x 8oz/Small","230","2024-07-09 07:22:24","2024-07-09 07:26:14","",""
"ESPRESSO","#7630","Point of Sale","5","1x 12oz/Medium; 1x 12oz/Medium; 3x Pupacino","996","2024-07-09 07:23:38","2024-07-09 07:40:14","",""
"ESPRESSO","#6714","Point of Sale","1","1x 1kg Beans","138","2024-07-09 07:23:55","2024-07-09 07:26:13","",""
"ESPRESSO","#3009","Point of Sale","2","1x 12oz/Medium; 1x 12oz/Medium","331","2024-07-09 07:24:53","2024-07-09 07:30:24","",""
"ESPRESSO","#6260","Point of Sale","1","1x 12oz/Medium","142","2024-07-09 07:28:02","2024-07-09 07:30:24","",""
"ESPRESSO","#7317","Point of Sale","1","1x 16oz/Large","304","2024-07-09 07:29:29","2024-07-09 07:34:33","",""
"ESPRESSO","#102","Point of Sale","1","1x 4oz/Pic, Esp, Dop","236","2024-07-09 07:30:37","2024-07-09 07:34:33","",""
"ESPRESSO","#7775","Point of Sale","2","1x 12oz/Medium; 1x 12oz/Medium","139","2024-07-09 07:32:14","2024-07-09 07:34:33","",""
"ESPRESSO","#9054","Point of Sale","1","1x 12oz/Medium","387","2024-07-09 07:33:46","2024-07-09 07:40:13","",""
"ESPRESSO","#6064","Point of Sale","1","1x 12oz/Medium","395","2024-07-09 07:39:47","2024-07-09 07:46:22","",""
"ESPRESSO","#9674","Point of Sale","1","1x 12oz/Medium","360","2024-07-09 07:40:22","2024-07-09 07:46:22","",""
"ESPRESSO","#4796","Point of Sale","1","1x 6oz","223","2024-07-09 07:42:39","2024-07-09 07:46:22","",""
"ESPRESSO","#1866","Point of Sale","1","1x 16oz/Large","140","2024-07-09 07:44:02","2024-07-09 07:46:22","",""
"ESPRESSO","#4745","Point of Sale","1","1x 12oz/Medium","452","2024-07-09 07:45:41","2024-07-09 07:53:13","",""
"ESPRESSO","#6194","Point of Sale","1","1x 12oz/Medium","435","2024-07-09 07:45:57","2024-07-09 07:53:12","",""
"ESPRESSO","#8193","Point of Sale","3","1x 16oz/Large; 2x 16oz/ICED MEDIUM","308","2024-07-09 07:48:51","2024-07-09 07:53:59","",""
"ESPRESSO","#4603","Point of Sale","2","1x 12oz/Medium; 1x 12oz/Medium","207","2024-07-09 07:50:32","2024-07-09 07:53:59","",""
"ESPRESSO","#7702","Point of Sale","2","1x 8oz/Small; 1x 8oz/Small","190","2024-07-09 07:52:23","2024-07-09 07:55:33","",""
"ESPRESSO","#2834","Point of Sale","2","1x Protein Ball - Peanut Butter; 1x 12oz/Medium","220","2024-07-09 07:53:04","2024-07-09 07:56:44","",""
"ESPRESSO","#9333","Point of Sale","1","1x 8oz/Small","531","2024-07-09 07:54:03","2024-07-09 08:02:54","",""
"ESPRESSO","#3686","Point of Sale","2","2x 16oz/Large","496","2024-07-09 07:54:38","2024-07-09 08:02:54","",""
"ESPRESSO","#8393","Point of Sale","1","1x Fruit Juice","112","2024-07-09 07:54:51","2024-07-09 07:56:43","",""
"ESPRESSO","#308","Point of Sale","1","1x 12oz/Medium","448","2024-07-09 07:55:25","2024-07-09 08:02:53","",""
"ESPRESSO","#4828","Point of Sale","1","1x 16oz/Large","302","2024-07-09 07:57:51","2024-07-09 08:02:53","",""
"ESPRESSO","#8454","Point of Sale","1","1x 16oz/Large","344","2024-07-09 08:01:14","2024-07-09 08:06:58","",""
"ESPRESSO","#9708","Point of Sale","2","1x 12oz/Medium; 1x 6oz","319","2024-07-09 08:01:39","2024-07-09 08:06:58","",""
"ESPRESSO","#2027","Point of Sale","1","1x 4oz/Pic, Esp, Dop","528","2024-07-09 08:01:50","2024-07-09 08:10:38","",""
"ESPRESSO","#8637","Point of Sale","1","1x 12oz/Medium","460","2024-07-09 08:02:58","2024-07-09 08:10:38","",""
"ESPRESSO","#8992","Point of Sale","1","1x 12oz/ICED SMALL","348","2024-07-09 08:04:49","2024-07-09 08:10:37","",""
"ESPRESSO","#4791","Point of Sale","1","1x 12oz/Medium","110","2024-07-09 08:08:48","2024-07-09 08:10:38","",""
"ESPRESSO","#3478","Point of Sale","1","1x 12oz/Medium","317","2024-07-09 08:10:28","2024-07-09 08:15:45","",""
"ESPRESSO","#3235","Point of Sale","2","1x 20oz\ICED LARGE; 1x 12oz/Medium","331","2024-07-09 08:14:56","2024-07-09 08:20:27","",""
"ESPRESSO","#2283","Point of Sale","1","1x 16oz/Large","305","2024-07-09 08:15:22","2024-07-09 08:20:27","",""
"ESPRESSO","#4725","Point of Sale","1","1x 16oz/Large","194","2024-07-09 08:17:12","2024-07-09 08:20:26","",""
"ESPRESSO","#5436","Point of Sale","1","1x 16oz/Large","563","2024-07-09 08:17:44","2024-07-09 08:27:07","",""
"ESPRESSO","#8320","Point of Sale","1","1x 12oz/Medium","536","2024-07-09 08:18:11","2024-07-09 08:27:07","",""
"ESPRESSO","#2797","Point of Sale","1","1x 12oz/Medium","426","2024-07-09 08:20:00","2024-07-09 08:27:06","",""
"ESPRESSO","#3855","Point of Sale","2","1x 12oz/Medium; 1x Bacon And Egg Breakfast Wrap","310","2024-07-09 08:26:34","2024-07-09 08:31:44","",""
"ESPRESSO","#3361","Point of Sale","1","1x 12oz/Medium","280","2024-07-09 08:27:04","2024-07-09 08:31:44","",""
"ESPRESSO","#106","Point of Sale","1","1x 16oz/ICED MEDIUM","178","2024-07-09 08:28:45","2024-07-09 08:31:43","",""
"ESPRESSO","#9822","Point of Sale","1","1x 8oz/Small","693","2024-07-09 08:29:45","2024-07-09 08:41:18","",""
"ESPRESSO","#2540","Point of Sale","1","1x 6oz","114","2024-07-09 08:39:25","2024-07-09 08:41:19","",""
"ESPRESSO","#2964","Point of Sale","2","1x 16oz/Large; 1x A Sweet Muffin","382","2024-07-09 08:40:49","2024-07-09 08:47:11","",""
"ESPRESSO","#575","Point of Sale","1","1x 6oz","352","2024-07-09 08:41:20","2024-07-09 08:47:12","",""
"ESPRESSO","#8448","Point of Sale","2","1x Bacon And Egg Breakfast Wrap; 1x 16oz/Large","291","2024-07-09 08:42:20","2024-07-09 08:47:11","",""
"ESPRESSO","#6886","Point of Sale","1","1x 16oz/Large","166","2024-07-09 08:44:25","2024-07-09 08:47:11","",""
"ESPRESSO","#3844","Point of Sale","1","1x 16oz/Large","935","2024-07-09 08:46:31","2024-07-09 09:02:06","",""
"ESPRESSO","#849","Point of Sale","1","1x 6oz","655","2024-07-09 08:51:12","2024-07-09 09:02:07","",""
"ESPRESSO","#7689","Point of Sale","1","1x 12oz/ICED SMALL","580","2024-07-09 08:52:27","2024-07-09 09:02:07","",""
"ESPRESSO","#6929","Point of Sale","2","1x 12oz/Medium; 1x Portugese Tart","80","2024-07-09 09:00:48","2024-07-09 09:02:08","",""
"ESPRESSO","#3092","Point of Sale","1","1x 8oz/Small","781","2024-07-09 09:04:41","2024-07-09 09:17:42","",""
"ESPRESSO","#8153","Point of Sale","1","1x 6oz","533","2024-07-09 09:08:49","2024-07-09 09:17:42","",""
"ESPRESSO","#3692","Point of Sale","2","1x 16oz/Large; 1x 12oz/Medium","283","2024-07-09 09:12:59","2024-07-09 09:17:42","",""
"ESPRESSO","#9606","Point of Sale","1","1x 16oz/Large","253","2024-07-09 09:13:28","2024-07-09 09:17:41","",""
"ESPRESSO","#760","Point of Sale","1","1x 16oz/Large","46","2024-07-09 09:16:56","2024-07-09 09:17:42","",""
"ESPRESSO","#9089","Point of Sale","1","1x 12oz/Medium","448","2024-07-09 09:19:27","2024-07-09 09:26:55","",""
"ESPRESSO","#5691","Point of Sale","1","1x 8oz/Small","402","2024-07-09 09:20:14","2024-07-09 09:26:56","",""
"ESPRESSO","#9629","Point of Sale","1","1x 8oz/Small","385","2024-07-09 09:20:31","2024-07-09 09:26:56","",""
"ESPRESSO","#4091","Point of Sale","1","1x 12oz/Medium","161","2024-07-09 09:24:15","2024-07-09 09:26:56","",""
"ESPRESSO","#9296","Point of Sale","1","1x 16oz/Large","258","2024-07-09 09:26:08","2024-07-09 09:30:26","",""
"ESPRESSO","#6904","Point of Sale","1","1x 8oz/Small","228","2024-07-09 09:26:39","2024-07-09 09:30:27","",""
"ESPRESSO","#9912","Point of Sale","1","1x 8oz/Small","208","2024-07-09 09:26:59","2024-07-09 09:30:27","",""
"ESPRESSO","#1580","Point of Sale","1","1x 16oz/Large","838","2024-07-09 09:27:18","2024-07-09 09:41:16","",""
"ESPRESSO","#6427","Point of Sale","2","2x 8oz/Small","737","2024-07-09 09:28:59","2024-07-09 09:41:16","",""
"ESPRESSO","#4310","Point of Sale","1","1x 12oz/Medium","280","2024-07-09 09:36:36","2024-07-09 09:41:16","",""
"ESPRESSO","#5042","Point of Sale","1","1x 8oz/Small","193","2024-07-09 09:38:02","2024-07-09 09:41:15","",""
"ESPRESSO","#9629","Point of Sale","1","1x 12oz/Medium","92","2024-07-09 09:39:43","2024-07-09 09:41:15","",""
"ESPRESSO","#8388","Point of Sale","1","1x 8oz/Small","366","2024-07-09 09:43:45","2024-07-09 09:49:51","",""
"ESPRESSO","#4184","Point of Sale","2","2x 12oz/Medium","272","2024-07-09 09:45:19","2024-07-09 09:49:51","",""
"ESPRESSO","#8792","Point of Sale","2","1x 16oz/Large; 1x Portugese Tart","261","2024-07-09 09:48:23","2024-07-09 09:52:44","",""
"ESPRESSO","#8996","Point of Sale","1","1x 8oz/Small","170","2024-07-09 09:49:54","2024-07-09 09:52:44","",""
"ESPRESSO","#7218","Point of Sale","2","1x A Sweet Muffin; 1x 16oz/Large","147","2024-07-09 09:50:16","2024-07-09 09:52:43","",""
"ESPRESSO","#8303","Point of Sale","1","1x 8oz/Small","524","2024-07-09 09:51:50","2024-07-09 10:00:34","",""
"ESPRESSO","#236","Point of Sale","2","1x 16oz/ICED MEDIUM; 1x Butterbing!","495","2024-07-09 09:52:18","2024-07-09 10:00:33","",""
"ESPRESSO","#3009","Point of Sale","1","1x A Savoury Muffin","59","2024-07-09 09:59:34","2024-07-09 10:00:33","",""
"ESPRESSO","#6622","Point of Sale","1","1x 6oz","302","2024-07-09 10:00:00","2024-07-09 10:05:02","",""
"ESPRESSO","#1835","Point of Sale","2","1x 12oz/Medium; 1x 8oz/Small","341","2024-07-09 10:01:18","2024-07-09 10:06:59","",""
"ESPRESSO","#9898","Point of Sale","2","1x 12oz/Medium; 1x A Savoury Muffin","415","2024-07-09 10:02:05","2024-07-09 10:09:00","",""
"ESPRESSO","#2872","Point of Sale","1","1x 8oz/Small","468","2024-07-09 10:02:33","2024-07-09 10:10:21","",""
"ESPRESSO","#1422","Point of Sale","1","1x 8oz/Small","431","2024-07-09 10:03:11","2024-07-09 10:10:22","",""
"ESPRESSO","#4258","Point of Sale","1","1x 8oz/Small","554","2024-07-09 10:03:27","2024-07-09 10:12:41","",""
"ESPRESSO","#4247","Point of Sale","1","1x 16oz/Large","515","2024-07-09 10:04:05","2024-07-09 10:12:40","",""
"ESPRESSO","#9405","Point of Sale","1","1x 12oz/Medium","597","2024-07-09 10:04:25","2024-07-09 10:14:22","",""
"ESPRESSO","#948","Point of Sale","1","1x 16oz/Large","672","2024-07-09 10:04:39","2024-07-09 10:15:51","",""
"ESPRESSO","#4331","Point of Sale","2","1x 12oz/Medium; 1x 8oz/Small","699","2024-07-09 10:06:04","2024-07-09 10:17:43","",""
"ESPRESSO","#1047","Point of Sale","2","1x 16oz/Large; 1x 16oz/Large","719","2024-07-09 10:06:57","2024-07-09 10:18:56","",""
"ESPRESSO","#4431","Point of Sale","1","1x Butterbing!","563","2024-07-09 10:07:17","2024-07-09 10:16:40","",""
"ESPRESSO","#1489","Point of Sale","1","1x 12oz/Medium","670","2024-07-09 10:07:47","2024-07-09 10:18:57","",""
"ESPRESSO","#1724","Point of Sale","2","1x A Savoury Muffin; 1x 20oz\ICED LARGE","732","2024-07-09 10:08:04","2024-07-09 10:20:16","",""
"ESPRESSO","#8974","Point of Sale","1","1x 12oz/Medium","1181","2024-07-09 10:08:28","2024-07-09 10:28:09","",""
"ESPRESSO","#6368","Point of Sale","1","1x 8oz/Small","705","2024-07-09 10:16:22","2024-07-09 10:28:07","",""
"ESPRESSO","#4864","Point of Sale","1","1x 12oz/Medium","610","2024-07-09 10:17:57","2024-07-09 10:28:07","",""
"ESPRESSO","#3199","Point of Sale","4","2x A Sweet Muffin; 1x 16oz/ICED MEDIUM; 1x 16oz/ICED MEDIUM","350","2024-07-09 10:22:17","2024-07-09 10:28:07","",""
"ESPRESSO","#9175","Point of Sale","1","1x 12oz/Medium","662","2024-07-09 10:27:55","2024-07-09 10:38:57","",""
"ESPRESSO","#9247","Point of Sale","1","1x 6oz","510","2024-07-09 10:30:27","2024-07-09 10:38:57","",""
"ESPRESSO","#1413","Point of Sale","1","1x 6oz","374","2024-07-09 10:32:42","2024-07-09 10:38:56","",""
"ESPRESSO","#2879","Point of Sale","1","1x 12oz/Medium","293","2024-07-09 10:34:03","2024-07-09 10:38:56","",""
"ESPRESSO","#976","Point of Sale","2","1x 8oz/Small; 1x 12oz/Medium","996","2024-07-09 10:37:51","2024-07-09 10:54:27","",""
"ESPRESSO","#3104","Point of Sale","2","1x 12oz/Medium; 1x Butterbing!","619","2024-07-09 10:44:08","2024-07-09 10:54:27","",""
"ESPRESSO","#3468","Point of Sale","1","1x Fiji Water","515","2024-07-09 10:45:53","2024-07-09 10:54:28","",""
"ESPRESSO","#7822","Point of Sale","2","1x Bacon And Egg Breakfast Wrap; 1x 6oz","434","2024-07-09 10:47:14","2024-07-09 10:54:28","",""
"ESPRESSO","#9349","Point of Sale","1","1x 12oz/Medium","668","2024-07-09 10:51:57","2024-07-09 11:03:05","",""
"ESPRESSO","#2341","Point of Sale","1","1x 16oz/Large","654","2024-07-09 10:52:11","2024-07-09 11:03:05","",""
"ESPRESSO","#6137","Point of Sale","1","1x 6oz","574","2024-07-09 10:53:32","2024-07-09 11:03:06","",""
"ESPRESSO","#6084","Point of Sale","1","1x 12oz/Medium","543","2024-07-09 10:54:03","2024-07-09 11:03:06","",""
"ESPRESSO","#8439","Point of Sale","1","1x 12oz/Medium","221","2024-07-09 10:59:26","2024-07-09 11:03:07","",""
"ESPRESSO","#6683","Point of Sale","2","1x 12oz/Medium; 1x A Sweet Muffin","484","2024-07-09 11:02:09","2024-07-09 11:10:13","",""
"ESPRESSO","#57","Point of Sale","1","1x 6oz","176","2024-07-09 11:07:18","2024-07-09 11:10:14","",""
"ESPRESSO","#6142","Point of Sale","1","1x 12oz/Medium","842","2024-07-09 11:08:24","2024-07-09 11:22:26","",""
"ESPRESSO","#1250","Point of Sale","1","1x Protein Ball - Peanut Butter","60","2024-07-09 11:09:13","2024-07-09 11:10:13","",""
"ESPRESSO","#2239","Point of Sale","1","1x 16oz/Large","348","2024-07-09 11:16:39","2024-07-09 11:22:27","",""
"ESPRESSO","#7306","Point of Sale","1","1x 12oz/Medium","174","2024-07-09 11:19:33","2024-07-09 11:22:27","",""
"ESPRESSO","#7021","Point of Sale","4","1x 12oz/Medium; 1x 4oz/Pic, Esp, Dop; 1x 4oz/Pic, Esp, Dop; 1x Babycino","778","2024-07-09 11:21:47","2024-07-09 11:34:45","",""
"ESPRESSO","#6488","Point of Sale","1","1x 6oz","327","2024-07-09 11:24:21","2024-07-09 11:29:48","",""
"ESPRESSO","#669","Point of Sale","1","1x 12oz/Medium","583","2024-07-09 11:25:02","2024-07-09 11:34:45","",""
"ESPRESSO","#4763","Point of Sale","3","1x A Sweet Muffin; 1x 8oz/Small; 1x 12oz/Medium","227","2024-07-09 11:30:58","2024-07-09 11:34:45","",""
"ESPRESSO","#5295","Point of Sale","1","1x 16oz/Large","93","2024-07-09 11:33:12","2024-07-09 11:34:45","",""
"ESPRESSO","#5327","Point of Sale","1","1x 12oz/Medium","87","2024-07-09 11:37:31","2024-07-09 11:38:58","",""
"ESPRESSO","#6541","Point of Sale","3","1x 8oz/Small; 2x 6oz","5367","2024-07-09 11:44:01","2024-07-09 13:13:28","",""
"ESPRESSO","#2948","Point of Sale","1","1x 4oz/Pic, Esp, Dop","3719","2024-07-09 12:11:29","2024-07-09 13:13:28","",""
"ESPRESSO","#452","Point of Sale","1","1x 12oz/Medium","2941","2024-07-09 12:24:27","2024-07-09 13:13:28","",""
"ESPRESSO","#4068","Point of Sale","1","1x 8oz/Small","2497","2024-07-09 12:31:50","2024-07-09 13:13:27","",""
"ESPRESSO","#6810","Point of Sale","2","1x 12oz/Medium; 1x 12oz/Medium","2579","2024-07-10 05:01:29","2024-07-10 05:44:28","",""
"ESPRESSO","#9623","Point of Sale","1","1x 6oz","1037","2024-07-10 05:27:11","2024-07-10 05:44:28","",""
"ESPRESSO","#7347","Point of Sale","1","1x 12oz/Medium","329","2024-07-10 05:38:59","2024-07-10 05:44:28","",""
"ESPRESSO","#7306","Point of Sale","2","1x 12oz/Medium; 1x A Savoury Muffin","308","2024-07-10 05:39:19","2024-07-10 05:44:27","",""
"ESPRESSO","#3767","Point of Sale","1","1x 16oz/Large","260","2024-07-10 05:40:08","2024-07-10 05:44:28","",""
"ESPRESSO","#3198","Point of Sale","1","1x 12oz/Medium","343","2024-07-10 05:43:47","2024-07-10 05:49:30","",""
"ESPRESSO","#6997","Point of Sale","3","1x 16oz/Large; 1x 12oz/Medium; 1x 16oz/Large","364","2024-07-10 05:47:32","2024-07-10 05:53:36","",""
"ESPRESSO","#6176","Point of Sale","2","2x 12oz/Medium","295","2024-07-10 05:48:41","2024-07-10 05:53:36","",""
"ESPRESSO","#3452","Point of Sale","1","1x 12oz/Medium","267","2024-07-10 05:49:10","2024-07-10 05:53:37","",""
"ESPRESSO","#8415","Point of Sale","2","1x 16oz/Large; 1x 6oz","294","2024-07-10 05:49:58","2024-07-10 05:54:52","",""
"ESPRESSO","#2666","Point of Sale","1","1x 16oz/ICED MEDIUM","320","2024-07-10 05:51:53","2024-07-10 05:57:13","",""
"ESPRESSO","#4857","Point of Sale","1","1x 16oz/Large","288","2024-07-10 05:52:25","2024-07-10 05:57:13","",""
"ESPRESSO","#8632","Point of Sale","1","1x 4oz/Pic, Esp, Dop","273","2024-07-10 05:52:40","2024-07-10 05:57:13","",""
"ESPRESSO","#2920","Point of Sale","1","1x 12oz/ICED SMALL","370","2024-07-10 05:53:06","2024-07-10 05:59:16","",""
"ESPRESSO","#5283","Point of Sale","1","1x 8oz/Small","269","2024-07-10 05:54:47","2024-07-10 05:59:16","",""
"ESPRESSO","#1581","Point of Sale","2","1x 12oz/Medium; 1x 12oz/Medium","555","2024-07-10 05:55:43","2024-07-10 06:04:58","",""
"ESPRESSO","#7909","Point of Sale","2","1x 6oz; 1x Bacon And Egg Breakfast Wrap","183","2024-07-10 06:01:55","2024-07-10 06:04:58","",""
"ESPRESSO","#9988","Point of Sale","1","1x 12oz/Medium","250","2024-07-10 06:03:06","2024-07-10 06:07:16","",""
"ESPRESSO","#7946","Point of Sale","2","2x 12oz/Medium","225","2024-07-10 06:03:31","2024-07-10 06:07:16","",""
"ESPRESSO","#5299","Point of Sale","1","1x 6oz","272","2024-07-10 06:04:06","2024-07-10 06:08:38","",""
"ESPRESSO","#9091","Point of Sale","1","1x 8oz/Small","221","2024-07-10 06:04:57","2024-07-10 06:08:38","",""
"ESPRESSO","#19","Point of Sale","1","1x 12oz/Medium","597","2024-07-10 06:05:40","2024-07-10 06:15:37","",""
"ESPRESSO","#974","Point of Sale","1","1x 8oz/Small","573","2024-07-10 06:06:03","2024-07-10 06:15:36","",""
"ESPRESSO","#2755","Point of Sale","4","1x 16oz/ICED MEDIUM; 1x 12oz/Medium; 2x Babycino","748","2024-07-10 06:07:30","2024-07-10 06:19:58","",""
"ESPRESSO","#3216","Point of Sale","1","1x 12oz/Medium","294","2024-07-10 06:15:04","2024-07-10 06:19:58","",""
"ESPRESSO","#200","Point of Sale","2","1x 8oz/Small; 1x 16oz/Large","1046","2024-07-10 06:20:16","2024-07-10 06:37:42","",""
"ESPRESSO","#3184","Point of Sale","2","1x 16oz/Large; 1x 16oz/Large","351","2024-07-10 06:31:51","2024-07-10 06:37:42","",""
"ESPRESSO","#4650","Point of Sale","1","1x 8oz/Small","332","2024-07-10 06:32:10","2024-07-10 06:37:42","",""
"ESPRESSO","#6726","Point of Sale","2","1x 12oz/Medium; 1x 12oz/Medium","291","2024-07-10 06:32:51","2024-07-10 06:37:42","",""
"ESPRESSO","#8587","Point of Sale","2","1x 8oz/Small; 1x 8oz/Small","354","2024-07-10 06:37:22","2024-07-10 06:43:16","",""
"ESPRESSO","#8581","Point of Sale","2","1x 12oz/Medium; 1x 16oz/Large","153","2024-07-10 06:40:44","2024-07-10 06:43:17","",""
"ESPRESSO","#669","Point of Sale","4","2x 20oz\ICED LARGE; 2x A Sweet Muffin","317","2024-07-10 06:42:57","2024-07-10 06:48:14","",""
"ESPRESSO","#6079","Point of Sale","2","1x 4oz/Pic, Esp, Dop; 1x 12oz/Medium","325","2024-07-10 06:43:53","2024-07-10 06:49:18","",""
"ESPRESSO","#2473","Point of Sale","1","1x 12oz/Medium","431","2024-07-10 06:44:22","2024-07-10 06:51:33","",""
"ESPRESSO","#2630","Point of Sale","1","1x 4oz/Pic, Esp, Dop","369","2024-07-10 06:46:34","2024-07-10 06:52:43","",""
"ESPRESSO","#4251","Point of Sale","1","1x 6oz","354","2024-07-10 06:47:01","2024-07-10 06:52:55","",""
"ESPRESSO","#1905","Point of Sale","2","2x 6oz","211","2024-07-10 06:48:11","2024-07-10 06:51:42","",""
"ESPRESSO","#5247","Point of Sale","1","1x 12oz/ICED SMALL","421","2024-07-10 06:48:48","2024-07-10 06:55:49","",""
"ESPRESSO","#8065","Point of Sale","1","1x 12oz/ICED SMALL","403","2024-07-10 06:49:07","2024-07-10 06:55:50","",""
"ESPRESSO","#5378","Point of Sale","1","1x 6oz","475","2024-07-10 06:49:22","2024-07-10 06:57:17","",""
"ESPRESSO","#3224","Point of Sale","2","1x 8oz/Small; 1x 8oz/Small","442","2024-07-10 06:50:57","2024-07-10 06:58:19","",""
"ESPRESSO","#7817","Point of Sale","1","1x 16oz/Large","408","2024-07-10 06:52:05","2024-07-10 06:58:53","",""
"ESPRESSO","#4392","Point of Sale","2","1x 12oz/Medium; 1x 8oz/Small","577","2024-07-10 06:52:24","2024-07-10 07:02:01","",""
"ESPRESSO","#2339","Point of Sale","1","1x 16oz/Large","553","2024-07-10 06:52:48","2024-07-10 07:02:01","",""
"ESPRESSO","#9590","Point of Sale","1","1x 8oz/Small","497","2024-07-10 06:53:44","2024-07-10 07:02:01","",""
"ESPRESSO","#7659","Point of Sale","1","1x 16oz/Large","447","2024-07-10 06:56:30","2024-07-10 07:03:57","",""
"ESPRESSO","#92","Point of Sale","1","1x 6oz","275","2024-07-10 06:59:22","2024-07-10 07:03:57","",""
"ESPRESSO","#3136","Point of Sale","1","1x 12oz/Medium","384","2024-07-10 06:59:39","2024-07-10 07:06:03","",""
"ESPRESSO","#5719","Point of Sale","1","1x 16oz/Large","349","2024-07-10 07:00:14","2024-07-10 07:06:03","",""
"ESPRESSO","#5045","Point of Sale","1","1x 12oz/Medium","225","2024-07-10 07:02:19","2024-07-10 07:06:04","",""
"ESPRESSO","#5992","Point of Sale","1","1x 8oz/Small","400","2024-07-10 07:03:14","2024-07-10 07:09:54","",""
"ESPRESSO","#4080","Point of Sale","4","1x 20oz\ICED LARGE; 1x Portugese Tart; 1x A Sweet Muffin; 1x 8oz/Small","287","2024-07-10 07:05:08","2024-07-10 07:09:55","",""
"ESPRESSO","#4872","Point of Sale","1","1x 12oz/Medium","721","2024-07-10 07:06:01","2024-07-10 07:18:02","",""
"ESPRESSO","#5289","Point of Sale","1","1x 12oz/Medium","574","2024-07-10 07:08:27","2024-07-10 07:18:01","",""
"ESPRESSO","#3447","Point of Sale","1","1x 12oz/Medium","374","2024-07-10 07:11:47","2024-07-10 07:18:01","",""
"ESPRESSO","#3293","Point of Sale","2","1x Babycino; 1x 16oz/Large","235","2024-07-10 07:14:05","2024-07-10 07:18:00","",""
"ESPRESSO","#6844","Point of Sale","1","1x 16oz/ICED MEDIUM","650","2024-07-10 07:18:23","2024-07-10 07:29:13","",""
"ESPRESSO","#6209","Point of Sale","1","1x 12oz/Medium","629","2024-07-10 07:18:44","2024-07-10 07:29:13","",""
"ESPRESSO","#6097","Point of Sale","1","1x 12oz/Medium","408","2024-07-10 07:22:25","2024-07-10 07:29:13","",""
"ESPRESSO","#8580","Point of Sale","1","1x 12oz/Medium","282","2024-07-10 07:27:34","2024-07-10 07:32:16","",""
"ESPRESSO","#9221","Point of Sale","1","1x 6oz","93","2024-07-10 07:30:43","2024-07-10 07:32:16","",""
"ESPRESSO","#4487","Point of Sale","1","1x 8oz/Small","427","2024-07-10 07:31:03","2024-07-10 07:38:10","",""
"ESPRESSO","#8870","Point of Sale","1","1x 16oz/Large","158","2024-07-10 07:35:32","2024-07-10 07:38:10","",""
"ESPRESSO","#6035","Point of Sale","3","2x 12oz/Medium; 1x Babycino","849","2024-07-10 07:38:52","2024-07-10 07:53:01","",""
"ESPRESSO","#5110","Point of Sale","3","2x 4oz/Pic, Esp, Dop; 1x 12oz/Medium","608","2024-07-10 07:42:52","2024-07-10 07:53:00","",""
"ESPRESSO","#8488","Point of Sale","3","1x Pupacino; 1x 12oz/Medium; 1x A Sweet Muffin","137","2024-07-10 07:50:44","2024-07-10 07:53:01","",""
"ESPRESSO","#8480","Point of Sale","2","1x A Sweet Muffin; 1x 16oz/Large","169","2024-07-10 07:52:06","2024-07-10 07:54:55","",""
"ESPRESSO","#1473","Point of Sale","2","1x 16oz/ICED MEDIUM; 1x 16oz/Large","260","2024-07-10 07:52:32","2024-07-10 07:56:52","",""
"ESPRESSO","#342","Point of Sale","2","1x 8oz/Small; 1x 16oz/ICED MEDIUM","223","2024-07-10 07:54:30","2024-07-10 07:58:13","",""
"ESPRESSO","#2880","Point of Sale","2","1x 16oz/Large; 1x 8oz/Small","314","2024-07-10 07:55:00","2024-07-10 08:00:14","",""
"ESPRESSO","#4479","Point of Sale","2","1x 16oz/Large; 1x Protein Ball - Peanut Butter","353","2024-07-10 07:55:24","2024-07-10 08:01:17","",""
"ESPRESSO","#481","Point of Sale","1","1x 16oz/ICED MEDIUM","342","2024-07-10 07:57:28","2024-07-10 08:03:10","",""
"ESPRESSO","#7068","Point of Sale","1","1x 12oz/Medium","322","2024-07-10 07:57:48","2024-07-10 08:03:10","",""
"ESPRESSO","#9727","Point of Sale","2","1x 16oz/ICED MEDIUM; 1x 12oz/Medium","396","2024-07-10 07:58:14","2024-07-10 08:04:50","",""
"ESPRESSO","#8766","Point of Sale","1","1x 4oz/Pic, Esp, Dop","572","2024-07-10 07:58:28","2024-07-10 08:08:00","",""
"ESPRESSO","#5104","Point of Sale","1","1x 16oz/ICED MEDIUM","540","2024-07-10 07:59:01","2024-07-10 08:08:01","",""
"ESPRESSO","#9666","Point of Sale","1","1x 16oz/Large","598","2024-07-10 07:59:29","2024-07-10 08:09:27","",""
"ESPRESSO","#961","Point of Sale","2","2x 6oz","565","2024-07-10 08:01:45","2024-07-10 08:11:10","",""
"ESPRESSO","#9798","Point of Sale","2","1x 8oz/Small; 1x 6oz","518","2024-07-10 08:02:33","2024-07-10 08:11:11","",""
"ESPRESSO","#9482","Point of Sale","2","1x Bacon And Egg Breakfast Wrap; 1x 16oz/ICED MEDIUM","605","2024-07-10 08:02:46","2024-07-10 08:12:51","",""
"ESPRESSO","#5733","Point of Sale","2","1x 8oz/Small; 1x 12oz/ICED SMALL","771","2024-07-10 08:03:26","2024-07-10 08:16:17","",""
"ESPRESSO","#9791","Point of Sale","2","1x 12oz/Medium; 1x San Pellegrino 500ml","730","2024-07-10 08:04:06","2024-07-10 08:16:16","",""
"ESPRESSO","#281","Point of Sale","1","1x 12oz/ICED SMALL","561","2024-07-10 08:05:56","2024-07-10 08:15:17","",""
"ESPRESSO","#8315","Point of Sale","2","1x 6oz; 1x 20oz\ICED LARGE","643","2024-07-10 08:07:56","2024-07-10 08:18:39","",""
"ESPRESSO","#8330","Point of Sale","2","1x A Savoury Muffin; 1x 12oz/Medium","531","2024-07-10 08:09:48","2024-07-10 08:18:39","",""
"ESPRESSO","#6245","Point of Sale","1","1x 12oz/Medium","223","2024-07-10 08:16:40","2024-07-10 08:20:23","",""
"ESPRESSO","#4004","Point of Sale","1","1x 8oz/Small","431","2024-07-10 08:17:37","2024-07-10 08:24:48","",""
"ESPRESSO","#3210","Point of Sale","2","1x 12oz/Medium; 1x 12oz/Medium","441","2024-07-10 08:18:40","2024-07-10 08:26:01","",""
"ESPRESSO","#4346","Point of Sale","2","1x Babycino; 1x 6oz","328","2024-07-10 08:19:19","2024-07-10 08:24:47","",""
"ESPRESSO","#2990","Point of Sale","2","1x 16oz/ICED MEDIUM; 1x 20oz\ICED LARGE","406","2024-07-10 08:20:50","2024-07-10 08:27:36","",""
"ESPRESSO","#2102","Point of Sale","1","1x 8oz/Small","339","2024-07-10 08:21:57","2024-07-10 08:27:36","",""
"ESPRESSO","#6556","Point of Sale","1","1x 12oz/Medium","574","2024-07-10 08:22:39","2024-07-10 08:32:13","",""
"ESPRESSO","#9460","Point of Sale","3","1x A Savoury Muffin; 1x A Cookie; 1x 20oz\ICED LARGE","348","2024-07-10 08:23:12","2024-07-10 08:29:00","",""
"ESPRESSO","#2112","Point of Sale","2","1x Butterbing!; 1x 12oz/Medium","494","2024-07-10 08:23:58","2024-07-10 08:32:12","",""
"ESPRESSO","#1385","Point of Sale","1","1x 16oz/Large","339","2024-07-10 08:25:05","2024-07-10 08:30:44","",""
"ESPRESSO","#2571","Point of Sale","1","1x 8oz/Small","333","2024-07-10 08:26:39","2024-07-10 08:32:12","",""
"ESPRESSO","#2159","Point of Sale","1","1x 12oz/Medium","133","2024-07-10 08:32:12","2024-07-10 08:34:25","",""
"ESPRESSO","#2752","Point of Sale","2","1x A Savoury Muffin; 1x 12oz/Medium","230","2024-07-10 08:33:06","2024-07-10 08:36:56","",""
"ESPRESSO","#9420","Point of Sale","1","1x 12oz/Medium","203","2024-07-10 08:33:34","2024-07-10 08:36:57","",""
"ESPRESSO","#2588","Point of Sale","1","1x 12oz/Medium","181","2024-07-10 08:33:55","2024-07-10 08:36:56","",""
"ESPRESSO","#5511","Point of Sale","1","1x 6oz","536","2024-07-10 08:35:54","2024-07-10 08:44:50","",""
"ESPRESSO","#4559","Point of Sale","1","1x Bacon And Egg Breakfast Wrap","509","2024-07-10 08:36:21","2024-07-10 08:44:50","",""
"ESPRESSO","#3172","Point of Sale","1","1x 8oz/Small","483","2024-07-10 08:36:47","2024-07-10 08:44:50","",""
"ESPRESSO","#9830","Point of Sale","1","1x 8oz/Small","143","2024-07-10 08:42:26","2024-07-10 08:44:49","",""
"ESPRESSO","#3627","Point of Sale","1","1x 12oz/Medium","566","2024-07-10 08:44:20","2024-07-10 08:53:46","",""
"ESPRESSO","#7733","Point of Sale","2","1x A Cookie; 1x 12oz/Medium","154","2024-07-10 08:51:12","2024-07-10 08:53:46","",""
"ESPRESSO","#6274","Point of Sale","1","1x 6oz","131","2024-07-10 08:51:35","2024-07-10 08:53:46","",""
"ESPRESSO","#8170","Point of Sale","2","1x 12oz/Medium; 1x 12oz/Medium","932","2024-07-10 08:52:11","2024-07-10 09:07:43","",""
"ESPRESSO","#1703","Point of Sale","1","1x 6oz","575","2024-07-10 08:58:09","2024-07-10 09:07:44","",""
"ESPRESSO","#4763","Point of Sale","1","1x 12oz/Medium","1924","2024-07-10 09:07:22","2024-07-10 09:39:26","",""
"ESPRESSO","#6866","Point of Sale","2","1x A Cookie; 1x 16oz/Large","1905","2024-07-10 09:07:40","2024-07-10 09:39:25","",""
"ESPRESSO","#1477","Point of Sale","1","1x 8oz/Small","1871","2024-07-10 09:08:15","2024-07-10 09:39:26","",""
"ESPRESSO","#8163","Point of Sale","1","1x 6oz","1789","2024-07-10 09:09:37","2024-07-10 09:39:26","",""
"ESPRESSO","#6801","Point of Sale","1","1x 12oz/Medium","1674","2024-07-10 09:11:32","2024-07-10 09:39:26","",""
"ESPRESSO","#2106","Point of Sale","1","1x 16oz/Large","1537","2024-07-10 09:13:56","2024-07-10 09:39:33","",""
"ESPRESSO","#2945","Point of Sale","1","1x 12oz/Medium","1057","2024-07-10 09:21:56","2024-07-10 09:39:33","",""
"ESPRESSO","#6156","Point of Sale","1","1x 8oz/Small","901","2024-07-10 09:24:31","2024-07-10 09:39:32","",""
"ESPRESSO","#4264","Point of Sale","1","1x 1kg Beans","536","2024-07-10 09:30:36","2024-07-10 09:39:32","",""
"ESPRESSO","#7705","Point of Sale","1","1x 16oz/Large","1118","2024-07-10 09:39:27","2024-07-10 09:58:05","",""
"ESPRESSO","#8151","Point of Sale","1","1x 6oz","161","2024-07-10 09:41:25","2024-07-10 09:44:06","",""
"ESPRESSO","#4075","Point of Sale","3","2x Butterbing!; 1x 16oz/Large","118","2024-07-10 09:42:08","2024-07-10 09:44:06","",""
"ESPRESSO","#8044","Point of Sale","1","1x 8oz/Small","726","2024-07-10 09:46:00","2024-07-10 09:58:06","",""
"ESPRESSO","#9679","Point of Sale","1","1x 12oz/Medium","584","2024-07-10 09:48:22","2024-07-10 09:58:06","",""
"ESPRESSO","#707","Point of Sale","1","1x 6oz","214","2024-07-10 09:54:33","2024-07-10 09:58:07","",""
"ESPRESSO","#7586","Point of Sale","1","1x A Sweet Muffin","180","2024-07-10 09:55:08","2024-07-10 09:58:08","",""
"ESPRESSO","#5822","Point of Sale","1","1x 8oz/Small","608","2024-07-10 10:02:17","2024-07-10 10:12:25","",""
"ESPRESSO","#4418","Point of Sale","2","1x 4oz/Pic, Esp, Dop; 1x Bacon And Egg Breakfast Wrap","420","2024-07-10 10:05:25","2024-07-10 10:12:25","",""
"ESPRESSO","#3262","Point of Sale","1","1x 4oz/Pic, Esp, Dop","370","2024-07-10 10:06:16","2024-07-10 10:12:26","",""
"ESPRESSO","#6025","Point of Sale","1","1x 16oz/Large","336","2024-07-10 10:06:50","2024-07-10 10:12:26","",""
"ESPRESSO","#5763","Point of Sale","1","1x 20oz\ICED LARGE","682","2024-07-10 10:07:03","2024-07-10 10:18:25","",""
"ESPRESSO","#9786","Point of Sale","1","1x 16oz/Large","586","2024-07-10 10:08:39","2024-07-10 10:18:25","",""
"ESPRESSO","#100","Point of Sale","1","1x 12oz/Medium","178","2024-07-10 10:15:28","2024-07-10 10:18:26","",""
"ESPRESSO","#1069","Point of Sale","3","1x 8oz/Small; 1x 16oz/Large; 1x 16oz/Large","510","2024-07-10 10:16:55","2024-07-10 10:25:25","",""
"ESPRESSO","#4340","Point of Sale","1","1x 12oz/Medium","460","2024-07-10 10:17:46","2024-07-10 10:25:26","",""
"ESPRESSO","#8506","Point of Sale","1","1x 8oz/Small","322","2024-07-10 10:23:36","2024-07-10 10:28:58","",""
"ESPRESSO","#9059","Point of Sale","2","1x 16oz/Large; 1x 16oz/Large","446","2024-07-10 10:24:33","2024-07-10 10:31:59","",""
"ESPRESSO","#1314","Point of Sale","3","1x Bacon And Egg Breakfast Wrap; 1x 6oz; 1x 16oz/Large","4170","2024-07-10 10:25:23","2024-07-10 11:34:53","","2024-07-10T00:44:31.000Z"
"ESPRESSO","#2233","Point of Sale","1","1x 6oz","293","2024-07-10 10:27:06","2024-07-10 10:31:59","",""
"ESPRESSO","#404","Point of Sale","1","1x 12oz/Medium","3994","2024-07-10 10:28:19","2024-07-10 11:34:53","",""
"ESPRESSO","#2167","Point of Sale","1","1x 8oz/Small","3965","2024-07-10 10:28:48","2024-07-10 11:34:53","",""
"ESPRESSO","#4516","Point of Sale","1","1x 4oz/Pic, Esp, Dop","3552","2024-07-10 10:35:41","2024-07-10 11:34:53","",""
"ESPRESSO","#6980","Point of Sale","1","1x 12oz/Medium","3449","2024-07-10 10:37:24","2024-07-10 11:34:53","",""
"ESPRESSO","#5660","Point of Sale","1","1x 6oz","874","2024-07-10 10:41:02","2024-07-10 10:55:36","",""
"ESPRESSO","#6018","Point of Sale","2","1x 12oz/Medium; 1x 12oz/Medium","722","2024-07-10 10:43:34","2024-07-10 10:55:36","",""
"ESPRESSO","#2034","Point of Sale","1","1x 6oz","684","2024-07-10 10:44:11","2024-07-10 10:55:35","",""
"ESPRESSO","#8175","Point of Sale","4","2x 16oz/ICED MEDIUM; 1x 8oz/Small; 1x 12oz/Medium","548","2024-07-10 10:46:30","2024-07-10 10:55:38","",""
"ESPRESSO","#3214","Point of Sale","1","1x 12oz/Medium","316","2024-07-10 10:47:26","2024-07-10 10:52:42","",""
"ESPRESSO","#6130","Point of Sale","1","1x 20oz\ICED LARGE","764","2024-07-10 10:50:50","2024-07-10 11:03:34","",""
"ESPRESSO","#9348","Point of Sale","1","1x 4oz/Pic, Esp, Dop","166","2024-07-10 11:00:48","2024-07-10 11:03:34","",""
"ESPRESSO","#2394","Point of Sale","2","1x 6oz; 1x Protein Ball - Peanut Butter","573","2024-07-10 11:01:12","2024-07-10 11:10:45","",""
"ESPRESSO","#9148","Point of Sale","1","1x Protein Ball - Peanut Butter","548","2024-07-10 11:01:37","2024-07-10 11:10:45","",""
"ESPRESSO","#7127","Point of Sale","1","1x 12oz/Medium","527","2024-07-10 11:01:58","2024-07-10 11:10:45","",""
"ESPRESSO","#5275","Point of Sale","2","1x 12oz/Medium; 1x 4oz/Pic, Esp, Dop","601","2024-07-10 11:03:12","2024-07-10 11:13:13","",""
"ESPRESSO","#800","Point of Sale","2","1x 12oz/Medium; 1x A Sweet Muffin","442","2024-07-10 11:05:49","2024-07-10 11:13:11","",""
"ESPRESSO","#8299","Point of Sale","2","1x A Savoury Muffin; 1x 16oz/Large","771","2024-07-10 11:06:39","2024-07-10 11:19:30","",""
"ESPRESSO","#1429","Point of Sale","2","1x A Savoury Muffin; 1x 12oz/Medium","676","2024-07-10 11:08:14","2024-07-10 11:19:30","",""
"ESPRESSO","#892","Point of Sale","1","1x 12oz/Medium","589","2024-07-10 11:09:41","2024-07-10 11:19:30","",""
"ESPRESSO","#39","Point of Sale","2","1x 12oz/Medium; 1x 8oz/Small","678","2024-07-10 11:10:24","2024-07-10 11:21:42","",""
"ESPRESSO","#9214","Point of Sale","1","1x 8oz/Small","82","2024-07-10 11:20:20","2024-07-10 11:21:42","",""
"ESPRESSO","#5076","Point of Sale","1","1x 4oz/Pic, Esp, Dop","5650","2024-07-10 11:23:43","2024-07-10 12:57:53","",""
"ESPRESSO","#9030","Point of Sale","1","1x 12oz/Medium","5595","2024-07-10 11:24:38","2024-07-10 12:57:53","",""
"ESPRESSO","#818","Point of Sale","1","1x Bobby Soda","4819","2024-07-10 11:37:34","2024-07-10 12:57:53","",""
"ESPRESSO","#2815","Point of Sale","1","1x 8oz/Small","3963","2024-07-10 11:51:50","2024-07-10 12:57:53","",""
"ESPRESSO","#7773","Point of Sale","1","1x 12oz/ICED SMALL","3922","2024-07-10 11:52:32","2024-07-10 12:57:54","",""
"ESPRESSO","#7925","Point of Sale","1","1x 4oz/Pic, Esp, Dop","2631","2024-07-10 12:14:12","2024-07-10 12:58:03","",""
"ESPRESSO","#3366","Point of Sale","1","1x A Sweet Muffin","1784","2024-07-10 12:28:20","2024-07-10 12:58:04","",""
"ESPRESSO","#3800","Point of Sale","2","1x 4oz/Pic, Esp, Dop; 1x A Sweet Muffin","990","2024-07-10 12:41:34","2024-07-10 12:58:04","",""
"ESPRESSO","#1081","Point of Sale","1","1x 8oz/Small","972","2024-07-10 12:41:51","2024-07-10 12:58:03","",""
"ESPRESSO","#8119","Point of Sale","1","1x 4oz/Pic, Esp, Dop","177","2024-07-10 12:55:06","2024-07-10 12:58:03","",""
"ESPRESSO","#9376","Point of Sale","1","1x 8oz/Small","893","2024-07-10 12:56:24","2024-07-10 13:11:17","",""
"ESPRESSO","#2115","Point of Sale","1","1x 12oz/Medium","630","2024-07-10 13:00:47","2024-07-10 13:11:17","",""
"ESPRESSO","#4454","Point of Sale","1","1x 4oz/Pic, Esp, Dop","905","2024-07-10 13:12:51","2024-07-10 13:27:56","",""
"ESPRESSO","#6379","Point of Sale","1","1x 4oz/Pic, Esp, Dop","641","2024-07-10 13:17:15","2024-07-10 13:27:56","",""
"ESPRESSO","#8914","Point of Sale","3","1x 12oz/Medium; 1x 16oz/Large; 1x 16oz/ICED MEDIUM","510","2024-07-10 13:19:26","2024-07-10 13:27:56","",""
"ESPRESSO","#4490","Point of Sale","1","1x 12oz/ICED SMALL","246","2024-07-10 13:23:51","2024-07-10 13:27:57","",""
"ESPRESSO","#6585","Point of Sale","1","1x 12oz/Medium","40","2024-07-10 13:27:25","2024-07-10 13:28:05","",""
"ESPRESSO","#7951","Point of Sale","1","1x 6oz","1134","2024-07-11 05:06:16","2024-07-11 05:25:10","",""
"ESPRESSO","#7475","Point of Sale","2","1x 12oz/Medium; 1x 12oz/Medium","356","2024-07-11 05:19:14","2024-07-11 05:25:10","",""
"ESPRESSO","#8697","Point of Sale","1","1x 16oz/Large","296","2024-07-11 05:20:15","2024-07-11 05:25:11","",""
"ESPRESSO","#7039","Point of Sale","1","1x 12oz/Medium","260","2024-07-11 05:20:51","2024-07-11 05:25:11","",""
"ESPRESSO","#8085","Point of Sale","2","2x 12oz/Medium","1203","2024-07-11 05:26:15","2024-07-11 05:46:18","",""
"ESPRESSO","#7113","Point of Sale","2","1x 16oz/Large; 1x 12oz/Medium","718","2024-07-11 05:34:20","2024-07-11 05:46:18","",""
"ESPRESSO","#5977","Point of Sale","1","1x 12oz/Medium","640","2024-07-11 05:35:38","2024-07-11 05:46:18","",""
"ESPRESSO","#3685","Point of Sale","3","1x 12oz/Medium; 1x Babycino; 1x 16oz/Large","325","2024-07-11 05:40:53","2024-07-11 05:46:18","",""
"ESPRESSO","#9719","Point of Sale","1","1x 8oz/Small","225","2024-07-11 05:42:34","2024-07-11 05:46:19","",""
"ESPRESSO","#9837","Point of Sale","1","1x 8oz/Small","128","2024-07-11 05:47:06","2024-07-11 05:49:14","",""
"ESPRESSO","#2862","Point of Sale","1","1x 16oz/Large","203","2024-07-11 05:49:45","2024-07-11 05:53:08","",""
"ESPRESSO","#6159","Point of Sale","1","1x 16oz/Large","406","2024-07-11 05:53:13","2024-07-11 05:59:59","",""
"ESPRESSO","#2050","Point of Sale","1","1x 16oz/ICED MEDIUM","383","2024-07-11 05:53:36","2024-07-11 05:59:59","",""
"ESPRESSO","#7073","Point of Sale","1","1x 6oz","303","2024-07-11 05:54:56","2024-07-11 05:59:59","",""
"ESPRESSO","#8327","Point of Sale","2","1x 12oz/Medium; 1x 12oz/Medium","362","2024-07-11 05:56:43","2024-07-11 06:02:45","",""
"ESPRESSO","#7587","Point of Sale","3","2x 4oz/Pic, Esp, Dop; 1x 16oz/Large","412","2024-07-11 05:57:16","2024-07-11 06:04:08","",""
"ESPRESSO","#4984","Point of Sale","1","1x 6oz","395","2024-07-11 05:57:34","2024-07-11 06:04:09","",""
"ESPRESSO","#6825","Point of Sale","1","1x 12oz/Medium","671","2024-07-11 06:00:28","2024-07-11 06:11:39","",""
"ESPRESSO","#6829","Point of Sale","2","1x Bacon And Egg Breakfast Wrap; 1x 6oz","649","2024-07-11 06:00:49","2024-07-11 06:11:38","",""
"ESPRESSO","#5077","Point of Sale","2","1x Bacon And Egg Breakfast Wrap; 1x 8oz/Small","553","2024-07-11 06:02:25","2024-07-11 06:11:38","",""
"ESPRESSO","#8934","Point of Sale","1","1x 8oz/Small","209","2024-07-11 06:08:08","2024-07-11 06:11:37","",""
"ESPRESSO","#2237","Point of Sale","2","1x 12oz/Medium; 1x 6oz","152","2024-07-11 06:09:05","2024-07-11 06:11:37","",""
"ESPRESSO","#2972","Point of Sale","1","1x 6oz","266","2024-07-11 06:09:23","2024-07-11 06:13:49","",""
"ESPRESSO","#6148","Point of Sale","1","1x 12oz/Medium","569","2024-07-11 06:13:08","2024-07-11 06:22:37","",""
"ESPRESSO","#7098","Point of Sale","1","1x 16oz/Large","549","2024-07-11 06:13:29","2024-07-11 06:22:38","",""
"ESPRESSO","#483","Point of Sale","1","1x 12oz/Medium","511","2024-07-11 06:14:06","2024-07-11 06:22:37","",""
"ESPRESSO","#4574","Point of Sale","1","1x 12oz/Medium","491","2024-07-11 06:14:27","2024-07-11 06:22:38","",""
"ESPRESSO","#4379","Point of Sale","4","3x 8oz/Small; 1x 8oz/Small","248","2024-07-11 06:18:30","2024-07-11 06:22:38","",""
"ESPRESSO","#1694","Point of Sale","1","1x 16oz/Large","349","2024-07-11 06:18:45","2024-07-11 06:24:34","",""
"ESPRESSO","#3396","Point of Sale","2","1x 12oz/Medium; 1x 12oz/Medium","557","2024-07-11 06:20:24","2024-07-11 06:29:41","",""
"ESPRESSO","#7505","Point of Sale","1","1x 16oz/Large","538","2024-07-11 06:20:42","2024-07-11 06:29:40","",""
"ESPRESSO","#4171","Point of Sale","1","1x 16oz/Large","465","2024-07-11 06:21:55","2024-07-11 06:29:40","",""
"ESPRESSO","#1081","Point of Sale","1","1x 4oz/Pic, Esp, Dop","367","2024-07-11 06:23:33","2024-07-11 06:29:40","",""
"ESPRESSO","#5120","Point of Sale","1","1x 16oz/Large","521","2024-07-11 06:23:52","2024-07-11 06:32:33","",""
"ESPRESSO","#1921","Point of Sale","3","1x 12oz/Medium; 1x 8oz/Small; 1x A Cookie","478","2024-07-11 06:26:59","2024-07-11 06:34:57","",""
"ESPRESSO","1495879775","Square Online","1","1x 12oz/Medium","356","2024-07-11 06:26:59","2024-07-11 06:32:55","2024-07-11 06:26:54",""
"ESPRESSO","#4227","Point of Sale","1","1x 12oz/Medium","275","2024-07-11 06:30:24","2024-07-11 06:34:59","",""
"ESPRESSO","#7150","Point of Sale","1","1x 12oz/Medium","169","2024-07-11 06:32:10","2024-07-11 06:34:59","",""
"ESPRESSO","502638094","Square Online","1","1x 12oz/Medium","719","2024-07-11 06:32:21","2024-07-11 06:44:20","2024-07-11 06:32:16",""
"ESPRESSO","#5965","Point of Sale","1","1x 12oz/Medium","633","2024-07-11 06:33:46","2024-07-11 06:44:19","",""
"ESPRESSO","#8701","Point of Sale","1","1x 12oz/Medium","465","2024-07-11 06:36:35","2024-07-11 06:44:20","",""
"ESPRESSO","#868","Point of Sale","5","1x 6oz; 2x A Sweet Muffin; 1x 6oz; 1x 500g Beans","421","2024-07-11 06:40:06","2024-07-11 06:47:07","",""
"ESPRESSO","#8973","Point of Sale","2","1x 12oz/Medium; 1x 4oz/Pic, Esp, Dop","370","2024-07-11 06:40:57","2024-07-11 06:47:07","",""
"ESPRESSO","#5902","Point of Sale","1","1x 16oz/Large","792","2024-07-11 06:42:10","2024-07-11 06:55:22","",""
"ESPRESSO","#7819","Point of Sale","1","1x 12oz/Medium","284","2024-07-11 06:50:39","2024-07-11 06:55:23","",""
"ESPRESSO","#3948","Point of Sale","1","1x 8oz/Small","214","2024-07-11 06:51:50","2024-07-11 06:55:24","",""
"ESPRESSO","#1328","Point of Sale","1","1x 8oz/Small","183","2024-07-11 06:52:21","2024-07-11 06:55:24","",""
"ESPRESSO","#3847","Point of Sale","1","1x 12oz/Medium","166","2024-07-11 06:52:38","2024-07-11 06:55:24","",""
"ESPRESSO","#9037","Point of Sale","1","1x 6oz","419","2024-07-11 06:57:17","2024-07-11 07:04:16","",""
"ESPRESSO","#8853","Point of Sale","7","1x 8oz/Small; 1x 8oz/Small; 1x 12oz/Medium; 1x 12oz/Medium; 1x 8oz/Small; 1x 12oz/Medium; 1x 12oz/Medium","365","2024-07-11 07:00:17","2024-07-11 07:06:22","",""
"ESPRESSO","#2421","Point of Sale","3","1x 16oz/Large; 2x 16oz/Large","603","2024-07-11 07:00:46","2024-07-11 07:10:49","",""
"ESPRESSO","#4636","Point of Sale","1","1x 12oz/Medium","579","2024-07-11 07:01:10","2024-07-11 07:10:49","",""
"ESPRESSO","#572","Point of Sale","2","1x 8oz/Small; 1x 12oz/Medium","623","2024-07-11 07:02:02","2024-07-11 07:12:25","",""
"ESPRESSO","#1769","Point of Sale","3","2x Bacon And Egg Breakfast Wrap; 1x 12oz/Medium","667","2024-07-11 07:08:27","2024-07-11 07:19:34","",""
"ESPRESSO","#7375","Point of Sale","1","1x 8oz/Small","393","2024-07-11 07:13:01","2024-07-11 07:19:34","",""
"ESPRESSO","#9976","Point of Sale","1","1x 12oz/Medium","329","2024-07-11 07:14:05","2024-07-11 07:19:34","",""
"ESPRESSO","#3545","Point of Sale","1","1x 12oz/Medium","123","2024-07-11 07:17:31","2024-07-11 07:19:34","",""
"ESPRESSO","#8038","Point of Sale","1","1x 6oz","122","2024-07-11 07:19:28","2024-07-11 07:21:30","",""
"ESPRESSO","#1245","Point of Sale","1","1x 4oz/Pic, Esp, Dop","290","2024-07-11 07:23:38","2024-07-11 07:28:28","",""
"ESPRESSO","#4411","Point of Sale","2","1x 8oz/Small; 1x 12oz/Medium","245","2024-07-11 07:24:24","2024-07-11 07:28:29","",""
"ESPRESSO","#612","Point of Sale","1","1x 16oz/Large","231","2024-07-11 07:24:39","2024-07-11 07:28:30","",""
"ESPRESSO","#2697","Point of Sale","2","2x 4oz/Pic, Esp, Dop","111","2024-07-11 07:26:38","2024-07-11 07:28:29","",""
"ESPRESSO","#1795","Point of Sale","1","1x 6oz","137","2024-07-11 07:33:02","2024-07-11 07:35:19","",""
"ESPRESSO","#3137","Point of Sale","1","1x 16oz/Large","119","2024-07-11 07:33:20","2024-07-11 07:35:19","",""
"ESPRESSO","#1145","Point of Sale","1","1x 8oz/Small","301","2024-07-11 07:34:34","2024-07-11 07:39:35","",""
"ESPRESSO","#4319","Point of Sale","1","1x 12oz/Medium","242","2024-07-11 07:35:33","2024-07-11 07:39:35","",""
"ESPRESSO","#7546","Point of Sale","2","1x Bacon And Egg Breakfast Wrap; 1x 12oz/Medium","210","2024-07-11 07:36:05","2024-07-11 07:39:35","",""
"ESPRESSO","#8007","Point of Sale","1","1x 12oz/Medium","184","2024-07-11 07:36:31","2024-07-11 07:39:35","",""
"ESPRESSO","#8759","Point of Sale","2","1x 16oz/ICED MEDIUM; 1x 12oz/Medium","385","2024-07-11 07:42:03","2024-07-11 07:48:28","",""
"ESPRESSO","#8366","Point of Sale","1","1x 12oz/Medium","261","2024-07-11 07:44:07","2024-07-11 07:48:28","",""
"ESPRESSO","#9403","Point of Sale","3","1x Pupacino; 1x 12oz/Medium; 1x A Sweet Muffin","209","2024-07-11 07:44:59","2024-07-11 07:48:28","",""
"ESPRESSO","#2219","Point of Sale","1","1x 16oz/Large","218","2024-07-11 07:47:11","2024-07-11 07:50:49","",""
"ESPRESSO","#8397","Point of Sale","1","1x 16oz/Large","174","2024-07-11 07:47:55","2024-07-11 07:50:49","",""
"ESPRESSO","#3187","Point of Sale","2","1x 6oz; 1x 6oz","487","2024-07-11 07:51:29","2024-07-11 07:59:36","",""
"ESPRESSO","#8165","Point of Sale","1","1x 16oz/Large","336","2024-07-11 07:54:00","2024-07-11 07:59:36","",""
"ESPRESSO","#6599","Point of Sale","1","1x 6oz","93","2024-07-11 07:58:04","2024-07-11 07:59:37","",""
"ESPRESSO","#7387","Point of Sale","1","1x 16oz/ICED MEDIUM","503","2024-07-11 07:59:24","2024-07-11 08:07:47","",""
"ESPRESSO","#9078","Point of Sale","1","1x 250g Beans","266","2024-07-11 08:03:21","2024-07-11 08:07:47","",""
"ESPRESSO","#2542","Point of Sale","1","1x 12oz/Medium","132","2024-07-11 08:05:35","2024-07-11 08:07:47","",""
"ESPRESSO","#9384","Point of Sale","1","1x 12oz/Medium","336","2024-07-11 08:08:53","2024-07-11 08:14:29","",""
"ESPRESSO","#9032","Point of Sale","1","1x 12oz/Medium","62","2024-07-11 08:13:26","2024-07-11 08:14:28","",""
"ESPRESSO","#5390","Point of Sale","3","1x Protein Ball - Peanut Butter; 1x A Sweet Muffin; 1x 8oz/Small","229","2024-07-11 08:14:56","2024-07-11 08:18:45","",""
"ESPRESSO","#2341","Point of Sale","1","1x 12oz/Medium","151","2024-07-11 08:19:55","2024-07-11 08:22:26","",""
"ESPRESSO","#7308","Point of Sale","2","1x A Savoury Muffin; 1x 16oz/Large","290","2024-07-11 08:22:34","2024-07-11 08:27:24","",""
"ESPRESSO","#7962","Point of Sale","1","1x 16oz/Large","177","2024-07-11 08:24:27","2024-07-11 08:27:24","",""
"ESPRESSO","#1706","Point of Sale","2","1x 12oz/Medium; 1x A Sweet Muffin","373","2024-07-11 08:24:39","2024-07-11 08:30:52","",""
"ESPRESSO","#4442","Point of Sale","1","1x 16oz/ICED MEDIUM","301","2024-07-11 08:25:51","2024-07-11 08:30:52","",""
"ESPRESSO","#2063","Point of Sale","1","1x 8oz/Small","226","2024-07-11 08:27:06","2024-07-11 08:30:52","",""
"ESPRESSO","#7688","Point of Sale","1","1x 4oz/Pic, Esp, Dop","308","2024-07-11 08:27:43","2024-07-11 08:32:51","",""
"ESPRESSO","#165","Point of Sale","1","1x 6oz","250","2024-07-11 08:28:42","2024-07-11 08:32:52","",""
"ESPRESSO","#5676","Point of Sale","1","1x 12oz/Medium","196","2024-07-11 08:29:35","2024-07-11 08:32:51","",""
"ESPRESSO","#6510","Point of Sale","1","1x 12oz/Medium","742","2024-07-11 08:32:06","2024-07-11 08:44:28","",""
"ESPRESSO","#5763","Point of Sale","1","1x 12oz/Medium","674","2024-07-11 08:33:14","2024-07-11 08:44:28","",""
"ESPRESSO","#5619","Point of Sale","1","1x 6oz","333","2024-07-11 08:38:55","2024-07-11 08:44:28","",""
"ESPRESSO","#404","Point of Sale","1","1x 6oz","279","2024-07-11 08:39:50","2024-07-11 08:44:29","",""
"ESPRESSO","#8191","Point of Sale","2","1x 12oz/Medium; 1x 12oz/Medium","160","2024-07-11 08:45:09","2024-07-11 08:47:49","",""
"ESPRESSO","#3981","Point of Sale","2","1x 12oz/Medium; 1x 12oz/Medium","214","2024-07-11 08:45:35","2024-07-11 08:49:09","",""
"ESPRESSO","#4899","Point of Sale","2","1x A Sweet Muffin; 1x 12oz/Medium","280","2024-07-11 08:46:40","2024-07-11 08:51:20","",""
"ESPRESSO","#2843","Point of Sale","2","1x 12oz/Medium; 1x 8oz/Small","237","2024-07-11 08:47:24","2024-07-11 08:51:21","",""
"ESPRESSO","#523","Point of Sale","2","1x 12oz/Medium; 1x 6oz","229","2024-07-11 08:50:39","2024-07-11 08:54:28","",""
"ESPRESSO","#534","Point of Sale","2","1x 16oz/Large; 1x 16oz/ICED MEDIUM","216","2024-07-11 08:54:23","2024-07-11 08:57:59","",""
"ESPRESSO","#5553","Point of Sale","1","1x 12oz/Medium","229","2024-07-11 08:58:18","2024-07-11 09:02:07","",""
"ESPRESSO","#6629","Point of Sale","2","1x A Sweet Muffin; 1x 16oz/ICED MEDIUM","181","2024-07-11 08:59:06","2024-07-11 09:02:07","",""
"ESPRESSO","#8134","Point of Sale","1","1x Fruit Juice","614","2024-07-11 09:04:47","2024-07-11 09:15:01","",""
"ESPRESSO","#1793","Point of Sale","1","1x 16oz/Large","524","2024-07-11 09:06:18","2024-07-11 09:15:02","",""
"ESPRESSO","#854","Point of Sale","1","1x 12oz/Medium","278","2024-07-11 09:20:48","2024-07-11 09:25:26","",""
"ESPRESSO","#1466","Point of Sale","1","1x 8oz/Small","307","2024-07-11 09:24:46","2024-07-11 09:29:53","",""
"ESPRESSO","#8040","Point of Sale","1","1x 8oz/Small","289","2024-07-11 09:25:04","2024-07-11 09:29:53","",""
"ESPRESSO","#55","Point of Sale","2","1x 8oz/Small; 1x Portugese Tart","253","2024-07-11 09:25:40","2024-07-11 09:29:53","",""
"ESPRESSO","#3053","Point of Sale","1","1x 8oz/Small","225","2024-07-11 09:26:09","2024-07-11 09:29:54","",""
"ESPRESSO","#1610","Point of Sale","1","1x 8oz/Small","309","2024-07-11 09:26:49","2024-07-11 09:31:58","",""
"ESPRESSO","#4803","Point of Sale","1","1x 20oz\ICED LARGE","267","2024-07-11 09:27:32","2024-07-11 09:31:59","",""
"ESPRESSO","#5146","Point of Sale","1","1x 12oz/Medium","229","2024-07-11 09:31:20","2024-07-11 09:35:09","",""
"ESPRESSO","#8226","Point of Sale","1","1x A Savoury Muffin","115","2024-07-11 09:33:15","2024-07-11 09:35:10","",""
"ESPRESSO","#8737","Point of Sale","1","1x 6oz","29","2024-07-11 09:34:41","2024-07-11 09:35:10","",""
"ESPRESSO","#3025","Point of Sale","3","1x 12oz/Medium; 1x 16oz/Large; 1x Bacon And Egg Breakfast Wrap","814","2024-07-11 09:39:32","2024-07-11 09:53:06","",""
"ESPRESSO","#3721","Point of Sale","1","1x 12oz/Medium","486","2024-07-11 09:45:03","2024-07-11 09:53:09","",""
"ESPRESSO","#6274","Point of Sale","1","1x 12oz/Medium","63","2024-07-11 09:52:05","2024-07-11 09:53:08","",""
"ESPRESSO","#6976","Point of Sale","1","1x 6oz","543","2024-07-11 09:54:50","2024-07-11 10:03:53","",""
"ESPRESSO","#2368","Point of Sale","1","1x 12oz/Medium","506","2024-07-11 09:55:27","2024-07-11 10:03:53","",""
"ESPRESSO","#7894","Point of Sale","1","1x 8oz/Small","471","2024-07-11 09:56:04","2024-07-11 10:03:55","",""
"ESPRESSO","#4529","Point of Sale","1","1x 8oz/Small","409","2024-07-11 10:03:44","2024-07-11 10:10:33","",""
"ESPRESSO","#5574","Point of Sale","2","1x Bacon And Egg Breakfast Wrap; 1x 12oz/Medium","372","2024-07-11 10:04:22","2024-07-11 10:10:34","",""
"ESPRESSO","#640","Point of Sale","1","1x 16oz/Large","251","2024-07-11 10:06:22","2024-07-11 10:10:33","",""
"ESPRESSO","#33","Point of Sale","2","1x 12oz/Medium; 1x 8oz/Small","473","2024-07-11 10:07:31","2024-07-11 10:15:24","",""
"ESPRESSO","#1222","Point of Sale","1","1x 12oz/Medium","302","2024-07-11 10:10:23","2024-07-11 10:15:25","",""
"ESPRESSO","#1146","Point of Sale","1","1x 8oz/Small","282","2024-07-11 10:10:43","2024-07-11 10:15:25","",""
"ESPRESSO","#9446","Point of Sale","1","1x 4oz/Pic, Esp, Dop","185","2024-07-11 10:12:20","2024-07-11 10:15:25","",""
"ESPRESSO","#2100","Point of Sale","1","1x 12oz/Medium","153","2024-07-11 10:17:33","2024-07-11 10:20:06","",""
"ESPRESSO","#2479","Point of Sale","1","1x 8oz/Small","132","2024-07-11 10:17:53","2024-07-11 10:20:05","",""
"ESPRESSO","#1093","Point of Sale","1","1x 8oz/Small","306","2024-07-11 10:18:26","2024-07-11 10:23:32","",""
"ESPRESSO","#6333","Point of Sale","1","1x 12oz/Medium","86","2024-07-11 10:22:06","2024-07-11 10:23:32","",""
"ESPRESSO","#7850","Point of Sale","2","1x 8oz/Small; 1x 12oz/Medium","306","2024-07-11 10:23:47","2024-07-11 10:28:53","",""
"ESPRESSO","#6674","Point of Sale","1","1x 8oz/Small","279","2024-07-11 10:24:14","2024-07-11 10:28:53","",""
"ESPRESSO","#2736","Point of Sale","1","1x 20oz\ICED LARGE","250","2024-07-11 10:24:43","2024-07-11 10:28:53","",""
"ESPRESSO","#2985","Point of Sale","1","1x 8oz/Small","323","2024-07-11 10:30:52","2024-07-11 10:36:15","",""
"ESPRESSO","#2182","Point of Sale","1","1x 8oz/Small","240","2024-07-11 10:32:15","2024-07-11 10:36:15","",""
"ESPRESSO","#5806","Point of Sale","3","1x 12oz/Medium; 1x A Sweet Muffin; 1x 500g Beans","117","2024-07-11 10:38:47","2024-07-11 10:40:44","",""
"ESPRESSO","#4327","Point of Sale","2","2x Butterbing!","80","2024-07-11 10:39:24","2024-07-11 10:40:44","",""
"ESPRESSO","#1690","Point of Sale","1","1x 12oz/Medium","1757","2024-07-11 10:40:03","2024-07-11 11:09:20","",""
"ESPRESSO","#3459","Point of Sale","1","1x 16oz/Large","1670","2024-07-11 10:41:28","2024-07-11 11:09:18","",""
"ESPRESSO","#6554","Point of Sale","1","1x 20oz\ICED LARGE","989","2024-07-11 10:52:49","2024-07-11 11:09:18","",""
"ESPRESSO","#1353","Point of Sale","1","1x 12oz/Medium","869","2024-07-11 10:54:49","2024-07-11 11:09:18","",""
"ESPRESSO","#1335","Point of Sale","3","1x 8oz/Small; 2x Pods - 10 Pack","558","2024-07-11 11:00:00","2024-07-11 11:09:18","",""
"ESPRESSO","#8015","Point of Sale","1","1x 12oz/Medium","97","2024-07-11 11:07:48","2024-07-11 11:09:25","",""
"ESPRESSO","#8002","Point of Sale","2","1x 12oz/Medium; 1x 8oz/Small","1341","2024-07-11 11:10:11","2024-07-11 11:32:32","",""
"ESPRESSO","#1152","Point of Sale","1","1x 12oz/Medium","1300","2024-07-11 11:10:52","2024-07-11 11:32:32","",""
"ESPRESSO","#825","Point of Sale","1","1x Bacon And Egg Breakfast Wrap","1089","2024-07-11 11:14:23","2024-07-11 11:32:32","",""
"ESPRESSO","#8686","Point of Sale","1","1x 16oz/ICED MEDIUM","1056","2024-07-11 11:15:00","2024-07-11 11:32:36","",""
"ESPRESSO","#2282","Point of Sale","1","1x 12oz/Medium","904","2024-07-11 11:17:28","2024-07-11 11:32:32","",""
"ESPRESSO","#1215","Point of Sale","1","1x 16oz/Large","891","2024-07-11 11:17:47","2024-07-11 11:32:38","",""
"ESPRESSO","#8782","Point of Sale","1","1x 6oz","283","2024-07-11 11:27:57","2024-07-11 11:32:40","",""
"ESPRESSO","#2930","Point of Sale","2","1x 12oz/Medium; 1x A Cookie","62773","2024-07-11 11:32:18","2024-07-12 04:58:31","",""
"ESPRESSO","#8601","Point of Sale","1","1x 12oz/Medium","62290","2024-07-11 11:40:22","2024-07-12 04:58:32","",""
"ESPRESSO","#5173","Point of Sale","1","1x 4oz/Pic, Esp, Dop","61779","2024-07-11 11:48:53","2024-07-12 04:58:32","",""
"ESPRESSO","#3041","Point of Sale","1","1x Bacon And Egg Breakfast Wrap","61725","2024-07-11 11:49:48","2024-07-12 04:58:33","",""
"ESPRESSO","#8394","Point of Sale","1","1x 12oz/Medium","61598","2024-07-11 11:51:55","2024-07-12 04:58:33","",""
"ESPRESSO","#4085","Point of Sale","1","1x 16oz/Large","62071","2024-07-11 12:17:52","2024-07-12 05:32:23","",""
"ESPRESSO","#564","Point of Sale","1","1x 16oz/Large","61683","2024-07-11 12:24:20","2024-07-12 05:32:23","",""
"ESPRESSO","#2835","Point of Sale","1","1x 4oz/Pic, Esp, Dop","60943","2024-07-11 12:36:40","2024-07-12 05:32:23","",""
"ESPRESSO","#3621","Point of Sale","1","1x 6oz","60425","2024-07-11 12:45:18","2024-07-12 05:32:23","",""
"ESPRESSO","#9966","Point of Sale","1","1x 12oz/Medium","59850","2024-07-11 12:54:54","2024-07-12 05:32:24","",""
"ESPRESSO","#4788","Point of Sale","1","1x Bacon And Egg Breakfast Wrap","59456","2024-07-11 13:01:33","2024-07-12 05:32:29","",""
"ESPRESSO","#8341","Point of Sale","1","1x 12oz/Medium","59436","2024-07-11 13:01:53","2024-07-12 05:32:29","",""
"ESPRESSO","#5876","Point of Sale","1","1x 12oz/Medium","59153","2024-07-11 13:06:36","2024-07-12 05:32:29","",""
"ESPRESSO","#3161","Point of Sale","1","1x 16oz/ICED MEDIUM","58894","2024-07-11 13:10:55","2024-07-12 05:32:29","",""
"ESPRESSO","#1588","Point of Sale","1","1x 8oz/Small","58335","2024-07-11 13:20:14","2024-07-12 05:32:29","",""
"ESPRESSO","#9102","Point of Sale","1","1x 12oz/Medium","58184","2024-07-11 13:22:51","2024-07-12 05:32:35","",""
"ESPRESSO","#6926","Point of Sale","1","1x A Sweet Muffin","57509","2024-07-11 13:34:05","2024-07-12 05:32:34","",""
"ESPRESSO","#569","Point of Sale","1","1x 12oz/Medium","57351","2024-07-11 13:36:44","2024-07-12 05:32:35","",""
"ESPRESSO","#2131","Point of Sale","2","2x 4oz/Pic, Esp, Dop","1620","2024-07-12 05:05:37","2024-07-12 05:32:37","",""
"ESPRESSO","#3674","Point of Sale","1","1x 16oz/Large","1001","2024-07-12 05:15:54","2024-07-12 05:32:35","",""
"ESPRESSO","#8642","Point of Sale","2","1x 16oz/Large; 1x Bacon And Egg Breakfast Wrap","1185","2024-07-12 05:20:13","2024-07-12 05:39:58","",""
"ESPRESSO","#6336","Point of Sale","3","1x 12oz/ICED SMALL; 1x A Sweet Muffin; 1x 12oz/Medium","1036","2024-07-12 05:22:41","2024-07-12 05:39:57","",""
"ESPRESSO","#3599","Point of Sale","1","1x 12oz/Medium","1040","2024-07-12 05:31:50","2024-07-12 05:49:10","",""
"ESPRESSO","#5173","Point of Sale","1","1x A Sweet Muffin","330","2024-07-12 05:34:28","2024-07-12 05:39:58","",""
"ESPRESSO","#1568","Point of Sale","1","1x 12oz/Medium","219","2024-07-12 05:36:20","2024-07-12 05:39:59","",""
"ESPRESSO","#6480","Point of Sale","2","2x 16oz/Large","586","2024-07-12 05:39:23","2024-07-12 05:49:09","",""
"ESPRESSO","#7586","Point of Sale","1","1x 12oz/Medium","162","2024-07-12 05:46:28","2024-07-12 05:49:10","",""
"ESPRESSO","#7657","Point of Sale","1","1x Black Mass","90","2024-07-12 05:47:41","2024-07-12 05:49:11","",""
"ESPRESSO","#7538","Point of Sale","2","2x 12oz/Medium","276","2024-07-12 05:48:03","2024-07-12 05:52:39","",""
"ESPRESSO","#2797","Point of Sale","2","2x 12oz/Medium","331","2024-07-12 05:48:30","2024-07-12 05:54:01","",""
"ESPRESSO","#7674","Point of Sale","1","1x 16oz/Large","635","2024-07-12 05:48:50","2024-07-12 05:59:25","",""
"ESPRESSO","#1346","Point of Sale","1","1x 16oz/Large","493","2024-07-12 05:51:13","2024-07-12 05:59:26","",""
"ESPRESSO","#7163","Point of Sale","1","1x 16oz/ICED MEDIUM","203","2024-07-12 05:54:06","2024-07-12 05:57:29","",""
"ESPRESSO","#8749","Point of Sale","1","1x 12oz/Medium","226","2024-07-12 05:55:41","2024-07-12 05:59:27","",""
"ESPRESSO","#8701","Point of Sale","2","1x 4oz/Pic, Esp, Dop; 1x 12oz/Medium","180","2024-07-12 05:56:27","2024-07-12 05:59:27","",""
"ESPRESSO","#6674","Point of Sale","1","1x 12oz/Medium","156","2024-07-12 05:56:52","2024-07-12 05:59:28","",""
"ESPRESSO","#8366","Point of Sale","1","1x 12oz/Medium","246","2024-07-12 05:57:15","2024-07-12 06:01:21","",""
"ESPRESSO","#7932","Point of Sale","1","1x 12oz/Medium","282","2024-07-12 05:58:00","2024-07-12 06:02:42","",""
"ESPRESSO","#2692","Point of Sale","1","1x 6oz","255","2024-07-12 05:58:27","2024-07-12 06:02:42","",""
"ESPRESSO","Aj","Point of Sale","1","1x 8oz/Small","267","2024-07-12 05:58:47","2024-07-12 06:03:14","",""
"ESPRESSO","#3440","Point of Sale","2","2x 4oz/Pic, Esp, Dop","653","2024-07-12 05:59:00","2024-07-12 06:09:53","",""
"ESPRESSO","#7592","Point of Sale","1","1x 12oz/Medium","562","2024-07-12 06:00:31","2024-07-12 06:09:53","",""
"ESPRESSO","#6104","Point of Sale","2","1x 12oz/Medium; 1x 4oz/Pic, Esp, Dop","457","2024-07-12 06:02:16","2024-07-12 06:09:53","",""
"ESPRESSO","#5738","Point of Sale","1","1x 8oz/Small","283","2024-07-12 06:05:10","2024-07-12 06:09:53","",""
"ESPRESSO","#7920","Point of Sale","2","1x 4oz/Pic, Esp, Dop; 1x Protein Ball - Peanut Butter","328","2024-07-12 06:11:03","2024-07-12 06:16:31","",""
"ESPRESSO","#7806","Point of Sale","1","1x 16oz/Large","291","2024-07-12 06:11:40","2024-07-12 06:16:31","",""
"ESPRESSO","#5612","Point of Sale","1","1x 12oz/Medium","274","2024-07-12 06:11:56","2024-07-12 06:16:30","",""
"ESPRESSO","#9749","Point of Sale","1","1x 12oz/Medium","84","2024-07-12 06:15:06","2024-07-12 06:16:30","",""
"ESPRESSO","#2046","Point of Sale","1","1x 8oz/Small","204","2024-07-12 06:16:20","2024-07-12 06:19:44","",""
"ESPRESSO","1433279623","Square Online","1","1x 16oz/Large","174","2024-07-12 06:16:49","2024-07-12 06:19:43","2024-07-12 06:16:44",""
"ESPRESSO","#9334","Point of Sale","2","1x 16oz/Large; 1x 16oz/Large","592","2024-07-12 06:17:56","2024-07-12 06:27:48","",""
"ESPRESSO","#8593","Point of Sale","1","1x 6oz","448","2024-07-12 06:20:21","2024-07-12 06:27:49","",""
"ESPRESSO","#8298","Point of Sale","1","1x 8oz/Small","401","2024-07-12 06:21:08","2024-07-12 06:27:49","",""
"ESPRESSO","Jp","Point of Sale","1","1x 12oz/Medium","416","2024-07-12 06:23:56","2024-07-12 06:30:52","",""
"ESPRESSO","#7944","Point of Sale","1","1x 6oz","194","2024-07-12 06:28:57","2024-07-12 06:32:11","",""
"ESPRESSO","#2667","Point of Sale","2","1x 12oz/Medium; 1x 6oz","650","2024-07-12 06:29:23","2024-07-12 06:40:13","",""
"ESPRESSO","#5151","Point of Sale","1","1x 8oz/Small","585","2024-07-12 06:30:28","2024-07-12 06:40:13","",""
"ESPRESSO","#2447","Point of Sale","1","1x 16oz/Large","513","2024-07-12 06:31:40","2024-07-12 06:40:13","",""
"ESPRESSO","#5896","Point of Sale","1","1x 16oz/Large","443","2024-07-12 06:32:51","2024-07-12 06:40:14","",""
"ESPRESSO","#9150","Point of Sale","1","1x 12oz/Medium","203","2024-07-12 06:36:51","2024-07-12 06:40:14","",""
"ESPRESSO","#4904","Point of Sale","1","1x 12oz/Medium","482","2024-07-12 06:40:30","2024-07-12 06:48:32","",""
"ESPRESSO","#2306","Point of Sale","1","1x 12oz/Medium","264","2024-07-12 06:44:08","2024-07-12 06:48:32","",""
"ESPRESSO","#7256","Point of Sale","2","1x 16oz/Large; 1x A Savoury Muffin","217","2024-07-12 06:44:54","2024-07-12 06:48:31","",""
"ESPRESSO","#1981","Point of Sale","1","1x 8oz/Small","9","2024-07-12 06:48:23","2024-07-12 06:48:32","",""
"ESPRESSO","#7469","Point of Sale","1","1x 12oz/Medium","141","2024-07-12 06:50:23","2024-07-12 06:52:44","",""
"ESPRESSO","#7351","Point of Sale","1","1x 12oz/Medium","113","2024-07-12 06:50:51","2024-07-12 06:52:44","",""
"ESPRESSO","#3571","Point of Sale","1","1x 12oz/Medium","345","2024-07-12 06:52:41","2024-07-12 06:58:26","",""
"ESPRESSO","#2224","Point of Sale","1","1x 16oz/Large","282","2024-07-12 06:53:43","2024-07-12 06:58:25","",""
"ESPRESSO","#6636","Point of Sale","1","1x 8oz/Small","260","2024-07-12 06:54:05","2024-07-12 06:58:25","",""
"ESPRESSO","#3095","Point of Sale","2","1x 8oz/Small; 1x 12oz/Medium","166","2024-07-12 06:56:53","2024-07-12 06:59:39","",""
"ESPRESSO","#981","Point of Sale","1","1x 12oz/Medium","170","2024-07-12 06:59:06","2024-07-12 07:01:56","",""
"ESPRESSO","#685","Point of Sale","1","1x 12oz/ICED SMALL","153","2024-07-12 06:59:22","2024-07-12 07:01:55","",""
"ESPRESSO","#4071","Point of Sale","1","1x 12oz/ICED SMALL","136","2024-07-12 06:59:40","2024-07-12 07:01:56","",""
"ESPRESSO","#9840","Point of Sale","1","1x 16oz/Large","465","2024-07-12 06:59:56","2024-07-12 07:07:41","",""
"ESPRESSO","Emm","Point of Sale","1","1x 8oz/Small","444","2024-07-12 07:00:18","2024-07-12 07:07:42","",""
"ESPRESSO","#5784","Point of Sale","1","1x Babycino","277","2024-07-12 07:03:05","2024-07-12 07:07:42","",""
"ESPRESSO","#7829","Point of Sale","1","1x 12oz/Medium","439","2024-07-12 07:08:06","2024-07-12 07:15:25","",""
"ESPRESSO","#4229","Point of Sale","1","1x 12oz/Medium","291","2024-07-12 07:10:35","2024-07-12 07:15:26","",""
"ESPRESSO","#2972","Point of Sale","3","1x 12oz/Medium; 1x 12oz/Medium; 1x 12oz/Medium","251","2024-07-12 07:11:15","2024-07-12 07:15:26","",""
"ESPRESSO","#1880","Point of Sale","1","1x 12oz/Medium","242","2024-07-12 07:11:25","2024-07-12 07:15:27","",""
"ESPRESSO","#5039","Point of Sale","1","1x 8oz/Small","110","2024-07-12 07:13:37","2024-07-12 07:15:27","",""
"ESPRESSO","#4588","Point of Sale","2","1x 16oz/Large; 1x 12oz/Medium","397","2024-07-12 07:14:50","2024-07-12 07:21:27","",""
"ESPRESSO","#2154","Point of Sale","2","1x A Cookie; 1x 20oz\ICED LARGE","192","2024-07-12 07:18:16","2024-07-12 07:21:28","",""
"ESPRESSO","#3826","Point of Sale","1","1x 12oz/Medium","113","2024-07-12 07:19:36","2024-07-12 07:21:29","",""
"ESPRESSO","#9703","Point of Sale","1","1x 12oz/Medium","30","2024-07-12 07:20:58","2024-07-12 07:21:28","",""
"ESPRESSO","#4796","Point of Sale","1","1x 16oz/ICED MEDIUM","172","2024-07-12 07:23:27","2024-07-12 07:26:19","",""
"ESPRESSO","#4614","Point of Sale","1","1x 16oz/Large","155","2024-07-12 07:23:44","2024-07-12 07:26:19","",""
"ESPRESSO","#5354","Point of Sale","6","1x 12oz/Medium; 1x Butterbing!; 2x Bacon And Egg Breakfast Wrap; 1x 12oz/Medium; 1x A Sweet Muffin","135","2024-07-12 07:26:44","2024-07-12 07:28:59","",""
"ESPRESSO","#174","Point of Sale","2","1x 16oz/Large; 1x Bacon And Egg Breakfast Wrap","196","2024-07-12 07:27:07","2024-07-12 07:30:23","",""
"ESPRESSO","#9924","Point of Sale","1","1x 16oz/Large","171","2024-07-12 07:27:32","2024-07-12 07:30:23","",""
"ESPRESSO","Jimmy","Point of Sale","1","1x 6oz","206","2024-07-12 07:28:00","2024-07-12 07:31:26","",""
"ESPRESSO","#5067","Point of Sale","2","1x Bacon And Egg Breakfast Wrap; 1x 12oz/Medium","315","2024-07-12 07:28:43","2024-07-12 07:33:58","",""
"ESPRESSO","#5790","Point of Sale","1","1x 12oz/Medium","177","2024-07-12 07:31:02","2024-07-12 07:33:59","",""
"ESPRESSO","#4540","Point of Sale","1","1x 8oz/Small","385","2024-07-12 07:31:14","2024-07-12 07:37:39","",""
"ESPRESSO","#1831","Point of Sale","1","1x 12oz/Medium","248","2024-07-12 07:33:32","2024-07-12 07:37:40","",""
"ESPRESSO","#9155","Point of Sale","1","1x 4oz/Pic, Esp, Dop","218","2024-07-12 07:34:02","2024-07-12 07:37:40","",""
"ESPRESSO","#2468","Point of Sale","1","1x 16oz/Large","184","2024-07-12 07:34:36","2024-07-12 07:37:40","",""
"ESPRESSO","#8599","Point of Sale","2","1x 8oz/Small; 1x Babycino","264","2024-07-12 07:35:20","2024-07-12 07:39:44","",""
"ESPRESSO","#2638","Point of Sale","1","1x Bobby Soda","208","2024-07-12 07:36:17","2024-07-12 07:39:45","",""
"ESPRESSO","#4616","Point of Sale","2","1x 12oz/Medium; 1x 8oz/Small","364","2024-07-12 07:37:25","2024-07-12 07:43:29","",""
"ESPRESSO","#6892","Point of Sale","1","1x 12oz/Medium","263","2024-07-12 07:39:07","2024-07-12 07:43:30","",""
"ESPRESSO","#4219","Point of Sale","1","1x 12oz/Medium","258","2024-07-12 07:40:15","2024-07-12 07:44:33","",""
"ESPRESSO","#7439","Point of Sale","1","1x 12oz/Medium","60","2024-07-12 07:40:36","2024-07-12 07:41:36","",""
"ESPRESSO","#701","Point of Sale","1","1x 8oz/Small","93","2024-07-12 07:41:59","2024-07-12 07:43:32","",""
"ESPRESSO","#755","Point of Sale","1","1x 12oz/ICED SMALL","304","2024-07-12 07:42:18","2024-07-12 07:47:22","",""
"ESPRESSO","#81","Point of Sale","1","1x 12oz/Medium","290","2024-07-12 07:42:32","2024-07-12 07:47:22","",""
"ESPRESSO","#4970","Point of Sale","1","1x 12oz/Medium","261","2024-07-12 07:43:01","2024-07-12 07:47:22","",""
"ESPRESSO","#6340","Point of Sale","1","1x 16oz/Large","242","2024-07-12 07:43:19","2024-07-12 07:47:21","",""
"ESPRESSO","#2336","Point of Sale","2","2x 8oz/Small","565","2024-07-12 07:45:03","2024-07-12 07:54:28","",""
"ESPRESSO","#481","Point of Sale","1","1x 12oz/Medium","185","2024-07-12 07:51:23","2024-07-12 07:54:28","",""
"ESPRESSO","#4001","Point of Sale","1","1x Fruit Juice","191","2024-07-12 07:51:47","2024-07-12 07:54:58","",""
"ESPRESSO","#9584","Point of Sale","2","1x 4oz/Pic, Esp, Dop; 1x Protein Ball - Peanut Butter","117","2024-07-12 07:53:02","2024-07-12 07:54:59","",""
"ESPRESSO","#1241","Point of Sale","2","1x 8oz/Small; 1x 12oz/Medium","13","2024-07-12 07:54:16","2024-07-12 07:54:29","",""
"ESPRESSO","#5576","Point of Sale","1","1x 12oz/Medium","303","2024-07-12 07:56:11","2024-07-12 08:01:14","",""
"ESPRESSO","#7772","Point of Sale","1","1x 16oz/Large","206","2024-07-12 07:57:48","2024-07-12 08:01:14","",""
"ESPRESSO","#8267","Point of Sale","1","1x 8oz/Small","51","2024-07-12 08:00:22","2024-07-12 08:01:13","",""
"ESPRESSO","#9379","Point of Sale","1","1x A Cookie","404","2024-07-12 08:03:25","2024-07-12 08:10:09","",""
"ESPRESSO","#2053","Point of Sale","3","1x 8oz/Small; 1x A Sweet Muffin; 1x Protein Ball - Peanut Butter","346","2024-07-12 08:04:22","2024-07-12 08:10:08","",""
"ESPRESSO","#9748","Point of Sale","2","1x A Sweet Muffin; 1x 8oz/Small","290","2024-07-12 08:05:18","2024-07-12 08:10:08","",""
"ESPRESSO","#499","Point of Sale","2","1x 12oz/Medium; 1x 12oz/Medium","266","2024-07-12 08:05:42","2024-07-12 08:10:08","",""
"ESPRESSO","#3029","Point of Sale","1","1x Bacon And Egg Breakfast Wrap","434","2024-07-12 08:06:06","2024-07-12 08:13:20","",""
"ESPRESSO","#1501","Point of Sale","2","1x 16oz/Large; 1x 16oz/Large","361","2024-07-12 08:07:20","2024-07-12 08:13:21","",""
"ESPRESSO","#3770","Point of Sale","1","1x 12oz/Medium","355","2024-07-12 08:11:09","2024-07-12 08:17:04","",""
"ESPRESSO","#8179","Point of Sale","1","1x 12oz/Medium","326","2024-07-12 08:11:38","2024-07-12 08:17:04","",""
"ESPRESSO","#9685","Point of Sale","1","1x 12oz/Medium","735","2024-07-12 08:15:08","2024-07-12 08:27:23","",""
"ESPRESSO","#8618","Point of Sale","3","1x A Savoury Muffin; 2x 6oz","550","2024-07-12 08:18:13","2024-07-12 08:27:23","",""
"ESPRESSO","#3700","Point of Sale","1","1x 12oz/Medium","518","2024-07-12 08:18:46","2024-07-12 08:27:24","",""
"ESPRESSO","#9523","Point of Sale","1","1x 12oz/Medium","212","2024-07-12 08:23:53","2024-07-12 08:27:25","",""
"ESPRESSO","#3162","Point of Sale","1","1x 12oz/Medium","101","2024-07-12 08:25:43","2024-07-12 08:27:24","",""
"ESPRESSO","#2855","Point of Sale","3","2x Babycino; 1x 8oz/Small","387","2024-07-12 08:27:00","2024-07-12 08:33:27","",""
"ESPRESSO","#4784","Point of Sale","1","1x 16oz/Large","267","2024-07-12 08:29:00","2024-07-12 08:33:27","",""
"ESPRESSO","#3938","Point of Sale","2","1x A Sweet Muffin; 1x 12oz/Medium","194","2024-07-12 08:30:14","2024-07-12 08:33:28","",""
"ESPRESSO","#6186","Point of Sale","1","1x 4oz/Pic, Esp, Dop","322","2024-07-12 08:30:43","2024-07-12 08:36:05","",""
"ESPRESSO","#4805","Point of Sale","2","1x Bacon And Egg Breakfast Wrap; 1x 4oz/Pic, Esp, Dop","270","2024-07-12 08:31:35","2024-07-12 08:36:05","",""
"ESPRESSO","#7523","Point of Sale","2","2x 16oz/Large","477","2024-07-12 08:32:49","2024-07-12 08:40:46","",""
"ESPRESSO","#1878","Point of Sale","1","1x 8oz/Small","447","2024-07-12 08:33:19","2024-07-12 08:40:46","",""
"ESPRESSO","#3867","Point of Sale","2","1x 12oz/Medium; 1x 12oz/Medium","287","2024-07-12 08:38:45","2024-07-12 08:43:32","",""
"ESPRESSO","#8396","Point of Sale","1","1x 12oz/Medium","249","2024-07-12 08:39:39","2024-07-12 08:43:48","",""
"ESPRESSO","#5998","Point of Sale","2","1x 12oz/Medium; 1x Portugese Tart","1190","2024-07-12 08:40:20","2024-07-12 09:00:10","",""
"ESPRESSO","#9342","Point of Sale","2","2x 8oz/Small","611","2024-07-12 08:42:05","2024-07-12 08:52:16","",""
"ESPRESSO","#1097","Point of Sale","2","1x 12oz/Medium; 1x 12oz/Medium","587","2024-07-12 08:42:29","2024-07-12 08:52:16","",""
"ESPRESSO","#7102","Point of Sale","1","1x 6oz","526","2024-07-12 08:51:22","2024-07-12 09:00:08","",""
"ESPRESSO","#3141","Point of Sale","2","2x 8oz/Small","506","2024-07-12 08:51:42","2024-07-12 09:00:08","",""
"ESPRESSO","#6348","Point of Sale","1","1x 16oz/Large","482","2024-07-12 08:52:07","2024-07-12 09:00:09","",""
"ESPRESSO","#4224","Point of Sale","1","1x 12oz/Medium","156","2024-07-12 08:58:59","2024-07-12 09:01:35","",""
"ESPRESSO","#5897","Point of Sale","4","2x Portugese Tart; 2x 16oz/Large","316","2024-07-12 09:00:09","2024-07-12 09:05:25","",""
"ESPRESSO","#7705","Point of Sale","1","1x 16oz/Large","304","2024-07-12 09:00:22","2024-07-12 09:05:26","",""
"ESPRESSO","#4801","Point of Sale","2","1x 12oz/Medium; 1x 12oz/Medium","386","2024-07-12 09:01:15","2024-07-12 09:07:41","",""
"ESPRESSO","#6703","Point of Sale","1","1x 8oz/Small","932","2024-07-12 09:02:13","2024-07-12 09:17:45","",""
"ESPRESSO","#276","Point of Sale","1","1x 12oz/Medium","533","2024-07-12 09:08:51","2024-07-12 09:17:44","",""
"ESPRESSO","#4052","Point of Sale","2","1x A Sweet Muffin; 1x 16oz/Large","302","2024-07-12 09:13:10","2024-07-12 09:18:12","",""
"ESPRESSO","#7696","Point of Sale","1","1x 16oz/Large","139","2024-07-12 09:15:52","2024-07-12 09:18:11","",""
"ESPRESSO","#7355","Point of Sale","2","1x 12oz/Medium; 1x 12oz/Medium","200","2024-07-12 09:16:24","2024-07-12 09:19:44","",""
"ESPRESSO","#5293","Point of Sale","1","1x 8oz/Small","529","2024-07-12 09:17:01","2024-07-12 09:25:50","",""
"ESPRESSO","#1333","Point of Sale","1","1x 16oz/Large","452","2024-07-12 09:18:18","2024-07-12 09:25:50","",""
"ESPRESSO","#9375","Point of Sale","1","1x 12oz/Medium","418","2024-07-12 09:18:52","2024-07-12 09:25:50","",""
"ESPRESSO","#6284","Point of Sale","1","1x 12oz/Medium","175","2024-07-12 09:22:56","2024-07-12 09:25:51","",""
"ESPRESSO","#9570","Point of Sale","2","1x 16oz/ICED MEDIUM; 1x 16oz/Large","239","2024-07-12 09:24:37","2024-07-12 09:28:36","",""
"ESPRESSO","#3743","Point of Sale","2","1x 16oz/ICED MEDIUM; 1x Fruit Juice","184","2024-07-12 09:25:33","2024-07-12 09:28:37","",""
"ESPRESSO","#8802","Point of Sale","2","1x 12oz/Medium; 1x 12oz/Medium","280","2024-07-12 09:27:04","2024-07-12 09:31:44","",""
"ESPRESSO","#5670","Point of Sale","1","1x 8oz/Small","258","2024-07-12 09:27:25","2024-07-12 09:31:43","",""
"ESPRESSO","#5806","Point of Sale","1","1x 16oz/Large","241","2024-07-12 09:27:42","2024-07-12 09:31:43","",""
"ESPRESSO","#306","Point of Sale","2","1x A Cookie; 1x 12oz/Medium","270","2024-07-12 09:29:40","2024-07-12 09:34:10","",""
"ESPRESSO","#4855","Point of Sale","1","1x 12oz/ICED SMALL","205","2024-07-12 09:30:45","2024-07-12 09:34:10","",""
"ESPRESSO","#7887","Point of Sale","1","1x 12oz/Medium","551","2024-07-12 09:31:29","2024-07-12 09:40:40","",""
"ESPRESSO","#223","Point of Sale","1","1x 16oz/Large","215","2024-07-12 09:37:05","2024-07-12 09:40:40","",""
"ESPRESSO","#8912","Point of Sale","1","1x 6oz","194","2024-07-12 09:37:25","2024-07-12 09:40:39","",""
"ESPRESSO","#3533","Point of Sale","1","1x 12oz/Medium","102","2024-07-12 09:38:57","2024-07-12 09:40:39","",""
"ESPRESSO","#1514","Point of Sale","1","1x 6oz","704","2024-07-12 09:40:39","2024-07-12 09:52:23","",""
"ESPRESSO","#7105","Point of Sale","1","1x 16oz/Large","688","2024-07-12 09:40:54","2024-07-12 09:52:22","",""
"ESPRESSO","#3818","Point of Sale","1","1x 12oz/Medium","661","2024-07-12 09:41:21","2024-07-12 09:52:22","",""
"ESPRESSO","#8395","Point of Sale","1","1x 8oz/Small","421","2024-07-12 09:45:21","2024-07-12 09:52:22","",""
"ESPRESSO","#1807","Point of Sale","1","1x 8oz/Small","780","2024-07-12 09:49:20","2024-07-12 10:02:20","",""
"ESPRESSO","#7326","Point of Sale","1","1x Protein Ball - Peanut Butter","681","2024-07-12 09:50:59","2024-07-12 10:02:20","",""
"ESPRESSO","#1823","Point of Sale","1","1x 8oz/Small","607","2024-07-12 09:52:13","2024-07-12 10:02:20","",""
"ESPRESSO","#4110","Point of Sale","1","1x 12oz/Medium","242","2024-07-12 09:58:19","2024-07-12 10:02:21","",""
"ESPRESSO","#6999","Point of Sale","1","1x 12oz/Medium","228","2024-07-12 09:58:33","2024-07-12 10:02:21","",""
"ESPRESSO","#477","Point of Sale","1","1x 12oz/Medium","1122","2024-07-12 10:02:04","2024-07-12 10:20:46","",""
"ESPRESSO","#9835","Point of Sale","1","1x 12oz/Medium","1024","2024-07-12 10:03:42","2024-07-12 10:20:46","",""
"ESPRESSO","#6568","Point of Sale","1","1x 8oz/Small","755","2024-07-12 10:08:11","2024-07-12 10:20:46","",""
"ESPRESSO","#6105","Point of Sale","3","3x 12oz/Medium","446","2024-07-12 10:13:21","2024-07-12 10:20:47","",""
"ESPRESSO","#4687","Point of Sale","2","1x 12oz/Medium; 1x A Sweet Muffin","490","2024-07-12 10:20:41","2024-07-12 10:28:51","",""
"ESPRESSO","#2183","Point of Sale","1","1x 12oz/Medium","463","2024-07-12 10:21:08","2024-07-12 10:28:51","",""
"ESPRESSO","#4521","Point of Sale","1","1x 6oz","404","2024-07-12 10:22:07","2024-07-12 10:28:51","",""
"ESPRESSO","#6955","Point of Sale","2","2x 8oz/Small","144","2024-07-12 10:26:26","2024-07-12 10:28:50","",""
"ESPRESSO","#2260","Point of Sale","2","1x A Savoury Muffin; 1x 12oz/Medium","695","2024-07-12 10:28:40","2024-07-12 10:40:15","",""
"ESPRESSO","#8277","Point of Sale","1","1x 4oz/Pic, Esp, Dop","470","2024-07-12 10:32:25","2024-07-12 10:40:15","",""
"ESPRESSO","#7290","Point of Sale","2","1x 12oz/Medium; 1x 12oz/Medium","399","2024-07-12 10:33:36","2024-07-12 10:40:15","",""
"ESPRESSO","#207","Point of Sale","1","1x 8oz/Small","348","2024-07-12 10:39:05","2024-07-12 10:44:53","",""
"ESPRESSO","#2306","Point of Sale","2","1x 8oz/Small; 1x A Savoury Muffin","321","2024-07-12 10:39:33","2024-07-12 10:44:54","",""
"ESPRESSO","#4889","Point of Sale","1","1x 12oz/Medium","761","2024-07-12 10:40:10","2024-07-12 10:52:51","",""
"ESPRESSO","#2447","Point of Sale","1","1x 4oz/Pic, Esp, Dop","732","2024-07-12 10:40:39","2024-07-12 10:52:51","",""
"ESPRESSO","#1149","Point of Sale","1","1x 8oz/Small","72","2024-07-12 10:43:43","2024-07-12 10:44:55","",""
"ESPRESSO","#9514","Point of Sale","1","1x 12oz/Medium","517","2024-07-12 10:44:14","2024-07-12 10:52:51","",""
"ESPRESSO","#9036","Point of Sale","1","1x 6oz","123","2024-07-12 10:50:48","2024-07-12 10:52:51","",""
"ESPRESSO","#8617","Point of Sale","1","1x 12oz/Medium","106","2024-07-12 10:51:06","2024-07-12 10:52:52","",""
"ESPRESSO","#3511","Point of Sale","1","1x 12oz/Medium","1590","2024-07-12 11:00:24","2024-07-12 11:26:54","",""
"ESPRESSO","#8329","Point of Sale","1","1x 16oz/ICED MEDIUM","1565","2024-07-12 11:00:50","2024-07-12 11:26:55","",""
"ESPRESSO","#5336","Point of Sale","3","1x A Cookie; 1x 12oz/Medium; 1x 16oz/ICED MEDIUM","1418","2024-07-12 11:03:17","2024-07-12 11:26:55","",""
"ESPRESSO","#446","Point of Sale","1","1x Kombucha","1053","2024-07-12 11:09:22","2024-07-12 11:26:55","",""
"ESPRESSO","#5413","Point of Sale","1","1x Bobby Soda","1011","2024-07-12 11:10:04","2024-07-12 11:26:55","",""
"ESPRESSO","#4664","Point of Sale","2","1x Protein Ball - Peanut Butter; 1x 6oz","1306","2024-07-12 11:18:14","2024-07-12 11:40:00","",""
"ESPRESSO","#7881","Point of Sale","1","1x Protein Ball - Peanut Butter","1275","2024-07-12 11:18:46","2024-07-12 11:40:01","",""
"ESPRESSO","#7813","Point of Sale","1","1x 12oz/Medium","1243","2024-07-12 11:19:18","2024-07-12 11:40:01","",""
"ESPRESSO","#7310","Point of Sale","2","1x 8oz/Small; 1x A Cookie","1171","2024-07-12 11:20:30","2024-07-12 11:40:01","",""
"ESPRESSO","#1146","Point of Sale","3","1x Butterbing!; 2x 12oz/Medium","849","2024-07-12 11:25:52","2024-07-12 11:40:01","",""
"ESPRESSO","#4681","Point of Sale","1","1x Protein Ball - Peanut Butter","2561","2024-07-12 11:27:25","2024-07-12 12:10:06","",""
"ESPRESSO","#2628","Point of Sale","1","1x 1kg Beans","2540","2024-07-12 11:27:47","2024-07-12 12:10:07","",""
"ESPRESSO","#5060","Point of Sale","1","1x 6oz","2408","2024-07-12 11:29:59","2024-07-12 12:10:07","",""
"ESPRESSO","#7292","Point of Sale","2","1x 16oz/ICED MEDIUM; 1x 6oz","2135","2024-07-12 11:34:32","2024-07-12 12:10:07","",""
"ESPRESSO","#1862","Point of Sale","1","1x 8oz/Small","1988","2024-07-12 11:36:59","2024-07-12 12:10:07","",""
"ESPRESSO","#7071","Point of Sale","3","1x A Sweet Muffin; 1x 8oz/Small; 1x 8oz/Small","5660","2024-07-12 11:39:30","2024-07-12 13:13:50","",""
"ESPRESSO","#2206","Point of Sale","1","1x 6oz","5358","2024-07-12 11:44:33","2024-07-12 13:13:51","",""
"ESPRESSO","#8403","Point of Sale","1","1x 12oz/Medium","4473","2024-07-12 11:59:19","2024-07-12 13:13:52","",""
"ESPRESSO","#8590","Point of Sale","1","1x 12oz/Medium","4427","2024-07-12 12:00:05","2024-07-12 13:13:52","",""
"ESPRESSO","#7930","Point of Sale","1","1x 12oz/Medium","4274","2024-07-12 12:02:35","2024-07-12 13:13:49","",""
"ESPRESSO","#7315","Point of Sale","2","1x 12oz/Medium; 1x 12oz/Medium","4139","2024-07-12 12:04:59","2024-07-12 13:13:58","",""
"ESPRESSO","#375","Point of Sale","2","1x Protein Ball - Peanut Butter; 1x 12oz/Medium","3987","2024-07-12 12:07:31","2024-07-12 13:13:58","",""
"ESPRESSO","#6767","Point of Sale","1","1x 4oz/Pic, Esp, Dop","3300","2024-07-12 12:18:58","2024-07-12 13:13:58","",""
"ESPRESSO","#2819","Point of Sale","1","1x 4oz/Pic, Esp, Dop","3264","2024-07-12 12:19:34","2024-07-12 13:13:58","",""
"ESPRESSO","#283","Point of Sale","1","1x 12oz/Medium","3179","2024-07-12 12:20:58","2024-07-12 13:13:57","",""
"ESPRESSO","#5045","Point of Sale","1","1x 8oz/Small","3403","2024-07-12 12:35:04","2024-07-12 13:31:47","",""
"ESPRESSO","#5050","Point of Sale","1","1x 16oz/Large","2847","2024-07-12 12:44:20","2024-07-12 13:31:47","",""
"ESPRESSO","#5353","Point of Sale","1","1x 12oz/Medium","1701","2024-07-12 13:03:25","2024-07-12 13:31:46","",""
"ESPRESSO","#9938","Point of Sale","1","1x 8oz/Small","1362","2024-07-12 13:09:04","2024-07-12 13:31:46","",""
"ESPRESSO","#2697","Point of Sale","1","1x 16oz/Large","342","2024-07-12 13:26:04","2024-07-12 13:31:46","",""
"ESPRESSO","#5831","Point of Sale","2","1x 20oz\ICED LARGE; 1x 12oz/Medium","56492","2024-07-12 13:28:47","2024-07-13 05:10:19","",""
"ESPRESSO","#3773","Point of Sale","1","1x 6oz","56446","2024-07-12 13:29:33","2024-07-13 05:10:19","",""
"ESPRESSO","#5818","Point of Sale","2","2x 4oz/Pic, Esp, Dop","56255","2024-07-12 13:32:46","2024-07-13 05:10:21","",""
"ESPRESSO","#2320","Point of Sale","2","1x 12oz/Medium; 1x 12oz/Medium","1167","2024-07-13 05:17:23","2024-07-13 05:36:50","",""
"ESPRESSO","#5815","Point of Sale","1","1x 16oz/Large","669","2024-07-13 05:25:41","2024-07-13 05:36:50","",""
"ESPRESSO","#5321","Point of Sale","2","1x 12oz/Medium; 1x 12oz/Medium","637","2024-07-13 05:26:11","2024-07-13 05:36:48","",""
"ESPRESSO","#2864","Point of Sale","2","1x 16oz/Large; 1x Bacon And Egg Breakfast Wrap","291","2024-07-13 05:31:57","2024-07-13 05:36:48","",""
"ESPRESSO","Glenn","Point of Sale","1","1x 4oz/Pic, Esp, Dop","337","2024-07-13 05:34:06","2024-07-13 05:39:43","",""
"ESPRESSO","#9236","Point of Sale","2","1x 12oz/Medium; 1x 12oz/Medium","320","2024-07-13 05:36:26","2024-07-13 05:41:46","",""
"ESPRESSO","#2318","Point of Sale","1","1x 16oz/Large","841","2024-07-13 05:37:11","2024-07-13 05:51:12","",""
"ESPRESSO","#6890","Point of Sale","1","1x 20oz\ICED LARGE","827","2024-07-13 05:37:25","2024-07-13 05:51:12","",""
"ESPRESSO","#1561","Point of Sale","1","1x 6oz","39","2024-07-13 05:39:26","2024-07-13 05:40:05","",""
"ESPRESSO","#8628","Point of Sale","1","1x 12oz/Medium","217","2024-07-13 05:53:52","2024-07-13 05:57:29","",""
"ESPRESSO","Tina","Point of Sale","1","1x 16oz/Large","199","2024-07-13 05:54:10","2024-07-13 05:57:29","",""
"ESPRESSO","Tim","Point of Sale","2","1x A Savoury Muffin; 1x 16oz/Large","518","2024-07-13 05:56:53","2024-07-13 06:05:31","",""
"ESPRESSO","#622","Point of Sale","1","1x 12oz/Medium","100","2024-07-13 06:05:35","2024-07-13 06:07:15","",""
"ESPRESSO","#5051","Point of Sale","1","1x A Sweet Muffin","22","2024-07-13 06:06:54","2024-07-13 06:07:16","",""
"ESPRESSO","#2933","Point of Sale","5","2x Butterbing!; 1x 16oz/ICED MEDIUM; 1x 16oz/Large; 1x 4oz/Pic, Esp, Dop","446","2024-07-13 06:08:20","2024-07-13 06:15:46","",""
"ESPRESSO","#1520","Point of Sale","2","2x 8oz/Small","148","2024-07-13 06:16:37","2024-07-13 06:19:05","",""
"ESPRESSO","James","Point of Sale","2","1x 16oz/Large; 1x 12oz/Medium","122","2024-07-13 06:20:59","2024-07-13 06:23:01","",""
"ESPRESSO","Sean","Point of Sale","1","1x 8oz/Small","187","2024-07-13 06:21:45","2024-07-13 06:24:52","",""
"ESPRESSO","Tim","Point of Sale","1","1x 6oz","142","2024-07-13 06:22:32","2024-07-13 06:24:54","",""
"ESPRESSO","#4298","Point of Sale","1","1x 16oz/Large","149","2024-07-13 06:31:23","2024-07-13 06:33:52","",""
"ESPRESSO","Rose","Point of Sale","1","1x 12oz/Medium","85","2024-07-13 06:36:07","2024-07-13 06:37:32","",""
"ESPRESSO","Kim","Point of Sale","1","1x 6oz","79","2024-07-13 06:37:42","2024-07-13 06:39:01","",""
"ESPRESSO","Pete","Point of Sale","2","1x 16oz/Large; 1x 12oz/Medium","206","2024-07-13 06:38:29","2024-07-13 06:41:55","",""
"ESPRESSO","Ryan","Point of Sale","1","1x 12oz/Medium","115","2024-07-13 06:41:57","2024-07-13 06:43:52","",""
"ESPRESSO","Damo","Point of Sale","1","1x 16oz/Large","101","2024-07-13 06:43:13","2024-07-13 06:44:54","",""
"ESPRESSO","#5760","Point of Sale","3","1x 6oz; 1x 6oz; 1x 6oz","341","2024-07-13 06:44:40","2024-07-13 06:50:21","",""
"ESPRESSO","Nate","Point of Sale","1","1x 16oz/Large","140","2024-07-13 06:45:11","2024-07-13 06:47:31","",""
"ESPRESSO","Ralph","Point of Sale","2","1x 12oz/Medium; 1x Bacon And Egg Breakfast Wrap","295","2024-07-13 06:45:27","2024-07-13 06:50:22","",""
"ESPRESSO","Michael","Point of Sale","2","1x 4oz/Pic, Esp, Dop; 1x 12oz/Medium","255","2024-07-13 06:46:06","2024-07-13 06:50:21","",""
"ESPRESSO","Heather","Point of Sale","2","1x 6oz; 1x 6oz","218","2024-07-13 06:49:09","2024-07-13 06:52:47","",""
"ESPRESSO","Adrian","Point of Sale","1","1x 6oz","146","2024-07-13 06:52:55","2024-07-13 06:55:21","",""
"ESPRESSO","Ciran","Point of Sale","1","1x 12oz/Medium","198","2024-07-13 06:53:14","2024-07-13 06:56:32","",""
"ESPRESSO","#6645","Point of Sale","1","1x A Savoury Muffin","62","2024-07-13 06:55:30","2024-07-13 06:56:32","",""
"ESPRESSO","Misty","Point of Sale","3","2x Babycino; 1x 12oz/Medium","179","2024-07-13 06:56:08","2024-07-13 06:59:07","",""
"ESPRESSO","Keith","Point of Sale","1","1x 16oz/Large","216","2024-07-13 06:56:55","2024-07-13 07:00:31","",""
"ESPRESSO","Jp","Point of Sale","1","1x 12oz/Medium","81","2024-07-13 06:57:46","2024-07-13 06:59:07","",""
"ESPRESSO","Kirby","Point of Sale","1","1x 8oz/Small","92","2024-07-13 06:58:59","2024-07-13 07:00:31","",""
"ESPRESSO","Sisca","Point of Sale","3","1x 4oz/Pic, Esp, Dop; 2x Pupacino","149","2024-07-13 07:01:15","2024-07-13 07:03:44","",""
"ESPRESSO","Misty","Point of Sale","1","1x 6oz","132","2024-07-13 07:01:41","2024-07-13 07:03:53","",""
"ESPRESSO","Michael","Point of Sale","1","1x 12oz/Medium","72","2024-07-13 07:06:45","2024-07-13 07:07:57","",""
"ESPRESSO","Alex","Point of Sale","3","1x 500g Beans; 1x 16oz/Large; 1x 16oz/Large","144","2024-07-13 07:07:55","2024-07-13 07:10:19","",""
"ESPRESSO","Andrew","Point of Sale","2","1x 12oz/Medium; 1x 8oz/Small","143","2024-07-13 07:08:46","2024-07-13 07:11:09","",""
"ESPRESSO","Dylan","Point of Sale","2","1x 16oz/Large; 1x 12oz/Medium","148","2024-07-13 07:10:41","2024-07-13 07:13:09","",""
"ESPRESSO","Tash","Point of Sale","4","2x 12oz/Medium; 2x 6oz","194","2024-07-13 07:15:01","2024-07-13 07:18:15","",""
"ESPRESSO","James","Point of Sale","2","1x 12oz/Medium; 1x 12oz/Medium","159","2024-07-13 07:22:13","2024-07-13 07:24:52","",""
"ESPRESSO","Cameron","Point of Sale","4","2x 12oz/Medium; 1x 12oz/Medium; 1x 12oz/Medium","252","2024-07-13 07:22:56","2024-07-13 07:27:08","",""
"ESPRESSO","Glenn","Point of Sale","1","1x 4oz/Pic, Esp, Dop","271","2024-07-13 07:25:15","2024-07-13 07:29:46","",""
"ESPRESSO","Darcy","Point of Sale","3","1x 12oz/Medium; 1x Pupacino; 1x Bacon And Egg Breakfast Wrap","313","2024-07-13 07:26:21","2024-07-13 07:31:34","",""
"ESPRESSO","Pat","Point of Sale","1","1x 8oz/Small","272","2024-07-13 07:27:03","2024-07-13 07:31:35","",""
"ESPRESSO","Jp","Point of Sale","1","1x 12oz/Medium","57","2024-07-13 07:27:20","2024-07-13 07:28:17","",""
"ESPRESSO","#180","Point of Sale","1","1x 12oz/Medium","223","2024-07-13 07:27:51","2024-07-13 07:31:34","",""
"ESPRESSO","Judy","Point of Sale","5","3x Pupacino; 1x 16oz/Large; 1x 8oz/Small","214","2024-07-13 07:30:31","2024-07-13 07:34:05","",""
"ESPRESSO","#3059","Point of Sale","1","1x ","32","2024-07-13 07:39:29","2024-07-13 07:40:01","",""
"ESPRESSO","Dylan","Point of Sale","1","1x 8oz/Small","107","2024-07-13 07:41:38","2024-07-13 07:43:25","",""
"ESPRESSO","Mason","Point of Sale","3","1x 8oz/Small; 2x 8oz/Small","182","2024-07-13 07:44:51","2024-07-13 07:47:53","",""
"ESPRESSO","Toby","Point of Sale","1","1x 4oz/Pic, Esp, Dop","124","2024-07-13 07:45:49","2024-07-13 07:47:53","",""
"ESPRESSO","Tim","Point of Sale","1","1x 16oz/Large","227","2024-07-13 07:47:38","2024-07-13 07:51:25","",""
"ESPRESSO","Ray","Point of Sale","1","1x 16oz/Large","143","2024-07-13 07:49:02","2024-07-13 07:51:25","",""
"ESPRESSO","Roz","Point of Sale","1","1x 6oz","39","2024-07-13 07:54:06","2024-07-13 07:54:45","",""
"ESPRESSO","Geff","Point of Sale","1","1x 16oz/Large","143","2024-07-13 07:55:12","2024-07-13 07:57:35","",""
"ESPRESSO","Tony","Point of Sale","2","1x Protein Ball - Peanut Butter; 1x 12oz/ICED SMALL","87","2024-07-13 07:56:09","2024-07-13 07:57:36","",""
"ESPRESSO","Jess","Point of Sale","1","1x 16oz/Large","69","2024-07-13 07:56:26","2024-07-13 07:57:35","",""
"ESPRESSO","Ruth","Point of Sale","1","1x 16oz/Large","162","2024-07-13 07:56:50","2024-07-13 07:59:32","",""
"ESPRESSO","Elisa","Point of Sale","1","1x 8oz/Small","138","2024-07-13 07:57:16","2024-07-13 07:59:34","",""
"ESPRESSO","Kristy","Point of Sale","1","1x 12oz/Medium","302","2024-07-13 07:57:44","2024-07-13 08:02:46","",""
"ESPRESSO","Alex","Point of Sale","1","1x 16oz/ICED MEDIUM","287","2024-07-13 07:57:59","2024-07-13 08:02:46","",""
"ESPRESSO","Todd","Point of Sale","1","1x 16oz/Large","266","2024-07-13 07:58:21","2024-07-13 08:02:47","",""
"ESPRESSO","Liz","Point of Sale","1","1x 8oz/Small","149","2024-07-13 08:03:04","2024-07-13 08:05:33","",""
"ESPRESSO","Ashley","Point of Sale","2","1x 6oz; 1x Pupacino","104","2024-07-13 08:03:49","2024-07-13 08:05:33","",""
"ESPRESSO","Greer","Point of Sale","4","1x Bobby Soda; 1x 8oz/Small; 1x 6oz; 1x Fruit Juice","136","2024-07-13 08:04:34","2024-07-13 08:06:50","",""
"ESPRESSO","Monty","Point of Sale","2","1x A Sweet Muffin; 1x 12oz/Medium","88","2024-07-13 08:05:21","2024-07-13 08:06:49","",""
"ESPRESSO","Maddy","Point of Sale","1","1x 12oz/Medium","182","2024-07-13 08:06:22","2024-07-13 08:09:24","",""
"ESPRESSO","Cassie","Point of Sale","1","1x 16oz/ICED MEDIUM","119","2024-07-13 08:06:49","2024-07-13 08:08:48","",""
"ESPRESSO","Noah","Point of Sale","2","1x 16oz/Large; 1x 16oz/Large","179","2024-07-13 08:07:09","2024-07-13 08:10:08","",""
"ESPRESSO","Courtney","Point of Sale","1","1x 12oz/Medium","191","2024-07-13 08:07:51","2024-07-13 08:11:02","",""
"ESPRESSO","Caz","Point of Sale","1","1x 12oz/Medium","156","2024-07-13 08:08:26","2024-07-13 08:11:02","",""
"ESPRESSO","1910663603","Square Online","1","1x 8oz/Small","255","2024-07-13 08:08:45","2024-07-13 08:13:00","2024-07-13 08:08:40",""
"ESPRESSO","Emma","Point of Sale","2","1x 12oz/Medium; 1x 12oz/Medium","351","2024-07-13 08:09:54","2024-07-13 08:15:45","",""
"ESPRESSO","Elisa","Point of Sale","2","1x 12oz/Medium; 1x 12oz/Medium","300","2024-07-13 08:10:45","2024-07-13 08:15:45","",""
"ESPRESSO","Dan","Point of Sale","1","1x 16oz/Large","319","2024-07-13 08:11:20","2024-07-13 08:16:39","",""
"ESPRESSO","Roz","Point of Sale","1","1x 12oz/Medium","278","2024-07-13 08:12:11","2024-07-13 08:16:49","",""
"ESPRESSO","Maree","Point of Sale","1","1x 12oz/Medium","308","2024-07-13 08:12:41","2024-07-13 08:17:49","",""
"ESPRESSO","Nicole","Point of Sale","1","1x 12oz/Medium","344","2024-07-13 08:13:11","2024-07-13 08:18:55","",""
"ESPRESSO","Hillary","Point of Sale","1","1x 12oz/Medium","256","2024-07-13 08:13:33","2024-07-13 08:17:49","",""
"ESPRESSO","Lou","Point of Sale","2","1x 12oz/Medium; 1x A Cookie","372","2024-07-13 08:14:07","2024-07-13 08:20:19","",""
"ESPRESSO","Kevin","Point of Sale","1","1x 12oz/Medium","337","2024-07-13 08:14:43","2024-07-13 08:20:20","",""
"ESPRESSO","Kate","Point of Sale","3","1x 8oz/Small; 2x A Sweet Muffin","285","2024-07-13 08:15:35","2024-07-13 08:20:20","",""
"ESPRESSO","Alli","Point of Sale","1","1x 12oz/Medium","313","2024-07-13 08:16:27","2024-07-13 08:21:40","",""
"ESPRESSO","Grace","Point of Sale","2","1x 12oz/Medium; 1x 8oz/Small","296","2024-07-13 08:18:02","2024-07-13 08:22:58","",""
"ESPRESSO","Tarryn","Point of Sale","3","2x 6oz; 1x 12oz/Medium","202","2024-07-13 08:20:34","2024-07-13 08:23:56","",""
"ESPRESSO","Dav","Point of Sale","2","1x 8oz/Small; 1x 8oz/Small","321","2024-07-13 08:21:02","2024-07-13 08:26:23","",""
"ESPRESSO","Just The Tim","Point of Sale","1","1x 6oz","266","2024-07-13 08:21:57","2024-07-13 08:26:23","",""
"ESPRESSO","Isabelle","Point of Sale","2","1x 12oz/Medium; 1x 12oz/Medium","173","2024-07-13 08:23:30","2024-07-13 08:26:23","",""
"ESPRESSO","Jordan","Point of Sale","1","1x 8oz/Small","139","2024-07-13 08:24:05","2024-07-13 08:26:24","",""
"ESPRESSO","Bob","Point of Sale","2","2x 6oz","246","2024-07-13 08:26:38","2024-07-13 08:30:44","",""
"ESPRESSO","Sean","Point of Sale","3","1x Pupacino; 1x 12oz/Medium; 1x A Sweet Muffin","186","2024-07-13 08:27:39","2024-07-13 08:30:45","",""
"ESPRESSO","Noel","Point of Sale","1","1x 16oz/Large","96","2024-07-13 08:30:34","2024-07-13 08:32:10","",""
"ESPRESSO","WYne","Point of Sale","1","1x 8oz/Small","97","2024-07-13 08:37:23","2024-07-13 08:39:00","",""
"ESPRESSO","Christian","Point of Sale","1","1x 12oz/Medium","73","2024-07-13 08:38:53","2024-07-13 08:40:06","","2024-07-12T22:39:10.000Z"
"ESPRESSO","Maria","Point of Sale","2","1x A Sweet Muffin; 1x 12oz/Medium","170","2024-07-13 08:39:59","2024-07-13 08:42:49","",""
"ESPRESSO","Nicola","Point of Sale","3","1x Bacon And Egg Breakfast Wrap; 1x 12oz/Medium; 1x Butterbing!","187","2024-07-13 08:41:05","2024-07-13 08:44:12","",""
"ESPRESSO","Damo","Point of Sale","2","1x 12oz/Medium; 1x 12oz/Medium","135","2024-07-13 08:42:00","2024-07-13 08:44:15","",""
"ESPRESSO","#4419","Point of Sale","1","1x 16oz/Large","163","2024-07-13 08:43:09","2024-07-13 08:45:52","",""
"ESPRESSO","Scott","Point of Sale","1","1x 16oz/Large","102","2024-07-13 08:45:50","2024-07-13 08:47:32","",""
"ESPRESSO","#8184","Point of Sale","1","1x 16oz/Large","55","2024-07-13 08:47:44","2024-07-13 08:48:39","",""
"ESPRESSO","Norths","Point of Sale","3","2x 12oz/Medium; 1x 12oz/Medium","263","2024-07-13 08:48:33","2024-07-13 08:52:56","",""
"ESPRESSO","Jimmy","Point of Sale","1","1x ","179","2024-07-13 08:49:57","2024-07-13 08:52:56","",""
"ESPRESSO","Boss","Point of Sale","1","1x Bacon And Egg Breakfast Wrap","28","2024-07-13 08:53:51","2024-07-13 08:54:19","",""
"ESPRESSO","Chris","Point of Sale","3","2x 8oz/Small; 1x A Sweet Muffin","138","2024-07-13 08:54:38","2024-07-13 08:56:56","",""
"ESPRESSO","Em","Point of Sale","2","1x 8oz/Small; 1x 8oz/Small","174","2024-07-13 08:57:55","2024-07-13 09:00:49","",""
"ESPRESSO","Phoebe","Point of Sale","2","1x 12oz/ICED SMALL; 1x 12oz/Medium","196","2024-07-13 08:58:21","2024-07-13 09:01:37","",""
"ESPRESSO","Andrea","Point of Sale","1","1x 12oz/Medium","181","2024-07-13 08:58:37","2024-07-13 09:01:38","",""
"ESPRESSO","Ryan","Point of Sale","4","2x 6oz; 2x 16oz/ICED MEDIUM","229","2024-07-13 09:00:29","2024-07-13 09:04:18","",""
"ESPRESSO","#9693","Point of Sale","1","1x 12oz/Medium","154","2024-07-13 09:00:45","2024-07-13 09:03:19","",""
"ESPRESSO","Ruth","Point of Sale","2","1x 16oz/Large; 1x Butterbing!","190","2024-07-13 09:01:58","2024-07-13 09:05:08","",""
"ESPRESSO","Mel","Point of Sale","1","1x 6oz","174","2024-07-13 09:02:14","2024-07-13 09:05:08","",""
"ESPRESSO","Leah","Point of Sale","2","2x 16oz/Large","154","2024-07-13 09:05:06","2024-07-13 09:07:40","",""
"ESPRESSO","Louise","Point of Sale","2","1x 1kg Beans; 1x 8oz/Small","133","2024-07-13 09:05:59","2024-07-13 09:08:12","",""
"ESPRESSO","Louise","Point of Sale","1","1x 6oz","55","2024-07-13 09:07:18","2024-07-13 09:08:13","",""
"ESPRESSO","Kylnt","Point of Sale","2","1x 12oz/Medium; 1x 16oz/Large","144","2024-07-13 09:08:57","2024-07-13 09:11:21","",""
"ESPRESSO","Kiren","Point of Sale","3","1x Butterbing!; 1x A Sweet Muffin; 1x 6oz","72","2024-07-13 09:10:33","2024-07-13 09:11:45","",""
"ESPRESSO","Kate","Point of Sale","2","1x Bacon And Egg Breakfast Wrap; 1x 12oz/Medium","114","2024-07-13 09:11:05","2024-07-13 09:12:59","",""
"ESPRESSO","Chloe","Point of Sale","2","1x Bacon And Egg Breakfast Wrap; 1x 8oz/Small","74","2024-07-13 09:11:43","2024-07-13 09:12:57","",""
"ESPRESSO","Josie","Point of Sale","2","1x 12oz/Medium; 1x Bacon And Egg Breakfast Wrap","191","2024-07-13 09:12:13","2024-07-13 09:15:24","",""
"ESPRESSO","Little Kate","Point of Sale","1","1x 12oz/Medium","375","2024-07-13 09:12:46","2024-07-13 09:19:01","",""
"ESPRESSO","Cassie","Point of Sale","1","1x 16oz/Large","348","2024-07-13 09:13:14","2024-07-13 09:19:02","",""
"ESPRESSO","Dylan","Point of Sale","1","1x 4oz/Pic, Esp, Dop","323","2024-07-13 09:13:39","2024-07-13 09:19:02","",""
"ESPRESSO","Kiera","Point of Sale","3","1x Babycino; 1x 12oz/Medium; 1x 12oz/Medium","413","2024-07-13 09:14:11","2024-07-13 09:21:04","",""
"ESPRESSO","Aidan","Point of Sale","1","1x 12oz/Medium","364","2024-07-13 09:15:00","2024-07-13 09:21:04","",""
"ESPRESSO","Connor","Point of Sale","2","1x 12oz/Medium; 1x 250g Beans","289","2024-07-13 09:16:18","2024-07-13 09:21:07","",""
"ESPRESSO","Erica","Point of Sale","1","1x Bacon And Egg Breakfast Wrap","698","2024-07-13 09:16:49","2024-07-13 09:28:27","",""
"ESPRESSO","Loz","Point of Sale","3","1x 8oz/Small; 1x 16oz/Large; 1x A Sweet Muffin","433","2024-07-13 09:17:42","2024-07-13 09:24:55","",""
"ESPRESSO","Callum","Point of Sale","4","1x 12oz/Medium; 1x A Sweet Muffin; 1x 12oz/Medium; 1x 12oz/ICED SMALL","274","2024-07-13 09:20:21","2024-07-13 09:24:55","",""
"ESPRESSO","Rhys","Point of Sale","1","1x 6oz","115","2024-07-13 09:20:57","2024-07-13 09:22:52","",""
"ESPRESSO","Glenn","Point of Sale","1","1x 12oz/Medium","398","2024-07-13 09:21:49","2024-07-13 09:28:27","","2024-07-12T23:25:02.000Z"
"ESPRESSO","Tony Both In Mugs","Point of Sale","4","1x 12oz/Medium; 1x A Savoury Muffin; 1x 12oz/Medium; 1x A Sweet Muffin","295","2024-07-13 09:23:33","2024-07-13 09:28:28","",""
"ESPRESSO","Glenn","Point of Sale","2","1x 16oz/Large; 1x 4oz/Pic, Esp, Dop","429","2024-07-13 09:24:31","2024-07-13 09:31:40","",""
"ESPRESSO","Peter","Point of Sale","2","1x 16oz/Large; 1x 16oz/Large","308","2024-07-13 09:27:52","2024-07-13 09:33:00","",""
"ESPRESSO","Sebathian","Point of Sale","2","1x 12oz/Medium; 1x 12oz/ICED SMALL","258","2024-07-13 09:28:43","2024-07-13 09:33:01","",""
"ESPRESSO","Richard","Point of Sale","1","1x 12oz/Medium","262","2024-07-13 09:30:48","2024-07-13 09:35:10","",""
"ESPRESSO","Graeme","Point of Sale","1","1x 16oz/Large","204","2024-07-13 09:31:46","2024-07-13 09:35:10","",""
"ESPRESSO","Bec","Point of Sale","1","1x 8oz/Small","153","2024-07-13 09:33:45","2024-07-13 09:36:18","",""
"ESPRESSO","Garry","Point of Sale","2","1x A Sweet Muffin; 1x 16oz/Large","120","2024-07-13 09:38:41","2024-07-13 09:40:41","",""
"ESPRESSO","Anna","Point of Sale","2","1x 16oz/ICED MEDIUM; 1x A Cookie","179","2024-07-13 09:39:28","2024-07-13 09:42:27","",""
"ESPRESSO","#5758","Point of Sale","3","1x 500g Beans; 1x 8oz/Small; 1x A Savoury Muffin","164","2024-07-13 09:42:45","2024-07-13 09:45:29","",""
"ESPRESSO","Ian","Point of Sale","1","1x 12oz/Medium","108","2024-07-13 09:46:10","2024-07-13 09:47:58","",""
"ESPRESSO","Jess","Point of Sale","3","1x 12oz/Medium; 1x A Sweet Muffin; 1x 8oz/Small","244","2024-07-13 09:47:52","2024-07-13 09:51:56","",""
"ESPRESSO","#6413","Point of Sale","2","1x 8oz/Small; 1x 12oz/Medium","77","2024-07-13 09:50:40","2024-07-13 09:51:57","",""
"ESPRESSO","#1507","Point of Sale","2","1x A Sweet Muffin; 1x Bacon And Egg Breakfast Wrap","321","2024-07-13 09:51:52","2024-07-13 09:57:13","",""
"ESPRESSO","Del","Point of Sale","1","1x 6oz","116","2024-07-13 09:52:27","2024-07-13 09:54:23","",""
"ESPRESSO","Jose","Point of Sale","2","1x 8oz/Small; 1x Bacon And Egg Breakfast Wrap","189","2024-07-13 09:54:04","2024-07-13 09:57:13","",""
"ESPRESSO","Daniel","Point of Sale","1","1x 12oz/Medium","128","2024-07-13 09:55:06","2024-07-13 09:57:14","",""
"ESPRESSO","Hayley","Point of Sale","3","2x 8oz/Small; 1x 6oz","221","2024-07-13 09:57:19","2024-07-13 10:01:00","",""
"ESPRESSO","Sean","Point of Sale","1","1x 12oz/Medium","291","2024-07-13 09:58:13","2024-07-13 10:03:04","",""
"ESPRESSO","#3198","Point of Sale","1","1x 6oz","187","2024-07-13 09:59:59","2024-07-13 10:03:06","",""
"ESPRESSO","Rosie","Point of Sale","2","1x 6oz; 1x 6oz","147","2024-07-13 10:02:18","2024-07-13 10:04:45","",""
"ESPRESSO","Ruby","Point of Sale","2","1x Bacon And Egg Breakfast Wrap; 1x 12oz/ICED SMALL","302","2024-07-13 10:07:32","2024-07-13 10:12:34","",""
"ESPRESSO","Colin","Point of Sale","1","1x 12oz/Medium","234","2024-07-13 10:08:40","2024-07-13 10:12:34","",""
"ESPRESSO","Dennis","Point of Sale","1","1x 12oz/Medium","188","2024-07-13 10:09:28","2024-07-13 10:12:36","",""
"ESPRESSO","Geff","Point of Sale","3","1x 12oz/Medium; 1x 12oz/ICED SMALL; 1x 16oz/Large","228","2024-07-13 10:14:11","2024-07-13 10:17:59","",""
"ESPRESSO","#5392","Point of Sale","1","1x 12oz/Medium","70","2024-07-13 10:20:17","2024-07-13 10:21:27","",""
"ESPRESSO","Glenda","Point of Sale","1","1x 8oz/Small","101","2024-07-13 10:21:46","2024-07-13 10:23:27","",""
"ESPRESSO","Jessie","Point of Sale","3","2x 12oz/ICED SMALL; 1x A Sweet Muffin","171","2024-07-13 10:22:39","2024-07-13 10:25:30","",""
"ESPRESSO","Chloe","Point of Sale","1","1x 16oz/ICED MEDIUM","154","2024-07-13 10:26:30","2024-07-13 10:29:04","",""
"ESPRESSO","Jess","Point of Sale","3","1x 8oz/Small; 1x A Sweet Muffin; 1x 12oz/ICED SMALL","398","2024-07-13 10:32:20","2024-07-13 10:38:58","",""
"ESPRESSO","#472","Point of Sale","1","1x 12oz/Medium","228","2024-07-13 10:33:02","2024-07-13 10:36:50","",""
"ESPRESSO","#1682","Point of Sale","6","1x 12oz/Medium; 1x 4oz/Pic, Esp, Dop; 1x 4oz/Pic, Esp, Dop; 1x 8oz/Small; 1x Bacon And Egg Breakfast Wrap; 1x A Sweet Muffin","487","2024-07-13 10:40:08","2024-07-13 10:48:15","",""
"ESPRESSO","Dave","Point of Sale","1","1x 12oz/Medium","455","2024-07-13 10:40:43","2024-07-13 10:48:18","",""
"ESPRESSO","Jimmy","Point of Sale","1","1x ","471","2024-07-13 10:41:40","2024-07-13 10:49:31","",""
"ESPRESSO","Linlee","Point of Sale","3","1x 12oz/Medium; 1x 12oz/Medium; 1x Babycino","555","2024-07-13 10:42:16","2024-07-13 10:51:31","",""
"ESPRESSO","Kirsty","Point of Sale","1","1x 12oz/Medium","567","2024-07-13 10:42:41","2024-07-13 10:52:08","",""
"ESPRESSO","Sal","Point of Sale","2","1x 12oz/Medium; 1x A Savoury Muffin","496","2024-07-13 10:44:40","2024-07-13 10:52:56","",""
"ESPRESSO","Lindy","Point of Sale","2","1x 12oz/Medium; 1x A Savoury Muffin","224","2024-07-13 10:50:57","2024-07-13 10:54:41","",""
"ESPRESSO","Flick","Point of Sale","1","1x 12oz/Medium","171","2024-07-13 10:51:51","2024-07-13 10:54:42","",""
"ESPRESSO","Pooja","Point of Sale","2","1x 12oz/Medium; 1x 12oz/Medium","147","2024-07-13 10:54:41","2024-07-13 10:57:08","",""
"ESPRESSO","#4169","Point of Sale","1","1x 12oz/Medium","364","2024-07-14 06:06:12","2024-07-14 06:12:16","",""
"ESPRESSO","Pete","Point of Sale","2","1x 16oz/Large; 1x 12oz/Medium","301","2024-07-14 06:07:14","2024-07-14 06:12:15","",""
"ESPRESSO","Tina","Point of Sale","1","1x 16oz/Large","513","2024-07-14 06:12:36","2024-07-14 06:21:09","",""
"ESPRESSO","#3455","Point of Sale","1","1x 12oz/Medium","251","2024-07-14 06:16:59","2024-07-14 06:21:10","",""
"ESPRESSO","Luke","Point of Sale","1","1x 12oz/Medium","63","2024-07-14 06:20:07","2024-07-14 06:21:10","",""
"ESPRESSO","#2658","Point of Sale","2","1x 16oz/Large; 1x 16oz/Large","532","2024-07-14 06:22:10","2024-07-14 06:31:02","",""
"ESPRESSO","Vanni","Point of Sale","3","1x 16oz/Large; 1x 12oz/Medium; 1x A Savoury Muffin","412","2024-07-14 06:30:32","2024-07-14 06:37:24","",""
"ESPRESSO","#5096","Point of Sale","2","1x 8oz/Small; 1x 16oz/Large","569","2024-07-14 06:33:10","2024-07-14 06:42:39","",""
"ESPRESSO","#251","Point of Sale","2","1x 12oz/Medium; 1x Pupacino","395","2024-07-14 06:36:05","2024-07-14 06:42:40","",""
"ESPRESSO","#1062","Point of Sale","1","1x 12oz/Medium","122","2024-07-14 06:44:04","2024-07-14 06:46:06","",""
"ESPRESSO","#224","Point of Sale","1","1x 16oz/Large","255","2024-07-14 06:46:58","2024-07-14 06:51:13","",""
"ESPRESSO","#308","Point of Sale","2","1x 12oz/Medium; 1x 8oz/Small","265","2024-07-14 06:52:13","2024-07-14 06:56:38","",""
"ESPRESSO","Josie","Point of Sale","1","1x 12oz/Medium","62","2024-07-14 06:55:36","2024-07-14 06:56:38","",""
"ESPRESSO","Chris","Point of Sale","2","1x 12oz/Medium; 1x 12oz/Medium","128","2024-07-14 07:01:55","2024-07-14 07:04:03","",""
"ESPRESSO","#6898","Point of Sale","5","1x 8oz/Small; 1x 12oz/Medium; 3x Pupacino","361","2024-07-14 07:04:56","2024-07-14 07:10:57","",""
"ESPRESSO","Clint","Point of Sale","2","1x 16oz/ICED MEDIUM; 1x A Sweet Muffin","328","2024-07-14 07:05:30","2024-07-14 07:10:58","",""
"ESPRESSO","Jason","Point of Sale","1","1x 16oz/Large","287","2024-07-14 07:06:11","2024-07-14 07:10:58","",""
"ESPRESSO","Tim","Point of Sale","2","1x A Sweet Muffin; 1x 12oz/Medium","219","2024-07-14 07:07:19","2024-07-14 07:10:58","",""
"ESPRESSO","#9916","Point of Sale","3","1x 12oz/Medium; 1x 12oz/Medium; 1x 16oz/Large","260","2024-07-14 07:12:27","2024-07-14 07:16:47","",""
"ESPRESSO","Damo","Point of Sale","2","1x Babycino; 1x 16oz/Large","194","2024-07-14 07:13:33","2024-07-14 07:16:47","",""
"ESPRESSO","#6526","Point of Sale","1","1x 8oz/Small","282","2024-07-14 07:16:02","2024-07-14 07:20:44","",""
"ESPRESSO","#3039","Point of Sale","2","1x Babycino; 1x 12oz/Medium","242","2024-07-14 07:16:43","2024-07-14 07:20:45","",""
"ESPRESSO","#1061","Point of Sale","1","1x 12oz/Medium","206","2024-07-14 07:17:20","2024-07-14 07:20:46","",""
"ESPRESSO","#7766","Point of Sale","2","1x A Cookie; 1x 20oz\ICED LARGE","138","2024-07-14 07:18:30","2024-07-14 07:20:48","",""
"ESPRESSO","Russell","Point of Sale","1","1x 8oz/Small","123","2024-07-14 07:20:03","2024-07-14 07:22:06","",""
"ESPRESSO","Briar","Point of Sale","2","1x 12oz/Medium; 1x 12oz/Medium","368","2024-07-14 07:22:06","2024-07-14 07:28:14","",""
"ESPRESSO","Rachelle","Point of Sale","1","1x 12oz/Medium","313","2024-07-14 07:23:01","2024-07-14 07:28:14","",""
"ESPRESSO","#4142","Point of Sale","3","2x 4oz/Pic, Esp, Dop; 1x 6oz","287","2024-07-14 07:28:40","2024-07-14 07:33:27","",""
"ESPRESSO","Tommy","Point of Sale","4","1x 8oz/Small; 1x Babycino; 1x 16oz/Large; 1x Babycino","172","2024-07-14 07:34:01","2024-07-14 07:36:53","",""
"ESPRESSO","Ne","Point of Sale","1","1x 4oz/Pic, Esp, Dop","305","2024-07-14 07:38:41","2024-07-14 07:43:46","",""
"ESPRESSO","#4995","Point of Sale","1","1x 12oz/Medium","131","2024-07-14 07:41:36","2024-07-14 07:43:47","",""
"ESPRESSO","Dylan","Point of Sale","2","1x 12oz/Medium; 1x 12oz/Medium","347","2024-07-14 07:45:57","2024-07-14 07:51:44","",""
"ESPRESSO","#4255","Point of Sale","1","1x 6oz","132","2024-07-14 07:49:33","2024-07-14 07:51:45","",""
"ESPRESSO","Ellie","Point of Sale","3","1x Bacon And Egg Breakfast Wrap; 2x 12oz/Medium","223","2024-07-14 07:53:18","2024-07-14 07:57:01","",""
"ESPRESSO","Ryan","Point of Sale","2","1x 12oz/Medium; 1x 500g Beans","178","2024-07-14 07:54:05","2024-07-14 07:57:03","",""
"ESPRESSO","Rachelle","Point of Sale","2","1x 8oz/Small; 1x 12oz/Medium","277","2024-07-14 07:54:40","2024-07-14 07:59:17","",""
"ESPRESSO","Gav","Point of Sale","1","1x 12oz/Medium","226","2024-07-14 07:55:46","2024-07-14 07:59:32","",""
"ESPRESSO","Kate","Point of Sale","4","1x 12oz/Medium; 1x 12oz/Medium; 2x Babycino","452","2024-07-14 07:56:13","2024-07-14 08:03:45","",""
"ESPRESSO","Ann","Point of Sale","1","1x 6oz","329","2024-07-14 07:58:17","2024-07-14 08:03:46","",""
"ESPRESSO","Doug","Point of Sale","4","2x Butterbing!; 2x 8oz/Small","440","2024-07-14 08:01:22","2024-07-14 08:08:42","",""
"ESPRESSO","Brooke","Point of Sale","3","1x 12oz/Medium; 1x A Sweet Muffin; 1x 12oz/Medium","352","2024-07-14 08:02:50","2024-07-14 08:08:42","",""
"ESPRESSO","Joel","Point of Sale","1","1x 16oz/Large","392","2024-07-14 08:03:14","2024-07-14 08:09:46","",""
"ESPRESSO","Maddy","Point of Sale","2","1x 16oz/Large; 1x 16oz/ICED MEDIUM","513","2024-07-14 08:03:55","2024-07-14 08:12:28","",""
"ESPRESSO","Amelia","Point of Sale","1","1x 12oz/Medium","520","2024-07-14 08:04:12","2024-07-14 08:12:52","",""
"ESPRESSO","Jimmy","Point of Sale","1","1x ","561","2024-07-14 08:04:36","2024-07-14 08:13:57","",""
"ESPRESSO","Drew","Point of Sale","3","1x 12oz/Medium; 1x 500g Beans; 1x 12oz/Medium","639","2024-07-14 08:05:31","2024-07-14 08:16:10","",""
"ESPRESSO","Phil","Point of Sale","2","1x 12oz/Medium; 1x 16oz/ICED MEDIUM","687","2024-07-14 08:06:23","2024-07-14 08:17:50","",""
"ESPRESSO","Mitch","Point of Sale","2","1x 8oz/Small; 1x 8oz/Small","757","2024-07-14 08:07:28","2024-07-14 08:20:05","",""
"ESPRESSO","Todd","Point of Sale","1","1x 16oz/Large","767","2024-07-14 08:07:45","2024-07-14 08:20:32","",""
"ESPRESSO","Re","Point of Sale","1","1x 12oz/Medium","737","2024-07-14 08:09:42","2024-07-14 08:21:59","",""
"ESPRESSO","Rodger","Point of Sale","2","1x 12oz/Medium; 1x 16oz/ICED MEDIUM","792","2024-07-14 08:10:30","2024-07-14 08:23:42","",""
"ESPRESSO","#5834","Point of Sale","2","1x 6oz; 1x Bacon And Egg Breakfast Wrap","483","2024-07-14 08:15:56","2024-07-14 08:23:59","",""
"ESPRESSO","#8439","Point of Sale","2","1x 8oz/Small; 1x 6oz","597","2024-07-14 08:16:15","2024-07-14 08:26:12","",""
"ESPRESSO","#1312","Point of Sale","4","1x 12oz/Medium; 1x 6oz; 2x Babycino","293","2024-07-14 08:23:53","2024-07-14 08:28:46","",""
"ESPRESSO","#2015","Point of Sale","3","1x Babycino; 1x 8oz/Small; 1x 8oz/Small","537","2024-07-14 08:25:59","2024-07-14 08:34:56","",""
"ESPRESSO","#2432","Point of Sale","1","1x 8oz/Small","297","2024-07-14 08:26:39","2024-07-14 08:31:36","",""
"ESPRESSO","#9995","Point of Sale","1","1x 12oz/Medium","440","2024-07-14 08:31:15","2024-07-14 08:38:35","",""
"ESPRESSO","#506","Point of Sale","1","1x 8oz/Small","113","2024-07-14 08:36:44","2024-07-14 08:38:37","",""
"ESPRESSO","Julie","Point of Sale","1","1x 6oz","282","2024-07-14 08:37:18","2024-07-14 08:42:00","",""
"ESPRESSO","#8163","Point of Sale","1","1x 16oz/Large","185","2024-07-14 08:41:39","2024-07-14 08:44:44","",""
"ESPRESSO","#5859","Point of Sale","2","1x 12oz/Medium; 1x 8oz/Small","221","2024-07-14 08:42:04","2024-07-14 08:45:45","",""
"ESPRESSO","R","Point of Sale","1","1x 16oz/Large","275","2024-07-14 08:42:30","2024-07-14 08:47:05","",""
"ESPRESSO","Damo","Point of Sale","1","1x 12oz/Medium","152","2024-07-14 08:44:32","2024-07-14 08:47:04","",""
"ESPRESSO","Jorga","Point of Sale","1","1x 12oz/Medium","201","2024-07-14 08:45:37","2024-07-14 08:48:58","",""
"ESPRESSO","Bob","Point of Sale","2","2x 6oz","254","2024-07-14 08:50:26","2024-07-14 08:54:40","",""
"ESPRESSO","Grayson","Point of Sale","1","1x 20oz\ICED LARGE","218","2024-07-14 08:51:52","2024-07-14 08:55:30","",""
"ESPRESSO","Cameron","Point of Sale","1","1x 16oz/Large","245","2024-07-14 08:52:12","2024-07-14 08:56:17","",""
"ESPRESSO","Indi","Point of Sale","2","1x 8oz/Small; 1x 12oz/Medium","273","2024-07-14 08:54:14","2024-07-14 08:58:47","",""
"ESPRESSO","#2635","Point of Sale","2","1x 12oz/Medium; 1x 12oz/Medium","345","2024-07-14 08:57:33","2024-07-14 09:03:18","",""
"ESPRESSO","Scotty","Point of Sale","1","1x 16oz/Large","140","2024-07-14 09:00:59","2024-07-14 09:03:19","",""
"ESPRESSO","Li","Point of Sale","1","1x 12oz/Medium","294","2024-07-14 09:03:30","2024-07-14 09:08:24","",""
"ESPRESSO","Watson","Point of Sale","2","1x 12oz/Medium; 1x 16oz/Large","316","2024-07-14 09:04:19","2024-07-14 09:09:35","",""
"ESPRESSO","Cameron","Point of Sale","1","1x 16oz/Large","331","2024-07-14 09:04:43","2024-07-14 09:10:14","",""
"ESPRESSO","Michael","Point of Sale","1","1x 12oz/Medium","406","2024-07-14 09:06:03","2024-07-14 09:12:49","",""
"ESPRESSO","#4176","Point of Sale","5","1x 8oz/Small; 1x 12oz/Medium; 1x 12oz/Medium; 1x 8oz/Small; 1x Butterbing!","318","2024-07-14 09:08:48","2024-07-14 09:14:06","",""
"ESPRESSO","#6922","Point of Sale","2","2x 16oz/Large","339","2024-07-14 09:11:13","2024-07-14 09:16:52","",""
"ESPRESSO","Brianna","Point of Sale","1","1x 12oz/Medium","301","2024-07-14 09:11:51","2024-07-14 09:16:52","",""
"ESPRESSO","#3369","Point of Sale","1","1x 8oz/Small","151","2024-07-14 09:12:26","2024-07-14 09:14:57","",""
"ESPRESSO","Sarah","Point of Sale","1","1x 12oz/Medium","392","2024-07-14 09:12:49","2024-07-14 09:19:21","",""
"ESPRESSO","#5527","Point of Sale","2","2x 4oz/Pic, Esp, Dop","366","2024-07-14 09:13:15","2024-07-14 09:19:21","",""
"ESPRESSO","Ray","Point of Sale","1","1x 12oz/Medium","353","2024-07-14 09:13:29","2024-07-14 09:19:22","",""
"ESPRESSO","Liz","Point of Sale","1","1x 8oz/Small","145","2024-07-14 09:17:41","2024-07-14 09:20:06","",""
"ESPRESSO","Clint","Point of Sale","2","2x 12oz/Medium","207","2024-07-14 09:19:11","2024-07-14 09:22:38","",""
"ESPRESSO","Juliette","Point of Sale","2","1x 16oz/Large; 1x 16oz/Large","192","2024-07-14 09:20:14","2024-07-14 09:23:26","",""
"ESPRESSO","#4594","Point of Sale","3","1x 6oz; 1x Babycino; 1x 8oz/Small","150","2024-07-14 09:23:33","2024-07-14 09:26:03","",""
"ESPRESSO","Col","Point of Sale","5","1x 12oz/Medium; 1x 12oz/Medium; 1x 12oz/Medium; 1x A Sweet Muffin; 1x 4oz/Pic, Esp, Dop","267","2024-07-14 09:26:57","2024-07-14 09:31:24","",""
"ESPRESSO","#6463","Point of Sale","2","1x 16oz/Large; 1x 16oz/Large","369","2024-07-14 09:27:44","2024-07-14 09:33:53","",""
"ESPRESSO","Bruce","Point of Sale","4","1x 8oz/Small; 2x Bacon And Egg Breakfast Wrap; 1x 12oz/Medium","510","2024-07-14 09:29:50","2024-07-14 09:38:20","",""
"ESPRESSO","Matt","Point of Sale","2","1x 12oz/ICED SMALL; 1x 12oz/Medium","463","2024-07-14 09:30:38","2024-07-14 09:38:21","",""
"ESPRESSO","Ciran","Point of Sale","2","1x 12oz/Medium; 1x 6oz","354","2024-07-14 09:33:49","2024-07-14 09:39:43","",""
"ESPRESSO","Zac","Point of Sale","1","1x 16oz/ICED MEDIUM","266","2024-07-14 09:37:13","2024-07-14 09:41:39","",""
"ESPRESSO","Glenn","Point of Sale","1","1x 12oz/Medium","209","2024-07-14 09:38:11","2024-07-14 09:41:40","",""
"ESPRESSO","Bianca","Point of Sale","1","1x 16oz/ICED MEDIUM","343","2024-07-14 09:38:35","2024-07-14 09:44:18","",""
"ESPRESSO","Tom","Point of Sale","2","2x 12oz/Medium","309","2024-07-14 09:39:10","2024-07-14 09:44:19","",""
"ESPRESSO","Cameron","Point of Sale","1","1x 12oz/Medium","407","2024-07-14 09:39:34","2024-07-14 09:46:21","",""
"ESPRESSO","Margertte","Point of Sale","1","1x 8oz/Small","159","2024-07-14 09:43:42","2024-07-14 09:46:21","",""
"ESPRESSO","Tui","Point of Sale","1","1x 12oz/Medium","138","2024-07-14 09:45:32","2024-07-14 09:47:50","",""
"ESPRESSO","Sean","Point of Sale","1","1x 12oz/Medium","303","2024-07-14 09:46:04","2024-07-14 09:51:07","",""
"ESPRESSO","Kim","Point of Sale","2","1x 12oz/Medium; 1x 12oz/Medium","251","2024-07-14 09:46:56","2024-07-14 09:51:07","",""
"ESPRESSO","Noel","Point of Sale","1","1x 16oz/Large","135","2024-07-14 09:49:42","2024-07-14 09:51:57","",""
"ESPRESSO","#6131","Point of Sale","1","1x 250g Beans","334","2024-07-14 09:52:48","2024-07-14 09:58:22","",""
"ESPRESSO","#6595","Point of Sale","1","1x 500g Beans","259","2024-07-14 09:54:04","2024-07-14 09:58:23","",""
"ESPRESSO","#4454","Point of Sale","3","1x A Sweet Muffin; 1x 12oz/ICED SMALL; 1x A Savoury Muffin","114","2024-07-14 09:57:35","2024-07-14 09:59:29","",""
"ESPRESSO","Luka","Point of Sale","4","2x 8oz/Small; 1x 12oz/Medium; 1x 6oz","249","2024-07-14 09:59:03","2024-07-14 10:03:12","",""
"ESPRESSO","Matty","Point of Sale","2","1x 12oz/Medium; 1x 12oz/Medium","385","2024-07-14 10:00:05","2024-07-14 10:06:30","",""
"ESPRESSO","Steph","Point of Sale","1","1x 12oz/Medium","286","2024-07-14 10:00:37","2024-07-14 10:05:23","",""
"ESPRESSO","Kate","Point of Sale","2","1x 12oz/Medium; 1x 8oz/Small","514","2024-07-14 10:01:11","2024-07-14 10:09:45","",""
"ESPRESSO","Kyle","Point of Sale","1","1x 12oz/Medium","484","2024-07-14 10:01:38","2024-07-14 10:09:42","",""
"ESPRESSO","#5535","Point of Sale","1","1x 6oz","446","2024-07-14 10:03:53","2024-07-14 10:11:19","",""
"ESPRESSO","Ella","Point of Sale","2","1x 12oz/Medium; 1x 8oz/Small","420","2024-07-14 10:04:19","2024-07-14 10:11:19","",""
"ESPRESSO","#651","Point of Sale","1","1x 16oz/Large","250","2024-07-14 10:09:32","2024-07-14 10:13:42","",""
"ESPRESSO","#6618","Point of Sale","3","1x 12oz/Medium; 1x A Sweet Muffin; 1x 8oz/Small","619","2024-07-14 10:10:47","2024-07-14 10:21:06","",""
"ESPRESSO","#9174","Point of Sale","1","1x 12oz/Medium","209","2024-07-14 10:24:05","2024-07-14 10:27:34","",""
"ESPRESSO","#3097","Point of Sale","2","1x 12oz/Medium; 1x 12oz/Medium","360","2024-07-14 10:26:27","2024-07-14 10:32:27","",""
"ESPRESSO","#2291","Point of Sale","3","1x 12oz/Medium; 1x A Savoury Muffin; 1x 8oz/Small","468","2024-07-14 10:27:02","2024-07-14 10:34:50","",""
"ESPRESSO","#1825","Point of Sale","3","1x 8oz/Small; 1x 12oz/Medium; 1x 8oz/Small","509","2024-07-14 10:28:49","2024-07-14 10:37:18","",""
"ESPRESSO","#625","Point of Sale","1","1x 6oz","398","2024-07-14 10:30:41","2024-07-14 10:37:19","",""
"ESPRESSO","Dean","Point of Sale","1","1x 16oz/Large","606","2024-07-14 10:31:21","2024-07-14 10:41:27","",""
"ESPRESSO","#4574","Point of Sale","4","1x 12oz/Medium; 1x 16oz/Large; 1x 8oz/Small; 1x 12oz/ICED SMALL","382","2024-07-14 10:35:05","2024-07-14 10:41:27","",""
"ESPRESSO","#7262","Point of Sale","1","1x 12oz/Medium","627","2024-07-14 10:35:45","2024-07-14 10:46:12","",""
"ESPRESSO","Michael","Point of Sale","1","1x 12oz/Medium","575","2024-07-14 10:36:37","2024-07-14 10:46:12","",""
"ESPRESSO","Rhys","Point of Sale","2","2x 6oz","276","2024-07-14 10:41:37","2024-07-14 10:46:13","",""
"ESPRESSO","Leanne","Point of Sale","2","1x 12oz/Medium; 1x 12oz/Medium","104","2024-07-14 10:49:58","2024-07-14 10:51:42","",""
"ESPRESSO","#2258","Point of Sale","3","2x 8oz/Small; 1x 12oz/Medium","191","2024-07-14 10:51:27","2024-07-14 10:54:38","",""
"ESPRESSO","#8454","Point of Sale","2","1x 16oz/Large; 1x 12oz/Medium","710","2024-07-14 10:51:59","2024-07-14 11:03:49","",""
"ESPRESSO","#6581","Point of Sale","1","1x 6oz","662","2024-07-14 10:52:47","2024-07-14 11:03:49","",""
"ESPRESSO","#3103","Point of Sale","1","1x 8oz/Small","111","2024-07-14 11:01:59","2024-07-14 11:03:50","",""
"ESPRESSO","#6407","Point of Sale","1","1x A Savoury Muffin","100","2024-07-14 11:02:10","2024-07-14 11:03:50","",""
"ESPRESSO","#3892","Point of Sale","1","1x 6oz","595","2024-07-15 04:56:20","2024-07-15 05:06:15","",""
"ESPRESSO","#8696","Point of Sale","1","1x 12oz/Medium","431","2024-07-15 04:59:05","2024-07-15 05:06:16","",""
"ESPRESSO","Glenn","Point of Sale","1","1x 12oz/Medium","182","2024-07-15 05:03:14","2024-07-15 05:06:16","",""
"ESPRESSO","Natey","Point of Sale","1","1x 16oz/Large","114","2024-07-15 05:09:43","2024-07-15 05:11:37","",""
"ESPRESSO","#5213","Point of Sale","1","1x 6oz","827","2024-07-15 05:10:23","2024-07-15 05:24:10","",""
"ESPRESSO","#9257","Point of Sale","1","1x 12oz/Medium","106","2024-07-15 05:22:24","2024-07-15 05:24:10","",""
"ESPRESSO","#1093","Point of Sale","1","1x 12oz/Medium","79","2024-07-15 05:33:56","2024-07-15 05:35:15","",""
"ESPRESSO","#5564","Point of Sale","1","1x 12oz/Medium","316","2024-07-15 05:45:01","2024-07-15 05:50:17","",""
"ESPRESSO","#9364","Point of Sale","1","1x 16oz/Large","207","2024-07-15 05:47:45","2024-07-15 05:51:12","",""
"ESPRESSO","Kirby","Point of Sale","1","1x 4oz/Pic, Esp, Dop","192","2024-07-15 05:52:40","2024-07-15 05:55:52","",""
"ESPRESSO","Aj","Point of Sale","1","1x 8oz/Small","82","2024-07-15 05:54:29","2024-07-15 05:55:51","",""
"ESPRESSO","Ciran","Point of Sale","1","1x 12oz/Medium","286","2024-07-15 05:56:05","2024-07-15 06:00:51","",""
"ESPRESSO","Rylee","Point of Sale","1","1x 12oz/ICED SMALL","207","2024-07-15 05:57:24","2024-07-15 06:00:51","",""
"ESPRESSO","#6910","Point of Sale","2","1x 12oz/Medium; 1x 8oz/Small","170","2024-07-15 05:59:22","2024-07-15 06:02:12","",""
"ESPRESSO","Roz","Point of Sale","1","1x 6oz","326","2024-07-15 06:00:14","2024-07-15 06:05:40","",""
"ESPRESSO","Stuart","Point of Sale","2","2x 12oz/Medium","307","2024-07-15 06:00:34","2024-07-15 06:05:41","",""
"ESPRESSO","Glenn","Point of Sale","2","2x 4oz/Pic, Esp, Dop","295","2024-07-15 06:00:47","2024-07-15 06:05:42","",""
"ESPRESSO","Candy","Point of Sale","1","1x 12oz/Medium","404","2024-07-15 06:01:02","2024-07-15 06:07:46","",""
"ESPRESSO","Frazer","Point of Sale","1","1x 8oz/Small","386","2024-07-15 06:01:21","2024-07-15 06:07:47","",""
"ESPRESSO","Caz","Point of Sale","1","1x 12oz/Medium","269","2024-07-15 06:06:02","2024-07-15 06:10:31","",""
"ESPRESSO","Dylan","Point of Sale","1","1x 8oz/Small","185","2024-07-15 06:07:26","2024-07-15 06:10:31","",""
"ESPRESSO","Michael","Point of Sale","2","1x 12oz/Medium; 1x 4oz/Pic, Esp, Dop","197","2024-07-15 06:13:02","2024-07-15 06:16:19","",""
"ESPRESSO","Lorraine","Point of Sale","2","1x 12oz/Medium; 1x 8oz/Small","223","2024-07-15 06:13:59","2024-07-15 06:17:42","",""
"ESPRESSO","1994775046","Square Online","1","1x 16oz/Large","292","2024-07-15 06:26:45","2024-07-15 06:31:37","2024-07-15 06:26:40",""
"ESPRESSO","#8993","Point of Sale","1","1x 12oz/Medium","142","2024-07-15 06:32:27","2024-07-15 06:34:49","",""
"ESPRESSO","Elainoh","Point of Sale","1","1x 16oz/Large","222","2024-07-15 06:33:33","2024-07-15 06:37:15","",""
"ESPRESSO","Rach","Point of Sale","1","1x 16oz/Large","331","2024-07-15 06:33:54","2024-07-15 06:39:25","",""
"ESPRESSO","#9086","Point of Sale","1","1x 12oz/Medium","302","2024-07-15 06:34:24","2024-07-15 06:39:26","",""
"ESPRESSO","Dee","Point of Sale","1","1x 8oz/Small","221","2024-07-15 06:36:26","2024-07-15 06:40:07","",""
"ESPRESSO","Lachan","Point of Sale","1","1x 8oz/Small","292","2024-07-15 06:38:12","2024-07-15 06:43:04","",""
"ESPRESSO","Vanessa","Point of Sale","2","1x 16oz/Large; 1x 12oz/Medium","361","2024-07-15 06:39:13","2024-07-15 06:45:14","",""
"ESPRESSO","Rach","Point of Sale","2","1x 16oz/Large; 1x 12oz/Medium","485","2024-07-15 06:40:24","2024-07-15 06:48:29","",""
"ESPRESSO","Mel","Point of Sale","1","1x 4oz/Pic, Esp, Dop","544","2024-07-15 06:41:06","2024-07-15 06:50:10","",""
"ESPRESSO","Ulten","Point of Sale","1","1x 8oz/Small","377","2024-07-15 06:42:26","2024-07-15 06:48:43","",""
"ESPRESSO","Tommy","Point of Sale","1","1x 8oz/Small","317","2024-07-15 06:44:53","2024-07-15 06:50:10","",""
"ESPRESSO","Jamais","Point of Sale","1","1x 12oz/Medium","380","2024-07-15 06:45:29","2024-07-15 06:51:49","",""
"ESPRESSO","Nathan","Point of Sale","1","1x 12oz/Medium","349","2024-07-15 06:46:00","2024-07-15 06:51:49","",""
"ESPRESSO","NE","Point of Sale","1","1x 8oz/Small","402","2024-07-15 06:46:43","2024-07-15 06:53:25","",""
"ESPRESSO","Darcy","Point of Sale","2","1x Pupacino; 1x 12oz/Medium","535","2024-07-15 06:47:19","2024-07-15 06:56:14","",""
"ESPRESSO","Em","Point of Sale","2","1x 12oz/Medium; 1x 6oz","306","2024-07-15 06:51:09","2024-07-15 06:56:15","",""
"ESPRESSO","Tom","Point of Sale","2","1x 4oz/Pic, Esp, Dop; 1x A Savoury Muffin","180","2024-07-15 06:55:02","2024-07-15 06:58:02","",""
"ESPRESSO","#6588","Point of Sale","1","1x 16oz/Large","309","2024-07-15 07:05:51","2024-07-15 07:11:00","",""
"ESPRESSO","Michael","Point of Sale","1","1x 12oz/Medium","243","2024-07-15 07:06:56","2024-07-15 07:10:59","",""
"ESPRESSO","Mel","Point of Sale","2","1x Bacon And Egg Breakfast Wrap; 1x 16oz/Large","222","2024-07-15 07:10:12","2024-07-15 07:13:54","",""
"ESPRESSO","Nick","Point of Sale","1","1x 16oz/Large","443","2024-07-15 07:10:42","2024-07-15 07:18:05","",""
"ESPRESSO","#418","Point of Sale","5","1x 12oz/Medium; 3x Pupacino; 1x 8oz/Small","382","2024-07-15 07:11:44","2024-07-15 07:18:06","",""
"ESPRESSO","Jp","Point of Sale","1","1x 12oz/Medium","448","2024-07-15 07:12:20","2024-07-15 07:19:48","",""
"ESPRESSO","Kellie","Point of Sale","1","1x 12oz/Medium","421","2024-07-15 07:12:47","2024-07-15 07:19:48","",""
"ESPRESSO","#3722","Point of Sale","2","1x 8oz/Small; 1x 6oz","217","2024-07-15 07:19:37","2024-07-15 07:23:14","",""
"ESPRESSO","Roz","Point of Sale","1","1x 6oz","314","2024-07-15 07:20:13","2024-07-15 07:25:27","",""
"ESPRESSO","Ben","Point of Sale","1","1x 12oz/Medium","278","2024-07-15 07:20:49","2024-07-15 07:25:27","",""
"ESPRESSO","Andrew","Point of Sale","1","1x 16oz/Large","330","2024-07-15 07:21:08","2024-07-15 07:26:38","",""
"ESPRESSO","Mel","Point of Sale","1","1x 6oz","343","2024-07-15 07:22:00","2024-07-15 07:27:43","",""
"ESPRESSO","Chloe","Point of Sale","3","2x A Sweet Muffin; 1x 12oz/Medium","383","2024-07-15 07:22:46","2024-07-15 07:29:09","",""
"ESPRESSO","Glen","Point of Sale","1","1x 16oz/Large","448","2024-07-15 07:25:06","2024-07-15 07:32:34","",""
"ESPRESSO","Aedan","Point of Sale","1","1x 12oz/Medium","383","2024-07-15 07:26:11","2024-07-15 07:32:34","",""
"ESPRESSO","Cameron","Point of Sale","1","1x 16oz/Large","232","2024-07-15 07:30:29","2024-07-15 07:34:21","",""
"ESPRESSO","Steph","Point of Sale","1","1x 12oz/Medium","208","2024-07-15 07:32:04","2024-07-15 07:35:32","",""
"ESPRESSO","Bear","Point of Sale","1","1x 12oz/Medium","195","2024-07-15 07:33:01","2024-07-15 07:36:16","",""
"ESPRESSO","Toby","Point of Sale","1","1x 12oz/ICED SMALL","255","2024-07-15 07:35:23","2024-07-15 07:39:38","",""
"ESPRESSO","Just The Tim","Point of Sale","1","1x 6oz","81","2024-07-15 07:38:18","2024-07-15 07:39:39","",""
"ESPRESSO","Sean","Point of Sale","3","1x Pupacino; 1x 12oz/Medium; 1x A Sweet Muffin","142","2024-07-15 07:39:12","2024-07-15 07:41:34","",""
"ESPRESSO","#5115","Point of Sale","3","1x Protein Ball - Peanut Butter; 1x 12oz/Medium; 1x 12oz/Medium","116","2024-07-15 07:42:05","2024-07-15 07:44:01","",""
"ESPRESSO","Masc","Point of Sale","1","1x 12oz/Medium","255","2024-07-15 07:42:35","2024-07-15 07:46:50","",""
"ESPRESSO","Galean","Point of Sale","1","1x 6oz","132","2024-07-15 07:44:37","2024-07-15 07:46:49","",""
"ESPRESSO","Meagan","Point of Sale","2","1x 16oz/Large; 1x 16oz/Large","378","2024-07-15 07:45:21","2024-07-15 07:51:39","",""
"ESPRESSO","Jimmy","Point of Sale","1","1x ","355","2024-07-15 07:45:44","2024-07-15 07:51:39","",""
"ESPRESSO","A","Point of Sale","1","1x 12oz/Medium","540","2024-07-15 07:46:51","2024-07-15 07:55:51","",""
"ESPRESSO","#7700","Point of Sale","2","2x Protein Ball - Peanut Butter","11","2024-07-15 07:51:57","2024-07-15 07:52:08","",""
"ESPRESSO","Josh","Point of Sale","1","1x 12oz/Medium","136","2024-07-15 07:53:35","2024-07-15 07:55:51","",""
"ESPRESSO","Lou","Point of Sale","2","1x 8oz/Small; 1x 6oz","195","2024-07-15 07:55:10","2024-07-15 07:58:25","",""
"ESPRESSO","Alex","Point of Sale","1","1x 16oz/ICED MEDIUM","293","2024-07-15 07:55:23","2024-07-15 08:00:16","",""
"ESPRESSO","Ryan","Point of Sale","1","1x ","277","2024-07-15 07:55:40","2024-07-15 08:00:17","",""
"ESPRESSO","Alex","Point of Sale","1","1x 16oz/ICED MEDIUM","309","2024-07-15 07:57:03","2024-07-15 08:02:12","",""
"ESPRESSO","Dave","Point of Sale","1","1x 12oz/Medium","292","2024-07-15 07:57:20","2024-07-15 08:02:12","",""
"ESPRESSO","Gavin","Point of Sale","1","1x 12oz/Medium","425","2024-07-15 07:57:41","2024-07-15 08:04:46","",""
"ESPRESSO","#4804","Point of Sale","1","1x 8oz/Small","328","2024-07-15 07:59:17","2024-07-15 08:04:45","",""
"ESPRESSO","Ann","Point of Sale","1","1x 6oz","292","2024-07-15 07:59:54","2024-07-15 08:04:46","",""
"ESPRESSO","Declan","Point of Sale","2","1x 8oz/Small; 1x 500g Beans","323","2024-07-15 08:01:57","2024-07-15 08:07:20","",""
"ESPRESSO","B","Point of Sale","2","1x 8oz/Small; 1x 12oz/Medium","231","2024-07-15 08:04:40","2024-07-15 08:08:31","",""
"ESPRESSO","Maddy","Point of Sale","2","1x 16oz/Large; 1x 16oz/ICED MEDIUM","434","2024-07-15 08:05:11","2024-07-15 08:12:25","",""
"ESPRESSO","Judy","Point of Sale","1","1x 6oz","281","2024-07-15 08:06:25","2024-07-15 08:11:06","",""
"ESPRESSO","Christian","Point of Sale","1","1x 12oz/Medium","492","2024-07-15 08:06:44","2024-07-15 08:14:56","",""
"ESPRESSO","Emily","Point of Sale","1","1x 12oz/Medium","396","2024-07-15 08:08:20","2024-07-15 08:14:56","",""
"ESPRESSO","#8094","Point of Sale","3","1x 8oz/Small; 1x 6oz; 1x Babycino","580","2024-07-15 08:09:55","2024-07-15 08:19:35","",""
"ESPRESSO","Rach","Point of Sale","3","1x 12oz/Medium; 1x 12oz/Medium; 1x 12oz/ICED SMALL","600","2024-07-15 08:10:49","2024-07-15 08:20:49","",""
"ESPRESSO","Shannon","Point of Sale","1","1x 16oz/Large","433","2024-07-15 08:15:31","2024-07-15 08:22:44","",""
"ESPRESSO","Rach","Point of Sale","1","1x 250g Beans","235","2024-07-15 08:16:08","2024-07-15 08:20:03","",""
"ESPRESSO","Carlos","Point of Sale","1","1x 16oz/Large","483","2024-07-15 08:16:47","2024-07-15 08:24:50","",""
"ESPRESSO","John","Point of Sale","2","1x A Sweet Muffin; 1x 8oz/Small","560","2024-07-15 08:18:44","2024-07-15 08:28:04","",""
"ESPRESSO","Kris","Point of Sale","1","1x 12oz/Medium","328","2024-07-15 08:22:36","2024-07-15 08:28:04","",""
"ESPRESSO","#8137","Point of Sale","1","1x Fruit Juice","121","2024-07-15 08:23:48","2024-07-15 08:25:49","",""
"ESPRESSO","#9343","Point of Sale","1","1x 12oz/Medium","86","2024-07-15 08:28:14","2024-07-15 08:29:40","",""
"ESPRESSO","Neil","Point of Sale","1","1x 12oz/Medium","101","2024-07-15 08:29:16","2024-07-15 08:30:57","",""
"ESPRESSO","#1583","Point of Sale","1","1x 16oz/Large","325","2024-07-15 08:30:13","2024-07-15 08:35:38","",""
"ESPRESSO","#2643","Point of Sale","1","1x 12oz/Medium","246","2024-07-15 08:31:32","2024-07-15 08:35:38","",""
"ESPRESSO","#4498","Point of Sale","2","1x A Savoury Muffin; 1x 16oz/ICED MEDIUM","241","2024-07-15 08:35:50","2024-07-15 08:39:51","",""
"ESPRESSO","#2254","Point of Sale","2","1x A Savoury Muffin; 1x 16oz/Large","198","2024-07-15 08:36:33","2024-07-15 08:39:51","",""
"ESPRESSO","#9953","Point of Sale","1","1x 16oz/Large","185","2024-07-15 08:36:46","2024-07-15 08:39:51","",""
"ESPRESSO","#3362","Point of Sale","1","1x 12oz/Medium","109","2024-07-15 08:40:45","2024-07-15 08:42:34","",""
"ESPRESSO","#8028","Point of Sale","2","1x 16oz/ICED MEDIUM; 1x 12oz/Medium","192","2024-07-15 08:43:32","2024-07-15 08:46:44","",""
"ESPRESSO","#2546","Point of Sale","2","1x 8oz/Small; 1x 8oz/Small","342","2024-07-15 08:44:29","2024-07-15 08:50:11","",""
"ESPRESSO","#4962","Point of Sale","1","1x 6oz","299","2024-07-15 08:45:12","2024-07-15 08:50:11","",""
"ESPRESSO","2004093661","Square Online","2","1x 12oz/Medium; 1x 12oz/Medium","401","2024-07-15 08:45:36","2024-07-15 08:52:17","2024-07-15 08:45:30",""
"ESPRESSO","#9964","Point of Sale","1","1x 16oz/Large","239","2024-07-15 08:50:39","2024-07-15 08:54:38","",""
"ESPRESSO","#2070","Point of Sale","1","1x 8oz/Small","118","2024-07-15 08:52:41","2024-07-15 08:54:39","",""
"ESPRESSO","#2599","Point of Sale","4","2x 12oz/Medium; 2x 12oz/Medium","237","2024-07-15 08:55:21","2024-07-15 08:59:18","",""
"ESPRESSO","#1215","Point of Sale","1","1x 16oz/Large","414","2024-07-15 08:59:02","2024-07-15 09:05:56","",""
"ESPRESSO","#4592","Point of Sale","1","1x 12oz/Medium","211","2024-07-15 09:02:25","2024-07-15 09:05:56","",""
"ESPRESSO","#7803","Point of Sale","2","2x 8oz/Small","135","2024-07-15 09:03:41","2024-07-15 09:05:56","",""
"ESPRESSO","#1416","Point of Sale","1","1x 8oz/Small","195","2024-07-15 09:10:38","2024-07-15 09:13:53","",""
"ESPRESSO","#6343","Point of Sale","1","1x 12oz/Medium","233","2024-07-15 09:11:14","2024-07-15 09:15:07","",""
"ESPRESSO","#7610","Point of Sale","1","1x 8oz/Small","323","2024-07-15 09:14:13","2024-07-15 09:19:36","",""
"ESPRESSO","#751","Point of Sale","2","2x 12oz/Medium","216","2024-07-15 09:16:00","2024-07-15 09:19:36","",""
"ESPRESSO","#1319","Point of Sale","1","1x 8oz/Small","169","2024-07-15 09:18:55","2024-07-15 09:21:44","",""
"ESPRESSO","#9482","Point of Sale","1","1x 12oz/Medium","114","2024-07-15 09:21:32","2024-07-15 09:23:26","",""
"ESPRESSO","#4844","Point of Sale","2","2x 12oz/Medium","299","2024-07-15 09:21:53","2024-07-15 09:26:52","",""
"ESPRESSO","#4747","Point of Sale","2","1x 16oz/Large; 1x 12oz/Medium","338","2024-07-15 09:22:38","2024-07-15 09:28:16","",""
"ESPRESSO","#4144","Point of Sale","1","1x 12oz/Medium","349","2024-07-15 09:23:04","2024-07-15 09:28:53","",""
"ESPRESSO","#9071","Point of Sale","1","1x 16oz/Large","462","2024-07-15 09:23:25","2024-07-15 09:31:07","",""
"ESPRESSO","#9661","Point of Sale","1","1x 8oz/Small","442","2024-07-15 09:23:45","2024-07-15 09:31:07","",""
"ESPRESSO","#1598","Point of Sale","1","1x 20oz\ICED LARGE","430","2024-07-15 09:25:18","2024-07-15 09:32:28","",""
"ESPRESSO","#3332","Point of Sale","1","1x 6oz","266","2024-07-15 09:28:02","2024-07-15 09:32:28","",""
"ESPRESSO","#9655","Point of Sale","1","1x 16oz/Large","247","2024-07-15 09:28:52","2024-07-15 09:32:59","",""
"ESPRESSO","#3627","Point of Sale","1","1x 8oz/Small","134","2024-07-15 09:38:05","2024-07-15 09:40:19","",""
"ESPRESSO","#3509","Point of Sale","2","1x A Savoury Muffin; 1x 8oz/Small","104","2024-07-15 09:38:36","2024-07-15 09:40:20","",""
"ESPRESSO","#697","Point of Sale","1","1x 6oz","341","2024-07-15 09:39:10","2024-07-15 09:44:51","",""
"ESPRESSO","#4285","Point of Sale","3","3x 12oz/Medium","293","2024-07-15 09:39:59","2024-07-15 09:44:52","",""
"ESPRESSO","#4256","Point of Sale","3","1x 8oz/Small; 2x 8oz/Small","377","2024-07-15 09:41:16","2024-07-15 09:47:33","",""
"ESPRESSO","#9236","Point of Sale","2","1x 250g Beans; 1x 6oz","332","2024-07-15 09:42:02","2024-07-15 09:47:34","",""
"ESPRESSO","#4628","Point of Sale","1","1x 16oz/Large","471","2024-07-15 09:42:43","2024-07-15 09:50:34","",""
"ESPRESSO","#8474","Point of Sale","1","1x 6oz","325","2024-07-15 09:45:09","2024-07-15 09:50:34","",""
"ESPRESSO","#2129","Point of Sale","1","1x 12oz/Medium","125","2024-07-15 09:50:48","2024-07-15 09:52:53","",""
"ESPRESSO","#2156","Point of Sale","2","1x 6oz; 1x 16oz/ICED MEDIUM","147","2024-07-15 09:52:48","2024-07-15 09:55:15","",""
"ESPRESSO","#5662","Point of Sale","1","1x 12oz/Medium","166","2024-07-15 09:54:30","2024-07-15 09:57:16","",""
"ESPRESSO","#53","Point of Sale","1","1x 16oz/ICED MEDIUM","125","2024-07-15 09:55:12","2024-07-15 09:57:17","",""
"ESPRESSO","#4412","Point of Sale","2","1x Bacon And Egg Breakfast Wrap; 1x 16oz/ICED MEDIUM","147","2024-07-15 09:55:38","2024-07-15 09:58:05","",""
"ESPRESSO","#33","Point of Sale","1","1x 6oz","122","2024-07-15 09:57:04","2024-07-15 09:59:06","",""
"ESPRESSO","#7672","Point of Sale","1","1x 12oz/Medium","312","2024-07-15 09:59:13","2024-07-15 10:04:25","",""
"ESPRESSO","#3376","Point of Sale","2","1x 8oz/Small; 1x 6oz","212","2024-07-15 10:04:11","2024-07-15 10:07:43","",""
"ESPRESSO","#5762","Point of Sale","1","1x 12oz/Medium","181","2024-07-15 10:04:42","2024-07-15 10:07:43","",""
"ESPRESSO","#6024","Point of Sale","1","1x 8oz/Small","476","2024-07-15 10:14:20","2024-07-15 10:22:16","",""
"ESPRESSO","#5609","Point of Sale","2","1x 16oz/Large; 1x 8oz/Small","175","2024-07-15 10:21:50","2024-07-15 10:24:45","",""
"ESPRESSO","#9369","Point of Sale","2","1x A Cookie; 1x 12oz/Medium","195","2024-07-15 10:22:34","2024-07-15 10:25:49","",""
"ESPRESSO","#7273","Point of Sale","2","1x 12oz/Medium; 1x 12oz/Medium","453","2024-07-15 10:24:44","2024-07-15 10:32:17","",""
"ESPRESSO","#7930","Point of Sale","1","1x A Savoury Muffin","121","2024-07-15 10:30:15","2024-07-15 10:32:16","",""
"ESPRESSO","#8015","Point of Sale","1","1x 12oz/Medium","96","2024-07-15 10:31:30","2024-07-15 10:33:06","",""
"ESPRESSO","#5784","Point of Sale","1","1x 12oz/Medium","117","2024-07-15 10:31:46","2024-07-15 10:33:43","",""
"ESPRESSO","#8469","Point of Sale","1","1x 12oz/Medium","251","2024-07-15 10:33:02","2024-07-15 10:37:13","",""
"ESPRESSO","#2139","Point of Sale","2","2x 6oz","405","2024-07-15 10:34:23","2024-07-15 10:41:08","",""
"ESPRESSO","#5817","Point of Sale","2","1x 8oz/Small; 1x 8oz/Small","396","2024-07-15 10:37:46","2024-07-15 10:44:22","",""
"ESPRESSO","#8105","Point of Sale","4","1x 12oz/Medium; 1x Babycino; 1x A Sweet Muffin; 1x A Cookie","445","2024-07-15 10:40:27","2024-07-15 10:47:52","",""
"ESPRESSO","#8727","Point of Sale","1","1x 12oz/Medium","384","2024-07-15 10:46:58","2024-07-15 10:53:22","",""
"ESPRESSO","#9416","Point of Sale","2","1x 16oz/Large; 1x Butterbing!","257","2024-07-15 10:49:05","2024-07-15 10:53:22","",""
"ESPRESSO","#3783","Point of Sale","2","1x Bacon And Egg Breakfast Wrap; 1x 12oz/ICED SMALL","443","2024-07-15 10:51:28","2024-07-15 10:58:51","",""
"ESPRESSO","#1408","Point of Sale","1","1x 16oz/Large","363","2024-07-15 10:53:37","2024-07-15 10:59:40","",""
"ESPRESSO","#9989","Point of Sale","1","1x 6oz","468","2024-07-15 10:53:57","2024-07-15 11:01:45","",""
"ESPRESSO","#5886","Point of Sale","1","1x 6oz","449","2024-07-15 10:55:18","2024-07-15 11:02:47","",""
"ESPRESSO","#4640","Point of Sale","1","1x 20oz\ICED LARGE","537","2024-07-15 10:55:53","2024-07-15 11:04:50","",""
"ESPRESSO","#1528","Point of Sale","3","1x 8oz/Small; 1x A Sweet Muffin; 1x 12oz/Medium","563","2024-07-15 10:57:53","2024-07-15 11:07:16","",""
"ESPRESSO","#9496","Point of Sale","3","1x 12oz/Medium; 1x Bacon And Egg Breakfast Wrap; 1x 6oz","583","2024-07-15 11:01:22","2024-07-15 11:11:05","",""
"ESPRESSO","#2692","Point of Sale","2","2x 6oz","636","2024-07-15 11:02:47","2024-07-15 11:13:23","",""
"ESPRESSO","#7458","Point of Sale","3","1x Protein Ball - Peanut Butter; 1x 6oz; 1x 12oz/Medium","487","2024-07-15 11:08:45","2024-07-15 11:16:52","",""
"ESPRESSO","#2778","Point of Sale","1","1x 12oz/Medium","553","2024-07-15 11:09:21","2024-07-15 11:18:34","",""
"ESPRESSO","#2063","Point of Sale","1","1x 6oz","418","2024-07-15 11:13:15","2024-07-15 11:20:13","",""
"ESPRESSO","#9244","Point of Sale","1","1x 8oz/Small","72","2024-07-15 11:19:03","2024-07-15 11:20:15","",""
"ESPRESSO","#1450","Point of Sale","2","1x 16oz/ICED MEDIUM; 1x 12oz/Medium","238","2024-07-15 11:20:08","2024-07-15 11:24:06","",""
"ESPRESSO","#9564","Point of Sale","1","1x 8oz/Small","193","2024-07-15 11:23:39","2024-07-15 11:26:52","",""
"ESPRESSO","#7908","Point of Sale","3","1x 12oz/Medium; 1x Portugese Tart; 1x 12oz/Medium","214","2024-07-15 11:29:42","2024-07-15 11:33:16","",""
"ESPRESSO","#6376","Point of Sale","3","2x 12oz/ICED SMALL; 1x 12oz/Medium","227","2024-07-15 11:45:58","2024-07-15 11:49:45","",""
"ESPRESSO","#3105","Point of Sale","1","1x 16oz/Large","182","2024-07-15 11:51:59","2024-07-15 11:55:01","",""
"ESPRESSO","#9508","Point of Sale","1","1x A Sweet Muffin","127","2024-07-15 11:52:54","2024-07-15 11:55:01","",""
"ESPRESSO","#4061","Point of Sale","1","1x 12oz/Medium","91","2024-07-15 11:57:45","2024-07-15 11:59:16","",""
"ESPRESSO","#9785","Point of Sale","1","1x ","470","2024-07-15 12:06:16","2024-07-15 12:14:06","",""
"ESPRESSO","#1463","Point of Sale","4","2x Bacon And Egg Breakfast Wrap; 1x 12oz/Medium; 1x 8oz/Small","418","2024-07-15 12:07:08","2024-07-15 12:14:06","",""
"ESPRESSO","#9985","Point of Sale","1","1x 12oz/Medium","826","2024-07-15 12:13:23","2024-07-15 12:27:09","",""
"ESPRESSO","#1725","Point of Sale","2","1x 8oz/Small; 1x Butterbing!","567","2024-07-15 12:17:43","2024-07-15 12:27:10","",""
"ESPRESSO","#5455","Point of Sale","1","1x 12oz/Medium","474","2024-07-15 12:43:35","2024-07-15 12:51:29","",""
"ESPRESSO","#9240","Point of Sale","1","1x 8oz/Small","194","2024-07-15 12:48:16","2024-07-15 12:51:30","",""
"ESPRESSO","#6588","Point of Sale","1","1x 4oz/Pic, Esp, Dop","427","2024-07-15 12:57:15","2024-07-15 13:04:22","",""
"ESPRESSO","#3624","Point of Sale","1","1x 8oz/Small","398","2024-07-15 12:57:45","2024-07-15 13:04:23","",""
"ESPRESSO","#6473","Point of Sale","1","1x 12oz/Medium","354","2024-07-15 12:58:29","2024-07-15 13:04:23","",""
"ESPRESSO","#923","Point of Sale","1","1x 4oz/Pic, Esp, Dop","222","2024-07-15 13:00:42","2024-07-15 13:04:24","",""
"ESPRESSO","#5678","Point of Sale","1","1x 12oz/Medium","136","2024-07-15 13:08:55","2024-07-15 13:11:11","",""
"ESPRESSO","#7098","Point of Sale","2","1x 20oz\ICED LARGE; 1x A Savoury Muffin","206","2024-07-15 13:15:30","2024-07-15 13:18:56","",""
"ESPRESSO","#1448","Point of Sale","1","1x ","103","2024-07-15 13:17:13","2024-07-15 13:18:56","",""
"ESPRESSO","#6084","Point of Sale","1","1x 16oz/Large","773","2024-07-15 13:20:26","2024-07-15 13:33:19","",""
"ESPRESSO","#9012","Point of Sale","1","1x 8oz/Small","487","2024-07-15 13:25:11","2024-07-15 13:33:18","",""
"ESPRESSO","#7460","Point of Sale","1","1x 16oz/Large","1959","2024-07-16 04:55:10","2024-07-16 05:27:49","",""
"ESPRESSO","#7129","Point of Sale","1","1x 12oz/Medium","1807","2024-07-16 05:09:04","2024-07-16 05:39:11","",""
"ESPRESSO","#7246","Point of Sale","1","1x 12oz/Medium","412","2024-07-16 05:21:00","2024-07-16 05:27:52","",""
"ESPRESSO","#1602","Point of Sale","2","2x 4oz/Pic, Esp, Dop","245","2024-07-16 05:23:46","2024-07-16 05:27:51","",""
"ESPRESSO","#5238","Point of Sale","1","1x 4oz/Pic, Esp, Dop","122","2024-07-16 05:25:47","2024-07-16 05:27:49","",""
"ESPRESSO","#1169","Point of Sale","2","1x 6oz; 1x 8oz/Small","756","2024-07-16 05:26:36","2024-07-16 05:39:12","",""
"ESPRESSO","#2064","Point of Sale","1","1x 16oz/ICED MEDIUM","581","2024-07-16 05:46:04","2024-07-16 05:55:45","",""
"ESPRESSO","#1120","Point of Sale","1","1x 12oz/Medium","561","2024-07-16 05:46:24","2024-07-16 05:55:45","",""
"ESPRESSO","Ros","Point of Sale","1","1x 6oz","408","2024-07-16 05:48:57","2024-07-16 05:55:45","",""
"ESPRESSO","#3806","Point of Sale","1","1x 6oz","385","2024-07-16 05:49:20","2024-07-16 05:55:45","",""
"ESPRESSO","#3525","Point of Sale","1","1x 12oz/ICED SMALL","116","2024-07-16 05:53:48","2024-07-16 05:55:44","",""
"ESPRESSO","#2555","Point of Sale","2","1x 12oz/Medium; 1x 8oz/Small","511","2024-07-16 05:55:35","2024-07-16 06:04:06","",""
"ESPRESSO","#7852","Point of Sale","1","1x 12oz/Medium","403","2024-07-16 05:57:24","2024-07-16 06:04:07","",""
"ESPRESSO","#1989","Point of Sale","1","1x 12oz/Medium","378","2024-07-16 05:57:48","2024-07-16 06:04:06","",""
"ESPRESSO","#6504","Point of Sale","3","2x 4oz/Pic, Esp, Dop; 1x 12oz/Medium","363","2024-07-16 05:58:03","2024-07-16 06:04:06","",""
"ESPRESSO","#6228","Point of Sale","1","1x 16oz/Large","482","2024-07-16 05:58:20","2024-07-16 06:06:22","",""
"ESPRESSO","#5597","Point of Sale","1","1x 8oz/Small","423","2024-07-16 05:59:19","2024-07-16 06:06:22","",""
"ESPRESSO","#8747","Point of Sale","2","1x 8oz/Small; 1x 6oz","606","2024-07-16 06:01:39","2024-07-16 06:11:45","",""
"ESPRESSO","#4964","Point of Sale","1","1x 12oz/Medium","347","2024-07-16 06:05:58","2024-07-16 06:11:45","",""
"ESPRESSO","866695742","Square Online","1","1x 16oz/Large","312","2024-07-16 06:10:34","2024-07-16 06:15:46","2024-07-16 06:10:29",""
"ESPRESSO","#2631","Point of Sale","2","2x 12oz/Medium","369","2024-07-16 06:11:44","2024-07-16 06:17:53","",""
"ESPRESSO","#9898","Point of Sale","1","1x 8oz/Small","350","2024-07-16 06:12:04","2024-07-16 06:17:54","",""
"ESPRESSO","#5605","Point of Sale","2","1x 8oz/Small; 1x 6oz","774","2024-07-16 06:12:55","2024-07-16 06:25:49","",""
"ESPRESSO","#4107","Point of Sale","1","1x 8oz/Small","751","2024-07-16 06:13:17","2024-07-16 06:25:48","",""
"ESPRESSO","#8758","Point of Sale","1","1x 16oz/Large","732","2024-07-16 06:13:36","2024-07-16 06:25:48","",""
"ESPRESSO","#3850","Point of Sale","2","1x 12oz/Medium; 1x 12oz/Medium","589","2024-07-16 06:15:59","2024-07-16 06:25:48","",""
"ESPRESSO","#9978","Point of Sale","2","1x Bacon And Egg Breakfast Wrap; 1x 16oz/Large","417","2024-07-16 06:19:05","2024-07-16 06:26:02","",""
"ESPRESSO","#8540","Point of Sale","2","1x 12oz/Medium; 1x 6oz","577","2024-07-16 06:21:14","2024-07-16 06:30:51","",""
"ESPRESSO","#2246","Point of Sale","1","1x 6oz","625","2024-07-16 06:22:51","2024-07-16 06:33:16","",""
"ESPRESSO","#1071","Point of Sale","1","1x 16oz/Large","500","2024-07-16 06:24:56","2024-07-16 06:33:16","",""
"ESPRESSO","#4260","Point of Sale","2","1x 12oz/Medium; 1x 6oz","632","2024-07-16 06:25:39","2024-07-16 06:36:11","",""
"ESPRESSO","#9449","Point of Sale","2","1x 8oz/Small; 1x 12oz/Medium","435","2024-07-16 06:28:56","2024-07-16 06:36:11","",""
"ESPRESSO","#9090","Point of Sale","1","1x 16oz/Large","415","2024-07-16 06:29:17","2024-07-16 06:36:12","",""
"ESPRESSO","#3614","Point of Sale","1","1x 8oz/Small","387","2024-07-16 06:29:59","2024-07-16 06:36:26","",""
"ESPRESSO","#5826","Point of Sale","2","1x Bacon And Egg Breakfast Wrap; 1x 12oz/Medium","476","2024-07-16 06:30:43","2024-07-16 06:38:39","",""
"ESPRESSO","#5357","Point of Sale","1","1x 12oz/Medium","407","2024-07-16 06:31:51","2024-07-16 06:38:38","",""
"ESPRESSO","#7127","Point of Sale","3","3x 16oz/Large","674","2024-07-16 06:32:47","2024-07-16 06:44:01","",""
"ESPRESSO","#5280","Point of Sale","1","1x 16oz/Large","604","2024-07-16 06:33:57","2024-07-16 06:44:01","",""
"ESPRESSO","#2799","Point of Sale","2","2x 12oz/Medium","262","2024-07-16 06:39:38","2024-07-16 06:44:00","",""
"ESPRESSO","#6632","Point of Sale","1","1x 12oz/Medium","394","2024-07-16 06:40:37","2024-07-16 06:47:11","",""
"ESPRESSO","#9971","Point of Sale","2","1x 16oz/ICED MEDIUM; 1x A Cookie","163","2024-07-16 06:41:07","2024-07-16 06:43:50","",""
"ESPRESSO","#9361","Point of Sale","1","1x 4oz/Pic, Esp, Dop","311","2024-07-16 06:41:59","2024-07-16 06:47:10","",""
"ESPRESSO","#9715","Point of Sale","1","1x 12oz/Medium","286","2024-07-16 06:42:25","2024-07-16 06:47:11","",""
"ESPRESSO","#4706","Point of Sale","2","1x 16oz/Large; 1x A Savoury Muffin","303","2024-07-16 06:45:34","2024-07-16 06:50:37","",""
"ESPRESSO","#5548","Point of Sale","1","1x 12oz/Medium","157","2024-07-16 06:48:00","2024-07-16 06:50:37","",""
"ESPRESSO","#123","Point of Sale","1","1x 12oz/Medium","121","2024-07-16 06:48:37","2024-07-16 06:50:38","",""
"ESPRESSO","#7438","Point of Sale","1","1x 12oz/Medium","250","2024-07-16 06:48:53","2024-07-16 06:53:03","",""
"ESPRESSO","#2534","Point of Sale","1","1x 12oz/Medium","225","2024-07-16 06:49:18","2024-07-16 06:53:03","",""
"ESPRESSO","#9373","Point of Sale","2","1x 12oz/Medium; 1x 8oz/Small","757","2024-07-16 06:51:55","2024-07-16 07:04:32","",""
"ESPRESSO","#1214","Point of Sale","1","1x 16oz/Large","364","2024-07-16 06:58:28","2024-07-16 07:04:32","",""
"ESPRESSO","#3348","Point of Sale","1","1x 8oz/Small","247","2024-07-16 07:00:25","2024-07-16 07:04:32","",""
"ESPRESSO","#9438","Point of Sale","2","1x Pupacino; 1x 12oz/Medium","199","2024-07-16 07:01:14","2024-07-16 07:04:33","",""
"ESPRESSO","#1864","Point of Sale","1","1x 12oz/Medium","69","2024-07-16 07:03:24","2024-07-16 07:04:33","",""
"ESPRESSO","#1050","Point of Sale","1","1x 12oz/Medium","796","2024-07-16 07:04:08","2024-07-16 07:17:24","",""
"ESPRESSO","#8782","Point of Sale","1","1x 16oz/Large","356","2024-07-16 07:11:27","2024-07-16 07:17:23","",""
"ESPRESSO","#9963","Point of Sale","1","1x 12oz/Medium","329","2024-07-16 07:11:55","2024-07-16 07:17:24","",""
"ESPRESSO","#573","Point of Sale","1","1x 12oz/Medium","314","2024-07-16 07:12:09","2024-07-16 07:17:23","",""
"ESPRESSO","#8654","Point of Sale","1","1x 12oz/Medium","580","2024-07-16 07:13:14","2024-07-16 07:22:54","",""
"ESPRESSO","#8775","Point of Sale","1","1x 12oz/Medium","360","2024-07-16 07:16:55","2024-07-16 07:22:55","",""
"ESPRESSO","#6346","Point of Sale","1","1x 12oz/Medium","218","2024-07-16 07:19:16","2024-07-16 07:22:54","",""
"ESPRESSO","#1488","Point of Sale","1","1x 12oz/ICED SMALL","146","2024-07-16 07:20:30","2024-07-16 07:22:56","",""
"ESPRESSO","#371","Point of Sale","1","1x 16oz/Large","100","2024-07-16 07:21:16","2024-07-16 07:22:56","",""
"ESPRESSO","#3644","Point of Sale","1","1x 6oz","231","2024-07-16 07:21:49","2024-07-16 07:25:40","",""
"ESPRESSO","#2678","Point of Sale","1","1x 12oz/Medium","158","2024-07-16 07:23:02","2024-07-16 07:25:40","",""
"ESPRESSO","#9446","Point of Sale","4","1x 20oz\ICED LARGE; 1x A Sweet Muffin; 1x Portugese Tart; 1x 8oz/Small","204","2024-07-16 07:23:45","2024-07-16 07:27:09","",""
"ESPRESSO","#7780","Point of Sale","1","1x 8oz/Small","131","2024-07-16 07:24:59","2024-07-16 07:27:10","",""
"ESPRESSO","#6461","Point of Sale","1","1x 12oz/Medium","265","2024-07-16 07:25:32","2024-07-16 07:29:57","",""
"ESPRESSO","#7374","Point of Sale","1","1x 8oz/Small","320","2024-07-16 07:25:49","2024-07-16 07:31:09","",""
"ESPRESSO","#3797","Point of Sale","1","1x 12oz/Medium","305","2024-07-16 07:26:05","2024-07-16 07:31:10","",""
"ESPRESSO","#9088","Point of Sale","1","1x 6oz","304","2024-07-16 07:26:21","2024-07-16 07:31:25","",""
"ESPRESSO","#3047","Point of Sale","1","1x 12oz/Medium","306","2024-07-16 07:26:43","2024-07-16 07:31:49","",""
"ESPRESSO","#8142","Point of Sale","2","1x 6oz; 1x 6oz","346","2024-07-16 07:29:11","2024-07-16 07:34:57","",""
"ESPRESSO","#4856","Point of Sale","1","1x 8oz/Small","309","2024-07-16 07:29:29","2024-07-16 07:34:38","",""
"ESPRESSO","#6907","Point of Sale","2","1x 8oz/Small; 1x 8oz/Small","487","2024-07-16 07:29:59","2024-07-16 07:38:06","",""
"ESPRESSO","#2224","Point of Sale","2","1x A Sweet Muffin; 1x 12oz/Medium","286","2024-07-16 07:33:53","2024-07-16 07:38:39","",""
"ESPRESSO","#8489","Point of Sale","5","1x Bacon And Egg Breakfast Wrap; 1x 12oz/Medium; 1x 8oz/Small; 1x A Sweet Muffin; 1x 12oz/Medium","328","2024-07-16 07:35:01","2024-07-16 07:40:29","",""
"ESPRESSO","#8622","Point of Sale","1","1x 16oz/Large","363","2024-07-16 07:35:23","2024-07-16 07:41:26","",""
"ESPRESSO","#319","Point of Sale","2","1x Protein Ball - Peanut Butter; 1x 16oz/Large","544","2024-07-16 07:37:05","2024-07-16 07:46:09","","2024-07-15T21:46:05.000Z"
"ESPRESSO","#4934","Point of Sale","1","1x 12oz/Medium","413","2024-07-16 07:37:53","2024-07-16 07:44:46","",""
"ESPRESSO","#5339","Point of Sale","1","1x 16oz/Large","305","2024-07-16 07:41:03","2024-07-16 07:46:08","",""
"ESPRESSO","#315","Point of Sale","2","1x 12oz/Medium; 1x 8oz/Small","151","2024-07-16 07:44:27","2024-07-16 07:46:58","",""
"ESPRESSO","#225","Point of Sale","1","1x 8oz/Small","793","2024-07-16 07:46:27","2024-07-16 07:59:40","",""
"ESPRESSO","#1796","Point of Sale","2","1x 16oz/Large; 1x A Sweet Muffin","576","2024-07-16 07:50:03","2024-07-16 07:59:39","",""
"ESPRESSO","#5744","Point of Sale","2","1x A Sweet Muffin; 1x 6oz","534","2024-07-16 07:50:45","2024-07-16 07:59:39","",""
"ESPRESSO","#8960","Point of Sale","1","1x 12oz/Medium","362","2024-07-16 07:53:37","2024-07-16 07:59:39","",""
"ESPRESSO","#4112","Point of Sale","2","1x 16oz/ICED MEDIUM; 1x Bacon And Egg Breakfast Wrap","218","2024-07-16 07:56:03","2024-07-16 07:59:41","",""
"ESPRESSO","#6563","Point of Sale","1","1x 12oz/Medium","188","2024-07-16 07:57:23","2024-07-16 08:00:31","",""
"ESPRESSO","#7431","Point of Sale","1","1x 12oz/Medium","240","2024-07-16 07:57:44","2024-07-16 08:01:44","",""
"ESPRESSO","#7255","Point of Sale","1","1x 6oz","218","2024-07-16 07:58:05","2024-07-16 08:01:43","",""
"ESPRESSO","#8693","Point of Sale","1","1x 16oz/Large","293","2024-07-16 07:58:43","2024-07-16 08:03:36","",""
"ESPRESSO","#3860","Point of Sale","1","1x 12oz/Medium","404","2024-07-16 07:59:08","2024-07-16 08:05:52","",""
"ESPRESSO","#9681","Point of Sale","1","1x 12oz/Medium","392","2024-07-16 07:59:20","2024-07-16 08:05:52","",""
"ESPRESSO","#1248","Point of Sale","2","1x 16oz/ICED MEDIUM; 1x 6oz","518","2024-07-16 07:59:55","2024-07-16 08:08:33","",""
"ESPRESSO","#8412","Point of Sale","1","1x 12oz/ICED SMALL","356","2024-07-16 08:02:38","2024-07-16 08:08:34","",""
"ESPRESSO","#3503","Point of Sale","1","1x 12oz/Medium","404","2024-07-16 08:03:09","2024-07-16 08:09:53","",""
"ESPRESSO","#9377","Point of Sale","1","1x 16oz/Large","364","2024-07-16 08:03:49","2024-07-16 08:09:53","",""
"ESPRESSO","#6830","Point of Sale","1","1x 16oz/Large","573","2024-07-16 08:04:15","2024-07-16 08:13:48","",""
"ESPRESSO","#4206","Point of Sale","1","1x 12oz/Medium","386","2024-07-16 08:07:22","2024-07-16 08:13:48","",""
"ESPRESSO","#140","Point of Sale","2","1x 12oz/Medium; 1x Bacon And Egg Breakfast Wrap","332","2024-07-16 08:08:15","2024-07-16 08:13:47","",""
"ESPRESSO","#1633","Point of Sale","1","1x 16oz/ICED MEDIUM","165","2024-07-16 08:11:04","2024-07-16 08:13:49","",""
"ESPRESSO","#3238","Point of Sale","1","1x 8oz/Small","526","2024-07-16 08:11:21","2024-07-16 08:20:07","",""
"ESPRESSO","#5127","Point of Sale","2","1x 12oz/Medium; 1x A Sweet Muffin","256","2024-07-16 08:15:52","2024-07-16 08:20:08","",""
"ESPRESSO","#2209","Point of Sale","3","1x 12oz/Medium; 1x 16oz/Large; 1x A Cookie","228","2024-07-16 08:16:20","2024-07-16 08:20:08","",""
"ESPRESSO","#355","Point of Sale","3","1x 8oz/Small; 1x 12oz/Medium; 1x 12oz/Medium","331","2024-07-16 08:17:45","2024-07-16 08:23:16","",""
"ESPRESSO","#3316","Point of Sale","1","1x 12oz/Medium","315","2024-07-16 08:18:01","2024-07-16 08:23:16","",""
"ESPRESSO","#7995","Point of Sale","2","1x 500g Beans; 1x 16oz/Large","397","2024-07-16 08:18:50","2024-07-16 08:25:27","",""
"ESPRESSO","#9060","Point of Sale","1","1x 16oz/Large","362","2024-07-16 08:19:25","2024-07-16 08:25:27","",""
"ESPRESSO","#6072","Point of Sale","1","1x 12oz/Medium","428","2024-07-16 08:19:45","2024-07-16 08:26:53","",""
"ESPRESSO","#5478","Point of Sale","1","1x 12oz/Medium","504","2024-07-16 08:20:01","2024-07-16 08:28:25","",""
"ESPRESSO","#6766","Point of Sale","4","2x 12oz/Medium; 2x Bacon And Egg Breakfast Wrap","805","2024-07-16 08:20:24","2024-07-16 08:33:49","",""
"ESPRESSO","#1414","Point of Sale","3","1x 16oz/Large; 2x 12oz/Medium","576","2024-07-16 08:21:18","2024-07-16 08:30:54","",""
"ESPRESSO","#3756","Point of Sale","2","1x Fruit Juice; 1x 12oz/Medium","606","2024-07-16 08:21:43","2024-07-16 08:31:49","",""
"ESPRESSO","#4128","Point of Sale","3","1x San Pellegrino 500ml; 2x 6oz","694","2024-07-16 08:22:15","2024-07-16 08:33:49","",""
"ESPRESSO","#322","Point of Sale","1","1x A Sweet Muffin","470","2024-07-16 08:22:31","2024-07-16 08:30:21","",""
"ESPRESSO","#4094","Point of Sale","2","1x 6oz; 1x Babycino","522","2024-07-16 08:25:09","2024-07-16 08:33:51","",""
"ESPRESSO","#5951","Point of Sale","1","1x 12oz/Medium","679","2024-07-16 08:25:42","2024-07-16 08:37:01","",""
"ESPRESSO","#8194","Point of Sale","1","1x 12oz/Medium","596","2024-07-16 08:27:05","2024-07-16 08:37:01","",""
"ESPRESSO","#9448","Point of Sale","1","1x 8oz/Small","484","2024-07-16 08:28:57","2024-07-16 08:37:01","",""
"ESPRESSO","#8721","Point of Sale","2","1x 8oz/Small; 1x 8oz/Small","489","2024-07-16 08:32:10","2024-07-16 08:40:19","",""
"ESPRESSO","#5446","Point of Sale","2","1x A Sweet Muffin; 1x 20oz\ICED LARGE","281","2024-07-16 08:35:38","2024-07-16 08:40:19","",""
"ESPRESSO","#6997","Point of Sale","1","1x 12oz/Medium","492","2024-07-16 08:39:08","2024-07-16 08:47:20","",""
"ESPRESSO","#8176","Point of Sale","1","1x 12oz/Medium","464","2024-07-16 08:39:36","2024-07-16 08:47:20","",""
"ESPRESSO","#1439","Point of Sale","3","1x 4oz/Pic, Esp, Dop; 1x A Sweet Muffin; 1x 12oz/Medium","385","2024-07-16 08:40:55","2024-07-16 08:47:20","",""
"ESPRESSO","#869","Point of Sale","2","1x Bacon And Egg Breakfast Wrap; 1x 12oz/Medium","924","2024-07-16 08:45:45","2024-07-16 09:01:09","",""
"ESPRESSO","#9909","Point of Sale","2","1x Portugese Tart; 1x 4oz/Pic, Esp, Dop","600","2024-07-16 08:51:09","2024-07-16 09:01:09","",""
"ESPRESSO","#8884","Point of Sale","1","1x 6oz","166","2024-07-16 08:58:24","2024-07-16 09:01:10","",""
"ESPRESSO","#6238","Point of Sale","1","1x 8oz/Small","120","2024-07-16 08:59:10","2024-07-16 09:01:10","",""
"ESPRESSO","#4267","Point of Sale","1","1x 12oz/Medium","139","2024-07-16 09:00:33","2024-07-16 09:02:52","",""
"ESPRESSO","#7751","Point of Sale","1","1x 6oz","126","2024-07-16 09:00:46","2024-07-16 09:02:52","",""
"ESPRESSO","#5009","Point of Sale","1","1x 8oz/Small","474","2024-07-16 09:05:03","2024-07-16 09:12:57","",""
"ESPRESSO","#8145","Point of Sale","1","1x 12oz/Medium","359","2024-07-16 09:06:58","2024-07-16 09:12:57","",""
"ESPRESSO","#8319","Point of Sale","1","1x 12oz/Medium","241","2024-07-16 09:10:41","2024-07-16 09:14:42","",""
"ESPRESSO","#2131","Point of Sale","1","1x 16oz/Large","218","2024-07-16 09:11:04","2024-07-16 09:14:42","",""
"ESPRESSO","#2210","Point of Sale","1","1x 16oz/Large","184","2024-07-16 09:11:37","2024-07-16 09:14:41","",""
"ESPRESSO","#2642","Point of Sale","2","1x 20oz\ICED LARGE; 1x 16oz/Large","303","2024-07-16 09:12:06","2024-07-16 09:17:09","",""
"ESPRESSO","#8624","Point of Sale","2","1x Pupacino; 1x 8oz/Small","451","2024-07-16 09:12:56","2024-07-16 09:20:27","",""
"ESPRESSO","#6609","Point of Sale","2","1x A Sweet Muffin; 1x 12oz/Medium","349","2024-07-16 09:14:37","2024-07-16 09:20:26","",""
"ESPRESSO","#8450","Point of Sale","1","1x 12oz/Medium","542","2024-07-16 09:15:55","2024-07-16 09:24:57","",""
"ESPRESSO","#4909","Point of Sale","1","1x 12oz/Medium","436","2024-07-16 09:17:42","2024-07-16 09:24:58","",""
"ESPRESSO","#4609","Point of Sale","1","1x 12oz/Medium","361","2024-07-16 09:18:57","2024-07-16 09:24:58","",""
"ESPRESSO","#5428","Point of Sale","1","1x 16oz/Large","1113","2024-07-16 09:23:44","2024-07-16 09:42:17","",""
"ESPRESSO","#3760","Point of Sale","2","1x 16oz/Large; 1x A Savoury Muffin","1067","2024-07-16 09:24:30","2024-07-16 09:42:17","",""
"ESPRESSO","#1132","Point of Sale","3","1x 8oz/Small; 1x 1kg Beans; 1x 12oz/Medium","658","2024-07-16 09:31:18","2024-07-16 09:42:16","",""
"ESPRESSO","#5885","Point of Sale","1","1x 16oz/Large","220","2024-07-16 09:38:35","2024-07-16 09:42:15","",""
"ESPRESSO","#6065","Point of Sale","3","1x A Sweet Muffin; 1x 8oz/Small; 1x 16oz/Large","168","2024-07-16 09:39:27","2024-07-16 09:42:15","",""
"ESPRESSO","#7202","Point of Sale","1","1x 12oz/Medium","246","2024-07-16 09:43:11","2024-07-16 09:47:17","",""
"ESPRESSO","#6152","Point of Sale","2","1x 16oz/Large; 1x 1kg Beans","228","2024-07-16 09:43:29","2024-07-16 09:47:17","",""
"ESPRESSO","#7307","Point of Sale","2","1x A Cookie; 1x 12oz/Medium","195","2024-07-16 09:44:03","2024-07-16 09:47:18","",""
"ESPRESSO","#8988","Point of Sale","2","1x 12oz/Medium; 1x A Savoury Muffin","164","2024-07-16 09:44:35","2024-07-16 09:47:19","",""
"ESPRESSO","#4605","Point of Sale","1","1x 12oz/Medium","298","2024-07-16 09:46:17","2024-07-16 09:51:15","",""
"ESPRESSO","#9815","Point of Sale","1","1x 12oz/Medium","275","2024-07-16 09:46:41","2024-07-16 09:51:16","",""
"ESPRESSO","#5707","Point of Sale","1","1x 8oz/Small","193","2024-07-16 09:48:03","2024-07-16 09:51:16","",""
"ESPRESSO","#9233","Point of Sale","2","1x 12oz/Medium; 1x A Sweet Muffin","211","2024-07-16 09:50:28","2024-07-16 09:53:59","",""
"ESPRESSO","#278","Point of Sale","1","1x 12oz/Medium","307","2024-07-16 09:51:03","2024-07-16 09:56:10","",""
"ESPRESSO","#5048","Point of Sale","3","1x A Sweet Muffin; 1x 8oz/Small; 1x 8oz/Small","280","2024-07-16 09:51:30","2024-07-16 09:56:10","",""
"ESPRESSO","#5811","Point of Sale","1","1x 12oz/Medium","324","2024-07-16 09:53:28","2024-07-16 09:58:52","",""
"ESPRESSO","#8983","Point of Sale","1","1x 8oz/Small","302","2024-07-16 09:53:49","2024-07-16 09:58:51","",""
"ESPRESSO","#9041","Point of Sale","1","1x 8oz/Small","266","2024-07-16 09:54:25","2024-07-16 09:58:51","",""
"ESPRESSO","#3950","Point of Sale","1","1x 4oz/Pic, Esp, Dop","853","2024-07-16 09:55:00","2024-07-16 10:09:13","",""
"ESPRESSO","#1108","Point of Sale","2","1x 6oz; 1x 8oz/Small","810","2024-07-16 09:55:42","2024-07-16 10:09:12","",""
"ESPRESSO","#2466","Point of Sale","1","1x 12oz/ICED SMALL","795","2024-07-16 09:55:58","2024-07-16 10:09:13","",""
"ESPRESSO","#7926","Point of Sale","1","1x 6oz","557","2024-07-16 09:59:54","2024-07-16 10:09:11","",""
"ESPRESSO","#1676","Point of Sale","1","1x 6oz","420","2024-07-16 10:02:11","2024-07-16 10:09:11","",""
"ESPRESSO","#2451","Point of Sale","3","1x A Sweet Muffin; 1x 8oz/Small; 1x 8oz/Small","944","2024-07-16 10:09:19","2024-07-16 10:25:03","",""
"ESPRESSO","#9910","Point of Sale","1","1x 8oz/Small","684","2024-07-16 10:13:38","2024-07-16 10:25:02","",""
"ESPRESSO","#9256","Point of Sale","1","1x 6oz","120","2024-07-16 10:23:02","2024-07-16 10:25:02","",""
"ESPRESSO","#9521","Point of Sale","1","1x 12oz/Medium","58","2024-07-16 10:24:06","2024-07-16 10:25:04","",""
"ESPRESSO","#9071","Point of Sale","2","1x 12oz/Medium; 1x A Sweet Muffin","459","2024-07-16 10:24:29","2024-07-16 10:32:08","",""
"ESPRESSO","#3526","Point of Sale","1","1x 12oz/Medium","433","2024-07-16 10:24:55","2024-07-16 10:32:08","",""
"ESPRESSO","#112","Point of Sale","2","1x 500g Beans; 1x 12oz/Medium","185","2024-07-16 10:31:33","2024-07-16 10:34:38","",""
"ESPRESSO","#3020","Point of Sale","2","1x 12oz/Medium; 1x 500g Beans","138","2024-07-16 10:32:19","2024-07-16 10:34:37","",""
"ESPRESSO","#606","Point of Sale","1","1x 12oz/Medium","119","2024-07-16 10:32:42","2024-07-16 10:34:41","",""
"ESPRESSO","#3107","Point of Sale","1","1x 12oz/Medium","474","2024-07-16 10:35:09","2024-07-16 10:43:03","",""
"ESPRESSO","#2571","Point of Sale","1","1x 12oz/Medium","428","2024-07-16 10:35:55","2024-07-16 10:43:03","",""
"ESPRESSO","#6632","Point of Sale","2","1x 6oz; 1x 16oz/Large","346","2024-07-16 10:37:17","2024-07-16 10:43:03","",""
"ESPRESSO","#3826","Point of Sale","1","1x 16oz/ICED MEDIUM","304","2024-07-16 10:37:58","2024-07-16 10:43:02","",""
"ESPRESSO","#3594","Point of Sale","2","1x 8oz/Small; 1x 12oz/Medium","360","2024-07-16 10:42:35","2024-07-16 10:48:35","",""
"ESPRESSO","#8490","Point of Sale","1","1x 8oz/Small","309","2024-07-16 10:43:25","2024-07-16 10:48:34","",""
"ESPRESSO","#2304","Point of Sale","1","1x 6oz","223","2024-07-16 10:44:51","2024-07-16 10:48:34","",""
"ESPRESSO","#5691","Point of Sale","1","1x 6oz","1421","2024-07-16 10:49:53","2024-07-16 11:13:34","",""
"ESPRESSO","#5316","Point of Sale","2","1x 12oz/Medium; 1x 16oz/Large","1348","2024-07-16 10:51:07","2024-07-16 11:13:35","",""
"ESPRESSO","#3452","Point of Sale","1","1x 12oz/Medium","1313","2024-07-16 10:51:42","2024-07-16 11:13:35","",""
"ESPRESSO","#3168","Point of Sale","1","1x 12oz/Medium","903","2024-07-16 10:58:32","2024-07-16 11:13:35","",""
"ESPRESSO","#6856","Point of Sale","2","1x 500g Beans; 1x 12oz/Medium","345","2024-07-16 11:07:51","2024-07-16 11:13:36","",""
"ESPRESSO","#1343","Point of Sale","1","1x 4oz/Pic, Esp, Dop","1912","2024-07-16 11:15:38","2024-07-16 11:47:30","",""
"ESPRESSO","#1277","Point of Sale","3","1x Butterbing!; 1x 20oz\ICED LARGE; 1x A Savoury Muffin","1803","2024-07-16 11:17:26","2024-07-16 11:47:29","",""
"ESPRESSO","#3418","Point of Sale","1","1x 6oz","1289","2024-07-16 11:26:01","2024-07-16 11:47:30","",""
"ESPRESSO","#6233","Point of Sale","1","1x 16oz/Large","1187","2024-07-16 11:27:44","2024-07-16 11:47:31","",""
"ESPRESSO","#3861","Point of Sale","2","1x 8oz/Small; 1x Protein Ball - Peanut Butter","369","2024-07-16 11:41:21","2024-07-16 11:47:30","",""
"ESPRESSO","#6271","Point of Sale","1","1x 12oz/Medium","309","2024-07-16 11:46:46","2024-07-16 11:51:55","",""
"ESPRESSO","#7758","Point of Sale","2","1x A Savoury Muffin; 1x 8oz/Small","196","2024-07-16 11:48:39","2024-07-16 11:51:55","",""
"ESPRESSO","#330","Point of Sale","1","1x 6oz","61873","2024-07-16 11:50:47","2024-07-17 05:02:00","",""
"ESPRESSO","#9081","Point of Sale","2","1x A Cookie; 1x 8oz/Small","61840","2024-07-16 11:51:20","2024-07-17 05:02:00","",""
"ESPRESSO","#5532","Point of Sale","1","1x 8oz/Small","61632","2024-07-16 11:54:49","2024-07-17 05:02:01","",""
"ESPRESSO","#1892","Point of Sale","1","1x 12oz/Medium","60455","2024-07-16 12:14:26","2024-07-17 05:02:01","",""
"ESPRESSO","#5153","Point of Sale","1","1x 8oz/Small","59056","2024-07-16 12:37:45","2024-07-17 05:02:01","",""
"ESPRESSO","#6850","Point of Sale","2","1x 12oz/Medium; 1x Portugese Tart","58184","2024-07-16 12:52:23","2024-07-17 05:02:07","",""
"ESPRESSO","#3475","Point of Sale","2","1x A Savoury Muffin; 1x 16oz/Large","58047","2024-07-16 12:54:40","2024-07-17 05:02:07","",""
"ESPRESSO","#347","Point of Sale","1","1x 8oz/Small","57740","2024-07-16 12:59:47","2024-07-17 05:02:07","",""
"ESPRESSO","#8469","Point of Sale","1","1x 12oz/Medium","57547","2024-07-16 13:03:01","2024-07-17 05:02:08","",""
"ESPRESSO","#6167","Point of Sale","1","1x Bacon And Egg Breakfast Wrap","57322","2024-07-16 13:06:46","2024-07-17 05:02:08","",""
"ESPRESSO","#5487","Point of Sale","1","1x A Cookie","56707","2024-07-16 13:17:06","2024-07-17 05:02:13","",""
"ESPRESSO","#9929","Point of Sale","1","1x 12oz/Medium","1372","2024-07-17 05:09:31","2024-07-17 05:32:23","",""
"ESPRESSO","#151","Point of Sale","1","1x 16oz/Large","1053","2024-07-17 05:14:51","2024-07-17 05:32:24","",""
"ESPRESSO","#5898","Point of Sale","1","1x 12oz/Medium","1037","2024-07-17 05:15:06","2024-07-17 05:32:23","",""
"ESPRESSO","#5779","Point of Sale","1","1x 12oz/Medium","813","2024-07-17 05:24:21","2024-07-17 05:37:54","",""
"ESPRESSO","#5536","Point of Sale","2","2x 12oz/Medium","685","2024-07-17 05:26:29","2024-07-17 05:37:54","",""
"ESPRESSO","#3022","Point of Sale","2","2x 4oz/Pic, Esp, Dop","573","2024-07-17 05:28:21","2024-07-17 05:37:54","",""
"ESPRESSO","#2725","Point of Sale","4","1x 16oz/Large; 1x 16oz/Large; 2x Bacon And Egg Breakfast Wrap","459","2024-07-17 05:30:15","2024-07-17 05:37:54","",""
"ESPRESSO","#5970","Point of Sale","2","2x 16oz/Large","331","2024-07-17 05:32:24","2024-07-17 05:37:55","",""
"ESPRESSO","#9038","Point of Sale","2","1x 12oz/ICED SMALL; 1x 12oz/Medium","613","2024-07-17 05:37:34","2024-07-17 05:47:47","",""
"ESPRESSO","#7670","Point of Sale","2","1x 6oz; 1x 12oz/Medium","286","2024-07-17 05:43:02","2024-07-17 05:47:48","",""
"ESPRESSO","#6408","Point of Sale","1","1x 12oz/Medium","245","2024-07-17 05:43:43","2024-07-17 05:47:48","",""
"ESPRESSO","#1482","Point of Sale","1","1x 12oz/Medium","567","2024-07-17 05:43:54","2024-07-17 05:53:21","",""
"ESPRESSO","#7871","Point of Sale","2","1x 8oz/Small; 1x 6oz","433","2024-07-17 05:46:09","2024-07-17 05:53:22","",""
"ESPRESSO","#8463","Point of Sale","1","1x 12oz/Medium","331","2024-07-17 05:47:51","2024-07-17 05:53:22","",""
"ESPRESSO","#700","Point of Sale","1","1x 12oz/Medium","218","2024-07-17 05:49:45","2024-07-17 05:53:23","",""
"ESPRESSO","#3770","Point of Sale","1","1x 16oz/ICED MEDIUM","758","2024-07-17 05:50:33","2024-07-17 06:03:11","",""
"ESPRESSO","#6418","Point of Sale","2","1x Bacon And Egg Breakfast Wrap; 1x 12oz/Medium","671","2024-07-17 05:52:00","2024-07-17 06:03:11","",""
"ESPRESSO","#1228","Point of Sale","1","1x 4oz/Pic, Esp, Dop","650","2024-07-17 05:52:21","2024-07-17 06:03:11","",""
"ESPRESSO","#699","Point of Sale","2","1x 6oz; 1x Bacon And Egg Breakfast Wrap","332","2024-07-17 05:57:39","2024-07-17 06:03:11","",""
"ESPRESSO","#8974","Point of Sale","1","1x 12oz/Medium","232","2024-07-17 05:59:28","2024-07-17 06:03:20","",""
"ESPRESSO","#3663","Point of Sale","1","1x 16oz/Large","886","2024-07-17 06:00:26","2024-07-17 06:15:12","",""
"ESPRESSO","#9408","Point of Sale","2","2x 12oz/Medium","748","2024-07-17 06:02:45","2024-07-17 06:15:13","",""
"ESPRESSO","#4032","Point of Sale","1","1x 8oz/Small","258","2024-07-17 06:10:54","2024-07-17 06:15:12","",""
"ESPRESSO","#6465","Point of Sale","1","1x 12oz/Medium","213","2024-07-17 06:11:39","2024-07-17 06:15:12","",""
"ESPRESSO","#314","Point of Sale","1","1x 12oz/Medium","191","2024-07-17 06:12:00","2024-07-17 06:15:11","",""
"ESPRESSO","#9097","Point of Sale","1","1x 12oz/Medium","383","2024-07-17 06:14:34","2024-07-17 06:20:57","",""
"ESPRESSO","#9995","Point of Sale","1","1x 6oz","140","2024-07-17 06:18:37","2024-07-17 06:20:57","",""
"ESPRESSO","#3308","Point of Sale","2","1x 16oz/Large; 1x Bacon And Egg Breakfast Wrap","386","2024-07-17 06:19:00","2024-07-17 06:25:26","",""
"ESPRESSO","#9457","Point of Sale","1","1x 12oz/Medium","364","2024-07-17 06:19:22","2024-07-17 06:25:26","",""
"ESPRESSO","1741985709","Square Online","1","1x 16oz/Large","682","2024-07-17 06:21:25","2024-07-17 06:32:47","2024-07-17 06:21:19",""
"ESPRESSO","#5998","Point of Sale","1","1x 16oz/Large","498","2024-07-17 06:24:29","2024-07-17 06:32:47","",""
"ESPRESSO","#4510","Point of Sale","1","1x 12oz/Medium","332","2024-07-17 06:27:16","2024-07-17 06:32:48","",""
"ESPRESSO","#6284","Point of Sale","1","1x 16oz/ICED MEDIUM","311","2024-07-17 06:27:37","2024-07-17 06:32:48","",""
"ESPRESSO","#3012","Point of Sale","2","1x 12oz/Medium; 1x 12oz/Medium","356","2024-07-17 06:31:25","2024-07-17 06:37:21","",""
"ESPRESSO","#6470","Point of Sale","2","1x 8oz/Small; 1x 16oz/Large","296","2024-07-17 06:32:26","2024-07-17 06:37:22","",""
"ESPRESSO","#8573","Point of Sale","2","1x 16oz/Large; 1x 16oz/Large","323","2024-07-17 06:34:04","2024-07-17 06:39:27","",""
"ESPRESSO","#4157","Point of Sale","2","2x 12oz/Medium","226","2024-07-17 06:39:22","2024-07-17 06:43:08","",""
"ESPRESSO","#582","Point of Sale","1","1x 8oz/Small","204","2024-07-17 06:39:44","2024-07-17 06:43:08","",""
"ESPRESSO","#2482","Point of Sale","1","1x 4oz/Pic, Esp, Dop","273","2024-07-17 06:41:53","2024-07-17 06:46:26","",""
"ESPRESSO","#9913","Point of Sale","2","1x 4oz/Pic, Esp, Dop; 1x 12oz/Medium","252","2024-07-17 06:42:14","2024-07-17 06:46:26","",""
"ESPRESSO","#8085","Point of Sale","1","1x 12oz/Medium","384","2024-07-17 06:45:29","2024-07-17 06:51:53","",""
"ESPRESSO","#9961","Point of Sale","1","1x 12oz/Medium","369","2024-07-17 06:45:45","2024-07-17 06:51:54","",""
"ESPRESSO","#8216","Point of Sale","2","1x 12oz/Medium; 1x 12oz/Medium","343","2024-07-17 06:46:11","2024-07-17 06:51:54","",""
"ESPRESSO","#3596","Point of Sale","2","1x 8oz/Small; 1x 12oz/Medium","492","2024-07-17 06:47:43","2024-07-17 06:55:55","",""
"ESPRESSO","#6406","Point of Sale","1","1x 12oz/Medium","445","2024-07-17 06:48:30","2024-07-17 06:55:55","",""
"ESPRESSO","#1061","Point of Sale","1","1x 16oz/Large","363","2024-07-17 06:50:04","2024-07-17 06:56:07","",""
"ESPRESSO","#7850","Point of Sale","1","1x 16oz/Large","384","2024-07-17 06:50:42","2024-07-17 06:57:06","",""
"ESPRESSO","#317","Point of Sale","1","1x 12oz/Medium","320","2024-07-17 06:51:46","2024-07-17 06:57:06","",""
"ESPRESSO","#8206","Point of Sale","1","1x 12oz/Medium","550","2024-07-17 06:52:13","2024-07-17 07:01:23","",""
"ESPRESSO","#3617","Point of Sale","1","1x ","524","2024-07-17 06:55:03","2024-07-17 07:03:47","",""
"ESPRESSO","#7349","Point of Sale","1","1x 12oz/Medium","349","2024-07-17 06:55:35","2024-07-17 07:01:24","",""
"ESPRESSO","#3293","Point of Sale","1","1x 16oz/Large","333","2024-07-17 06:58:15","2024-07-17 07:03:48","",""
"ESPRESSO","#9770","Point of Sale","1","1x 16oz/Large","265","2024-07-17 06:59:23","2024-07-17 07:03:48","",""
"ESPRESSO","#7664","Point of Sale","1","1x 12oz/Medium","631","2024-07-17 07:01:16","2024-07-17 07:11:47","",""
"ESPRESSO","#8680","Point of Sale","4","1x 12oz/Medium; 3x Pupacino","213","2024-07-17 07:08:14","2024-07-17 07:11:47","",""
"ESPRESSO","#5924","Point of Sale","1","1x 12oz/Medium","746","2024-07-17 07:10:57","2024-07-17 07:23:23","",""
"ESPRESSO","#6351","Point of Sale","1","1x 16oz/Large","628","2024-07-17 07:11:42","2024-07-17 07:22:10","",""
"ESPRESSO","#7774","Point of Sale","2","1x 6oz; 1x 6oz","242","2024-07-17 07:18:08","2024-07-17 07:22:10","",""
"ESPRESSO","#8904","Point of Sale","1","1x 12oz/Medium","195","2024-07-17 07:18:55","2024-07-17 07:22:10","",""
"ESPRESSO","#5885","Point of Sale","2","1x Bacon And Egg Breakfast Wrap; 1x 12oz/Medium","210","2024-07-17 07:19:53","2024-07-17 07:23:23","",""
"ESPRESSO","#230","Point of Sale","2","1x 16oz/Large; 1x 12oz/ICED SMALL","368","2024-07-17 07:20:15","2024-07-17 07:26:23","",""
"ESPRESSO","#3817","Point of Sale","2","1x 12oz/Medium; 1x 8oz/Small","526","2024-07-17 07:21:24","2024-07-17 07:30:10","",""
"ESPRESSO","#2160","Point of Sale","1","1x 6oz","503","2024-07-17 07:21:45","2024-07-17 07:30:08","",""
"ESPRESSO","#1408","Point of Sale","1","1x 12oz/ICED SMALL","474","2024-07-17 07:22:14","2024-07-17 07:30:08","",""
"ESPRESSO","#8956","Point of Sale","2","1x 8oz/Small; 1x 8oz/Small","435","2024-07-17 07:24:31","2024-07-17 07:31:46","",""
"ESPRESSO","#5286","Point of Sale","2","1x 6oz; 1x 12oz/Medium","350","2024-07-17 07:25:55","2024-07-17 07:31:45","",""
"ESPRESSO","#9926","Point of Sale","1","1x 16oz/Large","472","2024-07-17 07:28:05","2024-07-17 07:35:57","",""
"ESPRESSO","#8317","Point of Sale","1","1x 6oz","449","2024-07-17 07:28:29","2024-07-17 07:35:58","",""
"ESPRESSO","#6076","Point of Sale","1","1x 12oz/Medium","431","2024-07-17 07:28:46","2024-07-17 07:35:57","",""
"ESPRESSO","#2992","Point of Sale","2","1x A Savoury Muffin; 1x 8oz/Small","706","2024-07-17 07:29:35","2024-07-17 07:41:21","",""
"ESPRESSO","#1891","Point of Sale","2","1x 20oz\ICED LARGE; 1x A Cookie","153","2024-07-17 07:33:23","2024-07-17 07:35:56","",""
"ESPRESSO","#7511","Point of Sale","1","1x 6oz","303","2024-07-17 07:36:19","2024-07-17 07:41:22","",""
"ESPRESSO","#5178","Point of Sale","1","1x 12oz/Medium","223","2024-07-17 07:37:39","2024-07-17 07:41:22","",""
"ESPRESSO","#3713","Point of Sale","1","1x A Cookie","150","2024-07-17 07:38:53","2024-07-17 07:41:23","",""
"ESPRESSO","#1960","Point of Sale","4","3x 12oz/Medium; 1x 16oz/Large","666","2024-07-17 07:41:20","2024-07-17 07:52:26","",""
"ESPRESSO","#6215","Point of Sale","1","1x 8oz/Small","597","2024-07-17 07:42:28","2024-07-17 07:52:25","",""
"ESPRESSO","#9959","Point of Sale","1","1x 12oz/Medium","242","2024-07-17 07:48:23","2024-07-17 07:52:25","",""
"ESPRESSO","#9684","Point of Sale","1","1x 12oz/Medium","170","2024-07-17 07:49:34","2024-07-17 07:52:24","",""
"ESPRESSO","#8574","Point of Sale","4","1x A Savoury Muffin; 1x 16oz/ICED MEDIUM; 1x 12oz/ICED SMALL; 1x A Sweet Muffin","388","2024-07-17 07:51:50","2024-07-17 07:58:18","",""
"ESPRESSO","#7604","Point of Sale","2","1x 12oz/Medium; 1x 12oz/Medium","288","2024-07-17 07:52:19","2024-07-17 07:57:07","",""
"ESPRESSO","#8506","Point of Sale","1","1x A Sweet Muffin","270","2024-07-17 07:52:38","2024-07-17 07:57:08","",""
"ESPRESSO","#8926","Point of Sale","1","1x 12oz/Medium","237","2024-07-17 07:56:28","2024-07-17 08:00:25","",""
"ESPRESSO","#2767","Point of Sale","2","1x 16oz/ICED MEDIUM; 1x 12oz/Medium","235","2024-07-17 07:56:54","2024-07-17 08:00:49","",""
"ESPRESSO","#9926","Point of Sale","2","2x 8oz/Small","333","2024-07-17 07:57:47","2024-07-17 08:03:20","",""
"ESPRESSO","#2824","Point of Sale","1","1x 12oz/Medium","353","2024-07-17 07:58:17","2024-07-17 08:04:10","",""
"ESPRESSO","#9307","Point of Sale","2","2x 6oz","431","2024-07-17 07:58:45","2024-07-17 08:05:56","",""
"ESPRESSO","#4924","Point of Sale","1","1x 8oz/Small","391","2024-07-17 07:59:25","2024-07-17 08:05:56","",""
"ESPRESSO","#7527","Point of Sale","1","1x 16oz/Large","405","2024-07-17 08:00:03","2024-07-17 08:06:48","",""
"ESPRESSO","#1384","Point of Sale","2","1x 8oz/Small; 1x 16oz/ICED MEDIUM","370","2024-07-17 08:03:41","2024-07-17 08:09:51","",""
"ESPRESSO","#3984","Point of Sale","3","1x 12oz/Medium; 1x 20oz\ICED LARGE; 1x A Savoury Muffin","393","2024-07-17 08:04:44","2024-07-17 08:11:17","",""
"ESPRESSO","#7124","Point of Sale","2","1x 12oz/ICED SMALL; 1x 16oz/Large","514","2024-07-17 08:05:10","2024-07-17 08:13:44","",""
"ESPRESSO","#2292","Point of Sale","2","1x 16oz/ICED MEDIUM; 1x 6oz","709","2024-07-17 08:05:59","2024-07-17 08:17:48","",""
"ESPRESSO","#6242","Point of Sale","1","1x 16oz/Large","537","2024-07-17 08:07:33","2024-07-17 08:16:30","",""
"ESPRESSO","#4070","Point of Sale","1","1x 12oz/Medium","520","2024-07-17 08:09:49","2024-07-17 08:18:29","",""
"ESPRESSO","#5626","Point of Sale","1","1x 6oz","502","2024-07-17 08:13:10","2024-07-17 08:21:32","",""
"ESPRESSO","#5715","Point of Sale","1","1x 12oz/Medium","366","2024-07-17 08:15:26","2024-07-17 08:21:32","",""
"ESPRESSO","#4452","Point of Sale","2","1x A Sweet Muffin; 1x 12oz/Medium","255","2024-07-17 08:17:18","2024-07-17 08:21:33","",""
"ESPRESSO","#8159","Point of Sale","1","1x 12oz/Medium","130","2024-07-17 08:21:02","2024-07-17 08:23:12","",""
"ESPRESSO","#2733","Point of Sale","1","1x 12oz/Medium","695","2024-07-17 08:21:16","2024-07-17 08:32:51","",""
"ESPRESSO","#293","Point of Sale","2","1x A Cookie; 1x 12oz/Medium","653","2024-07-17 08:21:57","2024-07-17 08:32:50","",""
"ESPRESSO","#3553","Point of Sale","1","1x 4oz/Pic, Esp, Dop","622","2024-07-17 08:22:29","2024-07-17 08:32:51","",""
"ESPRESSO","#8856","Point of Sale","1","1x 12oz/Medium","470","2024-07-17 08:25:00","2024-07-17 08:32:50","",""
"ESPRESSO","#3892","Point of Sale","1","1x 500g Beans","184","2024-07-17 08:29:46","2024-07-17 08:32:50","",""
"ESPRESSO","#6718","Point of Sale","2","1x 6oz; 1x Babycino","507","2024-07-17 08:32:41","2024-07-17 08:41:08","",""
"ESPRESSO","#8246","Point of Sale","2","1x Babycino; 1x 6oz","377","2024-07-17 08:34:51","2024-07-17 08:41:08","",""
"ESPRESSO","#7865","Point of Sale","2","1x 4oz/Pic, Esp, Dop; 1x 16oz/Large","236","2024-07-17 08:37:11","2024-07-17 08:41:07","",""
"ESPRESSO","#1294","Point of Sale","1","1x 4oz/Pic, Esp, Dop","231","2024-07-17 08:38:15","2024-07-17 08:42:06","",""
"ESPRESSO","#5930","Point of Sale","2","1x 8oz/Small; 1x 12oz/Medium","479","2024-07-17 08:39:12","2024-07-17 08:47:11","",""
"ESPRESSO","#7502","Point of Sale","2","1x 8oz/Small; 1x 8oz/Small","306","2024-07-17 08:42:05","2024-07-17 08:47:11","",""
"ESPRESSO","#1788","Point of Sale","1","1x Fruit Juice","273","2024-07-17 08:42:37","2024-07-17 08:47:10","",""
"ESPRESSO","#4843","Point of Sale","1","1x 8oz/Small","117","2024-07-17 08:45:13","2024-07-17 08:47:10","",""
"ESPRESSO","#1689","Point of Sale","1","1x 20oz\ICED LARGE","217","2024-07-17 08:46:45","2024-07-17 08:50:22","",""
"ESPRESSO","#6717","Point of Sale","1","1x 12oz/Medium","170","2024-07-17 08:47:32","2024-07-17 08:50:22","",""
"ESPRESSO","#9995","Point of Sale","2","1x A Cookie; 1x 16oz/Large","70","2024-07-17 08:49:12","2024-07-17 08:50:22","",""
"ESPRESSO","#9434","Point of Sale","1","1x 12oz/Medium","260","2024-07-17 08:49:36","2024-07-17 08:53:56","",""
"ESPRESSO","#4993","Point of Sale","1","1x 16oz/Large","351","2024-07-17 08:49:52","2024-07-17 08:55:43","",""
"ESPRESSO","#9393","Point of Sale","1","1x 20oz\ICED LARGE","328","2024-07-17 08:50:15","2024-07-17 08:55:43","",""
"ESPRESSO","#4557","Point of Sale","1","1x 8oz/Small","411","2024-07-17 08:50:35","2024-07-17 08:57:26","",""
"ESPRESSO","#9739","Point of Sale","1","1x 8oz/Small","249","2024-07-17 08:53:16","2024-07-17 08:57:25","",""
"ESPRESSO","#5096","Point of Sale","1","1x 8oz/Small","390","2024-07-17 08:53:56","2024-07-17 09:00:26","",""
"ESPRESSO","#8398","Point of Sale","1","1x 12oz/Medium","290","2024-07-17 08:55:36","2024-07-17 09:00:26","",""
"ESPRESSO","#2744","Point of Sale","1","1x 12oz/Medium","439","2024-07-17 09:00:20","2024-07-17 09:07:39","",""
"ESPRESSO","#3362","Point of Sale","1","1x 16oz/Large","102","2024-07-17 09:05:57","2024-07-17 09:07:39","",""
"ESPRESSO","#8062","Point of Sale","2","1x A Sweet Muffin; 1x 12oz/Medium","37","2024-07-17 09:07:02","2024-07-17 09:07:39","",""
"ESPRESSO","#2902","Point of Sale","1","1x 8oz/Small","124","2024-07-17 09:08:07","2024-07-17 09:10:11","",""
"ESPRESSO","#350","Point of Sale","3","3x 12oz/Medium","357","2024-07-17 09:09:57","2024-07-17 09:15:54","",""
"ESPRESSO","#6774","Point of Sale","1","1x 16oz/Large","266","2024-07-17 09:11:29","2024-07-17 09:15:55","",""
"ESPRESSO","#5983","Point of Sale","1","1x 16oz/Large","233","2024-07-17 09:12:03","2024-07-17 09:15:56","",""
"ESPRESSO","#240","Point of Sale","2","2x 12oz/Medium","835","2024-07-17 09:13:01","2024-07-17 09:26:56","",""
"ESPRESSO","#854","Point of Sale","1","1x 12oz/Medium","775","2024-07-17 09:14:02","2024-07-17 09:26:57","",""
"ESPRESSO","#6703","Point of Sale","2","1x 6oz; 1x 8oz/Small","271","2024-07-17 09:22:26","2024-07-17 09:26:57","",""
"ESPRESSO","#2011","Point of Sale","1","1x 12oz/Medium","253","2024-07-17 09:22:43","2024-07-17 09:26:56","",""
"ESPRESSO","#1802","Point of Sale","1","1x 16oz/Large","203","2024-07-17 09:23:34","2024-07-17 09:26:57","",""
"ESPRESSO","#5310","Point of Sale","1","1x 6oz","134","2024-07-17 09:26:33","2024-07-17 09:28:47","",""
"ESPRESSO","#8697","Point of Sale","1","1x 12oz/Medium","299","2024-07-17 09:27:02","2024-07-17 09:32:01","",""
"ESPRESSO","#3770","Point of Sale","6","1x 8oz/Small; 1x 12oz/Medium; 1x 12oz/Medium; 3x 12oz/Medium","904","2024-07-17 09:28:27","2024-07-17 09:43:31","",""
"ESPRESSO","#9228","Point of Sale","1","1x 12oz/Medium","826","2024-07-17 09:29:47","2024-07-17 09:43:33","",""
"ESPRESSO","#5346","Point of Sale","1","1x 8oz/Small","418","2024-07-17 09:36:33","2024-07-17 09:43:31","",""
"ESPRESSO","#8951","Point of Sale","1","1x 8oz/Small","97","2024-07-17 09:41:56","2024-07-17 09:43:33","",""
"ESPRESSO","#1711","Point of Sale","4","1x 12oz/Medium; 1x 12oz/Medium; 1x 12oz/Medium; 1x 12oz/Medium","308","2024-07-17 09:42:59","2024-07-17 09:48:07","",""
"ESPRESSO","#9242","Point of Sale","2","2x Pods - 10 Pack","213","2024-07-17 09:44:00","2024-07-17 09:47:33","",""
"ESPRESSO","#4283","Point of Sale","3","1x 16oz/Large; 1x 12oz/Medium; 1x A Sweet Muffin","501","2024-07-17 09:44:53","2024-07-17 09:53:14","",""
"ESPRESSO","#2186","Point of Sale","2","1x 12oz/Medium; 1x 8oz/Small","493","2024-07-17 09:46:26","2024-07-17 09:54:39","",""
"ESPRESSO","#5335","Point of Sale","1","1x 16oz/Large","545","2024-07-17 09:47:21","2024-07-17 09:56:26","",""
"ESPRESSO","#8804","Point of Sale","1","1x 8oz/Small","503","2024-07-17 09:48:03","2024-07-17 09:56:26","",""
"ESPRESSO","#9385","Point of Sale","2","1x 12oz/Medium; 1x Butterbing!","623","2024-07-17 09:52:23","2024-07-17 10:02:46","","2024-07-17T00:01:28.000Z"
"ESPRESSO","#5347","Point of Sale","1","1x 4oz/Pic, Esp, Dop","422","2024-07-17 09:52:50","2024-07-17 09:59:52","",""
"ESPRESSO","#1985","Point of Sale","1","1x 12oz/Medium","248","2024-07-17 09:55:45","2024-07-17 09:59:53","",""
"ESPRESSO","#5227","Point of Sale","2","1x Protein Ball - Peanut Butter; 1x 12oz/Medium","207","2024-07-17 09:58:04","2024-07-17 10:01:31","",""
"ESPRESSO","#3465","Point of Sale","1","1x 12oz/Medium","155","2024-07-17 10:00:11","2024-07-17 10:02:46","",""
"ESPRESSO","#7848","Point of Sale","1","1x 12oz/Medium","742","2024-07-17 10:00:24","2024-07-17 10:12:46","",""
"ESPRESSO","#7114","Point of Sale","1","1x 8oz/Small","731","2024-07-17 10:00:35","2024-07-17 10:12:46","",""
"ESPRESSO","#9689","Point of Sale","1","1x 12oz/Medium","625","2024-07-17 10:02:22","2024-07-17 10:12:47","",""
"ESPRESSO","#5199","Point of Sale","1","1x 16oz/Large","464","2024-07-17 10:05:03","2024-07-17 10:12:47","",""
"ESPRESSO","#3965","Point of Sale","3","1x 12oz/Medium; 2x A Sweet Muffin","77","2024-07-17 10:11:31","2024-07-17 10:12:48","",""
"ESPRESSO","#8846","Point of Sale","2","1x 16oz/Large; 1x 16oz/Large","225","2024-07-17 10:13:17","2024-07-17 10:17:02","",""
"ESPRESSO","#3895","Point of Sale","1","1x 12oz/Medium","305","2024-07-17 10:13:31","2024-07-17 10:18:36","",""
"ESPRESSO","#2608","Point of Sale","1","1x 8oz/Small","307","2024-07-17 10:14:20","2024-07-17 10:19:27","",""
"ESPRESSO","#5094","Point of Sale","1","1x 8oz/Small","285","2024-07-17 10:14:42","2024-07-17 10:19:27","",""
"ESPRESSO","#7530","Point of Sale","1","1x 16oz/Large","262","2024-07-17 10:15:06","2024-07-17 10:19:28","",""
"ESPRESSO","#3503","Point of Sale","2","1x 4oz/Pic, Esp, Dop; 1x 6oz","327","2024-07-17 10:16:34","2024-07-17 10:22:01","",""
"ESPRESSO","#4752","Point of Sale","1","1x 8oz/Small","301","2024-07-17 10:17:00","2024-07-17 10:22:01","",""
"ESPRESSO","#4821","Point of Sale","2","1x 8oz/Small; 1x 8oz/Small","1060","2024-07-17 10:27:44","2024-07-17 10:45:24","",""
"ESPRESSO","#4936","Point of Sale","3","1x 12oz/Medium; 1x 16oz/Large; 1x 16oz/Large","826","2024-07-17 10:31:39","2024-07-17 10:45:25","",""
"ESPRESSO","#9425","Point of Sale","1","1x 4oz/Pic, Esp, Dop","635","2024-07-17 10:34:50","2024-07-17 10:45:25","",""
"ESPRESSO","#6785","Point of Sale","1","1x 8oz/Small","517","2024-07-17 10:36:48","2024-07-17 10:45:25","",""
"ESPRESSO","#542","Point of Sale","1","1x 8oz/Small","496","2024-07-17 10:37:09","2024-07-17 10:45:25","",""
"ESPRESSO","#1714","Point of Sale","1","1x 16oz/Large","601","2024-07-17 10:40:01","2024-07-17 10:50:02","",""
"ESPRESSO","#4546","Point of Sale","1","1x 8oz/Small","557","2024-07-17 10:40:46","2024-07-17 10:50:03","",""
"ESPRESSO","#249","Point of Sale","1","1x 16oz/Large","535","2024-07-17 10:41:07","2024-07-17 10:50:02","",""
"ESPRESSO","#2945","Point of Sale","2","1x 6oz; 1x 12oz/Medium","506","2024-07-17 10:41:37","2024-07-17 10:50:03","",""
"ESPRESSO","#7028","Point of Sale","2","1x 12oz/Medium; 1x A Cookie","1190","2024-07-17 10:48:33","2024-07-17 11:08:23","",""
"ESPRESSO","#2164","Point of Sale","1","1x 12oz/Medium","1168","2024-07-17 10:48:58","2024-07-17 11:08:26","",""
"ESPRESSO","#8798","Point of Sale","1","1x 12oz/Medium","1073","2024-07-17 10:50:33","2024-07-17 11:08:26","",""
"ESPRESSO","#3615","Point of Sale","2","1x 12oz/Medium; 1x A Cookie","1056","2024-07-17 10:50:48","2024-07-17 11:08:24","",""
"ESPRESSO","#2324","Point of Sale","1","1x 12oz/Medium","720","2024-07-17 10:56:25","2024-07-17 11:08:25","",""
"ESPRESSO","#969","Point of Sale","1","1x 8oz/Small","925","2024-07-17 10:59:11","2024-07-17 11:14:36","",""
"ESPRESSO","#2211","Point of Sale","1","1x 8oz/Small","930","2024-07-17 11:10:47","2024-07-17 11:26:17","",""
"ESPRESSO","#1006","Point of Sale","1","1x 6oz","885","2024-07-17 11:11:32","2024-07-17 11:26:17","",""
"ESPRESSO","#191","Point of Sale","1","1x 12oz/Medium","861","2024-07-17 11:11:55","2024-07-17 11:26:16","",""
"ESPRESSO","#7251","Point of Sale","1","1x 8oz/Small","830","2024-07-17 11:12:27","2024-07-17 11:26:17","",""
"ESPRESSO","#3842","Point of Sale","1","1x 12oz/Medium","251","2024-07-17 11:22:05","2024-07-17 11:26:16","",""
"ESPRESSO","#335","Point of Sale","2","1x 6oz; 1x Protein Ball - Peanut Butter","1466","2024-07-17 11:22:26","2024-07-17 11:46:52","",""
"ESPRESSO","#9474","Point of Sale","4","1x 12oz/Medium; 1x A Sweet Muffin; 1x 12oz/Medium; 1x 16oz/ICED MEDIUM","1260","2024-07-17 11:25:53","2024-07-17 11:46:53","",""
"ESPRESSO","#6037","Point of Sale","1","1x 8oz/Small","1186","2024-07-17 11:27:07","2024-07-17 11:46:53","",""
"ESPRESSO","#6683","Point of Sale","1","1x 4oz/Pic, Esp, Dop","1072","2024-07-17 11:29:02","2024-07-17 11:46:54","",""
"ESPRESSO","#2080","Point of Sale","1","1x 12oz/Medium","1837","2024-07-17 11:40:19","2024-07-17 12:10:56","",""
"ESPRESSO","#3139","Point of Sale","1","1x 6oz","1664","2024-07-17 11:43:12","2024-07-17 12:10:56","",""
"ESPRESSO","#5528","Point of Sale","1","1x 12oz/Medium","1601","2024-07-17 11:44:15","2024-07-17 12:10:56","",""
"ESPRESSO","#4540","Point of Sale","1","1x 16oz/Large","1479","2024-07-17 11:46:17","2024-07-17 12:10:56","",""
"ESPRESSO","#9553","Point of Sale","1","1x 12oz/Medium","5452","2024-07-17 11:46:41","2024-07-17 13:17:33","",""
"ESPRESSO","#6717","Point of Sale","1","1x 8oz/Small","4124","2024-07-17 12:08:49","2024-07-17 13:17:33","",""
"ESPRESSO","#6866","Point of Sale","2","1x A Cookie; 1x 20oz\ICED LARGE","1948","2024-07-17 12:45:05","2024-07-17 13:17:33","",""
"ESPRESSO","#6130","Point of Sale","1","1x 6oz","699","2024-07-17 13:05:53","2024-07-17 13:17:32","",""
"ESPRESSO","#4737","Point of Sale","1","1x 12oz/Medium","590","2024-07-17 13:07:42","2024-07-17 13:17:32","",""
"ESPRESSO","#8266","Point of Sale","1","1x 12oz/Medium","59024","2024-07-17 13:09:19","2024-07-18 05:33:03","",""
"ESPRESSO","#7028","Point of Sale","1","1x 6oz","58987","2024-07-17 13:09:57","2024-07-18 05:33:04","",""
"ESPRESSO","#5641","Point of Sale","1","1x 12oz/Medium","58890","2024-07-17 13:11:34","2024-07-18 05:33:04","",""
"ESPRESSO","#6900","Point of Sale","1","1x 12oz/Medium","58825","2024-07-17 13:17:38","2024-07-18 05:38:03","",""
"ESPRESSO","#1370","Point of Sale","1","1x 12oz/Medium","1408","2024-07-18 05:09:37","2024-07-18 05:33:05","",""
"ESPRESSO","#4517","Point of Sale","2","2x 6oz","1063","2024-07-18 05:20:21","2024-07-18 05:38:04","",""
"ESPRESSO","#9633","Point of Sale","2","1x 16oz/Large; 1x 16oz/Large","360","2024-07-18 05:32:03","2024-07-18 05:38:03","",""
"ESPRESSO","#57","Point of Sale","2","2x 16oz/Large","311","2024-07-18 05:32:53","2024-07-18 05:38:04","",""
"ESPRESSO","#6517","Point of Sale","2","1x 12oz/Medium; 1x 12oz/Medium","142","2024-07-18 05:39:21","2024-07-18 05:41:43","",""
"ESPRESSO","#725","Point of Sale","1","1x 4oz/Pic, Esp, Dop","951","2024-07-18 05:49:55","2024-07-18 06:05:46","",""
"ESPRESSO","#9699","Point of Sale","1","1x 8oz/Small","761","2024-07-18 05:53:05","2024-07-18 06:05:46","",""
"ESPRESSO","#3216","Point of Sale","1","1x 16oz/Large","671","2024-07-18 05:54:34","2024-07-18 06:05:45","",""
"ESPRESSO","#2789","Point of Sale","1","1x 6oz","563","2024-07-18 05:56:23","2024-07-18 06:05:46","",""
"ESPRESSO","#3059","Point of Sale","2","2x 4oz/Pic, Esp, Dop","551","2024-07-18 05:56:35","2024-07-18 06:05:46","",""
"ESPRESSO","#668","Point of Sale","3","1x 16oz/Large; 1x 12oz/Medium; 1x Pupacino","330","2024-07-18 06:05:31","2024-07-18 06:11:01","",""
"ESPRESSO","#5010","Point of Sale","1","1x 12oz/Medium","511","2024-07-18 06:06:40","2024-07-18 06:15:11","",""
"ESPRESSO","#8915","Point of Sale","1","1x 8oz/Small","409","2024-07-18 06:08:21","2024-07-18 06:15:10","",""
"ESPRESSO","#1885","Point of Sale","1","1x 16oz/Large","283","2024-07-18 06:10:27","2024-07-18 06:15:10","",""
"ESPRESSO","#1815","Point of Sale","1","1x 16oz/Large","573","2024-07-18 06:14:30","2024-07-18 06:24:03","",""
"ESPRESSO","#2017","Point of Sale","1","1x 12oz/ICED SMALL","532","2024-07-18 06:15:11","2024-07-18 06:24:03","",""
"ESPRESSO","#3963","Point of Sale","1","1x 16oz/Large","249","2024-07-18 06:19:54","2024-07-18 06:24:03","",""
"ESPRESSO","#6851","Point of Sale","2","1x 6oz; 1x 12oz/Medium","579","2024-07-18 06:21:48","2024-07-18 06:31:27","",""
"ESPRESSO","#3280","Point of Sale","1","1x 6oz","555","2024-07-18 06:22:12","2024-07-18 06:31:27","",""
"ESPRESSO","#5857","Point of Sale","1","1x 12oz/Medium","536","2024-07-18 06:22:31","2024-07-18 06:31:27","",""
"ESPRESSO","#8492","Point of Sale","1","1x 12oz/Medium","249","2024-07-18 06:30:36","2024-07-18 06:34:45","",""
"ESPRESSO","#9771","Point of Sale","1","1x 16oz/Large","205","2024-07-18 06:31:19","2024-07-18 06:34:44","",""
"ESPRESSO","#4316","Point of Sale","2","1x 12oz/Medium; 1x 12oz/Medium","173","2024-07-18 06:31:51","2024-07-18 06:34:44","",""
"ESPRESSO","#419","Point of Sale","4","1x 16oz/Large; 1x 8oz/Small; 2x Babycino","372","2024-07-18 06:34:55","2024-07-18 06:41:07","",""
"ESPRESSO","#4049","Point of Sale","2","1x 16oz/Large; 1x A Sweet Muffin","345","2024-07-18 06:35:25","2024-07-18 06:41:10","",""
"ESPRESSO","#9085","Point of Sale","1","1x 12oz/Medium","96","2024-07-18 06:39:33","2024-07-18 06:41:09","",""
"ESPRESSO","#3759","Point of Sale","1","1x 12oz/Medium","256","2024-07-18 06:41:18","2024-07-18 06:45:34","",""
"ESPRESSO","#4447","Point of Sale","1","1x 12oz/Medium","239","2024-07-18 06:41:34","2024-07-18 06:45:33","",""
"ESPRESSO","#7360","Point of Sale","1","1x 12oz/ICED SMALL","200","2024-07-18 06:42:14","2024-07-18 06:45:34","",""
"ESPRESSO","#5351","Point of Sale","1","1x 12oz/Medium","208","2024-07-18 06:50:13","2024-07-18 06:53:41","",""
"ESPRESSO","#4526","Point of Sale","1","1x 12oz/Medium","79","2024-07-18 06:52:22","2024-07-18 06:53:41","",""
"ESPRESSO","#3619","Point of Sale","2","1x 8oz/Small; 1x 12oz/Medium","598","2024-07-18 06:52:59","2024-07-18 07:02:57","",""
"ESPRESSO","#950","Point of Sale","1","1x 12oz/Medium","570","2024-07-18 06:53:27","2024-07-18 07:02:57","",""
"ESPRESSO","#9488","Point of Sale","3","2x 12oz/Medium; 1x Pupacino","281","2024-07-18 06:58:17","2024-07-18 07:02:58","",""
"ESPRESSO","#945","Point of Sale","1","1x 12oz/Medium","254","2024-07-18 07:00:43","2024-07-18 07:04:57","",""
"ESPRESSO","#8778","Point of Sale","2","1x 8oz/Small; 1x A Sweet Muffin","203","2024-07-18 07:01:33","2024-07-18 07:04:56","",""
"ESPRESSO","#2087","Point of Sale","1","1x 12oz/Medium","180","2024-07-18 07:01:58","2024-07-18 07:04:58","",""
"ESPRESSO","#8056","Point of Sale","1","1x 12oz/Medium","403","2024-07-18 07:02:23","2024-07-18 07:09:06","",""
"ESPRESSO","#2000","Point of Sale","1","1x 12oz/Medium","386","2024-07-18 07:02:40","2024-07-18 07:09:06","",""
"ESPRESSO","#7767","Point of Sale","3","1x 12oz/Medium; 1x Pupacino; 1x A Sweet Muffin","345","2024-07-18 07:03:22","2024-07-18 07:09:07","",""
"ESPRESSO","#68","Point of Sale","1","1x 16oz/Large","344","2024-07-18 07:08:24","2024-07-18 07:14:08","",""
"ESPRESSO","Chloe","Point of Sale","1","1x 12oz/Medium","192","2024-07-18 07:10:57","2024-07-18 07:14:09","",""
"ESPRESSO","#7193","Point of Sale","1","1x 16oz/Large","150","2024-07-18 07:11:39","2024-07-18 07:14:09","",""
"ESPRESSO","#9295","Point of Sale","2","1x 12oz/Medium; 1x 6oz","165","2024-07-18 07:18:16","2024-07-18 07:21:01","",""
"ESPRESSO","#4038","Point of Sale","1","1x 12oz/Medium","70","2024-07-18 07:21:39","2024-07-18 07:22:49","",""
"ESPRESSO","#4101","Point of Sale","2","1x 12oz/Medium; 1x Bacon And Egg Breakfast Wrap","244","2024-07-18 07:22:51","2024-07-18 07:26:55","",""
"ESPRESSO","#8450","Point of Sale","1","1x 16oz/Large","208","2024-07-18 07:23:27","2024-07-18 07:26:55","",""
"ESPRESSO","#3396","Point of Sale","1","1x 12oz/Medium","167","2024-07-18 07:24:09","2024-07-18 07:26:56","",""
"ESPRESSO","#1793","Point of Sale","6","1x 12oz/Medium; 4x Pupacino; 1x 12oz/Medium","354","2024-07-18 07:26:05","2024-07-18 07:31:59","",""
"ESPRESSO","#3489","Point of Sale","1","1x 16oz/Large","339","2024-07-18 07:26:19","2024-07-18 07:31:58","",""
"ESPRESSO","#7600","Point of Sale","1","1x 12oz/Medium","64","2024-07-18 07:30:56","2024-07-18 07:32:00","",""
"ESPRESSO","#7456","Point of Sale","4","1x 16oz/Large; 1x Babycino; 1x 16oz/Large; 1x A Savoury Muffin","270","2024-07-18 07:31:58","2024-07-18 07:36:28","",""
"ESPRESSO","#2319","Point of Sale","4","2x A Cookie; 1x 12oz/Medium; 1x 8oz/Small","213","2024-07-18 07:32:56","2024-07-18 07:36:29","",""
"ESPRESSO","#3091","Point of Sale","1","1x 4oz/Pic, Esp, Dop","525","2024-07-18 07:33:20","2024-07-18 07:42:05","",""
"ESPRESSO","#3550","Point of Sale","1","1x 12oz/Medium","514","2024-07-18 07:33:32","2024-07-18 07:42:06","",""
"ESPRESSO","#1758","Point of Sale","2","1x 12oz/Medium; 1x Bacon And Egg Breakfast Wrap","348","2024-07-18 07:36:17","2024-07-18 07:42:05","",""
"ESPRESSO","#7091","Point of Sale","1","1x 6oz","318","2024-07-18 07:36:48","2024-07-18 07:42:06","",""
"ESPRESSO","#1719","Point of Sale","1","1x 1kg Beans","85","2024-07-18 07:49:14","2024-07-18 07:50:39","",""
"ESPRESSO","#9374","Point of Sale","1","1x 8oz/Small","45","2024-07-18 07:49:53","2024-07-18 07:50:38","",""
"ESPRESSO","#7114","Point of Sale","1","1x 8oz/Small","304","2024-07-18 07:50:45","2024-07-18 07:55:49","",""
"ESPRESSO","#7680","Point of Sale","1","1x 8oz/Small","225","2024-07-18 07:52:04","2024-07-18 07:55:49","",""
"ESPRESSO","#1466","Point of Sale","2","2x 6oz","150","2024-07-18 07:53:20","2024-07-18 07:55:50","",""
"ESPRESSO","#3391","Point of Sale","1","1x 16oz/ICED MEDIUM","219","2024-07-18 07:56:45","2024-07-18 08:00:24","",""
"ESPRESSO","#7804","Point of Sale","1","1x 16oz/Large","194","2024-07-18 07:57:10","2024-07-18 08:00:24","",""
"ESPRESSO","Tahlia","Point of Sale","1","1x 12oz/Medium","396","2024-07-18 07:57:36","2024-07-18 08:04:12","",""
"ESPRESSO","#672","Point of Sale","1","1x 16oz/Large","380","2024-07-18 07:57:52","2024-07-18 08:04:12","",""
"ESPRESSO","#8124","Point of Sale","1","1x 12oz/Medium","326","2024-07-18 07:58:45","2024-07-18 08:04:11","",""
"ESPRESSO","#5881","Point of Sale","2","1x 8oz/Small; 1x 12oz/Medium","305","2024-07-18 07:59:06","2024-07-18 08:04:11","",""
"ESPRESSO","#3278","Point of Sale","2","1x A Cookie; 1x 20oz\ICED LARGE","399","2024-07-18 08:00:03","2024-07-18 08:06:42","",""
"ESPRESSO","#9599","Point of Sale","1","1x 12oz/Medium","381","2024-07-18 08:00:21","2024-07-18 08:06:42","",""
"ESPRESSO","#9205","Point of Sale","1","1x A Sweet Muffin","331","2024-07-18 08:01:23","2024-07-18 08:06:54","",""
"ESPRESSO","#5037","Point of Sale","1","1x 12oz/Medium","170","2024-07-18 08:03:53","2024-07-18 08:06:43","",""
"ESPRESSO","#9211","Point of Sale","1","1x 12oz/Medium","277","2024-07-18 08:05:06","2024-07-18 08:09:43","",""
"ESPRESSO","#2090","Point of Sale","1","1x 12oz/ICED SMALL","195","2024-07-18 08:06:29","2024-07-18 08:09:44","",""
"ESPRESSO","#580","Point of Sale","2","1x 8oz/Small; 1x 12oz/Medium","354","2024-07-18 08:06:49","2024-07-18 08:12:43","",""
"ESPRESSO","#5869","Point of Sale","2","1x Bacon And Egg Breakfast Wrap; 1x 16oz/Large","376","2024-07-18 08:07:33","2024-07-18 08:13:49","",""
"ESPRESSO","#2379","Point of Sale","2","1x 6oz; 1x 8oz/Small","344","2024-07-18 08:09:11","2024-07-18 08:14:55","",""
"ESPRESSO","#7598","Point of Sale","1","1x 12oz/Medium","434","2024-07-18 08:09:39","2024-07-18 08:16:53","",""
"ESPRESSO","#4207","Point of Sale","4","1x A Savoury Muffin; 1x 12oz/Medium; 2x 12oz/Medium","613","2024-07-18 08:10:30","2024-07-18 08:20:43","",""
"ESPRESSO","#6018","Point of Sale","1","1x 12oz/Medium","566","2024-07-18 08:11:18","2024-07-18 08:20:44","",""
"ESPRESSO","#4192","Point of Sale","1","1x 16oz/Large","384","2024-07-18 08:15:44","2024-07-18 08:22:08","",""
"ESPRESSO","#4856","Point of Sale","3","1x Protein Ball - Peanut Butter; 1x 8oz/Small; 1x Pupacino","336","2024-07-18 08:16:33","2024-07-18 08:22:09","",""
"ESPRESSO","#1170","Point of Sale","1","1x 8oz/Small","506","2024-07-18 08:17:24","2024-07-18 08:25:50","",""
"ESPRESSO","#7990","Point of Sale","1","1x 16oz/ICED MEDIUM","431","2024-07-18 08:18:39","2024-07-18 08:25:50","",""
"ESPRESSO","#3241","Point of Sale","1","1x 16oz/ICED MEDIUM","406","2024-07-18 08:19:04","2024-07-18 08:25:50","",""
"ESPRESSO","#9750","Point of Sale","2","1x 8oz/Small; 1x A Sweet Muffin","582","2024-07-18 08:20:03","2024-07-18 08:29:45","",""
"ESPRESSO","#5551","Point of Sale","1","1x 12oz/Medium","431","2024-07-18 08:22:34","2024-07-18 08:29:45","",""
"ESPRESSO","#869","Point of Sale","2","1x 12oz/Medium; 1x A Cookie","151","2024-07-18 08:27:15","2024-07-18 08:29:46","",""
"ESPRESSO","#1465","Point of Sale","2","1x 12oz/Medium; 1x 20oz\ICED LARGE","764","2024-07-18 08:27:53","2024-07-18 08:40:37","",""
"ESPRESSO","#3278","Point of Sale","1","1x 20oz\ICED LARGE","733","2024-07-18 08:28:25","2024-07-18 08:40:38","",""
"ESPRESSO","#2100","Point of Sale","2","1x 20oz\ICED LARGE; 1x A Savoury Muffin","252","2024-07-18 08:36:26","2024-07-18 08:40:38","",""
"ESPRESSO","#1576","Point of Sale","2","1x 16oz/Large; 1x 16oz/ICED MEDIUM","183","2024-07-18 08:37:36","2024-07-18 08:40:39","",""
"ESPRESSO","1185654645","Square Online","2","1x 12oz/Medium; 1x 12oz/Medium","908","2024-07-18 08:39:59","2024-07-18 08:55:07","2024-07-18 08:39:55","2024-07-17T22:43:43.000Z"
"ESPRESSO","Pink Hoodie Guy","Point of Sale","2","1x 12oz/Medium; 1x 12oz/Medium","210","2024-07-18 08:40:08","2024-07-18 08:43:38","",""
"ESPRESSO","#1584","Point of Sale","1","1x 6oz","447","2024-07-18 08:42:26","2024-07-18 08:49:53","",""
"ESPRESSO","#7932","Point of Sale","2","1x 16oz/Large; 1x 12oz/Medium","411","2024-07-18 08:43:02","2024-07-18 08:49:53","",""
"ESPRESSO","#8231","Point of Sale","2","2x Bacon And Egg Breakfast Wrap","631","2024-07-18 08:44:37","2024-07-18 08:55:08","",""
"ESPRESSO","#3928","Point of Sale","1","1x 8oz/Small","102","2024-07-18 08:53:26","2024-07-18 08:55:08","",""
"ESPRESSO","#9007","Point of Sale","2","1x A Sweet Muffin; 1x 12oz/Medium","702","2024-07-18 08:53:48","2024-07-18 09:05:30","",""
"ESPRESSO","#779","Point of Sale","1","1x 6oz","638","2024-07-18 08:54:51","2024-07-18 09:05:29","",""
"ESPRESSO","#6236","Point of Sale","1","1x 12oz/Medium","488","2024-07-18 08:57:21","2024-07-18 09:05:29","",""
"ESPRESSO","#9342","Point of Sale","1","1x 8oz/Small","181","2024-07-18 09:02:29","2024-07-18 09:05:30","",""
"ESPRESSO","#415","Point of Sale","1","1x 8oz/Small","170","2024-07-18 09:02:40","2024-07-18 09:05:30","",""
"ESPRESSO","#4941","Point of Sale","1","1x 8oz/Small","638","2024-07-18 09:04:22","2024-07-18 09:15:00","",""
"ESPRESSO","#2594","Point of Sale","1","1x 16oz/Large","450","2024-07-18 09:07:30","2024-07-18 09:15:00","",""
"ESPRESSO","#4146","Point of Sale","1","1x 16oz/Large","390","2024-07-18 09:08:29","2024-07-18 09:14:59","",""
"ESPRESSO","#4633","Point of Sale","2","2x 6oz","333","2024-07-18 09:09:26","2024-07-18 09:14:59","",""
"ESPRESSO","#3175","Point of Sale","2","1x Babycino; 1x 12oz/Medium","604","2024-07-18 09:12:53","2024-07-18 09:22:57","",""
"ESPRESSO","#7904","Point of Sale","3","1x Bacon And Egg Breakfast Wrap; 1x Babycino; 1x 8oz/Small","546","2024-07-18 09:13:50","2024-07-18 09:22:56","",""
"ESPRESSO","#7668","Point of Sale","2","1x 12oz/Medium; 1x 8oz/Small","286","2024-07-18 09:18:11","2024-07-18 09:22:57","",""
"ESPRESSO","#4924","Point of Sale","1","1x 8oz/Small","549","2024-07-18 09:22:48","2024-07-18 09:31:57","",""
"ESPRESSO","#5036","Point of Sale","1","1x 8oz/Small","614","2024-07-18 09:23:06","2024-07-18 09:33:20","",""
"ESPRESSO","#8257","Point of Sale","1","1x 12oz/Medium","401","2024-07-18 09:25:17","2024-07-18 09:31:58","",""
"ESPRESSO","#511","Point of Sale","1","1x 12oz/Medium","196","2024-07-18 09:28:43","2024-07-18 09:31:59","",""
"ESPRESSO","#4409","Point of Sale","3","2x 16oz/ICED MEDIUM; 1x 12oz/Medium","246","2024-07-18 09:29:13","2024-07-18 09:33:19","",""
"ESPRESSO","#8283","Point of Sale","2","1x 16oz/ICED MEDIUM; 1x 12oz/Medium","1062","2024-07-18 09:30:38","2024-07-18 09:48:20","",""
"ESPRESSO","#5060","Point of Sale","1","1x 8oz/Small","473","2024-07-18 09:33:00","2024-07-18 09:40:53","",""
"ESPRESSO","#6744","Point of Sale","2","1x A Savoury Muffin; 1x 16oz/Large","247","2024-07-18 09:36:46","2024-07-18 09:40:53","",""
"ESPRESSO","#1410","Point of Sale","4","1x 12oz/Medium; 2x 16oz/Large; 1x 8oz/Small","639","2024-07-18 09:37:41","2024-07-18 09:48:20","",""
"ESPRESSO","#8168","Point of Sale","1","1x 8oz/Small","227","2024-07-18 09:44:32","2024-07-18 09:48:19","",""
"ESPRESSO","#5469","Point of Sale","1","1x 12oz/Medium","141","2024-07-18 09:45:58","2024-07-18 09:48:19","",""
"ESPRESSO","#9418","Point of Sale","1","1x 6oz","640","2024-07-18 09:46:23","2024-07-18 09:57:03","",""
"ESPRESSO","#3274","Point of Sale","2","1x 12oz/Medium; 1x 8oz/Small","564","2024-07-18 09:47:40","2024-07-18 09:57:04","",""
"ESPRESSO","#30","Point of Sale","1","1x 6oz","489","2024-07-18 09:48:55","2024-07-18 09:57:04","",""
"ESPRESSO","#9807","Point of Sale","1","1x 12oz/Medium","149","2024-07-18 09:54:35","2024-07-18 09:57:04","",""
"ESPRESSO","#9198","Point of Sale","1","1x 12oz/Medium","136","2024-07-18 09:54:49","2024-07-18 09:57:05","",""
"ESPRESSO","#851","Point of Sale","2","1x 16oz/Large; 1x A Sweet Muffin","535","2024-07-18 09:55:54","2024-07-18 10:04:49","",""
"ESPRESSO","#4658","Point of Sale","1","1x 16oz/Large","479","2024-07-18 09:56:49","2024-07-18 10:04:48","",""
"ESPRESSO","#7201","Point of Sale","3","1x 12oz/Medium; 2x 12oz/Medium","403","2024-07-18 09:58:05","2024-07-18 10:04:48","",""
"ESPRESSO","#2072","Point of Sale","2","1x 12oz/Medium; 1x A Sweet Muffin","248","2024-07-18 10:00:39","2024-07-18 10:04:47","",""
"ESPRESSO","#2957","Point of Sale","2","1x Portugese Tart; 1x 8oz/Small","492","2024-07-18 10:04:40","2024-07-18 10:12:52","",""
"ESPRESSO","#8479","Point of Sale","1","1x 16oz/Large","479","2024-07-18 10:04:54","2024-07-18 10:12:53","",""
"ESPRESSO","#3592","Point of Sale","3","1x Bacon And Egg Breakfast Wrap; 1x 8oz/Small; 1x 20oz\ICED LARGE","326","2024-07-18 10:07:27","2024-07-18 10:12:53","",""
"ESPRESSO","#8319","Point of Sale","2","1x 12oz/Medium; 1x A Sweet Muffin","104","2024-07-18 10:11:09","2024-07-18 10:12:53","",""
"ESPRESSO","#7897","Point of Sale","1","1x 12oz/Medium","136","2024-07-18 10:12:18","2024-07-18 10:14:34","",""
"ESPRESSO","#6712","Point of Sale","1","1x 12oz/Medium","430","2024-07-18 10:12:45","2024-07-18 10:19:55","",""
"ESPRESSO","#976","Point of Sale","1","1x 6oz","365","2024-07-18 10:13:50","2024-07-18 10:19:55","",""
"ESPRESSO","#8909","Point of Sale","1","1x 12oz/Medium","342","2024-07-18 10:14:12","2024-07-18 10:19:54","",""
"ESPRESSO","#7127","Point of Sale","1","1x 16oz/Large","242","2024-07-18 10:15:53","2024-07-18 10:19:55","",""
"ESPRESSO","#1416","Point of Sale","1","1x 12oz/Medium","1077","2024-07-18 10:18:51","2024-07-18 10:36:48","",""
"ESPRESSO","#6095","Point of Sale","1","1x 4oz/Pic, Esp, Dop","862","2024-07-18 10:22:27","2024-07-18 10:36:49","",""
"ESPRESSO","#2189","Point of Sale","1","1x 8oz/Small","852","2024-07-18 10:22:36","2024-07-18 10:36:48","",""
"ESPRESSO","#68","Point of Sale","2","1x 12oz/Medium; 1x 8oz/Small","415","2024-07-18 10:29:54","2024-07-18 10:36:49","",""
"ESPRESSO","#2315","Point of Sale","1","1x 16oz/Large","1248","2024-07-18 10:34:18","2024-07-18 10:55:06","",""
"ESPRESSO","#1360","Point of Sale","1","1x 6oz","934","2024-07-18 10:39:33","2024-07-18 10:55:07","",""
"ESPRESSO","#5866","Point of Sale","1","1x 16oz/Large","786","2024-07-18 10:42:00","2024-07-18 10:55:06","",""
"ESPRESSO","#2947","Point of Sale","1","1x A Savoury Muffin","466","2024-07-18 10:47:22","2024-07-18 10:55:08","",""
"ESPRESSO","#3129","Point of Sale","1","1x 16oz/Large","721","2024-07-18 10:50:33","2024-07-18 11:02:34","",""
"ESPRESSO","#830","Point of Sale","1","1x 12oz/Medium","459","2024-07-18 10:54:55","2024-07-18 11:02:34","",""
"ESPRESSO","#7364","Point of Sale","1","1x 12oz/Medium","362","2024-07-18 10:56:31","2024-07-18 11:02:33","",""
"ESPRESSO","#8059","Point of Sale","2","1x 8oz/Small; 1x 16oz/Large","691","2024-07-18 10:56:59","2024-07-18 11:08:30","",""
"ESPRESSO","#7627","Point of Sale","1","1x 12oz/Medium","600","2024-07-18 10:58:30","2024-07-18 11:08:30","",""
"ESPRESSO","#7625","Point of Sale","1","1x 8oz/Small","589","2024-07-18 10:58:41","2024-07-18 11:08:30","",""
"ESPRESSO","#9863","Point of Sale","1","1x 8oz/Small","481","2024-07-18 11:00:29","2024-07-18 11:08:30","",""
"ESPRESSO","#8824","Point of Sale","1","1x 8oz/Small","445","2024-07-18 11:01:06","2024-07-18 11:08:31","",""
"ESPRESSO","#6370","Point of Sale","5","3x 12oz/Medium; 1x 12oz/Medium; 1x 500g Beans","493","2024-07-18 11:07:23","2024-07-18 11:15:36","",""
"ESPRESSO","#2951","Point of Sale","3","1x A Sweet Muffin; 1x 8oz/Small; 1x 8oz/Small","940","2024-07-18 11:09:56","2024-07-18 11:25:36","",""
"ESPRESSO","#9469","Point of Sale","1","1x 12oz/Medium","925","2024-07-18 11:10:12","2024-07-18 11:25:37","",""
"ESPRESSO","#8690","Point of Sale","1","1x 6oz","886","2024-07-18 11:10:50","2024-07-18 11:25:36","",""
"ESPRESSO","#7244","Point of Sale","1","1x 12oz/Medium","873","2024-07-18 11:11:04","2024-07-18 11:25:37","",""
"ESPRESSO","#968","Point of Sale","2","2x 12oz/Medium","835","2024-07-18 11:11:42","2024-07-18 11:25:37","",""
"ESPRESSO","#2570","Point of Sale","1","1x 16oz/Large","991","2024-07-18 11:12:18","2024-07-18 11:28:49","",""
"ESPRESSO","#2465","Point of Sale","1","1x Protein Ball - Peanut Butter","974","2024-07-18 11:12:35","2024-07-18 11:28:49","",""
"ESPRESSO","#4103","Point of Sale","1","1x 12oz/Medium","964","2024-07-18 11:12:46","2024-07-18 11:28:50","",""
"ESPRESSO","#701","Point of Sale","1","1x 16oz/Large","849","2024-07-18 11:14:41","2024-07-18 11:28:50","",""
"ESPRESSO","#4277","Point of Sale","3","1x 16oz/Large; 1x 8oz/Small; 1x 12oz/Medium","1185","2024-07-18 11:27:11","2024-07-18 11:46:56","",""
"ESPRESSO","#1477","Point of Sale","1","1x 12oz/Medium","254","2024-07-18 11:42:42","2024-07-18 11:46:56","",""
"ESPRESSO","#1711","Point of Sale","1","1x 12oz/Medium","155","2024-07-18 11:44:21","2024-07-18 11:46:56","",""
"ESPRESSO","#4649","Point of Sale","2","1x 8oz/Small; 1x 8oz/Small","1236","2024-07-18 11:57:44","2024-07-18 12:18:20","",""
"ESPRESSO","#129","Point of Sale","1","1x 12oz/Medium","60322","2024-07-18 12:24:03","2024-07-19 05:09:25","",""
"ESPRESSO","#2664","Point of Sale","1","1x 6oz","1149","2024-07-18 12:35:40","2024-07-18 12:54:49","",""
"ESPRESSO","#7727","Point of Sale","1","1x 6oz","1127","2024-07-18 12:36:01","2024-07-18 12:54:48","",""
"ESPRESSO","#9559","Point of Sale","2","1x 12oz/Medium; 1x A Cookie","599","2024-07-18 12:44:48","2024-07-18 12:54:47","",""
"ESPRESSO","#6199","Point of Sale","2","2x 12oz/Medium","58567","2024-07-18 12:53:19","2024-07-19 05:09:26","",""
"ESPRESSO","#4542","Point of Sale","1","1x 8oz/Small","58535","2024-07-18 12:53:50","2024-07-19 05:09:25","",""
"ESPRESSO","#9692","Point of Sale","1","1x 12oz/Medium","2018","2024-07-18 12:54:27","2024-07-18 13:28:05","",""
"ESPRESSO","#8199","Point of Sale","1","1x 12oz/Medium","1630","2024-07-18 13:00:53","2024-07-18 13:28:03","",""
"ESPRESSO","#1579","Point of Sale","2","1x 20oz\ICED LARGE; 1x A Cookie","56520","2024-07-18 13:27:25","2024-07-19 05:09:25","",""
"ESPRESSO","#9340","Point of Sale","2","2x 4oz/Pic, Esp, Dop","610","2024-07-19 05:24:57","2024-07-19 05:35:07","",""
"ESPRESSO","#2042","Point of Sale","2","1x 16oz/Large; 1x Bacon And Egg Breakfast Wrap","329","2024-07-19 05:35:46","2024-07-19 05:41:15","",""
"ESPRESSO","#898","Point of Sale","2","1x 12oz/Medium; 1x 16oz/Large","247","2024-07-19 05:40:17","2024-07-19 05:44:24","",""
"ESPRESSO","#3700","Point of Sale","2","1x 12oz/Medium; 1x 12oz/Medium","298","2024-07-19 05:44:22","2024-07-19 05:49:20","",""
"ESPRESSO","#4047","Point of Sale","1","1x 16oz/Large","182","2024-07-19 05:46:17","2024-07-19 05:49:19","",""
"ESPRESSO","#4092","Point of Sale","3","2x 12oz/Medium; 1x 12oz/Medium","421","2024-07-19 05:50:21","2024-07-19 05:57:22","",""
"ESPRESSO","#193","Point of Sale","2","1x Portugese Tart; 1x 6oz","401","2024-07-19 05:50:40","2024-07-19 05:57:21","",""
"ESPRESSO","#9351","Point of Sale","1","1x 16oz/Large","308","2024-07-19 05:52:15","2024-07-19 05:57:23","",""
"ESPRESSO","#1315","Point of Sale","1","1x 20oz\ICED LARGE","122","2024-07-19 05:55:21","2024-07-19 05:57:23","",""
"ESPRESSO","#5359","Point of Sale","2","1x 12oz/ICED SMALL; 1x 8oz/Small","331","2024-07-19 05:56:11","2024-07-19 06:01:42","",""
"ESPRESSO","#795","Point of Sale","2","1x 8oz/Small; 1x 12oz/Medium","295","2024-07-19 05:56:48","2024-07-19 06:01:43","",""
"ESPRESSO","146453070","Square Online","1","1x 8oz/Small","277","2024-07-19 05:57:06","2024-07-19 06:01:43","2024-07-19 05:57:01",""
"ESPRESSO","Kez","Point of Sale","2","1x 12oz/Medium; 1x 8oz/Small","328","2024-07-19 05:58:08","2024-07-19 06:03:36","",""
"ESPRESSO","#9066","Point of Sale","1","1x 12oz/Medium","301","2024-07-19 05:58:41","2024-07-19 06:03:42","",""
"ESPRESSO","Roz","Point of Sale","1","1x 6oz","327","2024-07-19 05:58:58","2024-07-19 06:04:25","",""
"ESPRESSO","#6409","Point of Sale","1","1x 16oz/Large","434","2024-07-19 05:59:13","2024-07-19 06:06:27","",""
"ESPRESSO","Dayal","Point of Sale","1","1x 12oz/Medium","408","2024-07-19 05:59:39","2024-07-19 06:06:27","",""
"ESPRESSO","#9889","Point of Sale","1","1x 8oz/Small","386","2024-07-19 06:00:01","2024-07-19 06:06:27","",""
"ESPRESSO","#5419","Point of Sale","2","2x 12oz/Medium","497","2024-07-19 06:01:56","2024-07-19 06:10:13","",""
"ESPRESSO","#4439","Point of Sale","2","1x Bacon And Egg Breakfast Wrap; 1x 6oz","431","2024-07-19 06:03:03","2024-07-19 06:10:14","",""
"ESPRESSO","#2347","Point of Sale","1","1x 16oz/ICED MEDIUM","406","2024-07-19 06:03:27","2024-07-19 06:10:13","",""
"ESPRESSO","#6721","Point of Sale","1","1x 16oz/Large","276","2024-07-19 06:09:15","2024-07-19 06:13:51","",""
"ESPRESSO","#6383","Point of Sale","2","2x 4oz/Pic, Esp, Dop","255","2024-07-19 06:09:37","2024-07-19 06:13:52","",""
"ESPRESSO","#4697","Point of Sale","1","1x 8oz/Small","161","2024-07-19 06:11:11","2024-07-19 06:13:52","",""
"ESPRESSO","#5331","Point of Sale","1","1x 16oz/Large","542","2024-07-19 06:11:20","2024-07-19 06:20:22","",""
"ESPRESSO","#1037","Point of Sale","2","2x 6oz","496","2024-07-19 06:12:07","2024-07-19 06:20:23","",""
"ESPRESSO","#1859","Point of Sale","1","1x 8oz/Small","225","2024-07-19 06:16:36","2024-07-19 06:20:21","",""
"ESPRESSO","#8054","Point of Sale","1","1x 12oz/Medium","206","2024-07-19 06:16:55","2024-07-19 06:20:21","",""
"ESPRESSO","917505898","Square Online","1","1x 16oz/Large","382","2024-07-19 06:18:46","2024-07-19 06:25:08","2024-07-19 06:18:41",""
"ESPRESSO","#3247","Point of Sale","2","1x 12oz/Medium; 1x 12oz/Medium","395","2024-07-19 06:20:08","2024-07-19 06:26:43","",""
"ESPRESSO","#2888","Point of Sale","1","1x 16oz/Large","432","2024-07-19 06:21:08","2024-07-19 06:28:20","",""
"ESPRESSO","#541","Point of Sale","1","1x 6oz","362","2024-07-19 06:22:25","2024-07-19 06:28:27","",""
"ESPRESSO","#9869","Point of Sale","1","1x 6oz","483","2024-07-19 06:23:23","2024-07-19 06:31:26","",""
"ESPRESSO","#852","Point of Sale","1","1x 16oz/Large","468","2024-07-19 06:23:39","2024-07-19 06:31:27","",""
"ESPRESSO","#8363","Point of Sale","1","1x A Sweet Muffin","445","2024-07-19 06:24:04","2024-07-19 06:31:29","",""
"ESPRESSO","#9000","Point of Sale","1","1x 20oz\ICED LARGE","520","2024-07-19 06:24:52","2024-07-19 06:33:32","",""
"ESPRESSO","Jp","Point of Sale","1","1x 12oz/Medium","382","2024-07-19 06:28:23","2024-07-19 06:34:45","",""
"ESPRESSO","#2372","Point of Sale","2","1x 6oz; 1x 12oz/Medium","368","2024-07-19 06:30:40","2024-07-19 06:36:48","",""
"ESPRESSO","#3599","Point of Sale","2","1x 8oz/Small; 1x 12oz/Medium","466","2024-07-19 06:31:40","2024-07-19 06:39:26","",""
"ESPRESSO","#3723","Point of Sale","1","1x 12oz/Medium","446","2024-07-19 06:32:00","2024-07-19 06:39:26","",""
"ESPRESSO","#5281","Point of Sale","1","1x 6oz","489","2024-07-19 06:32:25","2024-07-19 06:40:34","",""
"ESPRESSO","#5191","Point of Sale","2","1x 12oz/Medium; 1x 12oz/Medium","606","2024-07-19 06:32:46","2024-07-19 06:42:52","",""
"ESPRESSO","#3043","Point of Sale","1","1x 8oz/Small","428","2024-07-19 06:36:48","2024-07-19 06:43:56","",""
"ESPRESSO","#3964","Point of Sale","2","1x 8oz/Small; 1x 16oz/Large","414","2024-07-19 06:38:44","2024-07-19 06:45:38","",""
"ESPRESSO","#2777","Point of Sale","1","1x 16oz/Large","518","2024-07-19 06:39:53","2024-07-19 06:48:31","",""
"ESPRESSO","Cazy","Point of Sale","1","1x 12oz/Medium","494","2024-07-19 06:40:17","2024-07-19 06:48:31","",""
"ESPRESSO","Emily","Point of Sale","1","1x 12oz/ICED SMALL","296","2024-07-19 06:40:48","2024-07-19 06:45:44","",""
"ESPRESSO","#6250","Point of Sale","1","1x 16oz/Large","503","2024-07-19 06:42:32","2024-07-19 06:50:55","",""
"ESPRESSO","#7392","Point of Sale","1","1x 4oz/Pic, Esp, Dop","183","2024-07-19 06:42:50","2024-07-19 06:45:53","",""
"ESPRESSO","#2447","Point of Sale","1","1x 12oz/Medium","121","2024-07-19 06:48:55","2024-07-19 06:50:56","",""
"ESPRESSO","#824","Point of Sale","4","1x Pupacino; 2x 12oz/Medium; 1x 12oz/Medium","233","2024-07-19 06:50:19","2024-07-19 06:54:12","",""
"ESPRESSO","#1467","Point of Sale","1","1x 12oz/Medium","268","2024-07-19 06:50:50","2024-07-19 06:55:18","",""
"ESPRESSO","#4635","Point of Sale","2","1x A Savoury Muffin; 1x 16oz/Large","851","2024-07-19 06:51:12","2024-07-19 07:05:23","",""
"ESPRESSO","#7501","Point of Sale","1","1x 12oz/Medium","569","2024-07-19 06:52:55","2024-07-19 07:02:24","",""
"ESPRESSO","#3803","Point of Sale","2","1x 12oz/Medium; 1x 16oz/Large","550","2024-07-19 06:53:12","2024-07-19 07:02:22","",""
"ESPRESSO","#9026","Point of Sale","2","1x 12oz/Medium; 1x 8oz/Small","188","2024-07-19 06:59:14","2024-07-19 07:02:22","",""
"ESPRESSO","#8542","Point of Sale","1","1x 12oz/Medium","320","2024-07-19 07:00:03","2024-07-19 07:05:23","",""
"ESPRESSO","#930","Point of Sale","2","1x 12oz/Medium; 1x 6oz","304","2024-07-19 07:02:14","2024-07-19 07:07:18","",""
"ESPRESSO","#4825","Point of Sale","1","1x 12oz/Medium","380","2024-07-19 07:02:56","2024-07-19 07:09:16","",""
"ESPRESSO","#8404","Point of Sale","2","1x A Sweet Muffin; 1x 12oz/Medium","305","2024-07-19 07:04:11","2024-07-19 07:09:16","",""
"ESPRESSO","#809","Point of Sale","1","1x 12oz/Medium","151","2024-07-19 07:11:15","2024-07-19 07:13:46","",""
"ESPRESSO","#5707","Point of Sale","1","1x 6oz","122","2024-07-19 07:11:45","2024-07-19 07:13:47","",""
"ESPRESSO","#5887","Point of Sale","5","1x A Sweet Muffin; 2x Bacon And Egg Breakfast Wrap; 1x 12oz/Medium; 1x 8oz/Small","342","2024-07-19 07:14:06","2024-07-19 07:19:48","",""
"ESPRESSO","#1780","Point of Sale","3","1x 16oz/Large; 2x 12oz/ICED SMALL","273","2024-07-19 07:15:15","2024-07-19 07:19:48","",""
"ESPRESSO","#1545","Point of Sale","1","1x 12oz/Medium","624","2024-07-19 07:15:44","2024-07-19 07:26:08","",""
"ESPRESSO","#1806","Point of Sale","1","1x 6oz","277","2024-07-19 07:18:11","2024-07-19 07:22:48","",""
"ESPRESSO","#3806","Point of Sale","2","1x 12oz/Medium; 1x 12oz/Medium","224","2024-07-19 07:19:07","2024-07-19 07:22:51","",""
"ESPRESSO","#9876","Point of Sale","1","1x 12oz/Medium","360","2024-07-19 07:20:07","2024-07-19 07:26:07","",""
"ESPRESSO","#4794","Point of Sale","1","1x 6oz","28","2024-07-19 07:25:39","2024-07-19 07:26:07","",""
"ESPRESSO","#7706","Point of Sale","2","2x 16oz/Large","452","2024-07-19 07:26:06","2024-07-19 07:33:38","",""
"ESPRESSO","#9574","Point of Sale","2","1x 16oz/Large; 1x 8oz/Small","381","2024-07-19 07:27:18","2024-07-19 07:33:39","",""
"ESPRESSO","#3491","Point of Sale","2","2x 12oz/Medium","428","2024-07-19 07:29:06","2024-07-19 07:36:14","",""
"ESPRESSO","#2811","Point of Sale","2","1x 16oz/ICED MEDIUM; 1x 16oz/Large","334","2024-07-19 07:30:34","2024-07-19 07:36:08","",""
"ESPRESSO","#7275","Point of Sale","4","1x Babycino; 1x Babycino; 1x 6oz; 1x 12oz/Medium","585","2024-07-19 07:32:59","2024-07-19 07:42:44","",""
"ESPRESSO","#21","Point of Sale","1","1x 4oz/Pic, Esp, Dop","528","2024-07-19 07:33:55","2024-07-19 07:42:43","",""
"ESPRESSO","#3253","Point of Sale","1","1x 12oz/Medium","372","2024-07-19 07:36:30","2024-07-19 07:42:42","",""
"ESPRESSO","#4603","Point of Sale","3","1x 12oz/Medium; 2x 12oz/Medium","288","2024-07-19 07:40:18","2024-07-19 07:45:06","",""
"ESPRESSO","#510","Point of Sale","1","1x 8oz/Small","191","2024-07-19 07:42:41","2024-07-19 07:45:52","",""
"ESPRESSO","#3467","Point of Sale","3","1x 12oz/Medium; 1x A Sweet Muffin; 1x 12oz/Medium","286","2024-07-19 07:43:28","2024-07-19 07:48:14","",""
"ESPRESSO","#751","Point of Sale","2","1x 12oz/Medium; 1x 6oz","332","2024-07-19 07:44:07","2024-07-19 07:49:39","",""
"ESPRESSO","#5909","Point of Sale","2","1x 20oz\ICED LARGE; 1x A Cookie","309","2024-07-19 07:44:29","2024-07-19 07:49:38","",""
"ESPRESSO","#2502","Point of Sale","1","1x 12oz/Medium","404","2024-07-19 07:45:04","2024-07-19 07:51:48","",""
"ESPRESSO","#7206","Point of Sale","1","1x 12oz/Medium","323","2024-07-19 07:46:24","2024-07-19 07:51:47","",""
"ESPRESSO","#6221","Point of Sale","2","1x 12oz/ICED SMALL; 1x Protein Ball - Peanut Butter","294","2024-07-19 07:46:53","2024-07-19 07:51:47","",""
"ESPRESSO","#4958","Point of Sale","2","1x 500g Beans; 1x 6oz","537","2024-07-19 07:47:48","2024-07-19 07:56:45","",""
"ESPRESSO","#4125","Point of Sale","3","1x 4oz/Pic, Esp, Dop; 1x 4oz/Pic, Esp, Dop; 1x 12oz/Medium","447","2024-07-19 07:49:19","2024-07-19 07:56:46","",""
"ESPRESSO","#2065","Point of Sale","2","1x Bacon And Egg Breakfast Wrap; 1x 12oz/Medium","341","2024-07-19 07:51:06","2024-07-19 07:56:47","",""
"ESPRESSO","#2654","Point of Sale","1","1x 12oz/ICED SMALL","678","2024-07-19 07:52:39","2024-07-19 08:03:57","",""
"ESPRESSO","#2730","Point of Sale","2","1x Babycino; 1x 8oz/Small","446","2024-07-19 07:56:32","2024-07-19 08:03:58","",""
"ESPRESSO","#9423","Point of Sale","2","1x Bacon And Egg Breakfast Wrap; 1x 16oz/ICED MEDIUM","387","2024-07-19 07:57:31","2024-07-19 08:03:58","",""
"ESPRESSO","Jess","Point of Sale","2","1x A Sweet Muffin; 1x 12oz/ICED SMALL","186","2024-07-19 08:01:25","2024-07-19 08:04:31","","2024-07-18T22:04:24.000Z"
"ESPRESSO","#5899","Point of Sale","2","1x Protein Ball - Peanut Butter; 1x 12oz/Medium","503","2024-07-19 08:03:00","2024-07-19 08:11:23","",""
"ESPRESSO","#6272","Point of Sale","1","1x 8oz/Small","483","2024-07-19 08:03:21","2024-07-19 08:11:24","",""
"ESPRESSO","#1861","Point of Sale","2","1x A Sweet Muffin; 1x Protein Ball - Peanut Butter","325","2024-07-19 08:05:59","2024-07-19 08:11:24","",""
"ESPRESSO","#7798","Point of Sale","1","1x 8oz/Small","24","2024-07-19 08:11:00","2024-07-19 08:11:24","",""
"ESPRESSO","1739679677","Square Online","4","1x 12oz/Medium; 1x 12oz/Medium; 1x 12oz/Medium; 1x 12oz/Medium","573","2024-07-19 08:14:29","2024-07-19 08:24:02","2024-07-19 08:14:25",""
"ESPRESSO","#8057","Point of Sale","2","1x 16oz/Large; 1x 16oz/Large","573","2024-07-19 08:14:30","2024-07-19 08:24:03","",""
"ESPRESSO","#9977","Point of Sale","1","1x 12oz/Medium","486","2024-07-19 08:15:56","2024-07-19 08:24:02","",""
"ESPRESSO","#8996","Point of Sale","1","1x 16oz/ICED MEDIUM","211","2024-07-19 08:23:12","2024-07-19 08:26:43","",""
"ESPRESSO","#4515","Point of Sale","2","1x 12oz/Medium; 1x Bacon And Egg Breakfast Wrap","284","2024-07-19 08:23:44","2024-07-19 08:28:28","",""
"ESPRESSO","#7033","Point of Sale","2","2x 6oz","679","2024-07-19 08:25:27","2024-07-19 08:36:46","",""
"ESPRESSO","#661","Point of Sale","1","1x 6oz","611","2024-07-19 08:26:35","2024-07-19 08:36:46","",""
"ESPRESSO","#7526","Point of Sale","3","1x 8oz/Small; 2x A Sweet Muffin","576","2024-07-19 08:27:08","2024-07-19 08:36:44","",""
"ESPRESSO","#3039","Point of Sale","1","1x 12oz/Medium","533","2024-07-19 08:27:51","2024-07-19 08:36:44","",""
"ESPRESSO","#1022","Point of Sale","1","1x 12oz/Medium","251","2024-07-19 08:32:35","2024-07-19 08:36:46","",""
"ESPRESSO","#9193","Point of Sale","1","1x 12oz/Medium","218","2024-07-19 08:34:29","2024-07-19 08:38:07","",""
"ESPRESSO","#7687","Point of Sale","2","1x 8oz/Small; 1x 8oz/Small","323","2024-07-19 08:36:14","2024-07-19 08:41:37","",""
"ESPRESSO","#6527","Point of Sale","1","1x 12oz/Medium","311","2024-07-19 08:36:27","2024-07-19 08:41:38","",""
"ESPRESSO","#5709","Point of Sale","1","1x 12oz/Medium","360","2024-07-19 08:37:34","2024-07-19 08:43:34","",""
"ESPRESSO","#7486","Point of Sale","2","1x Bacon And Egg Breakfast Wrap; 1x 16oz/ICED MEDIUM","614","2024-07-19 08:37:58","2024-07-19 08:48:12","",""
"ESPRESSO","#5751","Point of Sale","1","1x 8oz/Small","483","2024-07-19 08:40:08","2024-07-19 08:48:11","",""
"ESPRESSO","#6702","Point of Sale","1","1x 6oz","719","2024-07-19 08:40:30","2024-07-19 08:52:29","",""
"ESPRESSO","#7230","Point of Sale","3","1x 8oz/Small; 1x 8oz/Small; 1x 12oz/Medium","689","2024-07-19 08:40:59","2024-07-19 08:52:28","",""
"ESPRESSO","#3579","Point of Sale","4","1x 12oz/Medium; 2x A Sweet Muffin; 1x 20oz\ICED LARGE","494","2024-07-19 08:44:14","2024-07-19 08:52:28","",""
"ESPRESSO","#6016","Point of Sale","2","2x 20oz\ICED LARGE","679","2024-07-19 08:45:06","2024-07-19 08:56:25","",""
"ESPRESSO","#6430","Point of Sale","1","1x 12oz/Medium","634","2024-07-19 08:45:51","2024-07-19 08:56:25","",""
"ESPRESSO","#8871","Point of Sale","2","1x 12oz/Medium; 1x 12oz/Medium","512","2024-07-19 08:54:01","2024-07-19 09:02:33","",""
"ESPRESSO","#3940","Point of Sale","1","1x 12oz/Medium","372","2024-07-19 08:56:21","2024-07-19 09:02:33","",""
"ESPRESSO","#1514","Point of Sale","4","1x 16oz/Large; 1x Bacon And Egg Breakfast Wrap; 1x 12oz/ICED SMALL; 1x 16oz/Large","1141","2024-07-19 08:57:16","2024-07-19 09:16:17","",""
"ESPRESSO","#2539","Point of Sale","1","1x 16oz/Large","199","2024-07-19 08:59:16","2024-07-19 09:02:35","",""
"ESPRESSO","#8676","Point of Sale","1","1x 1kg Beans","151","2024-07-19 09:01:29","2024-07-19 09:04:00","",""
"ESPRESSO","#5409","Point of Sale","1","1x 8oz/Small","825","2024-07-19 09:02:30","2024-07-19 09:16:15","",""
"ESPRESSO","#4907","Point of Sale","1","1x 16oz/Large","562","2024-07-19 09:06:54","2024-07-19 09:16:16","",""
"ESPRESSO","#173","Point of Sale","2","1x 12oz/Medium; 1x 6oz","491","2024-07-19 09:13:27","2024-07-19 09:21:38","",""
"ESPRESSO","#8181","Point of Sale","2","1x A Savoury Muffin; 1x 12oz/Medium","420","2024-07-19 09:14:37","2024-07-19 09:21:37","",""
"ESPRESSO","#1955","Point of Sale","4","1x 16oz/Large; 2x A Sweet Muffin; 1x 16oz/Large","313","2024-07-19 09:16:25","2024-07-19 09:21:38","",""
"ESPRESSO","#5265","Point of Sale","1","1x 16oz/ICED MEDIUM","236","2024-07-19 09:21:15","2024-07-19 09:25:11","",""
"ESPRESSO","#6144","Point of Sale","1","1x 16oz/Large","207","2024-07-19 09:21:45","2024-07-19 09:25:12","",""
"ESPRESSO","#5649","Point of Sale","1","1x 12oz/Medium","260","2024-07-19 09:22:10","2024-07-19 09:26:30","",""
"ESPRESSO","#617","Point of Sale","1","1x 8oz/Small","395","2024-07-19 09:22:45","2024-07-19 09:29:20","",""
"ESPRESSO","#864","Point of Sale","1","1x 12oz/Medium","364","2024-07-19 09:23:15","2024-07-19 09:29:19","",""
"ESPRESSO","#1045","Point of Sale","1","1x 12oz/Medium","458","2024-07-19 09:23:30","2024-07-19 09:31:08","",""
"ESPRESSO","#4876","Point of Sale","2","1x A Savoury Muffin; 1x 12oz/Medium","435","2024-07-19 09:23:54","2024-07-19 09:31:09","",""
"ESPRESSO","#1051","Point of Sale","2","1x A Savoury Muffin; 1x 16oz/Large","594","2024-07-19 09:24:14","2024-07-19 09:34:08","",""
"ESPRESSO","#212","Point of Sale","2","1x A Savoury Muffin; 1x 12oz/Medium","518","2024-07-19 09:25:31","2024-07-19 09:34:09","",""
"ESPRESSO","#3525","Point of Sale","2","1x A Savoury Muffin; 1x 12oz/Medium","486","2024-07-19 09:26:03","2024-07-19 09:34:09","",""
"ESPRESSO","#9517","Point of Sale","4","2x Portugese Tart; 1x 16oz/Large; 1x 12oz/Medium","595","2024-07-19 09:27:37","2024-07-19 09:37:32","",""
"ESPRESSO","#8504","Point of Sale","2","1x 12oz/Medium; 1x 12oz/Medium","648","2024-07-19 09:29:10","2024-07-19 09:39:58","",""
"ESPRESSO","#7698","Point of Sale","2","1x 16oz/Large; 1x 12oz/Medium","539","2024-07-19 09:31:46","2024-07-19 09:40:45","",""
"ESPRESSO","#4127","Point of Sale","1","1x 6oz","494","2024-07-19 09:33:13","2024-07-19 09:41:27","",""
"ESPRESSO","#8727","Point of Sale","1","1x 6oz","389","2024-07-19 09:35:59","2024-07-19 09:42:28","",""
"ESPRESSO","#7902","Point of Sale","1","1x 8oz/Small","361","2024-07-19 09:36:26","2024-07-19 09:42:27","",""
"ESPRESSO","#4828","Point of Sale","1","1x 16oz/ICED MEDIUM","346","2024-07-19 09:36:42","2024-07-19 09:42:28","",""
"ESPRESSO","#6028","Point of Sale","1","1x 16oz/ICED MEDIUM","852","2024-07-19 09:37:17","2024-07-19 09:51:29","",""
"ESPRESSO","#9046","Point of Sale","1","1x 8oz/Small","813","2024-07-19 09:37:57","2024-07-19 09:51:30","",""
"ESPRESSO","#5294","Point of Sale","1","1x 8oz/Small","657","2024-07-19 09:40:33","2024-07-19 09:51:30","",""
"ESPRESSO","#1137","Point of Sale","4","1x 8oz/Small; 1x 8oz/Small; 1x 8oz/Small; 1x 16oz/Large","664","2024-07-19 09:50:53","2024-07-19 10:01:57","",""
"ESPRESSO","#2572","Point of Sale","1","1x 12oz/Medium","730","2024-07-19 09:51:17","2024-07-19 10:03:27","",""
"ESPRESSO","#2313","Point of Sale","1","1x 12oz/Medium","411","2024-07-19 09:55:06","2024-07-19 10:01:57","",""
"ESPRESSO","#5541","Point of Sale","2","1x 16oz/Large; 1x 16oz/Large","174","2024-07-19 10:01:26","2024-07-19 10:04:20","",""
"ESPRESSO","#3620","Point of Sale","1","1x 8oz/Small","663","2024-07-19 10:01:46","2024-07-19 10:12:49","",""
"ESPRESSO","#8652","Point of Sale","1","1x 12oz/Medium","581","2024-07-19 10:03:08","2024-07-19 10:12:49","",""
"ESPRESSO","#9824","Point of Sale","1","1x 12oz/Medium","517","2024-07-19 10:04:13","2024-07-19 10:12:50","",""
"ESPRESSO","#5761","Point of Sale","1","1x 6oz","141","2024-07-19 10:10:29","2024-07-19 10:12:50","",""
"ESPRESSO","#7759","Point of Sale","1","1x 8oz/Small","292","2024-07-19 10:11:30","2024-07-19 10:16:22","",""
"ESPRESSO","#9352","Point of Sale","1","1x 8oz/Small","271","2024-07-19 10:11:51","2024-07-19 10:16:22","",""
"ESPRESSO","#8863","Point of Sale","1","1x 16oz/Large","433","2024-07-19 10:14:04","2024-07-19 10:21:17","",""
"ESPRESSO","#1111","Point of Sale","2","1x 12oz/Medium; 1x A Sweet Muffin","365","2024-07-19 10:15:12","2024-07-19 10:21:17","",""
"ESPRESSO","#3386","Point of Sale","1","1x 12oz/Medium","350","2024-07-19 10:15:28","2024-07-19 10:21:18","",""
"ESPRESSO","#1201","Point of Sale","2","1x 8oz/Small; 1x 8oz/Small","207","2024-07-19 10:19:17","2024-07-19 10:22:44","",""
"ESPRESSO","#6356","Point of Sale","2","1x 8oz/Small; 1x 250g Beans","162","2024-07-19 10:20:01","2024-07-19 10:22:43","",""
"ESPRESSO","#162","Point of Sale","1","1x 12oz/Medium","102","2024-07-19 10:21:04","2024-07-19 10:22:46","",""
"ESPRESSO","#2748","Point of Sale","1","1x 6oz","280","2024-07-19 10:21:36","2024-07-19 10:26:16","",""
"ESPRESSO","#7119","Point of Sale","2","1x 12oz/Medium; 1x 8oz/Small","367","2024-07-19 10:22:38","2024-07-19 10:28:45","",""
"ESPRESSO","#6643","Point of Sale","3","1x 16oz/Large; 1x 6oz; 1x 20oz\ICED LARGE","475","2024-07-19 10:23:45","2024-07-19 10:31:40","",""
"ESPRESSO","#133","Point of Sale","2","1x A Sweet Muffin; 1x 12oz/Medium","372","2024-07-19 10:25:28","2024-07-19 10:31:40","",""
"ESPRESSO","#7743","Point of Sale","1","1x 20oz\ICED LARGE","336","2024-07-19 10:26:04","2024-07-19 10:31:40","",""
"ESPRESSO","#161","Point of Sale","1","1x 12oz/Medium","460","2024-07-19 10:27:40","2024-07-19 10:35:20","",""
"ESPRESSO","#3908","Point of Sale","1","1x 8oz/Small","323","2024-07-19 10:29:56","2024-07-19 10:35:19","",""
"ESPRESSO","#5796","Point of Sale","1","1x 6oz","262","2024-07-19 10:30:58","2024-07-19 10:35:20","",""
"ESPRESSO","#5281","Point of Sale","1","1x 12oz/Medium","70","2024-07-19 10:34:11","2024-07-19 10:35:21","",""
"ESPRESSO","#4344","Point of Sale","1","1x 8oz/Small","4331","2024-07-19 10:38:20","2024-07-19 11:50:31","",""
"ESPRESSO","#2447","Point of Sale","1","1x 12oz/Medium","4181","2024-07-19 10:40:51","2024-07-19 11:50:32","",""
"ESPRESSO","#9203","Point of Sale","1","1x 12oz/Medium","69223","2024-07-19 10:42:13","2024-07-20 05:55:56","",""
"ESPRESSO","#3644","Point of Sale","2","2x 6oz","69084","2024-07-19 10:44:34","2024-07-20 05:55:58","",""
"ESPRESSO","#3450","Point of Sale","1","1x 8oz/Small","68548","2024-07-19 10:53:31","2024-07-20 05:55:59","",""
"ESPRESSO","#3300","Point of Sale","1","1x 12oz/Medium","68277","2024-07-19 10:58:02","2024-07-20 05:55:59","",""
"ESPRESSO","#2568","Point of Sale","1","1x 12oz/Medium","68061","2024-07-19 11:01:39","2024-07-20 05:56:00","",""
"ESPRESSO","#6890","Point of Sale","1","1x 12oz/Medium","4965","2024-07-19 11:11:08","2024-07-19 12:33:53","",""
"ESPRESSO","#945","Point of Sale","2","1x 12oz/Medium; 1x A Cookie","4890","2024-07-19 11:12:22","2024-07-19 12:33:52","",""
"ESPRESSO","#6159","Point of Sale","1","1x A Sweet Muffin","4859","2024-07-19 11:12:54","2024-07-19 12:33:53","",""
"ESPRESSO","#4433","Point of Sale","1","1x 12oz/Medium","3949","2024-07-19 11:28:05","2024-07-19 12:33:54","",""
"ESPRESSO","#9175","Point of Sale","2","1x Babycino; 1x 12oz/Medium","3834","2024-07-19 11:30:00","2024-07-19 12:33:54","",""
"ESPRESSO","#2536","Point of Sale","2","1x 12oz/Medium; 1x 8oz/Small","2270","2024-07-19 11:48:18","2024-07-19 12:26:08","",""
"ESPRESSO","#3601","Point of Sale","1","1x 8oz/Small","1605","2024-07-19 11:59:24","2024-07-19 12:26:09","",""
"ESPRESSO","#3614","Point of Sale","2","1x Kombucha; 1x 16oz/ICED MEDIUM","969","2024-07-19 12:09:59","2024-07-19 12:26:08","",""
"ESPRESSO","#5611","Point of Sale","2","1x 4oz/Pic, Esp, Dop; 1x Bacon And Egg Breakfast Wrap","364","2024-07-19 12:20:05","2024-07-19 12:26:09","",""
"ESPRESSO","#2193","Point of Sale","1","1x 12oz/Medium","6431","2024-07-19 12:27:05","2024-07-19 14:14:16","",""
"ESPRESSO","#8829","Point of Sale","1","1x 8oz/Small","6106","2024-07-19 12:32:31","2024-07-19 14:14:17","",""
"ESPRESSO","#8264","Point of Sale","2","1x 12oz/Medium; 1x Butterbing!","5987","2024-07-19 12:34:30","2024-07-19 14:14:17","",""
"ESPRESSO","#2431","Point of Sale","1","1x 6oz","5952","2024-07-19 12:35:05","2024-07-19 14:14:17","",""
"ESPRESSO","#913","Point of Sale","1","1x 500g Beans","5481","2024-07-19 12:42:57","2024-07-19 14:14:18","",""
"ESPRESSO","#4614","Point of Sale","1","1x 12oz/Medium","61420","2024-07-19 12:59:01","2024-07-20 06:02:41","",""
"ESPRESSO","#438","Point of Sale","1","1x 12oz/Medium","61083","2024-07-19 13:04:39","2024-07-20 06:02:42","",""
"ESPRESSO","#2638","Point of Sale","3","3x 8oz/Small","59857","2024-07-19 13:25:05","2024-07-20 06:02:42","",""
"ESPRESSO","#6189","Point of Sale","1","1x Protein Ball - Peanut Butter","57836","2024-07-19 13:58:52","2024-07-20 06:02:48","",""
"ESPRESSO","#1872","Point of Sale","2","2x 4oz/Pic, Esp, Dop","2477","2024-07-20 05:21:33","2024-07-20 06:02:50","",""
"ESPRESSO","#9088","Point of Sale","1","1x 16oz/Large","2295","2024-07-20 05:24:35","2024-07-20 06:02:50","",""
"ESPRESSO","#3000","Point of Sale","1","1x Protein Ball - Peanut Butter","2007","2024-07-20 05:29:24","2024-07-20 06:02:51","",""
"ESPRESSO","#5492","Point of Sale","1","1x 8oz/Small","1781","2024-07-20 05:33:10","2024-07-20 06:02:51","",""
"ESPRESSO","#6209","Point of Sale","1","1x 8oz/Small","101","2024-07-20 06:01:16","2024-07-20 06:02:57","",""
"ESPRESSO","#348","Point of Sale","1","1x 8oz/Small","93","2024-07-20 06:05:30","2024-07-20 06:07:03","",""
"ESPRESSO","#6281","Point of Sale","1","1x A Sweet Muffin","74","2024-07-20 06:05:49","2024-07-20 06:07:03","",""
"ESPRESSO","#9927","Point of Sale","1","1x A Sweet Muffin","76","2024-07-20 06:12:05","2024-07-20 06:13:21","",""
"ESPRESSO","#4252","Point of Sale","3","1x Babycino; 1x 12oz/Medium; 1x 6oz","128","2024-07-20 06:15:10","2024-07-20 06:17:18","",""
"ESPRESSO","#6034","Point of Sale","1","1x 8oz/Small","98","2024-07-20 06:15:41","2024-07-20 06:17:19","",""
"ESPRESSO","#4293","Point of Sale","1","1x 12oz/Medium","111","2024-07-20 06:18:19","2024-07-20 06:20:10","",""
"ESPRESSO","#7289","Point of Sale","1","1x 12oz/Medium","79","2024-07-20 06:19:50","2024-07-20 06:21:09","",""
"ESPRESSO","#6560","Point of Sale","1","1x ","118","2024-07-20 06:23:30","2024-07-20 06:25:28","",""
"ESPRESSO","#9645","Point of Sale","2","1x Bacon And Egg Breakfast Wrap; 1x 8oz/Small","187","2024-07-20 06:27:11","2024-07-20 06:30:18","",""
"ESPRESSO","#4492","Point of Sale","1","1x 12oz/Medium","157","2024-07-20 06:30:21","2024-07-20 06:32:58","",""
"ESPRESSO","#1714","Point of Sale","1","1x 12oz/Medium","193","2024-07-20 06:32:41","2024-07-20 06:35:54","",""
"ESPRESSO","#8639","Point of Sale","1","1x 16oz/Large","248","2024-07-20 06:37:16","2024-07-20 06:41:24","",""
"ESPRESSO","#9861","Point of Sale","1","1x Babycino","209","2024-07-20 06:37:54","2024-07-20 06:41:23","",""
"ESPRESSO","#8874","Point of Sale","1","1x 12oz/Medium","137","2024-07-20 06:41:18","2024-07-20 06:43:35","",""
"ESPRESSO","#2953","Point of Sale","2","1x 12oz/Medium; 1x 16oz/Large","306","2024-07-20 06:43:32","2024-07-20 06:48:38","",""
"ESPRESSO","#6913","Point of Sale","2","2x 12oz/Medium","278","2024-07-20 06:44:00","2024-07-20 06:48:38","",""
"ESPRESSO","#3452","Point of Sale","1","1x 16oz/ICED MEDIUM","201","2024-07-20 06:49:14","2024-07-20 06:52:35","",""
"ESPRESSO","#7148","Point of Sale","2","1x 8oz/Small; 1x 8oz/Small","90","2024-07-20 06:51:04","2024-07-20 06:52:34","",""
"ESPRESSO","#9854","Point of Sale","2","1x A Savoury Muffin; 1x 6oz","274","2024-07-20 06:51:44","2024-07-20 06:56:18","",""
"ESPRESSO","#3136","Point of Sale","2","1x 16oz/Large; 1x Bacon And Egg Breakfast Wrap","249","2024-07-20 06:52:09","2024-07-20 06:56:18","",""
"ESPRESSO","#7281","Point of Sale","2","1x 8oz/Small; 1x 16oz/ICED MEDIUM","333","2024-07-20 06:52:33","2024-07-20 06:58:06","",""
"ESPRESSO","#6031","Point of Sale","3","2x A Sweet Muffin; 1x 12oz/Medium","431","2024-07-20 06:53:04","2024-07-20 07:00:15","",""
"ESPRESSO","#5779","Point of Sale","4","1x 16oz/Large; 1x 6oz; 2x Babycino","482","2024-07-20 06:53:57","2024-07-20 07:01:59","",""
"ESPRESSO","#7093","Point of Sale","1","1x 16oz/Large","543","2024-07-20 06:54:14","2024-07-20 07:03:17","",""
"ESPRESSO","Roz","Point of Sale","1","1x 6oz","408","2024-07-20 06:57:12","2024-07-20 07:04:00","",""
"ESPRESSO","#5751","Point of Sale","2","1x Pupacino; 1x 12oz/Medium","217","2024-07-20 07:02:43","2024-07-20 07:06:20","",""
"ESPRESSO","#8134","Point of Sale","2","1x A Cookie; 1x 8oz/Small","230","2024-07-20 07:03:16","2024-07-20 07:07:06","",""
"ESPRESSO","Jackson","Point of Sale","2","1x Portugese Tart; 1x 12oz/Medium","121","2024-07-20 07:04:02","2024-07-20 07:06:03","",""
"ESPRESSO","#9639","Point of Sale","1","1x 12oz/Medium","171","2024-07-20 07:04:53","2024-07-20 07:07:44","",""
"ESPRESSO","#5132","Point of Sale","2","2x 12oz/Medium","190","2024-07-20 07:05:26","2024-07-20 07:08:36","",""
"ESPRESSO","#168","Point of Sale","1","1x Bacon And Egg Breakfast Wrap","149","2024-07-20 07:11:34","2024-07-20 07:14:03","",""
"ESPRESSO","#7520","Point of Sale","2","1x 12oz/Medium; 1x 12oz/Medium","148","2024-07-20 07:14:20","2024-07-20 07:16:48","",""
"ESPRESSO","#4343","Point of Sale","1","1x 12oz/Medium","181","2024-07-20 07:15:18","2024-07-20 07:18:19","",""
"ESPRESSO","#9001","Point of Sale","1","1x 12oz/Medium","151","2024-07-20 07:16:16","2024-07-20 07:18:47","",""
"ESPRESSO","Keith","Point of Sale","1","1x 16oz/Large","229","2024-07-20 07:16:47","2024-07-20 07:20:36","",""
"ESPRESSO","#306","Point of Sale","2","1x 8oz/Small; 1x 8oz/Small","160","2024-07-20 07:19:41","2024-07-20 07:22:21","",""
"ESPRESSO","Amie","Point of Sale","2","1x 8oz/Small; 1x A Sweet Muffin","223","2024-07-20 07:20:41","2024-07-20 07:24:24","",""
"ESPRESSO","Sisca","Point of Sale","1","1x 4oz/Pic, Esp, Dop","141","2024-07-20 07:22:03","2024-07-20 07:24:24","",""
"ESPRESSO","#8865","Point of Sale","2","1x 12oz/Medium; 1x 4oz/Pic, Esp, Dop","180","2024-07-20 07:25:20","2024-07-20 07:28:20","",""
"ESPRESSO","#2130","Point of Sale","4","1x 16oz/ICED MEDIUM; 3x 12oz/Medium","268","2024-07-20 07:26:34","2024-07-20 07:31:02","",""
"ESPRESSO","#7674","Point of Sale","2","1x 12oz/Medium; 1x 250g Beans","340","2024-07-20 07:27:07","2024-07-20 07:32:47","",""
"ESPRESSO","Ray","Point of Sale","1","1x 16oz/Large","320","2024-07-20 07:27:27","2024-07-20 07:32:47","",""
"ESPRESSO","#8694","Point of Sale","1","1x 12oz/Medium","331","2024-07-20 07:31:58","2024-07-20 07:37:29","",""
"ESPRESSO","#5565","Point of Sale","1","1x 16oz/Large","108","2024-07-20 07:38:45","2024-07-20 07:40:33","",""
"ESPRESSO","Rach","Point of Sale","3","1x Bacon And Egg Breakfast Wrap; 1x 8oz/Small; 1x 8oz/Small","211","2024-07-20 07:40:31","2024-07-20 07:44:02","",""
"ESPRESSO","#9119","Point of Sale","4","1x 8oz/Small; 1x 20oz\ICED LARGE; 1x A Sweet Muffin; 1x Portugese Tart","207","2024-07-20 07:41:12","2024-07-20 07:44:39","",""
"ESPRESSO","#1172","Point of Sale","4","1x Bacon And Egg Breakfast Wrap; 1x 12oz/Medium; 1x Butterbing!; 1x 8oz/Small","221","2024-07-20 07:42:01","2024-07-20 07:45:42","",""
"ESPRESSO","#2629","Point of Sale","2","1x 16oz/Large; 1x A Sweet Muffin","114","2024-07-20 07:46:40","2024-07-20 07:48:34","",""
"ESPRESSO","Rosie","Point of Sale","2","1x 12oz/Medium; 1x 6oz","87","2024-07-20 07:49:31","2024-07-20 07:50:58","",""
"ESPRESSO","#4844","Point of Sale","1","1x 8oz/Small","107","2024-07-20 07:50:19","2024-07-20 07:52:06","",""
"ESPRESSO","Matty","Point of Sale","1","1x 12oz/Medium","74","2024-07-20 07:51:50","2024-07-20 07:53:04","",""
"ESPRESSO","#1226","Point of Sale","1","1x 16oz/ICED MEDIUM","178","2024-07-20 07:52:17","2024-07-20 07:55:15","",""
"ESPRESSO","Lia","Point of Sale","1","1x 12oz/Medium","221","2024-07-20 07:52:43","2024-07-20 07:56:24","",""
"ESPRESSO","Tess","Point of Sale","1","1x 16oz/ICED MEDIUM","197","2024-07-20 07:53:07","2024-07-20 07:56:24","",""
"ESPRESSO","Ray","Point of Sale","1","1x 12oz/Medium","257","2024-07-20 07:53:25","2024-07-20 07:57:42","",""
"ESPRESSO","#7069","Point of Sale","1","1x 16oz/Large","275","2024-07-20 07:53:34","2024-07-20 07:58:09","",""
"ESPRESSO","#2575","Point of Sale","2","1x 12oz/ICED SMALL; 1x 16oz/Large","314","2024-07-20 07:54:05","2024-07-20 07:59:19","",""
"ESPRESSO","Tony","Point of Sale","2","1x Protein Ball - Peanut Butter; 1x 12oz/Medium","326","2024-07-20 07:54:40","2024-07-20 08:00:06","",""
"ESPRESSO","#2463","Point of Sale","3","1x 16oz/Large; 1x Babycino; 1x Protein Ball - Peanut Butter","408","2024-07-20 07:55:24","2024-07-20 08:02:12","",""
"ESPRESSO","Jake","Point of Sale","1","1x 16oz/ICED MEDIUM","416","2024-07-20 07:55:44","2024-07-20 08:02:40","",""
"ESPRESSO","Ruth","Point of Sale","1","1x 16oz/Large","486","2024-07-20 07:56:02","2024-07-20 08:04:08","",""
"ESPRESSO","Mel","Point of Sale","2","1x 6oz; 1x A Sweet Muffin","455","2024-07-20 07:56:32","2024-07-20 08:04:07","",""
"ESPRESSO","#7230","Point of Sale","2","1x 6oz; 1x 12oz/Medium","619","2024-07-20 07:57:03","2024-07-20 08:07:22","",""
"ESPRESSO","#5118","Point of Sale","1","1x 12oz/Medium","556","2024-07-20 07:57:54","2024-07-20 08:07:10","",""
"ESPRESSO","#8495","Point of Sale","2","1x 12oz/Medium; 1x 12oz/Medium","657","2024-07-20 07:58:29","2024-07-20 08:09:26","",""
"ESPRESSO","#1386","Point of Sale","1","1x ","613","2024-07-20 07:59:30","2024-07-20 08:09:43","",""
"ESPRESSO","#1500","Point of Sale","2","1x 16oz/Large; 1x 12oz/Medium","696","2024-07-20 07:59:56","2024-07-20 08:11:32","",""
"ESPRESSO","#1375","Point of Sale","1","1x 12oz/Medium","722","2024-07-20 08:00:15","2024-07-20 08:12:17","",""
"ESPRESSO","#6667","Point of Sale","3","1x 8oz/Small; 1x 16oz/Large; 1x 8oz/Small","785","2024-07-20 08:01:29","2024-07-20 08:14:34","",""
"ESPRESSO","Alex","Point of Sale","2","1x 16oz/Large; 1x 16oz/Large","858","2024-07-20 08:01:56","2024-07-20 08:16:14","",""
"ESPRESSO","Matt","Point of Sale","2","1x 12oz/Medium; 1x 12oz/Medium","828","2024-07-20 08:03:46","2024-07-20 08:17:34","",""
"ESPRESSO","#1322","Point of Sale","3","2x 12oz/Medium; 1x A Savoury Muffin","816","2024-07-20 08:04:31","2024-07-20 08:18:07","",""
"ESPRESSO","#3961","Point of Sale","2","1x 8oz/Small; 1x 250g Beans","906","2024-07-20 08:05:05","2024-07-20 08:20:11","",""
"ESPRESSO","Wheels","Point of Sale","1","1x 16oz/Large","675","2024-07-20 08:08:34","2024-07-20 08:19:49","",""
"ESPRESSO","Lianne","Point of Sale","2","1x 12oz/Medium; 1x 8oz/Small","599","2024-07-20 08:11:46","2024-07-20 08:21:45","",""
"ESPRESSO","#668","Point of Sale","1","1x 8oz/Small","588","2024-07-20 08:12:47","2024-07-20 08:22:35","",""
"ESPRESSO","Ruth","Point of Sale","1","1x 16oz/Large","430","2024-07-20 08:15:24","2024-07-20 08:22:34","",""
"ESPRESSO","#3794","Point of Sale","2","2x 6oz","369","2024-07-20 08:17:21","2024-07-20 08:23:30","",""
"ESPRESSO","#406","Point of Sale","3","1x A Sweet Muffin; 1x A Savoury Muffin; 1x 8oz/Small","381","2024-07-20 08:17:54","2024-07-20 08:24:15","",""
"ESPRESSO","#1199","Point of Sale","1","1x 8oz/Small","203","2024-07-20 08:21:20","2024-07-20 08:24:43","",""
"ESPRESSO","#8785","Point of Sale","1","1x 6oz","210","2024-07-20 08:22:04","2024-07-20 08:25:34","",""
"ESPRESSO","Josh","Point of Sale","1","1x 20oz\ICED LARGE","81","2024-07-20 08:24:57","2024-07-20 08:26:18","",""
"ESPRESSO","Liam","Point of Sale","1","1x 16oz/ICED MEDIUM","93","2024-07-20 08:25:17","2024-07-20 08:26:50","",""
"ESPRESSO","#8984","Point of Sale","1","1x 12oz/Medium","265","2024-07-20 08:25:52","2024-07-20 08:30:17","",""
"ESPRESSO","#8515","Point of Sale","2","1x A Sweet Muffin; 1x 16oz/Large","141","2024-07-20 08:30:27","2024-07-20 08:32:48","",""
"ESPRESSO","#2545","Point of Sale","2","1x Pupacino; 1x 12oz/Medium","92","2024-07-20 08:35:16","2024-07-20 08:36:48","",""
"ESPRESSO","#7306","Point of Sale","2","1x 8oz/Small; 1x Protein Ball - Peanut Butter","92","2024-07-20 08:40:42","2024-07-20 08:42:14","",""
"ESPRESSO","#9731","Point of Sale","1","1x 4oz/Pic, Esp, Dop","80","2024-07-20 08:41:50","2024-07-20 08:43:10","",""
"ESPRESSO","#7820","Point of Sale","3","1x 12oz/Medium; 1x 12oz/Medium; 1x A Cookie","158","2024-07-20 08:42:31","2024-07-20 08:45:09","",""
"ESPRESSO","#3","Point of Sale","3","1x 8oz/Small; 1x 12oz/Medium; 1x 16oz/ICED MEDIUM","197","2024-07-20 08:43:10","2024-07-20 08:46:27","",""
"ESPRESSO","#3340","Point of Sale","2","1x 12oz/Medium; 1x Babycino","244","2024-07-20 08:43:36","2024-07-20 08:47:40","",""
"ESPRESSO","#6489","Point of Sale","1","1x 16oz/Large","110","2024-07-20 08:47:19","2024-07-20 08:49:09","",""
"ESPRESSO","#445","Point of Sale","1","1x 12oz/Medium","102","2024-07-20 08:49:25","2024-07-20 08:51:07","",""
"ESPRESSO","#9503","Point of Sale","1","1x 16oz/Large","112","2024-07-20 08:51:12","2024-07-20 08:53:04","",""
"ESPRESSO","Lyn","Point of Sale","3","2x 8oz/Small; 1x Portugese Tart","142","2024-07-20 08:53:06","2024-07-20 08:55:28","",""
"ESPRESSO","#7368","Point of Sale","1","1x A Cookie","115","2024-07-20 08:53:33","2024-07-20 08:55:28","",""
"ESPRESSO","#5109","Point of Sale","1","1x 12oz/Medium","129","2024-07-20 08:53:58","2024-07-20 08:56:07","",""
"ESPRESSO","#7128","Point of Sale","2","1x 8oz/Small; 1x 16oz/ICED MEDIUM","350","2024-07-20 08:54:53","2024-07-20 09:00:43","",""
"ESPRESSO","#6442","Point of Sale","3","1x 12oz/Medium; 1x 6oz; 1x Bacon And Egg Breakfast Wrap","396","2024-07-20 08:55:56","2024-07-20 09:02:32","",""
"ESPRESSO","#735","Point of Sale","4","2x Fruit Juice; 2x A Sweet Muffin","262","2024-07-20 08:56:49","2024-07-20 09:01:11","",""
"ESPRESSO","#638","Point of Sale","1","1x 12oz/Medium","308","2024-07-20 08:57:24","2024-07-20 09:02:32","",""
"ESPRESSO","Patrick","Point of Sale","3","1x 16oz/Large; 1x 8oz/Small; 1x 12oz/Medium","465","2024-07-20 08:58:10","2024-07-20 09:05:55","",""
"ESPRESSO","Kim","Point of Sale","2","1x 6oz; 1x 8oz/Small","573","2024-07-20 08:58:37","2024-07-20 09:08:10","",""
"ESPRESSO","Scott","Point of Sale","1","1x 16oz/Large","279","2024-07-20 09:03:31","2024-07-20 09:08:10","",""
"ESPRESSO","#2693","Point of Sale","1","1x 8oz/Small","99","2024-07-20 09:08:49","2024-07-20 09:10:28","",""
"ESPRESSO","#7783","Point of Sale","1","1x 12oz/Medium","280","2024-07-20 09:09:51","2024-07-20 09:14:31","",""
"ESPRESSO","#7722","Point of Sale","2","1x 16oz/Large; 1x 16oz/Large","183","2024-07-20 09:11:28","2024-07-20 09:14:31","",""
"ESPRESSO","#5756","Point of Sale","2","2x 16oz/Large","370","2024-07-20 09:11:49","2024-07-20 09:17:59","",""
"ESPRESSO","David","Point of Sale","1","1x 12oz/Medium","351","2024-07-20 09:12:08","2024-07-20 09:17:59","",""
"ESPRESSO","Chris","Point of Sale","1","1x 12oz/Medium","330","2024-07-20 09:12:29","2024-07-20 09:17:59","",""
"ESPRESSO","Kate","Point of Sale","1","1x 12oz/Medium","320","2024-07-20 09:13:03","2024-07-20 09:18:23","",""
"ESPRESSO","Kate","Point of Sale","1","1x 12oz/Medium","358","2024-07-20 09:13:27","2024-07-20 09:19:25","",""
"ESPRESSO","#1801","Point of Sale","1","1x 16oz/Large","444","2024-07-20 09:14:07","2024-07-20 09:21:31","",""
"ESPRESSO","#6156","Point of Sale","1","1x Protein Ball - Peanut Butter","246","2024-07-20 09:15:40","2024-07-20 09:19:46","",""
"ESPRESSO","Jorden","Point of Sale","2","1x 16oz/ICED MEDIUM; 1x A Sweet Muffin","257","2024-07-20 09:17:47","2024-07-20 09:22:04","",""
"ESPRESSO","Ben","Point of Sale","2","1x 12oz/Medium; 1x Bacon And Egg Breakfast Wrap","278","2024-07-20 09:18:23","2024-07-20 09:23:01","",""
"ESPRESSO","Tim","Point of Sale","1","1x 6oz","457","2024-07-20 09:18:58","2024-07-20 09:26:35","",""
"ESPRESSO","#664","Point of Sale","2","2x 8oz/Small","235","2024-07-20 09:26:50","2024-07-20 09:30:45","",""
"ESPRESSO","#4095","Point of Sale","1","1x 12oz/Medium","195","2024-07-20 09:27:31","2024-07-20 09:30:46","",""
"ESPRESSO","Tristan","Point of Sale","1","1x 12oz/Medium","203","2024-07-20 09:28:41","2024-07-20 09:32:04","",""
"ESPRESSO","#7332","Point of Sale","1","1x 12oz/Medium","127","2024-07-20 09:34:40","2024-07-20 09:36:47","",""
"ESPRESSO","#4490","Point of Sale","1","1x 12oz/Medium","118","2024-07-20 09:41:18","2024-07-20 09:43:16","",""
"ESPRESSO","#2601","Point of Sale","1","1x 8oz/Small","85","2024-07-20 09:41:52","2024-07-20 09:43:17","",""
"ESPRESSO","#8533","Point of Sale","3","2x 16oz/ICED MEDIUM; 1x 12oz/Medium","184","2024-07-20 09:43:25","2024-07-20 09:46:29","",""
"ESPRESSO","#1988","Point of Sale","1","1x 16oz/Large","64","2024-07-20 09:46:24","2024-07-20 09:47:28","",""
"ESPRESSO","#7735","Point of Sale","2","1x 6oz; 1x Pupacino","113","2024-07-20 09:49:53","2024-07-20 09:51:46","",""
"ESPRESSO","#7771","Point of Sale","1","1x 16oz/Large","224","2024-07-20 09:50:15","2024-07-20 09:53:59","",""
"ESPRESSO","#7663","Point of Sale","2","1x A Sweet Muffin; 1x 4oz/Pic, Esp, Dop","202","2024-07-20 09:50:38","2024-07-20 09:54:00","",""
"ESPRESSO","#7692","Point of Sale","4","1x 16oz/Large; 2x Bacon And Egg Breakfast Wrap; 1x 8oz/Small","243","2024-07-20 09:52:53","2024-07-20 09:56:56","",""
"ESPRESSO","#3821","Point of Sale","2","1x 12oz/Medium; 1x 12oz/Medium","437","2024-07-20 09:53:51","2024-07-20 10:01:08","",""
"ESPRESSO","#170","Point of Sale","3","1x 6oz; 2x Babycino","531","2024-07-20 09:54:09","2024-07-20 10:03:00","",""
"ESPRESSO","#994","Point of Sale","2","1x Butterbing!; 1x 16oz/Large","547","2024-07-20 09:55:14","2024-07-20 10:04:21","",""
"ESPRESSO","#7159","Point of Sale","2","1x A Sweet Muffin; 1x 16oz/Large","225","2024-07-20 10:00:47","2024-07-20 10:04:32","",""
"ESPRESSO","#4460","Point of Sale","1","1x 12oz/Medium","271","2024-07-20 10:01:30","2024-07-20 10:06:01","",""
"ESPRESSO","#5608","Point of Sale","1","1x 16oz/Large","261","2024-07-20 10:01:40","2024-07-20 10:06:01","",""
"ESPRESSO","#4984","Point of Sale","2","1x 8oz/Small; 1x 8oz/Small","246","2024-07-20 10:04:13","2024-07-20 10:08:19","",""
"ESPRESSO","#4956","Point of Sale","1","1x 12oz/ICED SMALL","95","2024-07-20 10:08:08","2024-07-20 10:09:43","",""
"ESPRESSO","#993","Point of Sale","1","1x 8oz/Small","142","2024-07-20 10:14:06","2024-07-20 10:16:28","",""
"ESPRESSO","#5953","Point of Sale","1","1x 12oz/Medium","362","2024-07-20 10:15:51","2024-07-20 10:21:53","",""
"ESPRESSO","#2141","Point of Sale","1","1x 12oz/Medium","122","2024-07-20 10:22:09","2024-07-20 10:24:11","",""
"ESPRESSO","#5186","Point of Sale","2","2x 6oz","170","2024-07-20 10:22:43","2024-07-20 10:25:33","",""
"ESPRESSO","#2849","Point of Sale","1","1x 12oz/Medium","280","2024-07-20 10:23:20","2024-07-20 10:28:00","",""
"ESPRESSO","#7225","Point of Sale","4","1x Portugese Tart; 1x A Savoury Muffin; 1x 12oz/Medium; 1x 12oz/Medium","244","2024-07-20 10:25:56","2024-07-20 10:30:00","",""
"ESPRESSO","#406","Point of Sale","1","1x 4oz/Pic, Esp, Dop","123","2024-07-20 10:28:52","2024-07-20 10:30:55","",""
"ESPRESSO","#3756","Point of Sale","1","1x 16oz/ICED MEDIUM","181","2024-07-20 10:33:44","2024-07-20 10:36:45","",""
"ESPRESSO","#3005","Point of Sale","1","1x 12oz/Medium","150","2024-07-20 10:38:16","2024-07-20 10:40:46","",""
"ESPRESSO","#2429","Point of Sale","2","1x A Sweet Muffin; 1x 12oz/ICED SMALL","116","2024-07-20 10:41:45","2024-07-20 10:43:41","",""
"ESPRESSO","#4278","Point of Sale","2","1x 8oz/Small; 1x A Sweet Muffin","77","2024-07-20 10:42:25","2024-07-20 10:43:42","",""
"ESPRESSO","#6332","Point of Sale","3","1x A Sweet Muffin; 1x 8oz/Small; 1x 16oz/Large","239","2024-07-20 10:43:09","2024-07-20 10:47:08","",""
"ESPRESSO","#9789","Point of Sale","1","1x 12oz/Medium","68","2024-07-20 10:47:01","2024-07-20 10:48:09","",""
"ESPRESSO","#2579","Point of Sale","1","1x 20oz\ICED LARGE","111","2024-07-20 10:47:14","2024-07-20 10:49:05","",""
"ESPRESSO","#7850","Point of Sale","4","1x 8oz/Small; 2x 12oz/Medium; 1x 12oz/Medium","237","2024-07-20 10:50:31","2024-07-20 10:54:28","",""
"ESPRESSO","#1175","Point of Sale","1","1x 8oz/Small","228","2024-07-20 10:53:07","2024-07-20 10:56:55","",""
"ESPRESSO","#3580","Point of Sale","1","1x 4oz/Pic, Esp, Dop","127","2024-07-20 10:54:48","2024-07-20 10:56:55","",""
"ESPRESSO","#1078","Point of Sale","1","1x 8oz/Small","158","2024-07-20 10:56:42","2024-07-20 10:59:20","",""
"ESPRESSO","#347","Point of Sale","1","1x 12oz/Medium","108","2024-07-20 10:57:32","2024-07-20 10:59:20","",""
"ESPRESSO","#2780","Point of Sale","3","1x 20oz\ICED LARGE; 2x Protein Ball - Peanut Butter","85","2024-07-20 10:59:51","2024-07-20 11:01:16","",""
"ESPRESSO","#6257","Point of Sale","1","1x 12oz/Medium","105","2024-07-20 11:00:26","2024-07-20 11:02:11","",""
"ESPRESSO","#3550","Point of Sale","1","1x 16oz/ICED MEDIUM","336","2024-07-20 11:01:36","2024-07-20 11:07:12","","2024-07-20T01:02:42.000Z"
"ESPRESSO","#6450","Point of Sale","1","1x 8oz/Small","105","2024-07-20 11:01:51","2024-07-20 11:03:36","",""
"ESPRESSO","#7209","Point of Sale","1","1x 16oz/Large","925","2024-07-20 11:07:05","2024-07-20 11:22:30","",""
"ESPRESSO","Darcy","Point of Sale","2","1x Pupacino; 1x 8oz/Small","150","2024-07-21 05:57:28","2024-07-21 05:59:58","",""
"ESPRESSO","Tina","Point of Sale","1","1x 16oz/Large","342","2024-07-21 06:08:41","2024-07-21 06:14:23","",""
"ESPRESSO","Ian","Point of Sale","1","1x 12oz/Medium","139","2024-07-21 06:12:05","2024-07-21 06:14:24","",""
"ESPRESSO","Jo","Point of Sale","1","1x 8oz/Small","1406","2024-07-21 06:25:16","2024-07-21 06:48:42","",""
"ESPRESSO","#766","Point of Sale","1","1x 8oz/Small","679","2024-07-21 06:37:23","2024-07-21 06:48:42","",""
"ESPRESSO","#6294","Point of Sale","1","1x 12oz/ICED SMALL","369","2024-07-21 06:42:34","2024-07-21 06:48:43","",""
"ESPRESSO","#5457","Point of Sale","1","1x 6oz","282","2024-07-21 06:44:01","2024-07-21 06:48:43","",""
"ESPRESSO","Jimmy","Point of Sale","1","1x ","499","2024-07-21 06:51:10","2024-07-21 06:59:29","",""
"ESPRESSO","#6546","Point of Sale","1","1x 16oz/Large","300","2024-07-21 06:54:31","2024-07-21 06:59:31","",""
"ESPRESSO","Clinton","Point of Sale","2","1x 16oz/ICED MEDIUM; 1x A Sweet Muffin","319","2024-07-21 06:55:08","2024-07-21 07:00:27","",""
"ESPRESSO","Tim","Point of Sale","2","1x A Sweet Muffin; 1x 12oz/Medium","308","2024-07-21 06:56:04","2024-07-21 07:01:12","",""
"ESPRESSO","#9318","Point of Sale","2","1x 6oz; 1x 6oz","571","2024-07-21 06:57:10","2024-07-21 07:06:41","",""
"ESPRESSO","Glenn","Point of Sale","2","2x 4oz/Pic, Esp, Dop","274","2024-07-21 07:02:07","2024-07-21 07:06:41","",""
"ESPRESSO","#5982","Point of Sale","2","2x Butterbing!","19","2024-07-21 07:10:14","2024-07-21 07:10:33","",""
"ESPRESSO","Todd","Point of Sale","1","1x 16oz/Large","153","2024-07-21 07:11:08","2024-07-21 07:13:41","",""
"ESPRESSO","Pete","Point of Sale","2","1x 12oz/Medium; 1x 16oz/Large","284","2024-07-21 07:11:37","2024-07-21 07:16:21","",""
"ESPRESSO","#5515","Point of Sale","3","2x 12oz/Medium; 1x 500g Beans","203","2024-07-21 07:14:59","2024-07-21 07:18:22","",""
"ESPRESSO","Tim","Point of Sale","2","1x 4oz/Pic, Esp, Dop; 1x 6oz","299","2024-07-21 07:15:19","2024-07-21 07:20:18","",""
"ESPRESSO","Daniel","Point of Sale","1","1x 12oz/Medium","267","2024-07-21 07:15:51","2024-07-21 07:20:18","",""
"ESPRESSO","Damien","Point of Sale","2","1x 16oz/Large; 1x Babycino","168","2024-07-21 07:19:47","2024-07-21 07:22:35","",""
"ESPRESSO","Hunter","Point of Sale","3","1x 6oz; 1x 8oz/Small; 1x Babycino","532","2024-07-21 07:20:30","2024-07-21 07:29:22","",""
"ESPRESSO","Keith","Point of Sale","1","1x 16oz/Large","56","2024-07-21 07:28:26","2024-07-21 07:29:22","",""
"ESPRESSO","#1561","Point of Sale","1","1x 6oz","490","2024-07-21 07:29:42","2024-07-21 07:37:52","",""
"ESPRESSO","#882","Point of Sale","4","1x 12oz/Medium; 1x 12oz/Medium; 2x 12oz/Medium","204","2024-07-21 07:36:12","2024-07-21 07:39:36","",""
"ESPRESSO","#5191","Point of Sale","1","1x 12oz/Medium","445","2024-07-21 07:40:34","2024-07-21 07:47:59","",""
"ESPRESSO","167674571","Square Online","3","1x 12oz/Medium; 1x 12oz/Medium; 1x 12oz/Medium","365","2024-07-21 07:41:54","2024-07-21 07:47:59","2024-07-21 07:41:50",""
"ESPRESSO","Ryan","Point of Sale","2","1x A Cookie; 1x 16oz/ICED MEDIUM","22","2024-07-21 07:47:39","2024-07-21 07:48:01","",""
"ESPRESSO","#1920","Point of Sale","1","1x A Cookie","546","2024-07-21 07:48:29","2024-07-21 07:57:35","",""
"ESPRESSO","Vee","Point of Sale","1","1x 12oz/Medium","382","2024-07-21 07:51:11","2024-07-21 07:57:33","",""
"ESPRESSO","Gaylia","Point of Sale","1","1x 6oz","62","2024-07-21 07:56:32","2024-07-21 07:57:34","",""
"ESPRESSO","Bianca","Point of Sale","1","1x 12oz/ICED SMALL","146","2024-07-21 07:57:32","2024-07-21 07:59:58","",""
"ESPRESSO","Tom","Point of Sale","2","2x 8oz/Small","209","2024-07-21 07:57:49","2024-07-21 08:01:18","",""
"ESPRESSO","Glen","Point of Sale","3","2x 6oz; 1x 12oz/Medium","226","2024-07-21 08:01:50","2024-07-21 08:05:36","",""
"ESPRESSO","#2248","Point of Sale","1","1x 12oz/Medium","207","2024-07-21 08:02:09","2024-07-21 08:05:36","",""
"ESPRESSO","Rylee","Point of Sale","1","1x 12oz/Medium","257","2024-07-21 08:04:26","2024-07-21 08:08:43","",""
"ESPRESSO","Tyler","Point of Sale","2","2x 12oz/Medium","224","2024-07-21 08:04:59","2024-07-21 08:08:43","",""
"ESPRESSO","Indi","Point of Sale","1","1x 12oz/Medium","191","2024-07-21 08:05:33","2024-07-21 08:08:44","",""
"ESPRESSO","Ray","Point of Sale","1","1x 16oz/Large","393","2024-07-21 08:05:50","2024-07-21 08:12:23","",""
"ESPRESSO","Ash","Point of Sale","2","1x 6oz; 1x Babycino","382","2024-07-21 08:06:12","2024-07-21 08:12:34","",""
"ESPRESSO","#1073","Point of Sale","1","1x 8oz/Small","349","2024-07-21 08:06:37","2024-07-21 08:12:26","",""
"ESPRESSO","Anne","Point of Sale","1","1x 6oz","601","2024-07-21 08:07:26","2024-07-21 08:17:27","",""
"ESPRESSO","Ryan","Point of Sale","2","1x 12oz/Medium; 1x 12oz/Medium","544","2024-07-21 08:08:25","2024-07-21 08:17:29","",""
"ESPRESSO","Henley","Point of Sale","2","1x Babycino; 1x 12oz/Medium","492","2024-07-21 08:09:16","2024-07-21 08:17:28","",""
"ESPRESSO","Maddy","Point of Sale","2","1x 16oz/Large; 1x 16oz/ICED MEDIUM","497","2024-07-21 08:10:57","2024-07-21 08:19:14","",""
"ESPRESSO","Rach","Point of Sale","3","1x Bacon And Egg Breakfast Wrap; 1x 12oz/Medium; 1x 12oz/Medium","455","2024-07-21 08:13:30","2024-07-21 08:21:05","",""
"ESPRESSO","Ciaran","Point of Sale","2","1x 12oz/ICED SMALL; 1x 12oz/Medium","612","2024-07-21 08:14:33","2024-07-21 08:24:45","",""
"ESPRESSO","Logan","Point of Sale","1","1x 12oz/Medium","587","2024-07-21 08:16:57","2024-07-21 08:26:44","",""
"ESPRESSO","Kim","Point of Sale","1","1x 6oz","563","2024-07-21 08:17:22","2024-07-21 08:26:45","",""
"ESPRESSO","Nicole","Point of Sale","2","1x 12oz/Medium; 1x 12oz/Medium","494","2024-07-21 08:20:50","2024-07-21 08:29:04","",""
"ESPRESSO","Nicole","Point of Sale","1","1x A Sweet Muffin","329","2024-07-21 08:21:25","2024-07-21 08:26:54","",""
"ESPRESSO","Matt","Point of Sale","3","1x Babycino; 2x 12oz/Medium","587","2024-07-21 08:22:47","2024-07-21 08:32:34","",""
"ESPRESSO","Nicole","Point of Sale","1","1x A Savoury Muffin","419","2024-07-21 08:23:53","2024-07-21 08:30:52","",""
"ESPRESSO","Cameron","Point of Sale","1","1x 16oz/Large","554","2024-07-21 08:24:38","2024-07-21 08:33:52","",""
"ESPRESSO","Kelly","Point of Sale","2","1x 6oz; 1x 8oz/Small","486","2024-07-21 08:25:45","2024-07-21 08:33:51","",""
"ESPRESSO","Melissa 321","Point of Sale","1","1x ","632","2024-07-21 08:29:39","2024-07-21 08:40:11","",""
"ESPRESSO","Sammi","Point of Sale","1","1x 12oz/Medium","442","2024-07-21 08:30:12","2024-07-21 08:37:34","",""
"ESPRESSO","Dylan","Point of Sale","4","1x 12oz/Medium; 1x 12oz/Medium; 2x 8oz/Small","560","2024-07-21 08:30:53","2024-07-21 08:40:13","",""
"ESPRESSO","#3865","Point of Sale","2","1x 16oz/ICED MEDIUM; 1x 12oz/ICED SMALL","539","2024-07-21 08:32:00","2024-07-21 08:40:59","",""
"ESPRESSO","#3197","Point of Sale","1","1x 16oz/Large","641","2024-07-21 08:32:25","2024-07-21 08:43:06","",""
"ESPRESSO","Sinead","Point of Sale","2","1x Babycino; 1x 12oz/Medium","679","2024-07-21 08:32:50","2024-07-21 08:44:09","",""
"ESPRESSO","Kyle","Point of Sale","1","1x 12oz/Medium","659","2024-07-21 08:33:10","2024-07-21 08:44:09","",""
"ESPRESSO","#7813","Point of Sale","2","1x 12oz/Medium; 1x 8oz/Small","696","2024-07-21 08:33:56","2024-07-21 08:45:32","",""
"ESPRESSO","#1990","Point of Sale","2","1x 8oz/Small; 1x 8oz/Small","554","2024-07-21 08:37:44","2024-07-21 08:46:58","",""
"ESPRESSO","Aiden","Point of Sale","1","1x 12oz/Medium","310","2024-07-21 08:43:39","2024-07-21 08:48:49","",""
"ESPRESSO","Tim","Point of Sale","1","1x 6oz","289","2024-07-21 08:43:59","2024-07-21 08:48:48","",""
"ESPRESSO","#7906","Point of Sale","1","1x 12oz/Medium","448","2024-07-21 08:44:19","2024-07-21 08:51:47","",""
"ESPRESSO","#1181","Point of Sale","2","1x 6oz; 1x 500g Beans","181","2024-07-21 08:48:47","2024-07-21 08:51:48","",""
"ESPRESSO","#7290","Point of Sale","2","1x 12oz/Medium; 1x 12oz/Medium","279","2024-07-21 08:49:40","2024-07-21 08:54:19","",""
"ESPRESSO","#4670","Point of Sale","1","1x 6oz","365","2024-07-21 08:50:17","2024-07-21 08:56:22","",""
"ESPRESSO","#5335","Point of Sale","2","1x 12oz/Medium; 1x 16oz/ICED MEDIUM","325","2024-07-21 08:50:57","2024-07-21 08:56:22","",""
"ESPRESSO","#6936","Point of Sale","2","1x Fruit Juice; 1x 16oz/Large","389","2024-07-21 08:51:33","2024-07-21 08:58:02","",""
"ESPRESSO","#4864","Point of Sale","1","1x 500g Beans","404","2024-07-21 08:54:25","2024-07-21 09:01:09","",""
"ESPRESSO","#8840","Point of Sale","2","1x 8oz/Small; 1x 250g Beans","293","2024-07-21 08:56:15","2024-07-21 09:01:08","",""
"ESPRESSO","Matty","Point of Sale","2","1x 8oz/Small; 1x 12oz/Medium","422","2024-07-21 08:56:39","2024-07-21 09:03:41","",""
"ESPRESSO","Dylan","Point of Sale","1","1x 8oz/Small","299","2024-07-21 08:58:42","2024-07-21 09:03:41","",""
"ESPRESSO","#9008","Point of Sale","2","1x 12oz/Medium; 1x 12oz/Medium","377","2024-07-21 08:59:06","2024-07-21 09:05:23","",""
"ESPRESSO","Paul","Point of Sale","3","1x 12oz/Medium; 1x Butterbing!; 1x Protein Ball - Peanut Butter","387","2024-07-21 08:59:40","2024-07-21 09:06:07","",""
"ESPRESSO","Scott","Point of Sale","1","1x 16oz/Large","533","2024-07-21 09:00:28","2024-07-21 09:09:21","",""
"ESPRESSO","#7877","Point of Sale","3","1x A Savoury Muffin; 1x 12oz/Medium; 1x 8oz/Small","536","2024-07-21 09:00:56","2024-07-21 09:09:52","",""
"ESPRESSO","Rhys","Point of Sale","1","1x 6oz","247","2024-07-21 09:05:43","2024-07-21 09:09:50","",""
"ESPRESSO","Cole","Point of Sale","6","2x Babycino; 1x 12oz/Medium; 1x 16oz/Large; 1x 8oz/Small; 1x 16oz/Large","185","2024-07-21 09:09:45","2024-07-21 09:12:50","",""
"ESPRESSO","Ben","Point of Sale","2","1x 12oz/Medium; 1x 12oz/Medium","300","2024-07-21 09:10:28","2024-07-21 09:15:28","",""
"ESPRESSO","Liz","Point of Sale","1","1x 8oz/Small","277","2024-07-21 09:10:51","2024-07-21 09:15:28","",""
"ESPRESSO","Taylor","Point of Sale","1","1x 12oz/Medium","327","2024-07-21 09:12:11","2024-07-21 09:17:38","",""
"ESPRESSO","Sonia","Point of Sale","2","2x 8oz/Small","292","2024-07-21 09:12:46","2024-07-21 09:17:38","",""
"ESPRESSO","Jel","Point of Sale","2","1x 8oz/Small; 1x 8oz/Small","364","2024-07-21 09:14:21","2024-07-21 09:20:25","",""
"ESPRESSO","Greg","Point of Sale","1","1x 12oz/Medium","315","2024-07-21 09:15:12","2024-07-21 09:20:27","",""
"ESPRESSO","#5266","Point of Sale","4","2x Bacon And Egg Breakfast Wrap; 2x 12oz/Medium","240","2024-07-21 09:17:48","2024-07-21 09:21:48","",""
"ESPRESSO","#362","Point of Sale","3","1x A Sweet Muffin; 1x 1kg Beans; 1x 8oz/Small","311","2024-07-21 09:18:28","2024-07-21 09:23:39","",""
"ESPRESSO","Miranda","Point of Sale","1","1x 8oz/Small","291","2024-07-21 09:19:47","2024-07-21 09:24:38","",""
"ESPRESSO","Brendan","Point of Sale","3","1x 6oz; 2x Babycino","283","2024-07-21 09:22:28","2024-07-21 09:27:11","",""
"ESPRESSO","Rhys","Point of Sale","1","1x 6oz","256","2024-07-21 09:22:55","2024-07-21 09:27:11","",""
"ESPRESSO","Damo","Point of Sale","1","1x 12oz/Medium","219","2024-07-21 09:23:32","2024-07-21 09:27:11","",""
"ESPRESSO","Michell","Point of Sale","1","1x 8oz/Small","115","2024-07-21 09:26:35","2024-07-21 09:28:30","",""
"ESPRESSO","Josh Knows","Point of Sale","1","1x Bacon And Egg Breakfast Wrap","524","2024-07-21 09:28:00","2024-07-21 09:36:44","",""
"ESPRESSO","#9288","Point of Sale","3","1x 12oz/Medium; 1x Bacon And Egg Breakfast Wrap; 1x 12oz/Medium","631","2024-07-21 09:29:39","2024-07-21 09:40:10","",""
"ESPRESSO","#1370","Point of Sale","2","1x 12oz/Medium; 1x 12oz/Medium","347","2024-07-21 09:36:59","2024-07-21 09:42:46","",""
"ESPRESSO","Tom","Point of Sale","3","1x Babycino; 1x Babycino; 1x 16oz/Large","281","2024-07-21 09:38:05","2024-07-21 09:42:46","",""
"ESPRESSO","Mon","Point of Sale","2","2x 12oz/Medium","636","2024-07-21 09:38:49","2024-07-21 09:49:25","",""
"ESPRESSO","Jenny","Point of Sale","1","1x 16oz/Large","610","2024-07-21 09:39:16","2024-07-21 09:49:26","",""
"ESPRESSO","#3810","Point of Sale","2","2x 12oz/Medium","358","2024-07-21 09:43:29","2024-07-21 09:49:27","",""
"ESPRESSO","#6087","Point of Sale","2","1x 16oz/Large; 1x 12oz/Medium","296","2024-07-21 09:44:31","2024-07-21 09:49:27","",""
"ESPRESSO","#7035","Point of Sale","1","1x 12oz/Medium","273","2024-07-21 09:49:36","2024-07-21 09:54:09","",""
"ESPRESSO","#7668","Point of Sale","2","1x 4oz/Pic, Esp, Dop; 1x 8oz/Small","645","2024-07-21 09:53:13","2024-07-21 10:03:58","",""
"ESPRESSO","#2493","Point of Sale","5","1x Pupacino; 3x Pupacino; 1x 12oz/Medium","454","2024-07-21 09:56:24","2024-07-21 10:03:58","",""
"ESPRESSO","#6116","Point of Sale","2","1x 6oz; 1x 8oz/Small","887","2024-07-21 09:59:09","2024-07-21 10:13:56","",""
"ESPRESSO","Alex","Point of Sale","2","1x 6oz; 1x 8oz/Small","592","2024-07-21 10:04:05","2024-07-21 10:13:57","",""
"ESPRESSO","#4651","Point of Sale","2","1x 8oz/Small; 1x 8oz/Small","452","2024-07-21 10:12:22","2024-07-21 10:19:54","",""
"ESPRESSO","#881","Point of Sale","2","1x 12oz/Medium; 1x 12oz/Medium","316","2024-07-21 10:22:33","2024-07-21 10:27:49","",""
"ESPRESSO","Casey","Point of Sale","1","1x 12oz/Medium","253","2024-07-21 10:23:39","2024-07-21 10:27:52","",""
"ESPRESSO","Chloe","Point of Sale","1","1x 12oz/Medium","749","2024-07-21 10:28:17","2024-07-21 10:40:46","",""
"ESPRESSO","#3581","Point of Sale","1","1x 8oz/Small","252","2024-07-21 10:36:37","2024-07-21 10:40:49","",""
"ESPRESSO","#1317","Point of Sale","2","1x 12oz/Medium; 1x Butterbing!","237","2024-07-21 10:37:13","2024-07-21 10:41:10","",""
"ESPRESSO","#3410","Point of Sale","4","1x 8oz/Small; 2x A Sweet Muffin; 1x 16oz/Large","431","2024-07-21 10:39:21","2024-07-21 10:46:32","",""
"ESPRESSO","Sasha","Point of Sale","1","1x 12oz/Medium","387","2024-07-21 10:40:08","2024-07-21 10:46:35","",""
"ESPRESSO","Patrick","Point of Sale","4","1x 12oz/Medium; 1x 4oz/Pic, Esp, Dop; 2x Butterbing!","176","2024-07-21 10:43:39","2024-07-21 10:46:35","",""
"ESPRESSO","#4473","Point of Sale","4","2x 12oz/Medium; 2x A Sweet Muffin","291","2024-07-21 10:45:58","2024-07-21 10:50:49","",""
"ESPRESSO","#4386","Point of Sale","1","1x 250g Beans","38","2024-07-21 10:50:12","2024-07-21 10:50:50","",""
"ESPRESSO","#4371","Point of Sale","1","1x 16oz/Large","269","2024-07-21 10:55:16","2024-07-21 10:59:45","",""
"ESPRESSO","#3298","Point of Sale","2","1x 8oz/Small; 1x Bacon And Egg Breakfast Wrap","67314","2024-07-21 10:58:58","2024-07-22 05:40:52","",""
"ESPRESSO","V60","Point of Sale","1","1x 250g Beans","67232","2024-07-21 11:00:20","2024-07-22 05:40:52","",""
"ESPRESSO","#4714","Point of Sale","1","1x 16oz/Large","412","2024-07-22 05:40:01","2024-07-22 05:46:53","",""
"ESPRESSO","#5431","Point of Sale","1","1x 8oz/Small","357","2024-07-22 05:40:55","2024-07-22 05:46:52","",""
"ESPRESSO","#6468","Point of Sale","1","1x 8oz/Small","245","2024-07-22 05:42:46","2024-07-22 05:46:51","",""
"ESPRESSO","#6840","Point of Sale","2","1x 12oz/Medium; 1x 12oz/Medium","26","2024-07-22 05:46:26","2024-07-22 05:46:52","",""
"ESPRESSO","#7695","Point of Sale","2","1x 250g Beans; 1x 16oz/ICED MEDIUM","408","2024-07-22 05:46:48","2024-07-22 05:53:36","",""
"ESPRESSO","Jimmy","Point of Sale","1","1x 6oz","285","2024-07-22 05:48:51","2024-07-22 05:53:36","",""
"ESPRESSO","#2258","Point of Sale","1","1x 12oz/Medium","473","2024-07-22 05:52:02","2024-07-22 05:59:55","",""
"ESPRESSO","#9334","Point of Sale","2","1x A Sweet Muffin; 1x 8oz/Small","343","2024-07-22 05:54:13","2024-07-22 05:59:56","",""
"ESPRESSO","Me :)","Point of Sale","1","1x A Sweet Muffin","193","2024-07-22 05:56:44","2024-07-22 05:59:57","",""
"ESPRESSO","#7710","Point of Sale","2","1x 12oz/Medium; 1x 8oz/Small","141","2024-07-22 05:58:04","2024-07-22 06:00:25","",""
"ESPRESSO","Roz","Point of Sale","1","1x 6oz","317","2024-07-22 05:58:23","2024-07-22 06:03:40","",""
"ESPRESSO","#7884","Point of Sale","2","2x 4oz/Pic, Esp, Dop","305","2024-07-22 05:58:35","2024-07-22 06:03:40","",""
"ESPRESSO","#3541","Point of Sale","1","1x 12oz/Medium","772","2024-07-22 05:59:02","2024-07-22 06:11:54","",""
"ESPRESSO","#3774","Point of Sale","1","1x 16oz/Large","762","2024-07-22 05:59:12","2024-07-22 06:11:54","",""
"ESPRESSO","#2415","Point of Sale","1","1x 6oz","614","2024-07-22 06:01:39","2024-07-22 06:11:53","",""
"ESPRESSO","#6088","Point of Sale","1","1x 12oz/Medium","271","2024-07-22 06:07:22","2024-07-22 06:11:53","",""
"ESPRESSO","#4800","Point of Sale","1","1x 8oz/Small","181","2024-07-22 06:08:53","2024-07-22 06:11:54","",""
"ESPRESSO","#8287","Point of Sale","2","1x 12oz/Medium; 1x 16oz/Large","729","2024-07-22 06:11:25","2024-07-22 06:23:34","",""
"ESPRESSO","#4056","Point of Sale","2","1x 12oz/Medium; 1x 12oz/Medium","469","2024-07-22 06:15:45","2024-07-22 06:23:34","",""
"ESPRESSO","#7110","Point of Sale","2","1x A Savoury Muffin; 1x 12oz/Medium","333","2024-07-22 06:18:01","2024-07-22 06:23:34","",""
"ESPRESSO","#6412","Point of Sale","1","1x 12oz/Medium","81","2024-07-22 06:22:14","2024-07-22 06:23:35","",""
"ESPRESSO","#2939","Point of Sale","4","1x Babycino; 1x 12oz/Medium; 1x 6oz; 1x Babycino","353","2024-07-22 06:23:18","2024-07-22 06:29:11","",""
"ESPRESSO","#2887","Point of Sale","1","1x 8oz/Small","206","2024-07-22 06:25:46","2024-07-22 06:29:12","",""
"ESPRESSO","#9123","Point of Sale","2","1x 8oz/Small; 1x 12oz/Medium","636","2024-07-22 06:26:22","2024-07-22 06:36:58","",""
"ESPRESSO","#2806","Point of Sale","2","2x A Sweet Muffin","414","2024-07-22 06:29:05","2024-07-22 06:35:59","",""
"ESPRESSO","#5870","Point of Sale","2","2x 12oz/Medium","372","2024-07-22 06:29:47","2024-07-22 06:35:59","",""
"ESPRESSO","#1540","Point of Sale","1","1x 12oz/Medium","276","2024-07-22 06:31:24","2024-07-22 06:36:00","",""
"ESPRESSO","#4540","Point of Sale","1","1x 6oz","186","2024-07-22 06:33:53","2024-07-22 06:36:59","",""
"ESPRESSO","Indi","Point of Sale","1","1x 12oz/Medium","925","2024-07-22 06:34:15","2024-07-22 06:49:40","",""
"ESPRESSO","Blake","Point of Sale","1","1x 6oz","846","2024-07-22 06:35:35","2024-07-22 06:49:41","",""
"ESPRESSO","#3939","Point of Sale","1","1x 20oz\ICED LARGE","779","2024-07-22 06:36:42","2024-07-22 06:49:41","",""
"ESPRESSO","#7260","Point of Sale","1","1x 4oz/Pic, Esp, Dop","637","2024-07-22 06:39:05","2024-07-22 06:49:42","",""
"ESPRESSO","Jp","Point of Sale","1","1x 12oz/Medium","426","2024-07-22 06:42:36","2024-07-22 06:49:42","",""
"ESPRESSO","#1043","Point of Sale","1","1x 8oz/Small","413","2024-07-22 06:47:36","2024-07-22 06:54:29","",""
"ESPRESSO","#9297","Point of Sale","1","1x 12oz/Medium","311","2024-07-22 06:49:18","2024-07-22 06:54:29","",""
"ESPRESSO","#5045","Point of Sale","2","1x 12oz/Medium; 1x 12oz/Medium","67","2024-07-22 06:53:21","2024-07-22 06:54:28","",""
"ESPRESSO","#3092","Point of Sale","1","1x 16oz/Large","329","2024-07-22 06:53:38","2024-07-22 06:59:07","",""
"ESPRESSO","#2521","Point of Sale","2","1x 12oz/Medium; 1x 12oz/Medium","287","2024-07-22 06:54:20","2024-07-22 06:59:07","",""
"ESPRESSO","#7249","Point of Sale","2","1x 12oz/Medium; 1x 6oz","149","2024-07-22 06:57:03","2024-07-22 06:59:32","",""
"ESPRESSO","#7061","Point of Sale","1","1x 12oz/Medium","176","2024-07-22 06:57:31","2024-07-22 07:00:27","",""
"ESPRESSO","#9911","Point of Sale","2","1x A Cookie; 1x 20oz\ICED LARGE","162","2024-07-22 06:57:46","2024-07-22 07:00:28","",""
"ESPRESSO","#7967","Point of Sale","1","1x 12oz/Medium","288","2024-07-22 07:05:07","2024-07-22 07:09:55","",""
"ESPRESSO","#7227","Point of Sale","2","1x 16oz/ICED MEDIUM; 1x 16oz/Large","197","2024-07-22 07:06:39","2024-07-22 07:09:56","",""
"ESPRESSO","#6779","Point of Sale","2","1x 12oz/Medium; 1x 16oz/Large","204","2024-07-22 07:08:24","2024-07-22 07:11:48","",""
"ESPRESSO","#9353","Point of Sale","1","1x 12oz/Medium","78","2024-07-22 07:10:30","2024-07-22 07:11:48","",""
"ESPRESSO","#8120","Point of Sale","1","1x 12oz/Medium","1369","2024-07-22 07:11:12","2024-07-22 07:34:01","",""
"ESPRESSO","#3722","Point of Sale","1","1x 12oz/Medium","1004","2024-07-22 07:17:16","2024-07-22 07:34:00","",""
"ESPRESSO","#6852","Point of Sale","1","1x 12oz/Medium","857","2024-07-22 07:19:42","2024-07-22 07:33:59","",""
"ESPRESSO","#4897","Point of Sale","1","1x 6oz","700","2024-07-22 07:20:41","2024-07-22 07:32:21","",""
"ESPRESSO","#9686","Point of Sale","1","1x 6oz","467","2024-07-22 07:26:12","2024-07-22 07:33:59","",""
"ESPRESSO","#6807","Point of Sale","1","1x 12oz/Medium","301","2024-07-22 07:28:58","2024-07-22 07:33:59","",""
"ESPRESSO","#8135","Point of Sale","4","2x A Cookie; 1x 8oz/Small; 1x 12oz/Medium","175","2024-07-22 07:31:19","2024-07-22 07:34:14","",""
"ESPRESSO","#2940","Point of Sale","1","1x 6oz","244","2024-07-22 07:32:33","2024-07-22 07:36:37","",""
"ESPRESSO","#6431","Point of Sale","1","1x 12oz/Medium","229","2024-07-22 07:32:47","2024-07-22 07:36:36","",""
"ESPRESSO","#7432","Point of Sale","1","1x 6oz","1063","2024-07-22 07:33:31","2024-07-22 07:51:14","",""
"ESPRESSO","#7349","Point of Sale","2","1x 16oz/Large; 1x 12oz/Medium","1037","2024-07-22 07:33:58","2024-07-22 07:51:15","",""
"ESPRESSO","#1089","Point of Sale","1","1x 12oz/Medium","983","2024-07-22 07:34:51","2024-07-22 07:51:14","",""
"ESPRESSO","#9553","Point of Sale","1","1x 6oz","688","2024-07-22 07:39:46","2024-07-22 07:51:14","",""
"ESPRESSO","#6828","Point of Sale","1","1x 6oz","476","2024-07-22 07:43:19","2024-07-22 07:51:15","",""
"ESPRESSO","#5207","Point of Sale","2","1x 16oz/Large; 1x 20oz\ICED LARGE","132","2024-07-22 07:51:05","2024-07-22 07:53:17","",""
"ESPRESSO","#6833","Point of Sale","2","1x 12oz/Medium; 1x 12oz/Medium","209","2024-07-22 07:52:08","2024-07-22 07:55:37","",""
"ESPRESSO","#6335","Point of Sale","1","1x 12oz/Medium","283","2024-07-22 07:52:27","2024-07-22 07:57:10","",""
"ESPRESSO","#2658","Point of Sale","1","1x 12oz/Medium","371","2024-07-22 07:53:08","2024-07-22 07:59:19","",""
"ESPRESSO","Tim","Point of Sale","1","1x 6oz","348","2024-07-22 07:53:32","2024-07-22 07:59:20","",""
"ESPRESSO","#3153","Point of Sale","1","1x 12oz/Medium","394","2024-07-22 07:54:29","2024-07-22 08:01:03","",""
"ESPRESSO","#3145","Point of Sale","1","1x 12oz/Medium","151","2024-07-22 07:55:06","2024-07-22 07:57:37","",""
"ESPRESSO","#4507","Point of Sale","1","1x 16oz/Large","521","2024-07-22 07:56:58","2024-07-22 08:05:39","",""
"ESPRESSO","#7135","Point of Sale","1","1x 16oz/ICED MEDIUM","491","2024-07-22 07:57:29","2024-07-22 08:05:40","",""
"ESPRESSO","#6269","Point of Sale","2","1x Bacon And Egg Breakfast Wrap; 1x 8oz/Small","415","2024-07-22 07:58:43","2024-07-22 08:05:38","",""
"ESPRESSO","#6052","Point of Sale","2","1x 16oz/ICED MEDIUM; 1x A Sweet Muffin","311","2024-07-22 08:00:28","2024-07-22 08:05:39","",""
"ESPRESSO","#115","Point of Sale","2","1x Babycino; 1x 16oz/Large","197","2024-07-22 08:07:01","2024-07-22 08:10:18","",""
"ESPRESSO","#3507","Point of Sale","1","1x 8oz/Small","182","2024-07-22 08:07:17","2024-07-22 08:10:19","",""
"ESPRESSO","#9208","Point of Sale","1","1x 8oz/Small","345","2024-07-22 08:08:55","2024-07-22 08:14:40","",""
"ESPRESSO","#8753","Point of Sale","1","1x 6oz","237","2024-07-22 08:10:42","2024-07-22 08:14:39","",""
"ESPRESSO","#6439","Point of Sale","1","1x 12oz/Medium","218","2024-07-22 08:11:02","2024-07-22 08:14:40","",""
"ESPRESSO","#4958","Point of Sale","1","1x 12oz/ICED SMALL","192","2024-07-22 08:11:27","2024-07-22 08:14:39","",""
"ESPRESSO","#5732","Point of Sale","2","1x 6oz; 1x 8oz/Small","495","2024-07-22 08:14:13","2024-07-22 08:22:28","",""
"ESPRESSO","#4167","Point of Sale","1","1x 12oz/Medium","321","2024-07-22 08:17:07","2024-07-22 08:22:28","",""
"ESPRESSO","#7753","Point of Sale","3","1x A Sweet Muffin; 1x Babycino; 1x 6oz","187","2024-07-22 08:19:22","2024-07-22 08:22:29","",""
"ESPRESSO","#4429","Point of Sale","1","1x 16oz/ICED MEDIUM","379","2024-07-22 08:20:10","2024-07-22 08:26:29","",""
"ESPRESSO","#3490","Point of Sale","2","1x 12oz/Medium; 1x Babycino","455","2024-07-22 08:20:29","2024-07-22 08:28:04","",""
"ESPRESSO","#7192","Point of Sale","1","1x 12oz/Medium","376","2024-07-22 08:21:48","2024-07-22 08:28:04","",""
"ESPRESSO","#6861","Point of Sale","2","1x 12oz/Medium; 1x 16oz/Large","435","2024-07-22 08:22:26","2024-07-22 08:29:41","",""
"ESPRESSO","#746","Point of Sale","2","1x Bacon And Egg Breakfast Wrap; 1x 12oz/Medium","529","2024-07-22 08:22:56","2024-07-22 08:31:45","",""
"ESPRESSO","John","Point of Sale","3","2x 16oz/ICED MEDIUM; 1x 8oz/Small","650","2024-07-22 08:25:20","2024-07-22 08:36:10","",""
"ESPRESSO","Emily","Point of Sale","1","1x 12oz/Medium","566","2024-07-22 08:26:45","2024-07-22 08:36:11","",""
"ESPRESSO","Roger","Point of Sale","2","1x 12oz/Medium; 1x Bacon And Egg Breakfast Wrap","689","2024-07-22 08:28:02","2024-07-22 08:39:31","",""
"ESPRESSO","#5759","Point of Sale","1","1x 16oz/ICED MEDIUM","472","2024-07-22 08:28:20","2024-07-22 08:36:12","",""
"ESPRESSO","#787","Point of Sale","3","1x 8oz/Small; 1x Protein Ball - Peanut Butter; 1x 12oz/Medium","614","2024-07-22 08:29:18","2024-07-22 08:39:32","",""
"ESPRESSO","#7630","Point of Sale","1","1x 12oz/Medium","556","2024-07-22 08:30:16","2024-07-22 08:39:32","",""
"ESPRESSO","#6786","Point of Sale","1","1x 1kg Beans","352","2024-07-22 08:33:41","2024-07-22 08:39:33","",""
"ESPRESSO","Bianca","Point of Sale","1","1x 20oz\ICED LARGE","521","2024-07-22 08:37:01","2024-07-22 08:45:42","",""
"ESPRESSO","Emily","Point of Sale","2","1x 6oz; 1x 6oz","470","2024-07-22 08:37:52","2024-07-22 08:45:42","",""
"ESPRESSO","Aurora","Point of Sale","2","1x 16oz/Large; 1x 16oz/Large","654","2024-07-22 08:38:50","2024-07-22 08:49:44","",""
"ESPRESSO","Lucy","Point of Sale","1","1x 12oz/Medium","488","2024-07-22 08:41:36","2024-07-22 08:49:44","",""
"ESPRESSO","Neil","Point of Sale","2","1x Bacon And Egg Breakfast Wrap; 1x 12oz/Medium","375","2024-07-22 08:43:29","2024-07-22 08:49:44","",""
"ESPRESSO","#159","Point of Sale","4","1x 16oz/Large; 1x 16oz/Large; 1x 16oz/Large; 1x 1kg Beans","598","2024-07-22 08:44:53","2024-07-22 08:54:51","",""
"ESPRESSO","Ann","Point of Sale","1","1x 6oz","523","2024-07-22 08:46:08","2024-07-22 08:54:51","",""
"ESPRESSO","#410","Point of Sale","1","1x 16oz/Large","417","2024-07-22 08:47:54","2024-07-22 08:54:51","",""
"ESPRESSO","#8956","Point of Sale","1","1x 16oz/Large","287","2024-07-22 08:51:15","2024-07-22 08:56:02","",""
"ESPRESSO","#4598","Point of Sale","1","1x Fruit Juice","77","2024-07-22 08:53:57","2024-07-22 08:55:14","",""
"ESPRESSO","Bec","Point of Sale","1","1x 8oz/Small","175","2024-07-22 08:54:21","2024-07-22 08:57:16","",""
"ESPRESSO","#3496","Point of Sale","1","1x 20oz\ICED LARGE","265","2024-07-22 08:56:51","2024-07-22 09:01:16","",""
"ESPRESSO","#9369","Point of Sale","2","1x 12oz/Medium; 1x 16oz/Large","252","2024-07-22 08:59:26","2024-07-22 09:03:38","",""
"ESPRESSO","#4570","Point of Sale","1","1x 12oz/Medium","391","2024-07-22 09:00:51","2024-07-22 09:07:22","",""
"ESPRESSO","#9395","Point of Sale","1","1x 12oz/Medium","347","2024-07-22 09:01:34","2024-07-22 09:07:21","",""
"ESPRESSO","#1708","Point of Sale","2","1x 12oz/Medium; 1x A Sweet Muffin","344","2024-07-22 09:02:02","2024-07-22 09:07:46","",""
"ESPRESSO","Scott","Point of Sale","1","1x 16oz/Large","294","2024-07-22 09:02:53","2024-07-22 09:07:47","",""
"ESPRESSO","#6084","Point of Sale","2","2x 12oz/Medium","1107","2024-07-22 09:03:52","2024-07-22 09:22:19","",""
"ESPRESSO","Peter","Point of Sale","1","1x 12oz/Medium","975","2024-07-22 09:06:04","2024-07-22 09:22:19","",""
"ESPRESSO","#5512","Point of Sale","1","1x A COOKIES- biscoff And Caramilk","885","2024-07-22 09:07:34","2024-07-22 09:22:19","",""
"ESPRESSO","#1298","Point of Sale","2","1x 16oz/Large; 1x A Sweet Muffin","402","2024-07-22 09:15:36","2024-07-22 09:22:18","",""
"ESPRESSO","#6439","Point of Sale","3","1x A Sweet Muffin; 1x 12oz/Medium; 1x Fruit Juice","251","2024-07-22 09:18:05","2024-07-22 09:22:16","",""
"ESPRESSO","#7534","Point of Sale","1","1x 8oz/Small","207","2024-07-22 09:20:40","2024-07-22 09:24:07","",""
"ESPRESSO","#2754","Point of Sale","2","1x Black Mass; 1x 8oz/Small","114","2024-07-22 09:22:14","2024-07-22 09:24:08","",""
"ESPRESSO","#4717","Point of Sale","1","1x 12oz/Medium","202","2024-07-22 09:22:43","2024-07-22 09:26:05","",""
"ESPRESSO","#4026","Point of Sale","1","1x 12oz/Medium","186","2024-07-22 09:23:03","2024-07-22 09:26:09","",""
"ESPRESSO","#179","Point of Sale","1","1x 16oz/ICED MEDIUM","157","2024-07-22 09:23:33","2024-07-22 09:26:10","",""
"ESPRESSO","#8647","Point of Sale","1","1x 8oz/Small","369","2024-07-22 09:31:02","2024-07-22 09:37:11","",""
"ESPRESSO","#5036","Point of Sale","1","1x 12oz/Medium","337","2024-07-22 09:31:33","2024-07-22 09:37:10","",""
"ESPRESSO","Jenna","Point of Sale","1","1x 8oz/Small","164","2024-07-22 09:34:27","2024-07-22 09:37:11","",""
"ESPRESSO","Christina","Point of Sale","1","1x 8oz/Small","129","2024-07-22 09:35:02","2024-07-22 09:37:11","",""
"ESPRESSO","Cass","Point of Sale","1","1x 12oz/Medium","101","2024-07-22 09:35:30","2024-07-22 09:37:11","",""
"ESPRESSO","Megan","Point of Sale","1","1x 6oz","283","2024-07-22 09:36:04","2024-07-22 09:40:47","",""
"ESPRESSO","#2438","Point of Sale","2","1x A Savoury Muffin; 1x 12oz/Medium","226","2024-07-22 09:37:02","2024-07-22 09:40:48","",""
"ESPRESSO","#1353","Point of Sale","2","1x Pods - 10 Pack; 1x 8oz/Small","191","2024-07-22 09:37:38","2024-07-22 09:40:49","",""
"ESPRESSO","Lilly","Point of Sale","1","1x 12oz/Medium","337","2024-07-22 09:38:11","2024-07-22 09:43:48","",""
"ESPRESSO","#1225","Point of Sale","2","1x A Cookie; 1x 12oz/Medium","291","2024-07-22 09:38:56","2024-07-22 09:43:47","",""
"ESPRESSO","#5887","Point of Sale","1","1x 12oz/Medium","271","2024-07-22 09:39:17","2024-07-22 09:43:48","",""
"ESPRESSO","Craig","Point of Sale","1","1x 12oz/Medium","661","2024-07-22 09:40:07","2024-07-22 09:51:08","",""
"ESPRESSO","#8791","Point of Sale","1","1x 12oz/Medium","323","2024-07-22 09:45:45","2024-07-22 09:51:08","",""
"ESPRESSO","#4128","Point of Sale","2","1x 12oz/Medium; 1x 12oz/Medium","223","2024-07-22 09:47:30","2024-07-22 09:51:13","",""
"ESPRESSO","#6185","Point of Sale","2","1x 12oz/Medium; 1x 20oz\ICED LARGE","164","2024-07-22 09:55:49","2024-07-22 09:58:33","",""
"ESPRESSO","#433","Point of Sale","2","1x 6oz; 1x 6oz","573","2024-07-22 09:56:32","2024-07-22 10:06:05","",""
"ESPRESSO","#2140","Point of Sale","1","1x 12oz/Medium","555","2024-07-22 09:56:50","2024-07-22 10:06:05","",""
"ESPRESSO","#4714","Point of Sale","2","1x 500g Beans; 1x 6oz","257","2024-07-22 10:01:47","2024-07-22 10:06:04","",""
"ESPRESSO","#4923","Point of Sale","1","1x 12oz/Medium","239","2024-07-22 10:02:05","2024-07-22 10:06:04","",""
"ESPRESSO","#3026","Point of Sale","2","1x 8oz/Small; 1x 16oz/ICED MEDIUM","345","2024-07-22 10:02:41","2024-07-22 10:08:26","",""
"ESPRESSO","#2673","Point of Sale","2","1x A Savoury Muffin; 1x 12oz/Medium","189","2024-07-22 10:07:11","2024-07-22 10:10:20","",""
"ESPRESSO","#2043","Point of Sale","2","1x A Cookie; 1x 12oz/Medium","146","2024-07-22 10:07:53","2024-07-22 10:10:19","",""
"ESPRESSO","#2880","Point of Sale","2","1x 4oz/Pic, Esp, Dop; 1x 12oz/Medium","412","2024-07-22 10:08:52","2024-07-22 10:15:44","",""
"ESPRESSO","#4957","Point of Sale","1","1x 16oz/Large","384","2024-07-22 10:09:20","2024-07-22 10:15:44","",""
"ESPRESSO","#2707","Point of Sale","1","1x 12oz/Medium","461","2024-07-22 10:12:12","2024-07-22 10:19:53","",""
"ESPRESSO","#4197","Point of Sale","2","1x A Savoury Muffin; 1x 12oz/Medium","405","2024-07-22 10:13:09","2024-07-22 10:19:54","",""
"ESPRESSO","#2755","Point of Sale","1","1x 6oz","333","2024-07-22 10:14:20","2024-07-22 10:19:53","",""
"ESPRESSO","#950","Point of Sale","2","1x 12oz/Medium; 1x 12oz/Medium","591","2024-07-22 10:18:15","2024-07-22 10:28:06","",""
"ESPRESSO","#9329","Point of Sale","1","1x 6oz","384","2024-07-22 10:21:42","2024-07-22 10:28:06","",""
"ESPRESSO","#195","Point of Sale","2","1x 8oz/Small; 1x Protein Ball - Peanut Butter","46","2024-07-22 10:27:21","2024-07-22 10:28:07","",""
"ESPRESSO","#4665","Point of Sale","1","1x 8oz/Small","494","2024-07-22 10:36:38","2024-07-22 10:44:52","",""
"ESPRESSO","#3632","Point of Sale","2","1x 1kg Beans; 1x 8oz/Small","374","2024-07-22 10:38:37","2024-07-22 10:44:51","",""
"ESPRESSO","#1839","Point of Sale","1","1x 12oz/Medium","309","2024-07-22 10:39:42","2024-07-22 10:44:51","",""
"ESPRESSO","#8444","Point of Sale","2","1x 12oz/Medium; 1x 12oz/Medium","248","2024-07-22 10:40:42","2024-07-22 10:44:50","",""
"ESPRESSO","#2187","Point of Sale","1","1x 8oz/Small","1206","2024-07-22 10:45:46","2024-07-22 11:05:52","",""
"ESPRESSO","#7953","Point of Sale","1","1x 12oz/Medium","939","2024-07-22 10:50:13","2024-07-22 11:05:52","",""
"ESPRESSO","#7697","Point of Sale","1","1x A Cookie","364","2024-07-22 10:59:49","2024-07-22 11:05:53","",""
"ESPRESSO","#5509","Point of Sale","3","1x 12oz/Medium; 1x Protein Ball - Peanut Butter; 1x 12oz/Medium","608","2024-07-22 11:03:51","2024-07-22 11:13:59","",""
"ESPRESSO","#5057","Point of Sale","1","1x 6oz","567","2024-07-22 11:04:32","2024-07-22 11:13:59","",""
"ESPRESSO","#8259","Point of Sale","1","1x Protein Ball - Peanut Butter","510","2024-07-22 11:05:28","2024-07-22 11:13:58","",""
"ESPRESSO","#762","Point of Sale","1","1x 12oz/Medium","171","2024-07-22 11:11:08","2024-07-22 11:13:59","",""
"ESPRESSO","#6504","Point of Sale","1","1x 8oz/Small","1381","2024-07-22 11:13:10","2024-07-22 11:36:11","",""
"ESPRESSO","#1575","Point of Sale","1","1x 16oz/Large","1359","2024-07-22 11:13:32","2024-07-22 11:36:11","",""
"ESPRESSO","#7971","Point of Sale","1","1x 16oz/Large","951","2024-07-22 11:20:20","2024-07-22 11:36:11","",""
"ESPRESSO","#4510","Point of Sale","2","2x 6oz","720","2024-07-22 11:24:11","2024-07-22 11:36:11","",""
"ESPRESSO","#9073","Point of Sale","2","1x 12oz/Medium; 1x 12oz/Medium","5786","2024-07-22 11:31:49","2024-07-22 13:08:15","",""
"ESPRESSO","#343","Point of Sale","3","1x 12oz/Medium; 2x 8oz/Small","3270","2024-07-22 11:33:31","2024-07-22 12:28:01","",""
"ESPRESSO","#6605","Point of Sale","1","1x 16oz/Large","1698","2024-07-22 11:59:43","2024-07-22 12:28:01","",""
"ESPRESSO","#6689","Point of Sale","2","2x 16oz/Large","311","2024-07-22 12:22:50","2024-07-22 12:28:01","",""
"ESPRESSO","#3910","Point of Sale","1","1x A Sweet Muffin","2652","2024-07-22 12:24:03","2024-07-22 13:08:15","",""
"ESPRESSO","#204","Point of Sale","2","1x Butterbing!; 1x 6oz","2343","2024-07-22 12:29:13","2024-07-22 13:08:16","",""
"ESPRESSO","#3943","Point of Sale","1","1x Portugese Tart","1931","2024-07-22 12:36:05","2024-07-22 13:08:16","",""
"ESPRESSO","#8607","Point of Sale","1","1x 8oz/Small","1882","2024-07-22 12:36:54","2024-07-22 13:08:16","",""
"ESPRESSO","#3309","Point of Sale","1","1x 12oz/ICED SMALL","1586","2024-07-22 12:51:29","2024-07-22 13:17:55","",""
"ESPRESSO","#3653","Point of Sale","2","1x 12oz/ICED SMALL; 1x A Savoury Muffin","1500","2024-07-22 12:52:55","2024-07-22 13:17:55","",""
"ESPRESSO","#4454","Point of Sale","1","1x 12oz/Medium","603","2024-07-22 13:07:53","2024-07-22 13:17:56","",""
"ESPRESSO","#7149","Point of Sale","1","1x 16oz/Large","1396","2024-07-22 13:20:08","2024-07-22 13:43:24","",""
"ESPRESSO","#7481","Point of Sale","1","1x 4oz/Pic, Esp, Dop","1296","2024-07-22 13:21:49","2024-07-22 13:43:25","",""
"ESPRESSO","#5664","Point of Sale","2","1x Bacon And Egg Breakfast Wrap; 1x 12oz/Medium","56557","2024-07-22 13:33:23","2024-07-23 05:16:00","",""
"ESPRESSO","#83","Point of Sale","2","1x 8oz/Small; 1x 16oz/Large","56057","2024-07-22 13:41:44","2024-07-23 05:16:01","",""
"ESPRESSO","#1423","Point of Sale","1","1x 12oz/Medium","294","2024-07-23 05:11:07","2024-07-23 05:16:01","",""
"ESPRESSO","#1724","Point of Sale","1","1x 12oz/Medium","209","2024-07-23 05:12:33","2024-07-23 05:16:02","",""
"ESPRESSO","#5965","Point of Sale","1","1x 6oz","37","2024-07-23 05:15:24","2024-07-23 05:16:01","",""
"ESPRESSO","#257","Point of Sale","2","1x 8oz/Small; 1x 8oz/Small","1990","2024-07-23 05:25:50","2024-07-23 05:59:00","",""
"ESPRESSO","#1128","Point of Sale","1","1x 4oz/Pic, Esp, Dop","1549","2024-07-23 05:33:11","2024-07-23 05:59:00","",""
"ESPRESSO","#155","Point of Sale","1","1x 20oz\ICED LARGE","1320","2024-07-23 05:37:00","2024-07-23 05:59:00","",""
"ESPRESSO","#8252","Point of Sale","1","1x 16oz/Large","867","2024-07-23 05:44:33","2024-07-23 05:59:00","",""
"ESPRESSO","#390","Point of Sale","2","2x 16oz/Large","348","2024-07-23 05:54:20","2024-07-23 06:00:08","",""
"ESPRESSO","#9981","Point of Sale","2","1x 8oz/Small; 1x 12oz/Medium","387","2024-07-23 05:56:47","2024-07-23 06:03:14","",""
"ESPRESSO","#9852","Point of Sale","3","1x 12oz/Medium; 2x 4oz/Pic, Esp, Dop","355","2024-07-23 05:57:19","2024-07-23 06:03:14","",""
"ESPRESSO","#7815","Point of Sale","1","1x 12oz/Medium","461","2024-07-23 05:57:39","2024-07-23 06:05:20","",""
"ESPRESSO","#6148","Point of Sale","1","1x 12oz/Medium","440","2024-07-23 05:58:01","2024-07-23 06:05:21","",""
"ESPRESSO","#8640","Point of Sale","1","1x 16oz/Large","422","2024-07-23 05:58:18","2024-07-23 06:05:20","",""
"ESPRESSO","Roz","Point of Sale","1","1x 6oz","755","2024-07-23 05:58:59","2024-07-23 06:11:34","",""
"ESPRESSO","#9376","Point of Sale","1","1x 12oz/Medium","490","2024-07-23 06:03:25","2024-07-23 06:11:35","",""
"ESPRESSO","Marina","Point of Sale","1","1x 12oz/Medium","454","2024-07-23 06:04:01","2024-07-23 06:11:35","",""
"ESPRESSO","#317","Point of Sale","1","1x 4oz/Pic, Esp, Dop","340","2024-07-23 06:06:00","2024-07-23 06:11:40","",""
"ESPRESSO","#2428","Point of Sale","1","1x 8oz/Small","506","2024-07-23 06:09:18","2024-07-23 06:17:44","",""
"ESPRESSO","#564","Point of Sale","1","1x 8oz/Small","472","2024-07-23 06:09:52","2024-07-23 06:17:44","",""
"ESPRESSO","#5806","Point of Sale","1","1x 8oz/Small","442","2024-07-23 06:10:22","2024-07-23 06:17:44","",""
"ESPRESSO","#930","Point of Sale","2","1x 6oz; 1x 12oz/Medium","256","2024-07-23 06:13:30","2024-07-23 06:17:46","",""
"ESPRESSO","#4660","Point of Sale","1","1x 8oz/Small","261","2024-07-23 06:14:24","2024-07-23 06:18:45","",""
"ESPRESSO","#8801","Point of Sale","1","1x 4oz/Pic, Esp, Dop","599","2024-07-23 06:15:35","2024-07-23 06:25:34","",""
"ESPRESSO","#5253","Point of Sale","4","2x Babycino; 1x 16oz/Large; 1x 8oz/Small","563","2024-07-23 06:16:11","2024-07-23 06:25:34","",""
"ESPRESSO","#7269","Point of Sale","1","1x 12oz/Medium","548","2024-07-23 06:16:26","2024-07-23 06:25:34","",""
"ESPRESSO","#8256","Point of Sale","2","1x 16oz/Large; 1x 16oz/Large","703","2024-07-23 06:17:51","2024-07-23 06:29:34","",""
"ESPRESSO","#6215","Point of Sale","4","2x 8oz/Small; 1x 12oz/Medium; 1x 8oz/Small","556","2024-07-23 06:22:02","2024-07-23 06:31:18","",""
"ESPRESSO","#4587","Point of Sale","1","1x 8oz/Small","526","2024-07-23 06:22:31","2024-07-23 06:31:17","",""
"ESPRESSO","#1410","Point of Sale","1","1x 16oz/Large","685","2024-07-23 06:22:49","2024-07-23 06:34:14","",""
"ESPRESSO","#5037","Point of Sale","1","1x 6oz","656","2024-07-23 06:23:19","2024-07-23 06:34:15","",""
"ESPRESSO","#9197","Point of Sale","3","1x 8oz/Small; 1x 8oz/Small; 1x Bacon And Egg Breakfast Wrap","327","2024-07-23 06:31:36","2024-07-23 06:37:03","",""
"ESPRESSO","#3905","Point of Sale","1","1x 12oz/Medium","481","2024-07-23 06:33:51","2024-07-23 06:41:52","",""
"ESPRESSO","#11","Point of Sale","1","1x 12oz/ICED SMALL","230","2024-07-23 06:38:02","2024-07-23 06:41:52","",""
"ESPRESSO","#2889","Point of Sale","3","1x Pupacino; 1x 12oz/Medium; 1x Bacon And Egg Breakfast Wrap","169","2024-07-23 06:39:02","2024-07-23 06:41:51","",""
"ESPRESSO","#3029","Point of Sale","1","1x 6oz","143","2024-07-23 06:39:28","2024-07-23 06:41:51","",""
"ESPRESSO","#3419","Point of Sale","1","1x 12oz/Medium","378","2024-07-23 06:41:21","2024-07-23 06:47:39","",""
"ESPRESSO","#2690","Point of Sale","1","1x 12oz/Medium","320","2024-07-23 06:42:19","2024-07-23 06:47:39","",""
"ESPRESSO","1188643407","Square Online","2","1x 6oz; 1x 4oz/Pic, Esp, Dop","300","2024-07-23 06:42:39","2024-07-23 06:47:39","2024-07-23 06:42:34",""
"ESPRESSO","#7743","Point of Sale","3","2x 16oz/Large; 1x 16oz/Large","1074","2024-07-23 06:47:56","2024-07-23 07:05:50","",""
"ESPRESSO","#7456","Point of Sale","2","2x 12oz/Medium","1009","2024-07-23 06:49:02","2024-07-23 07:05:51","",""
"ESPRESSO","#6544","Point of Sale","1","1x 8oz/Small","647","2024-07-23 06:55:02","2024-07-23 07:05:49","",""
"ESPRESSO","#5250","Point of Sale","1","1x 12oz/Medium","351","2024-07-23 06:59:58","2024-07-23 07:05:49","",""
"ESPRESSO","#211","Point of Sale","1","1x 12oz/Medium","466","2024-07-23 07:05:41","2024-07-23 07:13:27","",""
"ESPRESSO","#5172","Point of Sale","2","1x 12oz/Medium; 1x 16oz/Large","262","2024-07-23 07:09:07","2024-07-23 07:13:29","",""
"ESPRESSO","#2535","Point of Sale","1","1x 12oz/Medium","240","2024-07-23 07:09:29","2024-07-23 07:13:29","",""
"ESPRESSO","Ann","Point of Sale","1","1x 6oz","206","2024-07-23 07:10:03","2024-07-23 07:13:29","",""
"ESPRESSO","#709","Point of Sale","1","1x 8oz/Small","137","2024-07-23 07:11:12","2024-07-23 07:13:29","",""
"ESPRESSO","#8404","Point of Sale","1","1x 12oz/Medium","469","2024-07-23 07:17:00","2024-07-23 07:24:49","",""
"ESPRESSO","#4223","Point of Sale","1","1x 12oz/Medium","402","2024-07-23 07:18:07","2024-07-23 07:24:49","",""
"ESPRESSO","#2588","Point of Sale","1","1x 6oz","75","2024-07-23 07:23:35","2024-07-23 07:24:50","",""
"ESPRESSO","1270241932","Square Online","2","1x 12oz/Medium; 1x 6oz","278","2024-07-23 07:24:16","2024-07-23 07:28:54","2024-07-23 07:24:11",""
"ESPRESSO","#6433","Point of Sale","1","1x 12oz/Medium","136","2024-07-23 07:28:22","2024-07-23 07:30:38","",""
"ESPRESSO","#7811","Point of Sale","1","1x 6oz","171","2024-07-23 07:29:11","2024-07-23 07:32:02","",""
"ESPRESSO","#4919","Point of Sale","1","1x 12oz/Medium","157","2024-07-23 07:29:26","2024-07-23 07:32:03","",""
"ESPRESSO","#9216","Point of Sale","2","1x A Cookie; 1x 16oz/ICED MEDIUM","54","2024-07-23 07:31:09","2024-07-23 07:32:03","",""
"ESPRESSO","#1352","Point of Sale","2","1x Bacon And Egg Breakfast Wrap; 1x 16oz/Large","213","2024-07-23 07:34:37","2024-07-23 07:38:10","",""
"ESPRESSO","#6315","Point of Sale","2","1x 12oz/Medium; 1x 8oz/Small","520","2024-07-23 07:37:28","2024-07-23 07:46:08","",""
"ESPRESSO","#6412","Point of Sale","4","1x A Sweet Muffin; 1x 8oz/Small; 2x Babycino","130","2024-07-23 07:41:36","2024-07-23 07:43:46","",""
"ESPRESSO","#6456","Point of Sale","3","1x 8oz/Small; 1x 12oz/Medium; 1x Babycino","897","2024-07-23 07:42:21","2024-07-23 07:57:18","",""
"ESPRESSO","#8318","Point of Sale","1","1x 12oz/Medium","776","2024-07-23 07:44:21","2024-07-23 07:57:17","",""
"ESPRESSO","#8293","Point of Sale","2","1x 12oz/Medium; 1x 12oz/Medium","363","2024-07-23 07:51:14","2024-07-23 07:57:17","",""
"ESPRESSO","#9175","Point of Sale","2","2x 6oz","305","2024-07-23 07:52:12","2024-07-23 07:57:17","",""
"ESPRESSO","#5686","Point of Sale","1","1x 12oz/Medium","162","2024-07-23 07:54:35","2024-07-23 07:57:17","",""
"ESPRESSO","#342","Point of Sale","1","1x 8oz/Small","365","2024-07-23 07:56:10","2024-07-23 08:02:15","",""
"ESPRESSO","#7829","Point of Sale","1","1x 12oz/Medium","128","2024-07-23 08:00:08","2024-07-23 08:02:16","",""
"ESPRESSO","#864","Point of Sale","1","1x 12oz/Medium","158","2024-07-23 08:00:56","2024-07-23 08:03:34","",""
"ESPRESSO","#7634","Point of Sale","1","1x 16oz/ICED MEDIUM","210","2024-07-23 08:01:11","2024-07-23 08:04:41","",""
"ESPRESSO","#4340","Point of Sale","2","1x 12oz/Medium; 1x 8oz/Small","652","2024-07-23 08:01:54","2024-07-23 08:12:46","",""
"ESPRESSO","#3904","Point of Sale","2","1x 16oz/Large; 1x Babycino","611","2024-07-23 08:02:36","2024-07-23 08:12:47","",""
"ESPRESSO","#5905","Point of Sale","3","3x 12oz/Medium","653","2024-07-23 08:03:39","2024-07-23 08:14:32","",""
"ESPRESSO","#9738","Point of Sale","2","1x A Cookie; 1x 6oz","428","2024-07-23 08:07:25","2024-07-23 08:14:33","",""
"ESPRESSO","#2432","Point of Sale","1","1x 6oz","258","2024-07-23 08:10:13","2024-07-23 08:14:31","",""
"ESPRESSO","#7469","Point of Sale","1","1x 16oz/Large","247","2024-07-23 08:10:24","2024-07-23 08:14:31","",""
"ESPRESSO","#7533","Point of Sale","1","1x 12oz/Medium","417","2024-07-23 08:12:04","2024-07-23 08:19:01","",""
"ESPRESSO","#1694","Point of Sale","1","1x 12oz/Medium","292","2024-07-23 08:14:09","2024-07-23 08:19:01","",""
"ESPRESSO","#7979","Point of Sale","2","1x 20oz\ICED LARGE; 1x A Savoury Muffin","209","2024-07-23 08:15:32","2024-07-23 08:19:01","",""
"ESPRESSO","#5004","Point of Sale","2","1x A Cookie; 1x 16oz/Large","33","2024-07-23 08:18:28","2024-07-23 08:19:01","",""
"ESPRESSO","#7998","Point of Sale","1","1x 12oz/Medium","651","2024-07-23 08:18:49","2024-07-23 08:29:40","",""
"ESPRESSO","#5585","Point of Sale","3","2x A Cookie; 1x 16oz/ICED MEDIUM","558","2024-07-23 08:20:22","2024-07-23 08:29:40","",""
"ESPRESSO","#487","Point of Sale","2","2x 12oz/Medium","491","2024-07-23 08:21:28","2024-07-23 08:29:39","",""
"ESPRESSO","#9888","Point of Sale","1","1x 8oz/Small","238","2024-07-23 08:25:41","2024-07-23 08:29:39","",""
"ESPRESSO","#9985","Point of Sale","2","1x 8oz/Small; 1x Bacon And Egg Breakfast Wrap","202","2024-07-23 08:27:46","2024-07-23 08:31:08","",""
"ESPRESSO","#1728","Point of Sale","1","1x 12oz/Medium","192","2024-07-23 08:28:39","2024-07-23 08:31:51","",""
"ESPRESSO","1619314850","Square Online","1","1x 12oz/Medium","493","2024-07-23 08:28:41","2024-07-23 08:36:54","2024-07-23 08:28:35",""
"ESPRESSO","#830","Point of Sale","1","1x 20oz\ICED LARGE","478","2024-07-23 08:28:55","2024-07-23 08:36:53","",""
"ESPRESSO","#8814","Point of Sale","2","2x 12oz/Medium","445","2024-07-23 08:29:28","2024-07-23 08:36:53","",""
"ESPRESSO","#8951","Point of Sale","5","1x 8oz/Small; 2x Protein Ball - Peanut Butter; 1x 12oz/Medium; 1x 12oz/Medium","397","2024-07-23 08:35:45","2024-07-23 08:42:22","",""
"ESPRESSO","#5825","Point of Sale","1","1x 12oz/Medium","364","2024-07-23 08:36:18","2024-07-23 08:42:22","",""
"ESPRESSO","#4754","Point of Sale","1","1x 6oz","444","2024-07-23 08:36:54","2024-07-23 08:44:18","",""
"ESPRESSO","#8529","Point of Sale","1","1x 4oz/Pic, Esp, Dop","382","2024-07-23 08:37:57","2024-07-23 08:44:19","",""
"ESPRESSO","#6148","Point of Sale","4","2x A Sweet Muffin; 2x 16oz/Large","365","2024-07-23 08:40:14","2024-07-23 08:46:19","",""
"ESPRESSO","#2433","Point of Sale","1","1x 6oz","410","2024-07-23 08:40:54","2024-07-23 08:47:44","",""
"ESPRESSO","#843","Point of Sale","1","1x 6oz","972","2024-07-23 08:42:32","2024-07-23 08:58:44","",""
"ESPRESSO","#2146","Point of Sale","1","1x 16oz/Large","931","2024-07-23 08:43:13","2024-07-23 08:58:44","",""
"ESPRESSO","#4912","Point of Sale","2","1x 12oz/Medium; 1x 12oz/Medium","752","2024-07-23 08:46:12","2024-07-23 08:58:44","",""
"ESPRESSO","#1637","Point of Sale","1","1x A Sweet Muffin","728","2024-07-23 08:46:37","2024-07-23 08:58:45","",""
"ESPRESSO","#8055","Point of Sale","1","1x 12oz/Medium","126","2024-07-23 08:56:39","2024-07-23 08:58:45","",""
"ESPRESSO","#6913","Point of Sale","1","1x 12oz/Medium","406","2024-07-23 08:58:22","2024-07-23 09:05:08","",""
"ESPRESSO","#3549","Point of Sale","1","1x 8oz/Small","311","2024-07-23 08:59:57","2024-07-23 09:05:08","",""
"ESPRESSO","#8248","Point of Sale","1","1x 8oz/Small","292","2024-07-23 09:00:16","2024-07-23 09:05:08","",""
"ESPRESSO","#5604","Point of Sale","2","2x 6oz","182","2024-07-23 09:02:05","2024-07-23 09:05:07","",""
"ESPRESSO","#9723","Point of Sale","1","1x 12oz/Medium","551","2024-07-23 09:03:05","2024-07-23 09:12:16","",""
"ESPRESSO","#3812","Point of Sale","2","1x 16oz/Large; 1x 12oz/Medium","428","2024-07-23 09:05:08","2024-07-23 09:12:16","",""
"ESPRESSO","#2090","Point of Sale","1","1x 12oz/Medium","416","2024-07-23 09:05:21","2024-07-23 09:12:17","",""
"ESPRESSO","#9839","Point of Sale","1","1x 4oz/Pic, Esp, Dop","517","2024-07-23 09:11:53","2024-07-23 09:20:30","",""
"ESPRESSO","#7168","Point of Sale","2","1x 16oz/Large; 1x Bacon And Egg Breakfast Wrap","487","2024-07-23 09:12:23","2024-07-23 09:20:30","",""
"ESPRESSO","#8663","Point of Sale","1","1x 16oz/Large","394","2024-07-23 09:13:56","2024-07-23 09:20:30","",""
"ESPRESSO","#7983","Point of Sale","1","1x 16oz/ICED MEDIUM","349","2024-07-23 09:14:41","2024-07-23 09:20:30","",""
"ESPRESSO","#1890","Point of Sale","1","1x 8oz/Small","717","2024-07-23 09:18:22","2024-07-23 09:30:19","",""
"ESPRESSO","#1386","Point of Sale","1","1x 16oz/Large","703","2024-07-23 09:18:37","2024-07-23 09:30:20","",""
"ESPRESSO","#1099","Point of Sale","1","1x 12oz/Medium","592","2024-07-23 09:20:28","2024-07-23 09:30:20","",""
"ESPRESSO","#4992","Point of Sale","1","1x 8oz/Small","255","2024-07-23 09:26:06","2024-07-23 09:30:21","",""
"ESPRESSO","#6022","Point of Sale","1","1x A Savoury Muffin","104","2024-07-23 09:28:37","2024-07-23 09:30:21","",""
"ESPRESSO","#2418","Point of Sale","1","1x 8oz/Small","550","2024-07-23 09:29:43","2024-07-23 09:38:53","",""
"ESPRESSO","#7944","Point of Sale","1","1x 6oz","474","2024-07-23 09:30:59","2024-07-23 09:38:53","",""
"ESPRESSO","#1410","Point of Sale","1","1x 6oz","451","2024-07-23 09:31:22","2024-07-23 09:38:53","",""
"ESPRESSO","#9416","Point of Sale","2","1x 16oz/Large; 1x 12oz/Medium","286","2024-07-23 09:34:08","2024-07-23 09:38:54","",""
"ESPRESSO","#6130","Point of Sale","2","1x 12oz/Medium; 1x Protein Ball - Peanut Butter","555","2024-07-23 09:37:25","2024-07-23 09:46:40","",""
"ESPRESSO","#8109","Point of Sale","1","1x 12oz/Medium","325","2024-07-23 09:41:15","2024-07-23 09:46:40","",""
"ESPRESSO","#2267","Point of Sale","1","1x 12oz/Medium","314","2024-07-23 09:41:26","2024-07-23 09:46:40","",""
"ESPRESSO","#7809","Point of Sale","1","1x 12oz/Medium","85","2024-07-23 09:45:16","2024-07-23 09:46:41","",""
"ESPRESSO","#5311","Point of Sale","1","1x 6oz","298","2024-07-23 09:45:48","2024-07-23 09:50:46","",""
"ESPRESSO","#8705","Point of Sale","1","1x 12oz/Medium","239","2024-07-23 09:46:48","2024-07-23 09:50:47","",""
"ESPRESSO","#2032","Point of Sale","1","1x 8oz/Small","269","2024-07-23 09:51:52","2024-07-23 09:56:21","",""
"ESPRESSO","#6196","Point of Sale","1","1x 8oz/Small","247","2024-07-23 09:52:14","2024-07-23 09:56:21","",""
"ESPRESSO","#541","Point of Sale","2","1x 6oz; 1x 4oz/Pic, Esp, Dop","194","2024-07-23 09:53:08","2024-07-23 09:56:22","",""
"ESPRESSO","#2177","Point of Sale","1","1x 16oz/Large","175","2024-07-23 09:53:28","2024-07-23 09:56:23","",""
"ESPRESSO","#3923","Point of Sale","1","1x 8oz/Small","702","2024-07-23 09:59:01","2024-07-23 10:10:43","",""
"ESPRESSO","#1934","Point of Sale","1","1x 6oz","671","2024-07-23 09:59:34","2024-07-23 10:10:45","",""
"ESPRESSO","#650","Point of Sale","1","1x 12oz/Medium","595","2024-07-23 10:00:49","2024-07-23 10:10:44","",""
"ESPRESSO","#4431","Point of Sale","1","1x 16oz/Large","365","2024-07-23 10:04:39","2024-07-23 10:10:44","",""
"ESPRESSO","#1019","Point of Sale","2","1x A Savoury Muffin; 1x 16oz/Large","145","2024-07-23 10:21:21","2024-07-23 10:23:46","",""
"ESPRESSO","#6742","Point of Sale","2","1x 12oz/Medium; 1x 12oz/Medium","927","2024-07-23 10:21:51","2024-07-23 10:37:18","",""
"ESPRESSO","#410","Point of Sale","2","1x 12oz/Medium; 1x 12oz/Medium","893","2024-07-23 10:22:25","2024-07-23 10:37:18","",""
"ESPRESSO","#3247","Point of Sale","1","1x 12oz/Medium","737","2024-07-23 10:25:01","2024-07-23 10:37:18","",""
"ESPRESSO","#3788","Point of Sale","1","1x 12oz/Medium","370","2024-07-23 10:31:09","2024-07-23 10:37:19","",""
"ESPRESSO","#1220","Point of Sale","1","1x 500g Beans","123","2024-07-23 10:35:16","2024-07-23 10:37:19","",""
"ESPRESSO","#5865","Point of Sale","1","1x Bacon And Egg Breakfast Wrap","823","2024-07-23 10:36:54","2024-07-23 10:50:37","",""
"ESPRESSO","#9642","Point of Sale","2","1x A Sweet Muffin; 1x 20oz\ICED LARGE","475","2024-07-23 10:42:41","2024-07-23 10:50:36","",""
"ESPRESSO","#1913","Point of Sale","1","1x 8oz/Small","417","2024-07-23 10:43:41","2024-07-23 10:50:38","",""
"ESPRESSO","#5029","Point of Sale","3","1x 4oz/Pic, Esp, Dop; 1x 12oz/Medium; 1x Portugese Tart","307","2024-07-23 10:49:14","2024-07-23 10:54:21","",""
"ESPRESSO","#3132","Point of Sale","3","1x 12oz/Medium; 1x 12oz/Medium; 1x 12oz/Medium","406","2024-07-23 10:49:47","2024-07-23 10:56:33","",""
"ESPRESSO","#683","Point of Sale","1","1x 12oz/Medium","761","2024-07-23 10:50:02","2024-07-23 11:02:43","",""
"ESPRESSO","#6778","Point of Sale","2","1x 12oz/ICED SMALL; 1x Butterbing!","569","2024-07-23 10:50:43","2024-07-23 11:00:12","",""
"ESPRESSO","#1266","Point of Sale","1","1x 8oz/Small","426","2024-07-23 10:53:05","2024-07-23 11:00:11","",""
"ESPRESSO","#9560","Point of Sale","1","1x Protein Ball - Peanut Butter","418","2024-07-23 10:55:45","2024-07-23 11:02:43","",""
"ESPRESSO","#1874","Point of Sale","3","1x 12oz/Medium; 1x 12oz/Medium; 1x Protein Ball - Peanut Butter","388","2024-07-23 10:56:15","2024-07-23 11:02:43","",""
"ESPRESSO","#3712","Point of Sale","1","1x 12oz/Medium","311","2024-07-23 10:57:32","2024-07-23 11:02:43","",""
"ESPRESSO","#7854","Point of Sale","4","1x Bacon And Egg Breakfast Wrap; 1x 6oz; 1x 12oz/ICED SMALL; 1x Butterbing!","541","2024-07-23 10:59:36","2024-07-23 11:08:37","",""
"ESPRESSO","#3240","Point of Sale","1","1x Portugese Tart","254","2024-07-23 11:04:25","2024-07-23 11:08:39","",""
"ESPRESSO","#8484","Point of Sale","1","1x San Pellegrino 500ml","85","2024-07-23 11:07:14","2024-07-23 11:08:39","",""
"ESPRESSO","#2277","Point of Sale","1","1x 12oz/Medium","2881","2024-07-23 11:26:08","2024-07-23 12:14:09","",""
"ESPRESSO","#3202","Point of Sale","2","1x 16oz/Large; 1x 12oz/Medium","2849","2024-07-23 11:26:40","2024-07-23 12:14:09","",""
"ESPRESSO","#5504","Point of Sale","1","1x 16oz/ICED MEDIUM","2326","2024-07-23 11:35:23","2024-07-23 12:14:09","",""
"ESPRESSO","#7575","Point of Sale","1","1x 12oz/Medium","902","2024-07-23 11:59:08","2024-07-23 12:14:10","",""
"ESPRESSO","#4972","Point of Sale","2","1x A Sweet Muffin; 1x 12oz/Medium","2448","2024-07-23 12:11:03","2024-07-23 12:51:51","",""
"ESPRESSO","#7178","Point of Sale","1","1x 16oz/ICED MEDIUM","2397","2024-07-23 12:11:53","2024-07-23 12:51:50","",""
"ESPRESSO","#3077","Point of Sale","1","1x 6oz","2314","2024-07-23 12:13:15","2024-07-23 12:51:49","",""
"ESPRESSO","#2994","Point of Sale","2","1x 12oz/Medium; 1x 12oz/Medium","764","2024-07-23 12:39:07","2024-07-23 12:51:51","",""
"ESPRESSO","#7592","Point of Sale","1","1x 4oz/Pic, Esp, Dop","652","2024-07-23 12:40:59","2024-07-23 12:51:51","",""
"ESPRESSO","#9494","Point of Sale","1","1x 6oz","362","2024-07-23 12:49:30","2024-07-23 12:55:32","",""
"ESPRESSO","#6746","Point of Sale","3","1x 16oz/Large; 1x 16oz/Large; 1x 16oz/Large","5062","2024-07-23 12:51:15","2024-07-23 14:15:37","",""
"ESPRESSO","Garry","Point of Sale","2","1x 8oz/Small; 1x A Sweet Muffin","4955","2024-07-23 12:53:01","2024-07-23 14:15:36","",""
"ESPRESSO","#6630","Point of Sale","1","1x 12oz/ICED SMALL","4244","2024-07-23 13:04:54","2024-07-23 14:15:38","",""
"ESPRESSO","#9869","Point of Sale","1","1x 8oz/Small","3727","2024-07-23 13:13:31","2024-07-23 14:15:38","",""
"ESPRESSO","#2833","Point of Sale","2","1x A Cookie; 1x Protein Ball - Peanut Butter","2122","2024-07-23 13:40:16","2024-07-23 14:15:38","",""
"ESPRESSO","#6879","Point of Sale","1","1x 16oz/Large","1748","2024-07-24 05:09:20","2024-07-24 05:38:28","",""
"ESPRESSO","#2818","Point of Sale","2","2x 16oz/Large","1683","2024-07-24 05:10:25","2024-07-24 05:38:28","",""
"ESPRESSO","#367","Point of Sale","1","1x 12oz/Medium","1663","2024-07-24 05:10:47","2024-07-24 05:38:30","",""
"ESPRESSO","#4625","Point of Sale","1","1x 12oz/Medium","1233","2024-07-24 05:17:57","2024-07-24 05:38:30","",""
"ESPRESSO","#4767","Point of Sale","1","1x 12oz/Medium","1143","2024-07-24 05:19:27","2024-07-24 05:38:30","",""
"ESPRESSO","#5662","Point of Sale","2","1x 12oz/Medium; 1x 12oz/ICED SMALL","1120","2024-07-24 05:19:55","2024-07-24 05:38:35","",""
"ESPRESSO","#6233","Point of Sale","2","2x 4oz/Pic, Esp, Dop","957","2024-07-24 05:22:38","2024-07-24 05:38:35","",""
"ESPRESSO","#3242","Point of Sale","1","1x 12oz/Medium","862","2024-07-24 05:24:14","2024-07-24 05:38:36","",""
"ESPRESSO","#5258","Point of Sale","1","1x 6oz","426","2024-07-24 05:31:29","2024-07-24 05:38:35","",""
"ESPRESSO","#8440","Point of Sale","2","1x 16oz/ICED MEDIUM; 1x A Cookie","399","2024-07-24 05:31:57","2024-07-24 05:38:36","",""
"ESPRESSO","#7345","Point of Sale","1","1x 20oz\ICED LARGE","213","2024-07-24 05:36:31","2024-07-24 05:40:04","",""
"ESPRESSO","#4504","Point of Sale","1","1x 8oz/Small","852","2024-07-24 05:36:58","2024-07-24 05:51:10","",""
"ESPRESSO","#7418","Point of Sale","1","1x 12oz/Medium","795","2024-07-24 05:37:54","2024-07-24 05:51:09","",""
"ESPRESSO","#7916","Point of Sale","2","1x Portugese Tart; 1x 12oz/Medium","234","2024-07-24 05:47:16","2024-07-24 05:51:10","",""
"ESPRESSO","#2155","Point of Sale","2","2x 4oz/Pic, Esp, Dop","190","2024-07-24 05:48:00","2024-07-24 05:51:10","",""
"ESPRESSO","#8880","Point of Sale","1","1x 12oz/Medium","157","2024-07-24 05:48:34","2024-07-24 05:51:11","",""
"ESPRESSO","#6549","Point of Sale","2","2x 12oz/Medium","284","2024-07-24 05:49:17","2024-07-24 05:54:01","",""
"ESPRESSO","#6922","Point of Sale","1","1x 12oz/Medium","262","2024-07-24 05:49:39","2024-07-24 05:54:01","",""
"ESPRESSO","#5516","Point of Sale","2","1x 12oz/ICED SMALL; 1x 16oz/ICED MEDIUM","357","2024-07-24 05:50:00","2024-07-24 05:55:57","",""
"ESPRESSO","#4541","Point of Sale","1","1x 12oz/Medium","602","2024-07-24 05:50:36","2024-07-24 06:00:38","",""
"ESPRESSO","#4403","Point of Sale","1","1x 12oz/Medium","523","2024-07-24 05:51:55","2024-07-24 06:00:38","",""
"ESPRESSO","#5492","Point of Sale","1","1x 16oz/ICED MEDIUM","402","2024-07-24 05:53:56","2024-07-24 06:00:38","",""
"ESPRESSO","#6520","Point of Sale","1","1x 8oz/Small","1717","2024-07-24 05:54:14","2024-07-24 06:22:51","",""
"ESPRESSO","#1592","Point of Sale","2","1x 16oz/Large; 1x A Sweet Muffin","290","2024-07-24 05:55:48","2024-07-24 06:00:38","",""
"ESPRESSO","#5100","Point of Sale","2","2x 12oz/Medium","1435","2024-07-24 05:58:56","2024-07-24 06:22:51","",""
"ESPRESSO","#2431","Point of Sale","1","1x 6oz","1245","2024-07-24 06:02:05","2024-07-24 06:22:50","",""
"ESPRESSO","#9257","Point of Sale","1","1x 12oz/Medium","314","2024-07-24 06:17:36","2024-07-24 06:22:50","",""
"ESPRESSO","#5818","Point of Sale","2","1x 16oz/Large; 1x 8oz/Small","202","2024-07-24 06:19:28","2024-07-24 06:22:50","",""
"ESPRESSO","#4040","Point of Sale","1","1x 8oz/Small","815","2024-07-24 06:22:25","2024-07-24 06:36:00","",""
"ESPRESSO","#1737","Point of Sale","1","1x 8oz/Small","610","2024-07-24 06:25:50","2024-07-24 06:36:00","",""
"ESPRESSO","#5696","Point of Sale","1","1x 12oz/Medium","516","2024-07-24 06:27:25","2024-07-24 06:36:01","",""
"ESPRESSO","#6273","Point of Sale","1","1x 12oz/Medium","287","2024-07-24 06:31:13","2024-07-24 06:36:00","",""
"ESPRESSO","#2434","Point of Sale","1","1x 8oz/Small","220","2024-07-24 06:32:21","2024-07-24 06:36:01","",""
"ESPRESSO","#4028","Point of Sale","2","1x 12oz/Medium; 1x 12oz/Medium","369","2024-07-24 06:35:45","2024-07-24 06:41:54","",""
"ESPRESSO","#2908","Point of Sale","1","1x 8oz/Small","200","2024-07-24 06:38:36","2024-07-24 06:41:56","",""
"ESPRESSO","#3530","Point of Sale","1","1x 12oz/Medium","72","2024-07-24 06:40:45","2024-07-24 06:41:57","",""
"ESPRESSO","#7388","Point of Sale","1","1x 12oz/Medium","362","2024-07-24 06:41:06","2024-07-24 06:47:08","",""
"ESPRESSO","#9236","Point of Sale","3","1x Pupacino; 1x 12oz/Medium; 1x 12oz/Medium","341","2024-07-24 06:41:29","2024-07-24 06:47:10","",""
"ESPRESSO","#1865","Point of Sale","1","1x 12oz/ICED SMALL","481","2024-07-24 06:42:53","2024-07-24 06:50:54","",""
"ESPRESSO","#26","Point of Sale","1","1x 8oz/Small","297","2024-07-24 06:43:27","2024-07-24 06:48:24","",""
"ESPRESSO","#3313","Point of Sale","2","1x 4oz/Pic, Esp, Dop; 1x San Pellegrino 500ml","418","2024-07-24 06:43:56","2024-07-24 06:50:54","",""
"ESPRESSO","#1051","Point of Sale","2","2x 12oz/Medium","769","2024-07-24 06:44:16","2024-07-24 06:57:05","",""
"ESPRESSO","#3926","Point of Sale","1","1x 16oz/Large","721","2024-07-24 06:45:05","2024-07-24 06:57:06","",""
"ESPRESSO","#6616","Point of Sale","1","1x 12oz/Medium","626","2024-07-24 06:46:38","2024-07-24 06:57:04","",""
"ESPRESSO","#2491","Point of Sale","1","1x 12oz/Medium","608","2024-07-24 06:46:56","2024-07-24 06:57:04","",""
"ESPRESSO","#2103","Point of Sale","1","1x 16oz/Large","332","2024-07-24 06:51:33","2024-07-24 06:57:05","",""
"ESPRESSO","#9950","Point of Sale","2","1x 12oz/Medium; 1x 6oz","416","2024-07-24 06:56:29","2024-07-24 07:03:25","",""
"ESPRESSO","#3141","Point of Sale","2","1x 12oz/Medium; 1x 12oz/Medium","111","2024-07-24 07:01:34","2024-07-24 07:03:25","",""
"ESPRESSO","#1340","Point of Sale","4","1x 16oz/Large; 2x Babycino; 1x 6oz","672","2024-07-24 07:03:13","2024-07-24 07:14:25","",""
"ESPRESSO","#355","Point of Sale","1","1x 16oz/Large","518","2024-07-24 07:05:47","2024-07-24 07:14:25","",""
"ESPRESSO","#9903","Point of Sale","1","1x 12oz/Medium","381","2024-07-24 07:08:04","2024-07-24 07:14:25","",""
"ESPRESSO","#1695","Point of Sale","1","1x 16oz/Large","115","2024-07-24 07:12:30","2024-07-24 07:14:25","",""
"ESPRESSO","#68","Point of Sale","1","1x 12oz/Medium","102","2024-07-24 07:12:43","2024-07-24 07:14:25","",""
"ESPRESSO","#7209","Point of Sale","1","1x 6oz","879","2024-07-24 07:20:22","2024-07-24 07:35:01","",""
"ESPRESSO","#3420","Point of Sale","1","1x 16oz/Large","820","2024-07-24 07:21:21","2024-07-24 07:35:01","",""
"ESPRESSO","#4838","Point of Sale","1","1x 12oz/ICED SMALL","763","2024-07-24 07:22:18","2024-07-24 07:35:01","",""
"ESPRESSO","#9118","Point of Sale","3","1x 16oz/ICED MEDIUM; 1x A Sweet Muffin; 1x 12oz/Medium","288","2024-07-24 07:30:14","2024-07-24 07:35:02","",""
"ESPRESSO","#4946","Point of Sale","1","1x 4oz/Pic, Esp, Dop","273","2024-07-24 07:30:34","2024-07-24 07:35:07","",""
"ESPRESSO","#4041","Point of Sale","2","1x 6oz; 1x 6oz","219","2024-07-24 07:31:29","2024-07-24 07:35:08","",""
"ESPRESSO","#9411","Point of Sale","1","1x 6oz","652","2024-07-24 07:33:06","2024-07-24 07:43:58","",""
"ESPRESSO","#9491","Point of Sale","2","1x 6oz; 1x 6oz","622","2024-07-24 07:33:36","2024-07-24 07:43:58","",""
"ESPRESSO","#5570","Point of Sale","2","1x 20oz\ICED LARGE; 1x A Savoury Muffin","576","2024-07-24 07:34:23","2024-07-24 07:43:59","",""
"ESPRESSO","#7529","Point of Sale","1","1x 12oz/Medium","474","2024-07-24 07:36:06","2024-07-24 07:44:00","",""
"ESPRESSO","#4592","Point of Sale","2","1x Pupacino; 1x 12oz/Medium","238","2024-07-24 07:43:03","2024-07-24 07:47:01","",""
"ESPRESSO","#5901","Point of Sale","1","1x 12oz/Medium","213","2024-07-24 07:43:28","2024-07-24 07:47:01","",""
"ESPRESSO","#7844","Point of Sale","1","1x 12oz/Medium","831","2024-07-24 07:45:06","2024-07-24 07:58:57","",""
"ESPRESSO","#2554","Point of Sale","1","1x 6oz","812","2024-07-24 07:45:25","2024-07-24 07:58:57","",""
"ESPRESSO","#2062","Point of Sale","2","1x 12oz/Medium; 1x Bacon And Egg Breakfast Wrap","745","2024-07-24 07:46:32","2024-07-24 07:58:57","",""
"ESPRESSO","#8245","Point of Sale","2","1x A Sweet Muffin; 1x 4oz/Pic, Esp, Dop","575","2024-07-24 07:49:22","2024-07-24 07:58:57","",""
"ESPRESSO","#9273","Point of Sale","2","1x Bacon And Egg Breakfast Wrap; 1x 4oz/Pic, Esp, Dop","531","2024-07-24 07:50:07","2024-07-24 07:58:58","",""
"ESPRESSO","#5729","Point of Sale","1","1x 12oz/Medium","527","2024-07-24 07:51:20","2024-07-24 08:00:07","",""
"ESPRESSO","#3533","Point of Sale","2","1x 8oz/Small; 1x 16oz/ICED MEDIUM","478","2024-07-24 07:55:32","2024-07-24 08:03:30","",""
"ESPRESSO","#4847","Point of Sale","3","1x 12oz/Medium; 1x Bacon And Egg Breakfast Wrap; 1x 12oz/Medium","420","2024-07-24 07:56:29","2024-07-24 08:03:29","",""
"ESPRESSO","#4762","Point of Sale","1","1x 16oz/ICED MEDIUM","335","2024-07-24 07:58:10","2024-07-24 08:03:45","",""
"ESPRESSO","#5518","Point of Sale","1","1x 6oz","316","2024-07-24 08:00:04","2024-07-24 08:05:20","",""
"ESPRESSO","547949877","Square Online","1","1x 16oz/Large","494","2024-07-24 08:00:43","2024-07-24 08:08:57","2024-07-24 08:00:39",""
"ESPRESSO","#2644","Point of Sale","1","1x 12oz/Medium","463","2024-07-24 08:01:14","2024-07-24 08:08:57","",""
"ESPRESSO","#1661","Point of Sale","2","1x 16oz/Large; 1x A Sweet Muffin","497","2024-07-24 08:02:18","2024-07-24 08:10:35","",""
"ESPRESSO","#9760","Point of Sale","1","1x 8oz/Small","485","2024-07-24 08:02:45","2024-07-24 08:10:50","",""
"ESPRESSO","#9800","Point of Sale","1","1x 16oz/Large","496","2024-07-24 08:04:47","2024-07-24 08:13:03","",""
"ESPRESSO","#2826","Point of Sale","1","1x 16oz/Large","521","2024-07-24 08:05:16","2024-07-24 08:13:57","",""
"ESPRESSO","#8760","Point of Sale","2","1x 6oz; 1x 20oz\ICED LARGE","621","2024-07-24 08:05:43","2024-07-24 08:16:04","",""
"ESPRESSO","#347","Point of Sale","1","1x 12oz/Medium","608","2024-07-24 08:05:57","2024-07-24 08:16:05","",""
"ESPRESSO","#2326","Point of Sale","2","1x 12oz/Medium; 1x 12oz/Medium","682","2024-07-24 08:07:21","2024-07-24 08:18:43","",""
"ESPRESSO","#4288","Point of Sale","2","2x 6oz","659","2024-07-24 08:07:44","2024-07-24 08:18:43","",""
"ESPRESSO","#5290","Point of Sale","8","1x 12oz/Medium; 1x 12oz/Medium; 1x 12oz/Medium; 1x 8oz/Small; 3x Babycino; 1x 12oz/Medium","928","2024-07-24 08:09:04","2024-07-24 08:24:32","",""
"ESPRESSO","#1405","Point of Sale","1","1x 20oz\ICED LARGE","851","2024-07-24 08:09:23","2024-07-24 08:23:34","",""
"ESPRESSO","#1753","Point of Sale","1","1x 8oz/Small","544","2024-07-24 08:10:06","2024-07-24 08:19:10","",""
"ESPRESSO","#7251","Point of Sale","2","1x Protein Ball - Peanut Butter; 1x 12oz/Medium","920","2024-07-24 08:10:48","2024-07-24 08:26:08","",""
"ESPRESSO","#7996","Point of Sale","2","1x 6oz; 1x Babycino","770","2024-07-24 08:13:17","2024-07-24 08:26:07","",""
"ESPRESSO","#8965","Point of Sale","2","1x 6oz; 1x 6oz","668","2024-07-24 08:16:25","2024-07-24 08:27:33","",""
"ESPRESSO","#782","Point of Sale","1","1x 6oz","528","2024-07-24 08:18:45","2024-07-24 08:27:33","",""
"ESPRESSO","#2240","Point of Sale","2","1x 16oz/Large; 1x Babycino","494","2024-07-24 08:19:19","2024-07-24 08:27:33","",""
"ESPRESSO","#9074","Point of Sale","1","1x 8oz/Small","1063","2024-07-24 08:24:25","2024-07-24 08:42:08","",""
"ESPRESSO","#899","Point of Sale","1","1x 12oz/Medium","974","2024-07-24 08:25:00","2024-07-24 08:41:14","",""
"ESPRESSO","#7439","Point of Sale","1","1x 12oz/Medium","399","2024-07-24 08:34:33","2024-07-24 08:41:12","",""
"ESPRESSO","#948","Point of Sale","1","1x 12oz/Medium","246","2024-07-24 08:37:08","2024-07-24 08:41:14","",""
"ESPRESSO","#713","Point of Sale","2","1x 16oz/Large; 1x 12oz/Medium","384","2024-07-24 08:39:41","2024-07-24 08:46:05","",""
"ESPRESSO","#4281","Point of Sale","2","1x 6oz; 1x 6oz","325","2024-07-24 08:40:41","2024-07-24 08:46:06","",""
"ESPRESSO","#6422","Point of Sale","1","1x 12oz/Medium","309","2024-07-24 08:40:58","2024-07-24 08:46:07","",""
"ESPRESSO","#9902","Point of Sale","3","1x 16oz/Large; 1x 16oz/Large; 1x Protein Ball - Peanut Butter","1167","2024-07-24 08:41:50","2024-07-24 09:01:17","",""
"ESPRESSO","#4654","Point of Sale","3","1x 16oz/Large; 2x 6oz","1077","2024-07-24 08:43:20","2024-07-24 09:01:17","",""
"ESPRESSO","#9835","Point of Sale","3","2x 8oz/Small; 1x Babycino","722","2024-07-24 08:49:15","2024-07-24 09:01:17","",""
"ESPRESSO","#8594","Point of Sale","1","1x 6oz","671","2024-07-24 08:50:06","2024-07-24 09:01:17","",""
"ESPRESSO","#1862","Point of Sale","1","1x 6oz","129","2024-07-24 08:59:10","2024-07-24 09:01:19","",""
"ESPRESSO","#1775","Point of Sale","1","1x 16oz/Large","550","2024-07-24 09:00:22","2024-07-24 09:09:32","",""
"ESPRESSO","#2605","Point of Sale","1","1x 6oz","418","2024-07-24 09:02:34","2024-07-24 09:09:32","",""
"ESPRESSO","#9340","Point of Sale","1","1x 12oz/ICED SMALL","299","2024-07-24 09:04:33","2024-07-24 09:09:32","",""
"ESPRESSO","#6949","Point of Sale","1","1x 12oz/Medium","293","2024-07-24 09:09:14","2024-07-24 09:14:07","",""
"ESPRESSO","#6214","Point of Sale","1","1x 12oz/Medium","550","2024-07-24 09:09:32","2024-07-24 09:18:42","",""
"ESPRESSO","#8046","Point of Sale","1","1x 12oz/Medium","311","2024-07-24 09:13:30","2024-07-24 09:18:41","",""
"ESPRESSO","#7422","Point of Sale","1","1x 16oz/Large","295","2024-07-24 09:13:46","2024-07-24 09:18:41","",""
"ESPRESSO","#5526","Point of Sale","2","2x 6oz","246","2024-07-24 09:14:36","2024-07-24 09:18:42","",""
"ESPRESSO","#8114","Point of Sale","1","1x 6oz","193","2024-07-24 09:15:29","2024-07-24 09:18:42","",""
"ESPRESSO","#7737","Point of Sale","1","1x 16oz/Large","740","2024-07-24 09:17:28","2024-07-24 09:29:48","",""
"ESPRESSO","#2348","Point of Sale","1","1x 12oz/Medium","677","2024-07-24 09:18:31","2024-07-24 09:29:48","",""
"ESPRESSO","#2590","Point of Sale","2","1x 16oz/Large; 1x 16oz/Large","607","2024-07-24 09:19:42","2024-07-24 09:29:49","",""
"ESPRESSO","#2855","Point of Sale","1","1x 8oz/Small","577","2024-07-24 09:20:11","2024-07-24 09:29:48","",""
"ESPRESSO","#2069","Point of Sale","1","1x 8oz/Small","300","2024-07-24 09:24:49","2024-07-24 09:29:49","",""
"ESPRESSO","#9153","Point of Sale","2","1x Bacon And Egg Breakfast Wrap; 1x 20oz\ICED LARGE","313","2024-07-24 09:29:15","2024-07-24 09:34:28","",""
"ESPRESSO","#7580","Point of Sale","1","1x 12oz/Medium","168","2024-07-24 09:31:39","2024-07-24 09:34:27","",""
"ESPRESSO","#4823","Point of Sale","2","1x 12oz/Medium; 1x Butterbing!","196","2024-07-24 09:35:54","2024-07-24 09:39:10","",""
"ESPRESSO","#6491","Point of Sale","1","1x 12oz/Medium","116","2024-07-24 09:37:14","2024-07-24 09:39:10","",""
"ESPRESSO","#3564","Point of Sale","1","1x 8oz/Small","174","2024-07-24 09:40:07","2024-07-24 09:43:01","",""
"ESPRESSO","#1922","Point of Sale","1","1x 8oz/Small","108","2024-07-24 09:41:13","2024-07-24 09:43:01","",""
"ESPRESSO","#4026","Point of Sale","1","1x 12oz/Medium","635","2024-07-24 09:42:52","2024-07-24 09:53:27","",""
"ESPRESSO","#9338","Point of Sale","1","1x 8oz/Small","618","2024-07-24 09:43:08","2024-07-24 09:53:26","",""
"ESPRESSO","#7585","Point of Sale","1","1x 6oz","321","2024-07-24 09:48:05","2024-07-24 09:53:26","",""
"ESPRESSO","#9553","Point of Sale","2","2x 12oz/Medium","593","2024-07-24 09:56:07","2024-07-24 10:06:00","",""
"ESPRESSO","#7373","Point of Sale","1","1x 12oz/Medium","363","2024-07-24 09:59:58","2024-07-24 10:06:01","",""
"ESPRESSO","#901","Point of Sale","1","1x Bacon And Egg Breakfast Wrap","330","2024-07-24 10:00:31","2024-07-24 10:06:01","",""
"ESPRESSO","#447","Point of Sale","1","1x 8oz/Small","203","2024-07-24 10:02:39","2024-07-24 10:06:02","",""
"ESPRESSO","#6361","Point of Sale","1","1x 8oz/Small","26","2024-07-24 10:05:36","2024-07-24 10:06:02","",""
"ESPRESSO","#3764","Point of Sale","1","1x 8oz/Small","235","2024-07-24 10:06:30","2024-07-24 10:10:25","",""
"ESPRESSO","#8811","Point of Sale","4","1x 8oz/Small; 2x 4oz/Pic, Esp, Dop; 1x 4oz/Pic, Esp, Dop","166","2024-07-24 10:07:40","2024-07-24 10:10:26","",""
"ESPRESSO","#2951","Point of Sale","4","1x 12oz/Medium; 1x 12oz/Medium; 1x 12oz/Medium; 1x 16oz/ICED MEDIUM","245","2024-07-24 10:09:44","2024-07-24 10:13:49","",""
"ESPRESSO","#1901","Point of Sale","1","1x 8oz/Small","569","2024-07-24 10:12:38","2024-07-24 10:22:07","",""
"ESPRESSO","#4028","Point of Sale","2","1x 8oz/Small; 1x 16oz/Large","139","2024-07-24 10:19:48","2024-07-24 10:22:07","",""
"ESPRESSO","#9652","Point of Sale","2","1x A Cookie; 1x 16oz/Large","1351","2024-07-24 10:21:08","2024-07-24 10:43:39","",""
"ESPRESSO","#6675","Point of Sale","1","1x 12oz/Medium","1043","2024-07-24 10:26:16","2024-07-24 10:43:39","",""
"ESPRESSO","#6812","Point of Sale","1","1x 12oz/Medium","797","2024-07-24 10:30:21","2024-07-24 10:43:38","",""
"ESPRESSO","#9341","Point of Sale","2","1x 500g Beans; 1x 4oz/Pic, Esp, Dop","677","2024-07-24 10:32:21","2024-07-24 10:43:38","",""
"ESPRESSO","#8198","Point of Sale","1","1x 12oz/Medium","319","2024-07-24 10:38:20","2024-07-24 10:43:39","",""
"ESPRESSO","#8542","Point of Sale","2","1x A Sweet Muffin; 1x 16oz/Large","593","2024-07-24 10:38:49","2024-07-24 10:48:42","",""
"ESPRESSO","#9541","Point of Sale","1","1x 16oz/Large","522","2024-07-24 10:40:01","2024-07-24 10:48:43","",""
"ESPRESSO","#4509","Point of Sale","1","1x 12oz/Medium","449","2024-07-24 10:41:13","2024-07-24 10:48:42","",""
"ESPRESSO","#3195","Point of Sale","1","1x 16oz/ICED MEDIUM","325","2024-07-24 10:43:18","2024-07-24 10:48:43","",""
"ESPRESSO","#3856","Point of Sale","1","1x 12oz/Medium","1207","2024-07-24 10:45:38","2024-07-24 11:05:45","",""
"ESPRESSO","#1499","Point of Sale","1","1x 12oz/Medium","560","2024-07-24 10:56:15","2024-07-24 11:05:35","",""
"ESPRESSO","#4112","Point of Sale","2","1x 16oz/Large; 1x Bacon And Egg Breakfast Wrap","515","2024-07-24 10:56:59","2024-07-24 11:05:34","",""
"ESPRESSO","#5753","Point of Sale","2","1x 6oz; 1x 6oz","369","2024-07-24 10:59:27","2024-07-24 11:05:36","",""
"ESPRESSO","#162","Point of Sale","2","1x 12oz/Medium; 1x 6oz","282","2024-07-24 11:01:05","2024-07-24 11:05:47","",""
"ESPRESSO","#7867","Point of Sale","2","1x A Cookie; 1x 16oz/Large","456","2024-07-24 11:02:08","2024-07-24 11:09:44","",""
"ESPRESSO","#5834","Point of Sale","1","1x 12oz/ICED SMALL","434","2024-07-24 11:02:30","2024-07-24 11:09:44","",""
"ESPRESSO","#1852","Point of Sale","1","1x 12oz/Medium","412","2024-07-24 11:02:52","2024-07-24 11:09:44","",""
"ESPRESSO","#4412","Point of Sale","3","1x 12oz/Medium; 1x 12oz/Medium; 1x 12oz/Medium","1371","2024-07-24 11:04:08","2024-07-24 11:26:59","",""
"ESPRESSO","#7406","Point of Sale","2","1x A Savoury Muffin; 1x 12oz/Medium","1209","2024-07-24 11:06:50","2024-07-24 11:26:59","",""
"ESPRESSO","#5418","Point of Sale","2","1x 12oz/ICED SMALL; 1x Protein Ball - Peanut Butter","786","2024-07-24 11:13:53","2024-07-24 11:26:59","",""
"ESPRESSO","#6484","Point of Sale","2","1x Protein Ball - Peanut Butter; 1x 12oz/Medium","629","2024-07-24 11:16:31","2024-07-24 11:27:00","",""
"ESPRESSO","#2731","Point of Sale","1","1x 16oz/ICED MEDIUM","612","2024-07-24 11:16:48","2024-07-24 11:27:00","",""
"ESPRESSO","#7721","Point of Sale","2","1x 6oz; 1x Bacon And Egg Breakfast Wrap","2904","2024-07-24 11:25:26","2024-07-24 12:13:50","",""
"ESPRESSO","#1159","Point of Sale","1","1x 16oz/ICED MEDIUM","2580","2024-07-24 11:30:51","2024-07-24 12:13:51","",""
"ESPRESSO","#2135","Point of Sale","3","1x 6oz; 1x 6oz; 1x 6oz","2281","2024-07-24 11:35:52","2024-07-24 12:13:53","",""
"ESPRESSO","#5776","Point of Sale","1","1x 8oz/Small","1781","2024-07-24 11:44:12","2024-07-24 12:13:53","",""
"ESPRESSO","#8109","Point of Sale","1","1x 12oz/Medium","877","2024-07-24 12:13:52","2024-07-24 12:28:29","",""
"ESPRESSO","#346","Point of Sale","2","1x 12oz/Medium; 1x A Cookie","820","2024-07-24 12:14:49","2024-07-24 12:28:29","",""
"ESPRESSO","#7131","Point of Sale","1","1x 12oz/Medium","527","2024-07-24 12:19:43","2024-07-24 12:28:30","",""
"ESPRESSO","#5864","Point of Sale","1","1x A Cookie","280","2024-07-24 12:35:06","2024-07-24 12:39:46","",""
"ESPRESSO","#2628","Point of Sale","1","1x A Cookie","100","2024-07-24 12:38:07","2024-07-24 12:39:47","",""
"ESPRESSO","#4712","Point of Sale","1","1x 4oz/Pic, Esp, Dop","58308","2024-07-24 12:53:46","2024-07-25 05:05:34","",""
"ESPRESSO","#917","Point of Sale","1","1x 4oz/Pic, Esp, Dop","58198","2024-07-24 12:55:36","2024-07-25 05:05:34","",""
"ESPRESSO","#3546","Point of Sale","1","1x 8oz/Small","57848","2024-07-24 13:01:27","2024-07-25 05:05:35","",""
"ESPRESSO","#1547","Point of Sale","2","1x 12oz/Medium; 1x Fruit Juice","57824","2024-07-24 13:01:50","2024-07-25 05:05:34","",""
"ESPRESSO","#3718","Point of Sale","1","1x 8oz/Small","57384","2024-07-24 13:09:12","2024-07-25 05:05:36","",""
"ESPRESSO","#9899","Point of Sale","1","1x 12oz/Medium","58767","2024-07-24 13:19:58","2024-07-25 05:39:25","",""
"ESPRESSO","#5995","Point of Sale","1","1x 8oz/Small","58369","2024-07-24 13:26:37","2024-07-25 05:39:26","",""
"ESPRESSO","#9204","Point of Sale","1","1x 6oz","58320","2024-07-24 13:27:26","2024-07-25 05:39:26","",""
"ESPRESSO","#7728","Point of Sale","1","1x 8oz/Small","57173","2024-07-24 13:46:33","2024-07-25 05:39:26","",""
"ESPRESSO","#7666","Point of Sale","1","1x 12oz/Medium","2109","2024-07-25 05:04:18","2024-07-25 05:39:27","",""
"ESPRESSO","#8163","Point of Sale","1","1x 12oz/Medium","1442","2024-07-25 05:15:30","2024-07-25 05:39:32","",""
"ESPRESSO","#5821","Point of Sale","2","2x 6oz","876","2024-07-25 05:24:56","2024-07-25 05:39:32","",""
"ESPRESSO","#2449","Point of Sale","1","1x 16oz/Large","189","2024-07-25 05:36:24","2024-07-25 05:39:33","",""
"ESPRESSO","#2326","Point of Sale","2","1x 8oz/Small; 1x Bacon And Egg Breakfast Wrap","894","2024-07-25 05:36:45","2024-07-25 05:51:39","",""
"ESPRESSO","#8725","Point of Sale","1","1x 16oz/ICED MEDIUM","802","2024-07-25 05:38:17","2024-07-25 05:51:39","",""
"ESPRESSO","#9849","Point of Sale","2","1x 12oz/Medium; 1x 16oz/ICED MEDIUM","775","2024-07-25 05:38:44","2024-07-25 05:51:39","",""
"ESPRESSO","#4617","Point of Sale","1","1x 20oz\ICED LARGE","552","2024-07-25 05:42:28","2024-07-25 05:51:40","",""
"ESPRESSO","#6216","Point of Sale","1","1x 16oz/Large","502","2024-07-25 05:43:18","2024-07-25 05:51:40","",""
"ESPRESSO","#8526","Point of Sale","1","1x Candle","1159","2024-07-25 05:46:24","2024-07-25 06:05:43","",""
"ESPRESSO","#5185","Point of Sale","2","1x 16oz/Large; 1x 12oz/Medium","858","2024-07-25 05:51:25","2024-07-25 06:05:43","",""
"ESPRESSO","#7161","Point of Sale","1","1x 12oz/Medium","748","2024-07-25 05:53:15","2024-07-25 06:05:43","",""
"ESPRESSO","#2710","Point of Sale","1","1x 6oz","494","2024-07-25 05:57:30","2024-07-25 06:05:44","",""
"ESPRESSO","#9503","Point of Sale","1","1x 12oz/Medium","481","2024-07-25 05:57:43","2024-07-25 06:05:44","",""
"ESPRESSO","#3619","Point of Sale","1","1x 16oz/Large","970","2024-07-25 05:58:00","2024-07-25 06:14:10","",""
"ESPRESSO","#1368","Point of Sale","1","1x ","867","2024-07-25 05:59:42","2024-07-25 06:14:09","",""
"ESPRESSO","#9717","Point of Sale","2","1x 6oz; 1x 16oz/Large","513","2024-07-25 06:05:34","2024-07-25 06:14:07","",""
"ESPRESSO","#6668","Point of Sale","3","2x 12oz/Medium; 1x 6oz","391","2024-07-25 06:07:39","2024-07-25 06:14:10","",""
"ESPRESSO","#1971","Point of Sale","1","1x 6oz","335","2024-07-25 06:13:19","2024-07-25 06:18:54","",""
"ESPRESSO","#4944","Point of Sale","2","1x 8oz/Small; 1x 8oz/Small","312","2024-07-25 06:13:42","2024-07-25 06:18:54","",""
"ESPRESSO","#2068","Point of Sale","1","1x 8oz/Small","278","2024-07-25 06:14:17","2024-07-25 06:18:55","",""
"ESPRESSO","#5429","Point of Sale","2","1x 16oz/Large; 1x 12oz/Medium","199","2024-07-25 06:17:22","2024-07-25 06:20:41","",""
"ESPRESSO","#2913","Point of Sale","1","1x 12oz/Medium","261","2024-07-25 06:17:52","2024-07-25 06:22:13","",""
"ESPRESSO","#2572","Point of Sale","1","1x 16oz/Large","229","2024-07-25 06:18:24","2024-07-25 06:22:13","",""
"ESPRESSO","#4331","Point of Sale","4","1x 16oz/Large; 1x 6oz; 2x Babycino","324","2024-07-25 06:20:09","2024-07-25 06:25:33","",""
"ESPRESSO","#2104","Point of Sale","1","1x 12oz/Medium","525","2024-07-25 06:20:25","2024-07-25 06:29:10","",""
"ESPRESSO","#3700","Point of Sale","2","2x 8oz/Small","475","2024-07-25 06:21:16","2024-07-25 06:29:11","",""
"ESPRESSO","#1983","Point of Sale","2","1x A Sweet Muffin; 1x 16oz/Large","374","2024-07-25 06:22:57","2024-07-25 06:29:11","",""
"ESPRESSO","#2034","Point of Sale","1","1x 16oz/Large","405","2024-07-25 06:24:45","2024-07-25 06:31:30","",""
"ESPRESSO","1425481081","Square Online","1","1x 12oz/Medium","464","2024-07-25 06:26:43","2024-07-25 06:34:27","2024-07-25 06:26:38",""
"ESPRESSO","#1243","Point of Sale","1","1x 6oz","446","2024-07-25 06:27:00","2024-07-25 06:34:26","",""
"ESPRESSO","#2675","Point of Sale","1","1x 12oz/Medium","1600","2024-07-25 06:30:00","2024-07-25 06:56:40","",""
"ESPRESSO","#8441","Point of Sale","2","1x 12oz/Medium; 1x 12oz/Medium","1526","2024-07-25 06:31:14","2024-07-25 06:56:40","",""
"ESPRESSO","#811","Point of Sale","1","1x 12oz/Medium","1444","2024-07-25 06:32:36","2024-07-25 06:56:40","",""
"ESPRESSO","#8718","Point of Sale","1","1x 8oz/Small","888","2024-07-25 06:41:52","2024-07-25 06:56:40","",""
"ESPRESSO","#4412","Point of Sale","1","1x 12oz/Medium","619","2024-07-25 06:46:22","2024-07-25 06:56:41","",""
"ESPRESSO","#2194","Point of Sale","2","2x 4oz/Pic, Esp, Dop","262","2024-07-25 06:55:07","2024-07-25 06:59:29","",""
"ESPRESSO","#9877","Point of Sale","2","1x 12oz/Medium; 1x 8oz/Small","573","2024-07-25 06:55:50","2024-07-25 07:05:23","",""
"ESPRESSO","#3780","Point of Sale","1","1x 12oz/Medium","552","2024-07-25 06:56:10","2024-07-25 07:05:22","",""
"ESPRESSO","#4500","Point of Sale","1","1x 12oz/Medium","533","2024-07-25 06:56:29","2024-07-25 07:05:22","",""
"ESPRESSO","#1663","Point of Sale","2","1x 12oz/Medium; 1x A Sweet Muffin","487","2024-07-25 06:57:15","2024-07-25 07:05:22","",""
"ESPRESSO","#7780","Point of Sale","2","1x 12oz/Medium; 1x 12oz/Medium","462","2024-07-25 06:57:41","2024-07-25 07:05:23","",""
"ESPRESSO","#7765","Point of Sale","1","1x 12oz/Medium","651","2024-07-25 06:58:06","2024-07-25 07:08:57","",""
"ESPRESSO","#5096","Point of Sale","1","1x 12oz/Medium","636","2024-07-25 06:58:21","2024-07-25 07:08:57","",""
"ESPRESSO","#7032","Point of Sale","1","1x 8oz/Small","786","2024-07-25 06:58:42","2024-07-25 07:11:48","",""
"ESPRESSO","#4557","Point of Sale","1","1x 16oz/Large","771","2024-07-25 06:58:57","2024-07-25 07:11:48","",""
"ESPRESSO","#4321","Point of Sale","2","1x 12oz/Medium; 1x 12oz/Medium","419","2024-07-25 06:59:16","2024-07-25 07:06:15","",""
"ESPRESSO","#6859","Point of Sale","4","1x Portugese Tart; 1x A Sweet Muffin; 1x 20oz\ICED LARGE; 1x 8oz/Small","543","2024-07-25 07:06:49","2024-07-25 07:15:52","",""
"ESPRESSO","#4918","Point of Sale","2","1x Babycino; 1x 16oz/Large","1168","2024-07-25 07:13:12","2024-07-25 07:32:40","",""
"ESPRESSO","#8461","Point of Sale","3","1x 12oz/Medium; 2x 12oz/Medium","1142","2024-07-25 07:13:38","2024-07-25 07:32:40","",""
"ESPRESSO","#3466","Point of Sale","2","2x 12oz/Medium","1016","2024-07-25 07:15:43","2024-07-25 07:32:39","",""
"ESPRESSO","#6544","Point of Sale","2","1x 8oz/Small; 1x 8oz/Small","321","2024-07-25 07:27:18","2024-07-25 07:32:39","",""
"ESPRESSO","#7351","Point of Sale","1","1x 12oz/Medium","278","2024-07-25 07:28:01","2024-07-25 07:32:39","",""
"ESPRESSO","#3872","Point of Sale","2","1x 16oz/ICED MEDIUM; 1x A Savoury Muffin","688","2024-07-25 07:31:57","2024-07-25 07:43:25","",""
"ESPRESSO","#1879","Point of Sale","2","1x 8oz/Small; 1x 8oz/Small","295","2024-07-25 07:38:11","2024-07-25 07:43:06","",""
"ESPRESSO","#1791","Point of Sale","2","1x 12oz/Medium; 1x 20oz\ICED LARGE","272","2024-07-25 07:38:34","2024-07-25 07:43:06","",""
"ESPRESSO","#3662","Point of Sale","2","2x 16oz/Large","546","2024-07-25 07:40:04","2024-07-25 07:49:10","",""
"ESPRESSO","#152","Point of Sale","1","1x 8oz/Small","444","2024-07-25 07:41:47","2024-07-25 07:49:11","",""
"ESPRESSO","#535","Point of Sale","1","1x 12oz/Medium","377","2024-07-25 07:42:54","2024-07-25 07:49:11","",""
"ESPRESSO","#7961","Point of Sale","1","1x 16oz/Large","119","2024-07-25 07:47:12","2024-07-25 07:49:11","",""
"ESPRESSO","#1422","Point of Sale","1","1x 16oz/Large","273","2024-07-25 07:50:58","2024-07-25 07:55:31","",""
"ESPRESSO","#1865","Point of Sale","2","1x 20oz\ICED LARGE; 1x A Savoury Muffin","247","2024-07-25 07:51:24","2024-07-25 07:55:31","",""
"ESPRESSO","#597","Point of Sale","2","2x 12oz/ICED SMALL","737","2024-07-25 07:52:07","2024-07-25 08:04:24","",""
"ESPRESSO","#9468","Point of Sale","2","1x 8oz/Small; 1x 6oz","699","2024-07-25 07:52:44","2024-07-25 08:04:23","",""
"ESPRESSO","#9529","Point of Sale","2","1x 8oz/Small; 1x A Sweet Muffin","426","2024-07-25 07:57:18","2024-07-25 08:04:24","",""
"ESPRESSO","#1138","Point of Sale","1","1x 16oz/Large","199","2024-07-25 08:01:03","2024-07-25 08:04:22","",""
"ESPRESSO","#4810","Point of Sale","1","1x 12oz/Medium","421","2024-07-25 08:02:23","2024-07-25 08:09:24","",""
"ESPRESSO","#9110","Point of Sale","1","1x 16oz/Large","408","2024-07-25 08:02:36","2024-07-25 08:09:24","",""
"ESPRESSO","#5033","Point of Sale","1","1x 16oz/Large","342","2024-07-25 08:03:43","2024-07-25 08:09:25","",""
"ESPRESSO","#2865","Point of Sale","3","1x Protein Ball - Peanut Butter; 1x 8oz/Small; 1x A Sweet Muffin","481","2024-07-25 08:04:50","2024-07-25 08:12:51","",""
"ESPRESSO","#2047","Point of Sale","2","2x 6oz","432","2024-07-25 08:05:38","2024-07-25 08:12:50","",""
"ESPRESSO","#1652","Point of Sale","2","1x A Sweet Muffin; 1x 16oz/ICED MEDIUM","419","2024-07-25 08:07:17","2024-07-25 08:14:16","",""
"ESPRESSO","#4482","Point of Sale","1","1x 6oz","488","2024-07-25 08:08:07","2024-07-25 08:16:15","",""
"ESPRESSO","#6450","Point of Sale","1","1x 16oz/Large","465","2024-07-25 08:08:30","2024-07-25 08:16:15","",""
"ESPRESSO","#6045","Point of Sale","1","1x 12oz/Medium","589","2024-07-25 08:08:56","2024-07-25 08:18:45","",""
"ESPRESSO","#9337","Point of Sale","1","1x 16oz/Large","536","2024-07-25 08:09:50","2024-07-25 08:18:46","",""
"ESPRESSO","#9434","Point of Sale","2","1x 4oz/Pic, Esp, Dop; 1x Bacon And Egg Breakfast Wrap","513","2024-07-25 08:11:06","2024-07-25 08:19:39","",""
"ESPRESSO","#5858","Point of Sale","1","1x 12oz/Medium","782","2024-07-25 08:11:57","2024-07-25 08:24:59","",""
"ESPRESSO","#1917","Point of Sale","1","1x 16oz/Large","573","2024-07-25 08:15:26","2024-07-25 08:24:59","",""
"ESPRESSO","#7025","Point of Sale","1","1x 6oz","411","2024-07-25 08:18:09","2024-07-25 08:25:00","",""
"ESPRESSO","#9443","Point of Sale","2","1x 12oz/Medium; 1x Bacon And Egg Breakfast Wrap","391","2024-07-25 08:18:29","2024-07-25 08:25:00","",""
"ESPRESSO","#2206","Point of Sale","2","1x 12oz/Medium; 1x A Sweet Muffin","482","2024-07-25 08:22:35","2024-07-25 08:30:37","",""
"ESPRESSO","#5115","Point of Sale","3","1x 16oz/Large; 1x 12oz/Medium; 1x 6oz","293","2024-07-25 08:25:43","2024-07-25 08:30:36","",""
"ESPRESSO","#5161","Point of Sale","1","1x 16oz/Large","158","2024-07-25 08:29:25","2024-07-25 08:32:03","",""
"ESPRESSO","#1653","Point of Sale","1","1x 12oz/Medium","255","2024-07-25 08:30:28","2024-07-25 08:34:43","",""
"ESPRESSO","#3152","Point of Sale","1","1x 12oz/Medium","224","2024-07-25 08:30:59","2024-07-25 08:34:43","",""
"ESPRESSO","#7942","Point of Sale","2","1x 12oz/Medium; 1x 8oz/Small","449","2024-07-25 08:31:27","2024-07-25 08:38:56","",""
"ESPRESSO","#9699","Point of Sale","1","1x 4oz/Pic, Esp, Dop","265","2024-07-25 08:34:30","2024-07-25 08:38:55","",""
"ESPRESSO","#406","Point of Sale","1","1x 4oz/Pic, Esp, Dop","223","2024-07-25 08:35:13","2024-07-25 08:38:56","",""
"ESPRESSO","#2087","Point of Sale","1","1x 16oz/Large","571","2024-07-25 08:36:55","2024-07-25 08:46:26","",""
"ESPRESSO","#4501","Point of Sale","3","2x 16oz/Large; 1x 12oz/Medium","529","2024-07-25 08:37:36","2024-07-25 08:46:25","",""
"ESPRESSO","#2113","Point of Sale","1","1x 12oz/Medium","457","2024-07-25 08:38:48","2024-07-25 08:46:25","",""
"ESPRESSO","#2741","Point of Sale","1","1x 12oz/Medium","177","2024-07-25 08:43:28","2024-07-25 08:46:25","",""
"ESPRESSO","#930","Point of Sale","1","1x 16oz/Large","193","2024-07-25 08:44:44","2024-07-25 08:47:57","",""
"ESPRESSO","#6596","Point of Sale","1","1x 6oz","467","2024-07-25 08:45:55","2024-07-25 08:53:42","",""
"ESPRESSO","#353","Point of Sale","3","2x 6oz; 1x 16oz/Large","361","2024-07-25 08:47:42","2024-07-25 08:53:43","",""
"ESPRESSO","#3180","Point of Sale","2","1x 16oz/Large; 1x 16oz/Large","123","2024-07-25 08:51:40","2024-07-25 08:53:43","",""
"ESPRESSO","#5129","Point of Sale","1","1x 6oz","831","2024-07-25 08:52:48","2024-07-25 09:06:39","",""
"ESPRESSO","#9839","Point of Sale","2","1x 12oz/Medium; 1x Babycino","800","2024-07-25 08:53:18","2024-07-25 09:06:38","",""
"ESPRESSO","#311","Point of Sale","1","1x A Cookie","783","2024-07-25 08:53:35","2024-07-25 09:06:38","",""
"ESPRESSO","#448","Point of Sale","2","1x 8oz/Small; 1x Bacon And Egg Breakfast Wrap","500","2024-07-25 08:58:18","2024-07-25 09:06:38","",""
"ESPRESSO","#6696","Point of Sale","1","1x 16oz/Large","956","2024-07-25 09:07:04","2024-07-25 09:23:00","",""
"ESPRESSO","#1757","Point of Sale","1","1x 12oz/Medium","405","2024-07-25 09:20:14","2024-07-25 09:26:59","",""
"ESPRESSO","#8478","Point of Sale","2","1x A Sweet Muffin; 1x 12oz/Medium","361","2024-07-25 09:20:59","2024-07-25 09:27:00","",""
"ESPRESSO","#3791","Point of Sale","2","1x 8oz/Small; 1x A Savoury Muffin","332","2024-07-25 09:21:27","2024-07-25 09:26:59","",""
"ESPRESSO","#4808","Point of Sale","2","1x 6oz; 1x A Savoury Muffin","300","2024-07-25 09:21:59","2024-07-25 09:26:59","",""
"ESPRESSO","#9038","Point of Sale","1","1x 12oz/Medium","31","2024-07-25 09:26:29","2024-07-25 09:27:00","",""
"ESPRESSO","#6123","Point of Sale","1","1x 12oz/Medium","1928","2024-07-25 09:27:55","2024-07-25 10:00:03","",""
"ESPRESSO","#9786","Point of Sale","1","1x 16oz/Large","444","2024-07-25 09:28:28","2024-07-25 09:35:52","",""
"ESPRESSO","#2775","Point of Sale","1","1x 12oz/Medium","344","2024-07-25 09:30:09","2024-07-25 09:35:53","",""
"ESPRESSO","#440","Point of Sale","3","1x 4oz/Pic, Esp, Dop; 1x Bobby Soda; 1x 8oz/Small","131","2024-07-25 09:33:42","2024-07-25 09:35:53","",""
"ESPRESSO","#4998","Point of Sale","1","1x 8oz/Small","1527","2024-07-25 09:34:36","2024-07-25 10:00:03","",""
"ESPRESSO","#2436","Point of Sale","3","1x Portugese Tart; 1x 12oz/Medium; 1x ","1418","2024-07-25 09:36:27","2024-07-25 10:00:05","",""
"ESPRESSO","#5011","Point of Sale","2","1x 12oz/Medium; 1x 16oz/Large","909","2024-07-25 09:44:55","2024-07-25 10:00:04","",""
"ESPRESSO","#7875","Point of Sale","1","1x 12oz/Medium","806","2024-07-25 09:46:39","2024-07-25 10:00:05","",""
"ESPRESSO","#4963","Point of Sale","2","1x 16oz/Large; 1x A Sweet Muffin","1178","2024-07-25 09:59:32","2024-07-25 10:19:10","",""
"ESPRESSO","#3446","Point of Sale","1","1x 12oz/Medium","1055","2024-07-25 10:01:35","2024-07-25 10:19:10","",""
"ESPRESSO","#26","Point of Sale","1","1x 16oz/Large","882","2024-07-25 10:04:28","2024-07-25 10:19:10","",""
"ESPRESSO","#4912","Point of Sale","1","1x Solitude Coffee 250g","406","2024-07-25 10:12:25","2024-07-25 10:19:11","",""
"ESPRESSO","#814","Point of Sale","1","1x 6oz","337","2024-07-25 10:13:34","2024-07-25 10:19:11","",""
"ESPRESSO","#3131","Point of Sale","1","1x 8oz/Small","432","2024-07-25 10:15:28","2024-07-25 10:22:40","",""
"ESPRESSO","#8913","Point of Sale","1","1x 12oz/Medium","245","2024-07-25 10:18:34","2024-07-25 10:22:39","",""
"ESPRESSO","#5482","Point of Sale","2","1x 12oz/ICED SMALL; 1x 16oz/Large","323","2024-07-25 10:20:47","2024-07-25 10:26:10","",""
"ESPRESSO","#8125","Point of Sale","1","1x 16oz/ICED MEDIUM","267","2024-07-25 10:21:43","2024-07-25 10:26:10","",""
"ESPRESSO","Big G Dawg","Point of Sale","2","1x 12oz/Medium; 1x 12oz/Medium","362","2024-07-25 10:22:22","2024-07-25 10:28:24","",""
"ESPRESSO","Pat","Point of Sale","1","1x 16oz/Large","260","2024-07-25 10:24:04","2024-07-25 10:28:24","",""
"ESPRESSO","Emily","Point of Sale","1","1x 8oz/Small","232","2024-07-25 10:24:32","2024-07-25 10:28:24","",""
"ESPRESSO","Kris","Point of Sale","1","1x 12oz/Medium","322","2024-07-25 10:25:09","2024-07-25 10:30:31","",""
"ESPRESSO","Graham","Point of Sale","2","1x 16oz/Large; 1x 16oz/Large","347","2024-07-25 10:25:57","2024-07-25 10:31:44","",""
"ESPRESSO","Alisha","Point of Sale","1","1x 12oz/Medium","271","2024-07-25 10:28:09","2024-07-25 10:32:40","",""
"ESPRESSO","#3833","Point of Sale","1","1x 16oz/Large","253","2024-07-25 10:32:34","2024-07-25 10:36:47","",""
"ESPRESSO","Amanda","Point of Sale","2","1x 12oz/Medium; 1x A Savoury Muffin","876","2024-07-25 10:34:23","2024-07-25 10:48:59","",""
"ESPRESSO","Rachelle","Point of Sale","2","1x 16oz/Large; 1x Candle","832","2024-07-25 10:35:07","2024-07-25 10:48:59","",""
"ESPRESSO","Lilly","Point of Sale","3","1x 16oz/Large; 1x 16oz/Large; 1x 16oz/Large","693","2024-07-25 10:37:26","2024-07-25 10:48:59","",""
"ESPRESSO","#2365","Point of Sale","1","1x 12oz/Medium","678","2024-07-25 10:37:42","2024-07-25 10:49:00","",""
"ESPRESSO","#1099","Point of Sale","2","1x 12oz/Medium; 1x 12oz/Medium","818","2024-07-25 10:47:42","2024-07-25 11:01:20","",""
"ESPRESSO","#2268","Point of Sale","1","1x 8oz/Small","797","2024-07-25 10:48:03","2024-07-25 11:01:20","",""
"ESPRESSO","#590","Point of Sale","1","1x Bobby Soda","783","2024-07-25 10:48:16","2024-07-25 11:01:19","",""
"ESPRESSO","#6896","Point of Sale","1","1x 8oz/Small","196","2024-07-25 10:58:07","2024-07-25 11:01:23","",""
"ESPRESSO","#495","Point of Sale","2","1x 6oz; 1x 4oz/Pic, Esp, Dop","826","2024-07-25 10:58:56","2024-07-25 11:12:42","",""
"ESPRESSO","#1789","Point of Sale","2","1x Protein Ball - Peanut Butter; 1x 6oz","773","2024-07-25 10:59:49","2024-07-25 11:12:42","",""
"ESPRESSO","#8066","Point of Sale","1","1x 12oz/ICED SMALL","563","2024-07-25 11:03:20","2024-07-25 11:12:43","",""
"ESPRESSO","#1094","Point of Sale","1","1x 12oz/Medium","430","2024-07-25 11:05:33","2024-07-25 11:12:43","",""
"ESPRESSO","#6007","Point of Sale","1","1x 12oz/Medium","1460","2024-07-25 11:11:30","2024-07-25 11:35:50","",""
"ESPRESSO","#737","Point of Sale","1","1x 12oz/Medium","1237","2024-07-25 11:15:13","2024-07-25 11:35:50","",""
"ESPRESSO","#9962","Point of Sale","1","1x 6oz","1127","2024-07-25 11:17:03","2024-07-25 11:35:50","",""
"ESPRESSO","#3306","Point of Sale","1","1x 12oz/Medium","999","2024-07-25 11:19:12","2024-07-25 11:35:51","",""
"ESPRESSO","#4448","Point of Sale","1","1x 6oz","592","2024-07-25 11:25:59","2024-07-25 11:35:51","",""
"ESPRESSO","#173","Point of Sale","2","1x 4oz/Pic, Esp, Dop; 1x 4oz/Pic, Esp, Dop","2230","2024-07-25 11:42:02","2024-07-25 12:19:12","",""
"ESPRESSO","#9293","Point of Sale","1","1x 12oz/Medium","1465","2024-07-25 11:54:48","2024-07-25 12:19:13","",""
"ESPRESSO","#6482","Point of Sale","1","1x 6oz","608","2024-07-25 12:09:04","2024-07-25 12:19:12","",""
"ESPRESSO","#8070","Point of Sale","1","1x 6oz","475","2024-07-25 12:11:17","2024-07-25 12:19:12","",""
"ESPRESSO","#5011","Point of Sale","3","1x 12oz/ICED SMALL; 1x 6oz; 1x 12oz/Medium","799","2024-07-25 12:13:08","2024-07-25 12:26:27","",""
"ESPRESSO","#3864","Point of Sale","2","2x 12oz/Medium","4985","2024-07-25 12:22:42","2024-07-25 13:45:47","",""
"ESPRESSO","#2341","Point of Sale","2","1x 8oz/Small; 1x 12oz/Medium","4961","2024-07-25 12:23:06","2024-07-25 13:45:47","",""
"ESPRESSO","#1226","Point of Sale","1","1x 4oz/Pic, Esp, Dop","4386","2024-07-25 12:32:42","2024-07-25 13:45:48","",""
"ESPRESSO","#8105","Point of Sale","1","1x 4oz/Pic, Esp, Dop","4043","2024-07-25 12:38:26","2024-07-25 13:45:49","",""
"ESPRESSO","#8266","Point of Sale","2","2x 4oz/Pic, Esp, Dop","3738","2024-07-25 12:43:30","2024-07-25 13:45:48","",""
"ESPRESSO","#6096","Point of Sale","1","1x 16oz/Large","59384","2024-07-25 12:45:55","2024-07-26 05:15:39","",""
"ESPRESSO","#6323","Point of Sale","1","1x Bobby Soda","59306","2024-07-25 12:47:14","2024-07-26 05:15:40","",""
"ESPRESSO","#5472","Point of Sale","1","1x 12oz/Medium","58620","2024-07-25 12:58:40","2024-07-26 05:15:40","",""
"ESPRESSO","#6557","Point of Sale","1","1x 12oz/Medium","836","2024-07-26 05:01:44","2024-07-26 05:15:40","",""
"ESPRESSO","#465","Point of Sale","1","1x 12oz/Medium","142","2024-07-26 05:13:18","2024-07-26 05:15:40","",""
"ESPRESSO","#3938","Point of Sale","2","2x 4oz/Pic, Esp, Dop","679","2024-07-26 05:19:00","2024-07-26 05:30:19","",""
"ESPRESSO","#8926","Point of Sale","1","1x 16oz/Large","529","2024-07-26 05:21:30","2024-07-26 05:30:19","",""
"ESPRESSO","#353","Point of Sale","1","1x 1kg Beans","404","2024-07-26 05:23:35","2024-07-26 05:30:19","",""
"ESPRESSO","#8079","Point of Sale","2","1x 12oz/Medium; 1x 12oz/ICED SMALL","338","2024-07-26 05:24:43","2024-07-26 05:30:21","",""
"ESPRESSO","1453548809","Square Online","1","1x 8oz/Small","341","2024-07-26 05:26:09","2024-07-26 05:31:50","2024-07-26 05:26:05",""
"ESPRESSO","#6585","Point of Sale","2","1x 12oz/Medium; 1x 6oz","531","2024-07-26 05:29:53","2024-07-26 05:38:44","",""
"ESPRESSO","#6248","Point of Sale","1","1x 12oz/Medium","244","2024-07-26 05:34:40","2024-07-26 05:38:44","",""
"ESPRESSO","#426","Point of Sale","1","1x 20oz\ICED LARGE","93","2024-07-26 05:44:00","2024-07-26 05:45:33","",""
"ESPRESSO","#8064","Point of Sale","1","1x 16oz/Large","421","2024-07-26 05:45:23","2024-07-26 05:52:24","",""
"ESPRESSO","#1259","Point of Sale","3","1x 12oz/Medium; 2x 12oz/Medium","259","2024-07-26 05:48:05","2024-07-26 05:52:24","",""
"ESPRESSO","#3767","Point of Sale","1","1x 16oz/Large","236","2024-07-26 05:48:28","2024-07-26 05:52:24","",""
"ESPRESSO","#7279","Point of Sale","2","1x 12oz/Medium; 1x 6oz","346","2024-07-26 05:53:00","2024-07-26 05:58:46","",""
"ESPRESSO","#2827","Point of Sale","2","1x 8oz/Small; 1x Bacon And Egg Breakfast Wrap","255","2024-07-26 05:54:32","2024-07-26 05:58:47","",""
"ESPRESSO","#462","Point of Sale","1","1x A Sweet Muffin","195","2024-07-26 05:55:31","2024-07-26 05:58:46","",""
"ESPRESSO","#3782","Point of Sale","1","1x 16oz/ICED MEDIUM","113","2024-07-26 05:56:54","2024-07-26 05:58:47","",""
"ESPRESSO","#6727","Point of Sale","1","1x 4oz/Pic, Esp, Dop","277","2024-07-26 05:57:34","2024-07-26 06:02:11","",""
"ESPRESSO","#8040","Point of Sale","1","1x 12oz/Medium","237","2024-07-26 05:58:13","2024-07-26 06:02:10","",""
"ESPRESSO","#1156","Point of Sale","2","2x 4oz/Pic, Esp, Dop","205","2024-07-26 05:58:46","2024-07-26 06:02:11","",""
"ESPRESSO","#3952","Point of Sale","1","1x 12oz/Medium","828","2024-07-26 05:58:59","2024-07-26 06:12:47","",""
"ESPRESSO","#1852","Point of Sale","1","1x 16oz/Large","805","2024-07-26 05:59:22","2024-07-26 06:12:47","",""
"ESPRESSO","#2987","Point of Sale","3","1x 6oz; 1x 8oz/Small; 1x 6oz","495","2024-07-26 06:00:52","2024-07-26 06:09:07","",""
"ESPRESSO","#5866","Point of Sale","1","1x 6oz","478","2024-07-26 06:01:06","2024-07-26 06:09:04","",""
"ESPRESSO","#5394","Point of Sale","2","2x 12oz/Medium","463","2024-07-26 06:05:05","2024-07-26 06:12:48","",""
"ESPRESSO","#1369","Point of Sale","1","1x 8oz/Small","268","2024-07-26 06:08:20","2024-07-26 06:12:48","",""
"ESPRESSO","#4145","Point of Sale","2","1x 6oz; 1x Protein Ball - Peanut Butter","231","2024-07-26 06:08:58","2024-07-26 06:12:49","",""
"ESPRESSO","#5748","Point of Sale","2","1x 16oz/Large; 1x 8oz/Small","507","2024-07-26 06:13:34","2024-07-26 06:22:01","",""
"ESPRESSO","#4637","Point of Sale","1","1x 4oz/Pic, Esp, Dop","478","2024-07-26 06:14:02","2024-07-26 06:22:00","",""
"ESPRESSO","#1609","Point of Sale","1","1x 8oz/Small","262","2024-07-26 06:17:39","2024-07-26 06:22:01","",""
"ESPRESSO","#5477","Point of Sale","1","1x 16oz/Large","142","2024-07-26 06:19:39","2024-07-26 06:22:01","",""
"ESPRESSO","#9964","Point of Sale","2","1x 16oz/Large; 1x 16oz/Large","684","2024-07-26 06:20:28","2024-07-26 06:31:52","",""
"ESPRESSO","#8851","Point of Sale","1","1x 6oz","661","2024-07-26 06:20:51","2024-07-26 06:31:52","",""
"ESPRESSO","#5855","Point of Sale","1","1x 6oz","643","2024-07-26 06:21:09","2024-07-26 06:31:52","",""
"ESPRESSO","#3753","Point of Sale","4","1x 16oz/Large; 2x Babycino; 1x 6oz","300","2024-07-26 06:29:08","2024-07-26 06:34:08","",""
"ESPRESSO","#7006","Point of Sale","2","1x 12oz/Medium; 1x 12oz/Medium","453","2024-07-26 06:29:36","2024-07-26 06:37:09","",""
"ESPRESSO","#5253","Point of Sale","2","1x 16oz/Large; 1x 16oz/Large","541","2024-07-26 06:29:55","2024-07-26 06:38:56","",""
"ESPRESSO","#6408","Point of Sale","1","1x 8oz/Small","702","2024-07-26 06:30:17","2024-07-26 06:41:59","",""
"ESPRESSO","#5404","Point of Sale","1","1x 8oz/Small","616","2024-07-26 06:31:43","2024-07-26 06:41:59","",""
"ESPRESSO","#5438","Point of Sale","1","1x 8oz/Small","547","2024-07-26 06:32:57","2024-07-26 06:42:04","",""
"ESPRESSO","#4463","Point of Sale","1","1x 12oz/Medium","570","2024-07-26 06:34:38","2024-07-26 06:44:08","",""
"ESPRESSO","#3067","Point of Sale","2","1x 12oz/Medium; 1x 12oz/Medium","675","2024-07-26 06:35:05","2024-07-26 06:46:20","",""
"ESPRESSO","Roz","Point of Sale","1","1x 6oz","652","2024-07-26 06:35:28","2024-07-26 06:46:20","",""
"ESPRESSO","#2546","Point of Sale","1","1x 12oz/ICED SMALL","480","2024-07-26 06:38:21","2024-07-26 06:46:21","",""
"ESPRESSO","#6056","Point of Sale","1","1x 12oz/Medium","350","2024-07-26 06:40:31","2024-07-26 06:46:21","",""
"ESPRESSO","Vinessa","Point of Sale","1","1x 16oz/Large","1096","2024-07-26 06:41:53","2024-07-26 07:00:09","",""
"ESPRESSO","Jp","Point of Sale","1","1x 12oz/Medium","1042","2024-07-26 06:42:47","2024-07-26 07:00:09","",""
"ESPRESSO","#4979","Point of Sale","1","1x 12oz/Medium","1025","2024-07-26 06:43:05","2024-07-26 07:00:10","",""
"ESPRESSO","#8716","Point of Sale","1","1x 12oz/Medium","981","2024-07-26 06:43:50","2024-07-26 07:00:11","",""
"ESPRESSO","#3985","Point of Sale","2","1x 16oz/Large; 1x A Savoury Muffin","819","2024-07-26 06:46:32","2024-07-26 07:00:11","",""
"ESPRESSO","#4851","Point of Sale","1","1x 4oz/Pic, Esp, Dop","742","2024-07-26 06:51:39","2024-07-26 07:04:01","",""
"ESPRESSO","#8825","Point of Sale","3","2x 12oz/Medium; 1x Pupacino","171","2024-07-26 07:01:10","2024-07-26 07:04:01","",""
"ESPRESSO","#7458","Point of Sale","1","1x 12oz/Medium","346","2024-07-26 07:01:27","2024-07-26 07:07:13","",""
"ESPRESSO","#9407","Point of Sale","1","1x 12oz/Medium","319","2024-07-26 07:01:54","2024-07-26 07:07:13","",""
"ESPRESSO","#9571","Point of Sale","1","1x 6oz","254","2024-07-26 07:02:59","2024-07-26 07:07:13","",""
"ESPRESSO","#148","Point of Sale","1","1x 8oz/Small","216","2024-07-26 07:03:37","2024-07-26 07:07:13","",""
"ESPRESSO","#8880","Point of Sale","1","1x 12oz/Medium","725","2024-07-26 07:04:19","2024-07-26 07:16:24","",""
"ESPRESSO","#795","Point of Sale","3","1x Pupacino; 1x A Sweet Muffin; 1x 12oz/Medium","578","2024-07-26 07:06:46","2024-07-26 07:16:24","",""
"ESPRESSO","#2140","Point of Sale","1","1x 8oz/Small","414","2024-07-26 07:09:30","2024-07-26 07:16:24","",""
"ESPRESSO","#9336","Point of Sale","2","1x Bacon And Egg Breakfast Wrap; 1x 12oz/Medium","136","2024-07-26 07:14:08","2024-07-26 07:16:24","",""
"ESPRESSO","#2797","Point of Sale","2","1x 16oz/ICED MEDIUM; 1x 12oz/Medium","492","2024-07-26 07:15:16","2024-07-26 07:23:28","",""
"ESPRESSO","#6758","Point of Sale","2","1x 20oz\ICED LARGE; 1x A Cookie","348","2024-07-26 07:17:39","2024-07-26 07:23:27","",""
"ESPRESSO","#3639","Point of Sale","1","1x 12oz/ICED SMALL","362","2024-07-26 07:23:14","2024-07-26 07:29:16","",""
"ESPRESSO","#5141","Point of Sale","1","1x 8oz/Small","344","2024-07-26 07:23:32","2024-07-26 07:29:16","",""
"ESPRESSO","#5410","Point of Sale","1","1x 16oz/Large","232","2024-07-26 07:25:25","2024-07-26 07:29:17","",""
"ESPRESSO","#7273","Point of Sale","1","1x 16oz/Large","357","2024-07-26 07:29:19","2024-07-26 07:35:16","",""
"ESPRESSO","849297002","Square Online","2","1x 12oz/Medium; 1x 6oz","317","2024-07-26 07:29:59","2024-07-26 07:35:16","2024-07-26 07:29:53",""
"ESPRESSO","#223","Point of Sale","1","1x 12oz/Medium","303","2024-07-26 07:30:14","2024-07-26 07:35:17","",""
"ESPRESSO","#6601","Point of Sale","1","1x 16oz/Large","791","2024-07-26 07:30:36","2024-07-26 07:43:47","",""
"ESPRESSO","#1602","Point of Sale","1","1x 12oz/ICED SMALL","544","2024-07-26 07:34:44","2024-07-26 07:43:48","",""
"ESPRESSO","#8926","Point of Sale","2","1x 12oz/Medium; 1x 12oz/Medium","379","2024-07-26 07:37:28","2024-07-26 07:43:47","",""
"ESPRESSO","#6586","Point of Sale","2","2x A Sweet Muffin","58","2024-07-26 07:42:50","2024-07-26 07:43:48","",""
"ESPRESSO","#2136","Point of Sale","1","1x 12oz/Medium","7","2024-07-26 07:43:41","2024-07-26 07:43:48","",""
"ESPRESSO","#3623","Point of Sale","4","2x A Sweet Muffin; 2x 12oz/Medium","599","2024-07-26 07:45:07","2024-07-26 07:55:06","",""
"ESPRESSO","#4364","Point of Sale","3","1x 8oz/Small; 2x A COOKIES- biscoff And Caramilk","510","2024-07-26 07:46:36","2024-07-26 07:55:06","",""
"ESPRESSO","#4861","Point of Sale","1","1x 16oz/Large","411","2024-07-26 07:48:16","2024-07-26 07:55:07","",""
"ESPRESSO","#9342","Point of Sale","1","1x 12oz/Medium","215","2024-07-26 07:51:30","2024-07-26 07:55:05","",""
"ESPRESSO","#1611","Point of Sale","1","1x 16oz/Large","371","2024-07-26 07:56:10","2024-07-26 08:02:21","",""
"ESPRESSO","#7054","Point of Sale","1","1x 12oz/Medium","178","2024-07-26 07:59:23","2024-07-26 08:02:21","",""
"ESPRESSO","#6118","Point of Sale","1","1x 12oz/Medium","143","2024-07-26 07:59:57","2024-07-26 08:02:20","",""
"ESPRESSO","#4551","Point of Sale","1","1x 12oz/Medium","309","2024-07-26 08:00:11","2024-07-26 08:05:20","",""
"ESPRESSO","#101","Point of Sale","3","1x 12oz/Medium; 1x 12oz/ICED SMALL; 1x 12oz/Medium","284","2024-07-26 08:01:14","2024-07-26 08:05:58","",""
"ESPRESSO","#1096","Point of Sale","2","1x 12oz/Medium; 1x 16oz/Large","228","2024-07-26 08:02:11","2024-07-26 08:05:59","",""
"ESPRESSO","#6217","Point of Sale","1","1x ","436","2024-07-26 08:02:52","2024-07-26 08:10:08","",""
"ESPRESSO","#7583","Point of Sale","3","2x Bacon And Egg Breakfast Wrap; 1x 12oz/ICED SMALL","498","2024-07-26 08:04:29","2024-07-26 08:12:47","",""
"ESPRESSO","#2389","Point of Sale","1","1x 12oz/Medium","453","2024-07-26 08:04:56","2024-07-26 08:12:29","",""
"ESPRESSO","#5635","Point of Sale","1","1x 16oz/Large","440","2024-07-26 08:05:09","2024-07-26 08:12:29","",""
"ESPRESSO","#4646","Point of Sale","1","1x 6oz","419","2024-07-26 08:06:55","2024-07-26 08:13:54","",""
"ESPRESSO","#7952","Point of Sale","1","1x 12oz/Medium","569","2024-07-26 08:07:47","2024-07-26 08:17:16","",""
"ESPRESSO","#8388","Point of Sale","4","1x 8oz/Small; 1x Protein Ball - Peanut Butter; 1x Bacon And Egg Breakfast Wrap; 1x ","502","2024-07-26 08:08:55","2024-07-26 08:17:17","",""
"ESPRESSO","#8361","Point of Sale","1","1x 16oz/Large","459","2024-07-26 08:09:38","2024-07-26 08:17:17","",""
"ESPRESSO","#6760","Point of Sale","2","1x 12oz/Medium; 1x 12oz/Medium","565","2024-07-26 08:11:40","2024-07-26 08:21:05","",""
"ESPRESSO","#5822","Point of Sale","1","1x 12oz/Medium","442","2024-07-26 08:13:42","2024-07-26 08:21:04","",""
"ESPRESSO","#3553","Point of Sale","3","1x 12oz/Medium; 2x 12oz/Medium","418","2024-07-26 08:14:05","2024-07-26 08:21:03","",""
"ESPRESSO","#5262","Point of Sale","2","1x 12oz/Medium; 1x 4oz/Pic, Esp, Dop","512","2024-07-26 08:17:30","2024-07-26 08:26:02","",""
"ESPRESSO","#1781","Point of Sale","2","1x 12oz/Medium; 1x Fruit Juice","437","2024-07-26 08:18:46","2024-07-26 08:26:03","",""
"ESPRESSO","#8876","Point of Sale","1","1x 16oz/Large","292","2024-07-26 08:21:12","2024-07-26 08:26:04","",""
"ESPRESSO","#1451","Point of Sale","2","1x 12oz/Medium; 1x A Cookie","424","2024-07-26 08:22:06","2024-07-26 08:29:10","",""
"ESPRESSO","#8129","Point of Sale","1","1x 12oz/Medium","386","2024-07-26 08:22:43","2024-07-26 08:29:09","",""
"ESPRESSO","#2305","Point of Sale","1","1x 12oz/ICED SMALL","348","2024-07-26 08:23:22","2024-07-26 08:29:10","",""
"ESPRESSO","#7114","Point of Sale","1","1x Fruit Juice","334","2024-07-26 08:23:37","2024-07-26 08:29:11","",""
"ESPRESSO","#6553","Point of Sale","2","1x 8oz/Small; 1x A Sweet Muffin","265","2024-07-26 08:24:45","2024-07-26 08:29:10","",""
"ESPRESSO","#8405","Point of Sale","3","2x 4oz/Pic, Esp, Dop; 1x A Savoury Muffin","350","2024-07-26 08:30:32","2024-07-26 08:36:22","",""
"ESPRESSO","#5306","Point of Sale","2","1x 12oz/Medium; 1x 16oz/Large","608","2024-07-26 08:31:01","2024-07-26 08:41:09","",""
"ESPRESSO","#471","Point of Sale","1","1x 20oz\ICED LARGE","538","2024-07-26 08:32:09","2024-07-26 08:41:07","",""
"ESPRESSO","#6965","Point of Sale","2","1x Kombucha; 1x 12oz/Medium","40","2024-07-26 08:35:43","2024-07-26 08:36:23","",""
"ESPRESSO","#5031","Point of Sale","2","1x Bacon And Egg Breakfast Wrap; 1x 16oz/ICED MEDIUM","222","2024-07-26 08:37:24","2024-07-26 08:41:06","",""
"ESPRESSO","#6127","Point of Sale","1","1x 16oz/Large","186","2024-07-26 08:38:01","2024-07-26 08:41:07","",""
"ESPRESSO","#8185","Point of Sale","1","1x 8oz/Small","479","2024-07-26 08:39:56","2024-07-26 08:47:55","",""
"ESPRESSO","#1332","Point of Sale","1","1x 16oz/Large","472","2024-07-26 08:40:03","2024-07-26 08:47:55","",""
"ESPRESSO","#1591","Point of Sale","2","1x Bacon And Egg Breakfast Wrap; 1x 16oz/Large","431","2024-07-26 08:40:44","2024-07-26 08:47:55","",""
"ESPRESSO","#8026","Point of Sale","1","1x 8oz/Small","302","2024-07-26 08:42:54","2024-07-26 08:47:56","",""
"ESPRESSO","#3051","Point of Sale","2","1x 12oz/Medium; 1x Protein Ball - Peanut Butter","713","2024-07-26 08:44:02","2024-07-26 08:55:55","",""
"ESPRESSO","#987","Point of Sale","2","1x 6oz; 1x 16oz/ICED MEDIUM","565","2024-07-26 08:46:29","2024-07-26 08:55:54","",""
"ESPRESSO","#6510","Point of Sale","1","1x 16oz/Large","490","2024-07-26 08:47:44","2024-07-26 08:55:54","",""
"ESPRESSO","#5330","Point of Sale","2","1x Babycino; 1x 12oz/Medium","396","2024-07-26 08:49:17","2024-07-26 08:55:53","",""
"ESPRESSO","#7152","Point of Sale","1","1x 8oz/Small","162","2024-07-26 08:53:13","2024-07-26 08:55:55","",""
"ESPRESSO","#3061","Point of Sale","1","1x 8oz/Small","210","2024-07-26 08:54:34","2024-07-26 08:58:04","",""
"ESPRESSO","#7026","Point of Sale","1","1x 12oz/Medium","186","2024-07-26 08:54:58","2024-07-26 08:58:04","",""
"ESPRESSO","#47","Point of Sale","1","1x A Savoury Muffin","642","2024-07-26 08:59:37","2024-07-26 09:10:19","",""
"ESPRESSO","#8261","Point of Sale","2","1x Protein Ball - Peanut Butter; 1x 6oz","263","2024-07-26 09:02:45","2024-07-26 09:07:08","",""
"ESPRESSO","Gav","Point of Sale","2","1x 12oz/Medium; 1x 12oz/Medium","224","2024-07-26 09:03:24","2024-07-26 09:07:08","",""
"ESPRESSO","#1195","Point of Sale","2","1x Bacon And Egg Breakfast Wrap; 1x 16oz/Large","383","2024-07-26 09:03:57","2024-07-26 09:10:20","",""
"ESPRESSO","#4046","Point of Sale","1","1x 6oz","340","2024-07-26 09:04:40","2024-07-26 09:10:20","",""
"ESPRESSO","#7332","Point of Sale","2","1x 8oz/Small; 1x Fruit Juice","596","2024-07-26 09:05:18","2024-07-26 09:15:14","",""
"ESPRESSO","#1921","Point of Sale","1","1x 16oz/ICED MEDIUM","464","2024-07-26 09:07:29","2024-07-26 09:15:13","",""
"ESPRESSO","#6478","Point of Sale","4","1x 12oz/Medium; 1x 12oz/Medium; 2x 1kg Beans","350","2024-07-26 09:09:24","2024-07-26 09:15:14","",""
"ESPRESSO","#8316","Point of Sale","1","1x 6oz","199","2024-07-26 09:11:55","2024-07-26 09:15:14","",""
"ESPRESSO","#5565","Point of Sale","1","1x 8oz/Small","227","2024-07-26 09:13:13","2024-07-26 09:17:00","",""
"ESPRESSO","#6433","Point of Sale","3","1x 12oz/Medium; 1x 16oz/Large; 1x A Sweet Muffin","495","2024-07-26 09:16:16","2024-07-26 09:24:31","",""
"ESPRESSO","#2850","Point of Sale","3","1x 16oz/Large; 1x 12oz/Medium; 1x 16oz/Large","437","2024-07-26 09:17:14","2024-07-26 09:24:31","",""
"ESPRESSO","#746","Point of Sale","2","1x A Sweet Muffin; 1x 12oz/Medium","560","2024-07-26 09:19:00","2024-07-26 09:28:20","",""
"ESPRESSO","#6589","Point of Sale","1","1x A Cookie","513","2024-07-26 09:19:47","2024-07-26 09:28:20","",""
"ESPRESSO","#4445","Point of Sale","1","1x 8oz/Small","406","2024-07-26 09:21:40","2024-07-26 09:28:26","",""
"ESPRESSO","#6585","Point of Sale","1","1x 12oz/Medium","345","2024-07-26 09:22:41","2024-07-26 09:28:26","",""
"ESPRESSO","#7755","Point of Sale","2","1x Bacon And Egg Breakfast Wrap; 1x 12oz/Medium","489","2024-07-26 09:23:14","2024-07-26 09:31:23","",""
"ESPRESSO","#1456","Point of Sale","2","1x 12oz/Medium; 1x 8oz/Small","475","2024-07-26 09:25:54","2024-07-26 09:33:49","",""
"ESPRESSO","#7813","Point of Sale","1","1x 8oz/Small","482","2024-07-26 09:27:30","2024-07-26 09:35:32","",""
"ESPRESSO","#7885","Point of Sale","1","1x 8oz/Small","455","2024-07-26 09:28:52","2024-07-26 09:36:27","",""
"ESPRESSO","#999","Point of Sale","1","1x 8oz/Small","327","2024-07-26 09:31:00","2024-07-26 09:36:27","",""
"ESPRESSO","#7067","Point of Sale","1","1x 6oz","463","2024-07-26 09:32:49","2024-07-26 09:40:32","",""
"ESPRESSO","#7196","Point of Sale","2","2x 6oz","329","2024-07-26 09:35:04","2024-07-26 09:40:33","",""
"ESPRESSO","#9282","Point of Sale","1","1x 8oz/Small","1401","2024-07-26 09:44:14","2024-07-26 10:07:35","",""
"ESPRESSO","#5544","Point of Sale","1","1x 6oz","1343","2024-07-26 09:45:12","2024-07-26 10:07:35","",""
"ESPRESSO","#434","Point of Sale","1","1x 6oz","657","2024-07-26 09:56:37","2024-07-26 10:07:34","",""
"ESPRESSO","#7012","Point of Sale","1","1x 8oz/Small","442","2024-07-26 10:00:13","2024-07-26 10:07:35","",""
"ESPRESSO","#1103","Point of Sale","1","1x 12oz/Medium","648","2024-07-26 10:04:14","2024-07-26 10:15:02","",""
"ESPRESSO","#8263","Point of Sale","1","1x 8oz/Small","532","2024-07-26 10:06:10","2024-07-26 10:15:02","",""
"ESPRESSO","#6332","Point of Sale","2","1x Portugese Tart; 1x 12oz/Medium","505","2024-07-26 10:06:37","2024-07-26 10:15:02","",""
"ESPRESSO","#8946","Point of Sale","1","1x 16oz/Large","487","2024-07-26 10:06:56","2024-07-26 10:15:03","",""
"ESPRESSO","Rhysticles","Point of Sale","2","2x 6oz","373","2024-07-26 10:08:50","2024-07-26 10:15:03","",""
"ESPRESSO","#2189","Point of Sale","1","1x 12oz/Medium","746","2024-07-26 10:09:16","2024-07-26 10:21:42","",""
"ESPRESSO","#7559","Point of Sale","2","1x 6oz; 1x 20oz\ICED LARGE","528","2024-07-26 10:12:55","2024-07-26 10:21:43","",""
"ESPRESSO","#7847","Point of Sale","2","1x 12oz/Medium; 1x Protein Ball - Peanut Butter","476","2024-07-26 10:13:47","2024-07-26 10:21:43","",""
"ESPRESSO","#5099","Point of Sale","1","1x 12oz/Medium","333","2024-07-26 10:16:10","2024-07-26 10:21:43","",""
"ESPRESSO","#7435","Point of Sale","1","1x 12oz/Medium","1817","2024-07-26 10:18:52","2024-07-26 10:49:09","",""
"ESPRESSO","#2544","Point of Sale","2","1x 12oz/Medium; 1x 16oz/Large","1503","2024-07-26 10:24:05","2024-07-26 10:49:08","",""
"ESPRESSO","#3628","Point of Sale","2","1x 6oz; 1x 16oz/ICED MEDIUM","1479","2024-07-26 10:24:29","2024-07-26 10:49:08","",""
"ESPRESSO","#5895","Point of Sale","1","1x 12oz/Medium","206","2024-07-26 10:45:43","2024-07-26 10:49:09","",""
"ESPRESSO","#9357","Point of Sale","1","1x 8oz/Small","535","2024-07-26 10:48:42","2024-07-26 10:57:37","",""
"ESPRESSO","#8070","Point of Sale","1","1x 12oz/Medium","1301","2024-07-26 10:52:37","2024-07-26 11:14:18","",""
"ESPRESSO","#3487","Point of Sale","1","1x 8oz/Small","1265","2024-07-26 10:53:13","2024-07-26 11:14:18","",""
"ESPRESSO","#839","Point of Sale","1","1x 12oz/Medium","1240","2024-07-26 10:53:38","2024-07-26 11:14:18","",""
"ESPRESSO","#7756","Point of Sale","1","1x 8oz/Small","1170","2024-07-26 10:54:49","2024-07-26 11:14:19","",""
"ESPRESSO","#3846","Point of Sale","1","1x 16oz/Large","858","2024-07-26 11:00:01","2024-07-26 11:14:19","",""
"ESPRESSO","#388","Point of Sale","1","1x Bacon And Egg Breakfast Wrap","1543","2024-07-26 11:06:33","2024-07-26 11:32:16","",""
"ESPRESSO","#9622","Point of Sale","1","1x 12oz/Medium","1240","2024-07-26 11:11:36","2024-07-26 11:32:16","",""
"ESPRESSO","#4584","Point of Sale","2","1x Bacon And Egg Breakfast Wrap; 1x 8oz/Small","1160","2024-07-26 11:12:56","2024-07-26 11:32:16","",""
"ESPRESSO","#9140","Point of Sale","1","1x 12oz/Medium","778","2024-07-26 11:19:19","2024-07-26 11:32:17","",""
"ESPRESSO","#8787","Point of Sale","1","1x 12oz/Medium","737","2024-07-26 11:19:59","2024-07-26 11:32:16","",""
"ESPRESSO","#8788","Point of Sale","2","1x 4oz/Pic, Esp, Dop; 1x 6oz","445","2024-07-26 11:33:02","2024-07-26 11:40:27","",""
"ESPRESSO","#5063","Point of Sale","1","1x 12oz/ICED SMALL","402","2024-07-26 11:33:46","2024-07-26 11:40:28","",""
"ESPRESSO","#4463","Point of Sale","1","1x 12oz/Medium","216","2024-07-26 11:36:51","2024-07-26 11:40:27","",""
"ESPRESSO","#5796","Point of Sale","1","1x 12oz/Medium","496","2024-07-26 11:38:55","2024-07-26 11:47:11","",""
"ESPRESSO","#1067","Point of Sale","4","1x 16oz/Large; 1x A Sweet Muffin; 1x Bacon And Egg Breakfast Wrap; 1x 6oz","2415","2024-07-26 11:46:46","2024-07-26 12:27:01","",""
"ESPRESSO","#2971","Point of Sale","3","1x 12oz/Medium; 1x 12oz/Medium; 1x 12oz/ICED SMALL","825","2024-07-26 12:13:16","2024-07-26 12:27:01","",""
"ESPRESSO","#9314","Point of Sale","1","1x 16oz/ICED MEDIUM","137","2024-07-26 12:24:45","2024-07-26 12:27:02","",""
"ESPRESSO","#9885","Point of Sale","2","1x A Savoury Muffin; 1x 4oz/Pic, Esp, Dop","3647","2024-07-26 12:37:56","2024-07-26 13:38:43","",""
"ESPRESSO","#5132","Point of Sale","1","1x 12oz/ICED SMALL","3086","2024-07-26 12:47:18","2024-07-26 13:38:44","",""
"ESPRESSO","#9724","Point of Sale","1","1x 12oz/Medium","2818","2024-07-26 12:51:46","2024-07-26 13:38:44","",""
"ESPRESSO","#8994","Point of Sale","2","1x A Savoury Muffin; 1x Bacon And Egg Breakfast Wrap","2557","2024-07-26 12:56:07","2024-07-26 13:38:44","",""
"ESPRESSO","#1008","Point of Sale","1","1x 12oz/Medium","2358","2024-07-26 12:59:26","2024-07-26 13:38:44","",""
"ESPRESSO","#266","Point of Sale","1","1x 12oz/ICED SMALL","58253","2024-07-26 13:03:12","2024-07-27 05:14:05","",""
"ESPRESSO","#673","Point of Sale","1","1x Bobby Soda","57448","2024-07-26 13:16:39","2024-07-27 05:14:07","",""
"ESPRESSO","#5120","Point of Sale","2","1x Protein Ball - Peanut Butter; 1x 8oz/Small","57428","2024-07-26 13:17:10","2024-07-27 05:14:18","",""
"ESPRESSO","#2727","Point of Sale","1","1x 12oz/ICED SMALL","56577","2024-07-26 13:31:13","2024-07-27 05:14:10","",""
"ESPRESSO","#1704","Point of Sale","1","1x 12oz/Medium","56191","2024-07-26 13:37:36","2024-07-27 05:14:07","",""
"ESPRESSO","#3444","Point of Sale","1","1x 12oz/Medium","762","2024-07-27 05:01:29","2024-07-27 05:14:11","",""
"ESPRESSO","#500","Point of Sale","2","1x 12oz/Medium; 1x 12oz/Medium","709","2024-07-27 05:02:26","2024-07-27 05:14:15","",""
"ESPRESSO","#9545","Point of Sale","1","1x 16oz/Large","108","2024-07-27 05:12:23","2024-07-27 05:14:11","",""
"ESPRESSO","#3654","Point of Sale","2","1x 12oz/Medium; 1x 16oz/Large","918","2024-07-27 05:22:48","2024-07-27 05:38:06","",""
"ESPRESSO","#1899","Point of Sale","1","1x 6oz","513","2024-07-27 05:23:40","2024-07-27 05:32:13","",""
"ESPRESSO","#2555","Point of Sale","1","1x 12oz/Medium","468","2024-07-27 05:24:24","2024-07-27 05:32:12","",""
"ESPRESSO","#6716","Point of Sale","2","1x 16oz/Large; 1x A Sweet Muffin","336","2024-07-27 05:32:27","2024-07-27 05:38:03","",""
"ESPRESSO","#2866","Point of Sale","1","1x 6oz","291","2024-07-27 05:33:13","2024-07-27 05:38:04","",""
"ESPRESSO","Em","Point of Sale","3","1x 12oz/Medium; 1x 6oz; 1x 8oz/Small","178","2024-07-27 05:41:47","2024-07-27 05:44:45","",""
"ESPRESSO","#6673","Point of Sale","3","1x Bacon And Egg Breakfast Wrap; 1x Pupacino; 1x 12oz/Medium","155","2024-07-27 06:01:39","2024-07-27 06:04:14","",""
"ESPRESSO","#700","Point of Sale","1","1x Bacon And Egg Breakfast Wrap","20","2024-07-27 06:11:17","2024-07-27 06:11:37","",""
"ESPRESSO","#4854","Point of Sale","5","1x 12oz/Medium; 1x 12oz/Medium; 2x A Sweet Muffin; 1x 12oz/Medium","353","2024-07-27 06:17:55","2024-07-27 06:23:48","",""
"ESPRESSO","Lorraine","Point of Sale","1","1x 8oz/Small","328","2024-07-27 06:18:21","2024-07-27 06:23:49","",""
"ESPRESSO","#8621","Point of Sale","1","1x 8oz/Small","309","2024-07-27 06:18:40","2024-07-27 06:23:49","",""
"ESPRESSO","Damien","Point of Sale","1","1x 12oz/Medium","436","2024-07-27 06:21:28","2024-07-27 06:28:44","",""
"ESPRESSO","Deb","Point of Sale","2","1x 4oz/Pic, Esp, Dop; 1x 16oz/Large","175","2024-07-27 06:25:53","2024-07-27 06:28:48","",""
"ESPRESSO","Amelia","Point of Sale","1","1x 12oz/Medium","395","2024-07-27 06:26:17","2024-07-27 06:32:52","",""
"ESPRESSO","#5990","Point of Sale","2","1x Bacon And Egg Breakfast Wrap; 1x 12oz/Medium","129","2024-07-27 06:32:02","2024-07-27 06:34:11","",""
"ESPRESSO","Tom","Point of Sale","1","1x 12oz/Medium","107","2024-07-27 06:32:24","2024-07-27 06:34:11","",""
"ESPRESSO","Pat","Point of Sale","1","1x 12oz/Medium","307","2024-07-27 06:36:33","2024-07-27 06:41:40","",""
"ESPRESSO","Jp","Point of Sale","1","1x 12oz/Medium","102","2024-07-27 06:42:05","2024-07-27 06:43:47","",""
"ESPRESSO","#8539","Point of Sale","1","1x 12oz/Medium","151","2024-07-27 06:43:49","2024-07-27 06:46:20","",""
"ESPRESSO","#9883","Point of Sale","1","1x 4oz/Pic, Esp, Dop","160","2024-07-27 06:46:30","2024-07-27 06:49:10","",""
"ESPRESSO","#1530","Point of Sale","2","1x Bacon And Egg Breakfast Wrap; 1x 12oz/Medium","253","2024-07-27 06:49:02","2024-07-27 06:53:15","",""
"ESPRESSO","Ash","Point of Sale","2","1x 8oz/Small; 1x 6oz","125","2024-07-27 06:50:56","2024-07-27 06:53:01","",""
"ESPRESSO","#4638","Point of Sale","2","2x 12oz/Medium","159","2024-07-27 06:53:30","2024-07-27 06:56:09","",""
"ESPRESSO","Jess","Point of Sale","1","1x 12oz/Medium","120","2024-07-27 06:54:10","2024-07-27 06:56:10","",""
"ESPRESSO","Misty","Point of Sale","4","1x 12oz/Medium; 2x Babycino; 1x 6oz","240","2024-07-27 06:55:08","2024-07-27 06:59:08","",""
"ESPRESSO","Campbell","Point of Sale","1","1x 12oz/Medium","186","2024-07-27 06:57:13","2024-07-27 07:00:19","",""
"ESPRESSO","Kirby","Point of Sale","1","1x 6oz","153","2024-07-27 06:59:52","2024-07-27 07:02:25","",""
"ESPRESSO","Ray","Point of Sale","1","1x 16oz/Large","130","2024-07-27 07:00:15","2024-07-27 07:02:25","",""
"ESPRESSO","Roz","Point of Sale","1","1x 6oz","67","2024-07-27 07:02:41","2024-07-27 07:03:48","",""
"ESPRESSO","Damo","Point of Sale","1","1x 16oz/Large","130","2024-07-27 07:03:12","2024-07-27 07:05:22","",""
"ESPRESSO","Tommy","Point of Sale","6","1x 8oz/Small; 1x Bacon And Egg Breakfast Wrap; 1x Babycino; 1x Babycino; 1x ; 1x 16oz/Large","133","2024-07-27 07:11:44","2024-07-27 07:13:57","",""
"ESPRESSO","Ciran","Point of Sale","1","1x 12oz/Medium","298","2024-07-27 07:14:50","2024-07-27 07:19:48","",""
"ESPRESSO","Ricky","Point of Sale","1","1x 16oz/Large","186","2024-07-27 07:16:42","2024-07-27 07:19:48","",""
"ESPRESSO","Kim","Point of Sale","1","1x 6oz","84","2024-07-27 07:19:41","2024-07-27 07:21:05","",""
"ESPRESSO","Tyler","Point of Sale","2","2x 12oz/Medium","167","2024-07-27 07:20:42","2024-07-27 07:23:29","",""
"ESPRESSO","Indi","Point of Sale","1","1x 12oz/Medium","322","2024-07-27 07:21:15","2024-07-27 07:26:37","",""
"ESPRESSO","#7502","Point of Sale","1","1x 12oz/Medium","204","2024-07-27 07:23:13","2024-07-27 07:26:37","",""
"ESPRESSO","Jp","Point of Sale","1","1x 12oz/Medium","159","2024-07-27 07:23:58","2024-07-27 07:26:37","",""
"ESPRESSO","Ryan","Point of Sale","2","1x ; 1x A Cookie","78","2024-07-27 07:29:53","2024-07-27 07:31:11","",""
"ESPRESSO","Sean","Point of Sale","2","1x 6oz; 1x Bacon And Egg Breakfast Wrap","249","2024-07-27 07:30:33","2024-07-27 07:34:42","",""
"ESPRESSO","#6328","Point of Sale","2","1x 12oz/Medium; 1x Babycino","206","2024-07-27 07:34:50","2024-07-27 07:38:16","",""
"ESPRESSO","#9119","Point of Sale","1","1x 12oz/Medium","153","2024-07-27 07:39:26","2024-07-27 07:41:59","",""
"ESPRESSO","#1340","Point of Sale","1","1x 12oz/Medium","68","2024-07-27 07:41:45","2024-07-27 07:42:53","",""
"ESPRESSO","#3468","Point of Sale","1","1x 12oz/Medium","92","2024-07-27 07:42:35","2024-07-27 07:44:07","",""
"ESPRESSO","#4365","Point of Sale","3","1x 12oz/ICED SMALL; 1x Bacon And Egg Breakfast Wrap; 1x 12oz/ICED SMALL","267","2024-07-27 07:43:07","2024-07-27 07:47:34","",""
"ESPRESSO","#6924","Point of Sale","2","1x A Cookie; 1x 12oz/Medium","206","2024-07-27 07:44:11","2024-07-27 07:47:37","",""
"ESPRESSO","#7455","Point of Sale","2","1x Babycino; 1x 12oz/Medium","219","2024-07-27 07:45:09","2024-07-27 07:48:48","",""
"ESPRESSO","#2936","Point of Sale","1","1x 4oz/Pic, Esp, Dop","172","2024-07-27 07:47:38","2024-07-27 07:50:30","",""
"ESPRESSO","#7020","Point of Sale","1","1x 12oz/Medium","156","2024-07-27 07:47:55","2024-07-27 07:50:31","",""
"ESPRESSO","Angela","Point of Sale","3","1x 16oz/Large; 1x 16oz/Large; 1x 16oz/Large","154","2024-07-27 07:53:49","2024-07-27 07:56:23","",""
"ESPRESSO","#1899","Point of Sale","1","1x 6oz","254","2024-07-27 07:54:07","2024-07-27 07:58:21","",""
"ESPRESSO","Tony","Point of Sale","2","1x Protein Ball - Peanut Butter; 1x 12oz/ICED SMALL","225","2024-07-27 07:54:37","2024-07-27 07:58:22","",""
"ESPRESSO","Todd","Point of Sale","2","1x A Cookie; 1x 16oz/Large","234","2024-07-27 07:55:12","2024-07-27 07:59:06","",""
"ESPRESSO","Alex","Point of Sale","1","1x 16oz/ICED MEDIUM","209","2024-07-27 07:55:38","2024-07-27 07:59:07","",""
"ESPRESSO","Devina","Point of Sale","1","1x 8oz/Small","254","2024-07-27 07:56:10","2024-07-27 08:00:24","",""
"ESPRESSO","#314","Point of Sale","2","1x 12oz/Medium; 1x 16oz/Large","160","2024-07-27 08:01:08","2024-07-27 08:03:48","",""
"ESPRESSO","Lucy","Point of Sale","1","1x 8oz/Small","102","2024-07-27 08:02:53","2024-07-27 08:04:35","",""
"ESPRESSO","#2608","Point of Sale","1","1x 20oz\ICED LARGE","73","2024-07-27 08:05:54","2024-07-27 08:07:07","",""
"ESPRESSO","#1364","Point of Sale","4","1x 12oz/Medium; 1x 12oz/Medium; 1x 12oz/ICED SMALL; 1x A Cookie","251","2024-07-27 08:08:38","2024-07-27 08:12:49","",""
"ESPRESSO","Bianca","Point of Sale","1","1x 16oz/ICED MEDIUM","109","2024-07-27 08:09:01","2024-07-27 08:10:50","",""
"ESPRESSO","#84","Point of Sale","1","1x 12oz/Medium","115","2024-07-27 08:12:23","2024-07-27 08:14:18","",""
"ESPRESSO","#1606","Point of Sale","2","1x 12oz/Medium; 1x A Sweet Muffin","112","2024-07-27 08:16:03","2024-07-27 08:17:55","",""
"ESPRESSO","Eth","Point of Sale","2","1x 4oz/Pic, Esp, Dop; 1x 16oz/ICED MEDIUM","286","2024-07-27 08:17:15","2024-07-27 08:22:01","",""
"ESPRESSO","Maree","Point of Sale","1","1x 12oz/Medium","137","2024-07-27 08:18:18","2024-07-27 08:20:35","",""
"ESPRESSO","Emily","Point of Sale","2","1x Fruit Juice; 1x A Sweet Muffin","192","2024-07-27 08:18:48","2024-07-27 08:22:00","",""
"ESPRESSO","Tegan","Point of Sale","1","1x 16oz/ICED MEDIUM","209","2024-07-27 08:19:15","2024-07-27 08:22:44","",""
"ESPRESSO","Lou","Point of Sale","2","1x 16oz/Large; 1x Protein Ball - Peanut Butter","180","2024-07-27 08:19:45","2024-07-27 08:22:45","",""
"ESPRESSO","Dan","Point of Sale","1","1x 16oz/Large","216","2024-07-27 08:20:09","2024-07-27 08:23:45","",""
"ESPRESSO","Nikki","Point of Sale","2","1x 8oz/Small; 1x Protein Ball - Peanut Butter","268","2024-07-27 08:20:40","2024-07-27 08:25:08","",""
"ESPRESSO","Dianne","Point of Sale","2","1x Protein Ball - Peanut Butter; 1x 12oz/Medium","210","2024-07-27 08:21:39","2024-07-27 08:25:09","",""
"ESPRESSO","Rhi Rhi","Point of Sale","2","1x Portugese Tart; 1x 12oz/Medium","226","2024-07-27 08:22:20","2024-07-27 08:26:06","",""
"ESPRESSO","Felcity","Point of Sale","2","1x Protein Ball - Peanut Butter; 1x 12oz/Medium","246","2024-07-27 08:23:03","2024-07-27 08:27:09","",""
"ESPRESSO","Nicole","Point of Sale","1","1x 12oz/Medium","215","2024-07-27 08:23:34","2024-07-27 08:27:09","",""
"ESPRESSO","Tim Ane Luke","Point of Sale","2","1x 8oz/Small; 1x 6oz","290","2024-07-27 08:24:27","2024-07-27 08:29:17","",""
"ESPRESSO","Matt","Point of Sale","2","1x 12oz/Medium; 1x 1kg Beans","245","2024-07-27 08:25:12","2024-07-27 08:29:17","",""
"ESPRESSO","Jel","Point of Sale","3","1x 16oz/ICED MEDIUM; 1x Babycino; 1x 16oz/Large","402","2024-07-27 08:25:58","2024-07-27 08:32:40","",""
"ESPRESSO","Rhys","Point of Sale","1","1x 6oz","183","2024-07-27 08:29:38","2024-07-27 08:32:41","",""
"ESPRESSO","#9064","Point of Sale","2","1x Babycino; 1x 12oz/Medium","178","2024-07-27 08:36:43","2024-07-27 08:39:41","",""
"ESPRESSO","Bass","Point of Sale","1","1x 16oz/Large","148","2024-07-27 08:37:13","2024-07-27 08:39:41","",""
"ESPRESSO","Dylan","Point of Sale","1","1x 8oz/Small","100","2024-07-27 08:39:20","2024-07-27 08:41:00","",""
"ESPRESSO","Michael","Point of Sale","1","1x 12oz/Medium","119","2024-07-27 08:39:36","2024-07-27 08:41:35","",""
"ESPRESSO","Rebecca","Point of Sale","3","1x Babycino; 1x 6oz; 1x 6oz","228","2024-07-27 08:40:51","2024-07-27 08:44:39","",""
"ESPRESSO","Cameron","Point of Sale","1","1x 16oz/Large","198","2024-07-27 08:41:20","2024-07-27 08:44:38","",""
"ESPRESSO","Matilda","Point of Sale","1","1x 12oz/Medium","90","2024-07-27 08:44:50","2024-07-27 08:46:20","",""
"ESPRESSO","Wayne","Point of Sale","2","1x 4oz/Pic, Esp, Dop; 1x 8oz/Small","145","2024-07-27 08:46:01","2024-07-27 08:48:26","",""
"ESPRESSO","Will","Point of Sale","2","1x 16oz/ICED MEDIUM; 1x 12oz/Medium","304","2024-07-27 08:46:44","2024-07-27 08:51:48","",""
"ESPRESSO","Bear","Point of Sale","4","1x ; 1x A Sweet Muffin; 1x 12oz/Medium; 1x 12oz/Medium","273","2024-07-27 08:47:22","2024-07-27 08:51:55","",""
"ESPRESSO","Jamie","Point of Sale","2","1x 12oz/Medium; 1x 12oz/Medium","164","2024-07-27 08:49:05","2024-07-27 08:51:49","",""
"ESPRESSO","David","Point of Sale","2","1x 12oz/Medium; 1x ","113","2024-07-27 08:52:09","2024-07-27 08:54:02","",""
"ESPRESSO","Angera","Point of Sale","2","1x A Sweet Muffin; 1x 12oz/Medium","354","2024-07-27 08:52:50","2024-07-27 08:58:44","",""
"ESPRESSO","Lyn","Point of Sale","3","2x 8oz/Small; 1x Bacon And Egg Breakfast Wrap","405","2024-07-27 08:54:04","2024-07-27 09:00:49","",""
"ESPRESSO","Luke","Point of Sale","1","1x 16oz/Large","239","2024-07-27 08:54:46","2024-07-27 08:58:45","",""
"ESPRESSO","Conner","Point of Sale","1","1x 16oz/ICED MEDIUM","225","2024-07-27 08:55:03","2024-07-27 08:58:48","",""
"ESPRESSO","Sumi","Point of Sale","2","1x 20oz\ICED LARGE; 1x 4oz/Pic, Esp, Dop","283","2024-07-27 08:55:41","2024-07-27 09:00:24","",""
"ESPRESSO","Dylan","Point of Sale","1","1x 4oz/Pic, Esp, Dop","230","2024-07-27 08:56:35","2024-07-27 09:00:25","",""
"ESPRESSO","Scotty","Point of Sale","1","1x 16oz/Large","181","2024-07-27 08:57:25","2024-07-27 09:00:26","",""
"ESPRESSO","Matt","Point of Sale","3","1x 12oz/Medium; 1x Protein Ball - Peanut Butter; 1x 16oz/Large","266","2024-07-27 09:00:12","2024-07-27 09:04:38","",""
"ESPRESSO","Liz And Steph","Point of Sale","2","1x 8oz/Small; 1x 8oz/Small","201","2024-07-27 09:01:18","2024-07-27 09:04:39","",""
"ESPRESSO","Frazer","Point of Sale","2","2x 12oz/Medium","250","2024-07-27 09:01:59","2024-07-27 09:06:09","",""
"ESPRESSO","Bear","Point of Sale","1","1x 12oz/Medium","236","2024-07-27 09:02:15","2024-07-27 09:06:11","",""
"ESPRESSO","Kate","Point of Sale","2","1x 12oz/Medium; 1x Fruit Juice","204","2024-07-27 09:02:48","2024-07-27 09:06:12","",""
"ESPRESSO","Cassie","Point of Sale","1","1x 12oz/Medium","310","2024-07-27 09:03:11","2024-07-27 09:08:21","",""
"ESPRESSO","Josie","Point of Sale","4","1x 8oz/Small; 1x 12oz/Medium; 2x Bacon And Egg Breakfast Wrap","283","2024-07-27 09:03:38","2024-07-27 09:08:21","",""
"ESPRESSO","Taylor","Point of Sale","4","1x 16oz/ICED MEDIUM; 2x A Sweet Muffin; 1x 16oz/ICED MEDIUM","325","2024-07-27 09:04:23","2024-07-27 09:09:48","",""
"ESPRESSO","Maddy","Point of Sale","2","1x Fruit Juice; 1x 12oz/ICED SMALL","326","2024-07-27 09:05:05","2024-07-27 09:10:31","",""
"ESPRESSO","Davina","Point of Sale","1","1x 6oz","340","2024-07-27 09:05:49","2024-07-27 09:11:29","",""
"ESPRESSO","Kesh","Point of Sale","2","1x 6oz; 1x 8oz/Small","371","2024-07-27 09:06:41","2024-07-27 09:12:52","",""
"ESPRESSO","Emma","Point of Sale","3","1x 12oz/ICED SMALL; 1x 16oz/ICED MEDIUM; 1x 16oz/ICED MEDIUM","471","2024-07-27 09:07:15","2024-07-27 09:15:06","",""
"ESPRESSO","Ryan","Point of Sale","4","1x 16oz/ICED MEDIUM; 1x 12oz/Medium; 2x 4oz/Pic, Esp, Dop","520","2024-07-27 09:08:07","2024-07-27 09:16:47","",""
"ESPRESSO","Nikki","Point of Sale","1","1x 12oz/Medium","554","2024-07-27 09:08:53","2024-07-27 09:18:07","",""
"ESPRESSO","Rhys","Point of Sale","2","2x 6oz","537","2024-07-27 09:10:26","2024-07-27 09:19:23","",""
"ESPRESSO","Jess","Point of Sale","2","1x ; 1x 12oz/Medium","485","2024-07-27 09:11:18","2024-07-27 09:19:23","",""
"ESPRESSO","North","Point of Sale","3","2x 12oz/Medium; 1x 12oz/Medium","566","2024-07-27 09:12:01","2024-07-27 09:21:27","",""
"ESPRESSO","Keria","Point of Sale","1","1x 8oz/Small","375","2024-07-27 09:16:47","2024-07-27 09:23:02","",""
"ESPRESSO","Toby","Point of Sale","1","1x 4oz/Pic, Esp, Dop","221","2024-07-27 09:19:21","2024-07-27 09:23:02","",""
"ESPRESSO","John","Point of Sale","2","2x 6oz","498","2024-07-27 09:21:30","2024-07-27 09:29:48","",""
"ESPRESSO","Natalie","Point of Sale","2","1x San Pellegrino 500ml; 1x 6oz","324","2024-07-27 09:22:15","2024-07-27 09:27:39","",""
"ESPRESSO","Danny","Point of Sale","2","1x 12oz/ICED SMALL; 1x 8oz/Small","186","2024-07-27 09:27:48","2024-07-27 09:30:54","",""
"ESPRESSO","#1814","Point of Sale","2","1x Bacon And Egg Breakfast Wrap; 1x 12oz/Medium","357","2024-07-27 09:29:26","2024-07-27 09:35:23","",""
"ESPRESSO","#8458","Point of Sale","3","1x Kombucha; 1x A Sweet Muffin; 1x A Cookie","288","2024-07-27 09:30:39","2024-07-27 09:35:27","",""
"ESPRESSO","#5316","Point of Sale","1","1x 16oz/ICED MEDIUM","67","2024-07-27 09:31:29","2024-07-27 09:32:36","",""
"ESPRESSO","Libby","Point of Sale","2","1x 12oz/Medium; 1x 8oz/Small","167","2024-07-27 09:32:26","2024-07-27 09:35:13","",""
"ESPRESSO","Best Employee","Point of Sale","2","1x 12oz/Medium; 1x 500g Beans","122","2024-07-27 09:34:18","2024-07-27 09:36:20","",""
"ESPRESSO","#5067","Point of Sale","2","1x 6oz; 1x 12oz/ICED SMALL","218","2024-07-27 09:36:53","2024-07-27 09:40:31","",""
"ESPRESSO","Loren","Point of Sale","1","1x 12oz/Medium","196","2024-07-27 09:37:30","2024-07-27 09:40:46","",""
"ESPRESSO","#4750","Point of Sale","1","1x 12oz/Medium","285","2024-07-27 09:38:08","2024-07-27 09:42:53","",""
"ESPRESSO","Sally","Point of Sale","1","1x 8oz/Small","185","2024-07-27 09:39:49","2024-07-27 09:42:54","",""
"ESPRESSO","Mark","Point of Sale","1","1x 12oz/Medium","146","2024-07-27 09:40:29","2024-07-27 09:42:55","",""
"ESPRESSO","#3732","Point of Sale","2","1x 16oz/Large; 1x A Sweet Muffin","265","2024-07-27 09:40:54","2024-07-27 09:45:19","",""
"ESPRESSO","Beck","Point of Sale","1","1x 8oz/Small","216","2024-07-27 09:41:43","2024-07-27 09:45:19","",""
"ESPRESSO","#3689","Point of Sale","3","3x 12oz/Medium","285","2024-07-27 09:42:26","2024-07-27 09:47:11","",""
"ESPRESSO","#3555","Point of Sale","2","1x 12oz/Medium; 1x 8oz/Small","319","2024-07-27 09:42:43","2024-07-27 09:48:02","",""
"ESPRESSO","#1451","Point of Sale","1","1x 8oz/Small","439","2024-07-27 09:43:12","2024-07-27 09:50:31","",""
"ESPRESSO","Tash","Point of Sale","1","1x 12oz/Medium","268","2024-07-27 09:46:47","2024-07-27 09:51:15","",""
"ESPRESSO","#4315","Point of Sale","1","1x 16oz/Large","237","2024-07-27 09:49:53","2024-07-27 09:53:50","",""
"ESPRESSO","#9087","Point of Sale","1","1x 6oz","124","2024-07-27 09:51:46","2024-07-27 09:53:50","",""
"ESPRESSO","#9506","Point of Sale","1","1x 8oz/Small","311","2024-07-27 09:55:34","2024-07-27 10:00:45","",""
"ESPRESSO","#38","Point of Sale","1","1x 12oz/Medium","140","2024-07-27 09:58:25","2024-07-27 10:00:45","",""
"ESPRESSO","#2571","Point of Sale","1","1x 500g Beans","185","2024-07-27 10:00:52","2024-07-27 10:03:57","",""
"ESPRESSO","Jj","Point of Sale","2","1x 12oz/Medium; 1x 500g Beans","121","2024-07-27 10:01:56","2024-07-27 10:03:57","",""
"ESPRESSO","Declan","Point of Sale","1","1x 16oz/ICED MEDIUM","101","2024-07-27 10:02:17","2024-07-27 10:03:58","",""
"ESPRESSO","Glenn","Point of Sale","1","1x 16oz/Large","490","2024-07-27 10:03:03","2024-07-27 10:11:13","",""
"ESPRESSO","#5079","Point of Sale","3","1x 8oz/Small; 1x 8oz/Small; 1x 8oz/Small","199","2024-07-27 10:07:54","2024-07-27 10:11:13","",""
"ESPRESSO","Alex","Point of Sale","2","1x 12oz/Medium; 1x 16oz/ICED MEDIUM","293","2024-07-27 10:11:17","2024-07-27 10:16:10","",""
"ESPRESSO","#9408","Point of Sale","2","1x A Cookie; 1x 12oz/Medium","270","2024-07-27 10:11:40","2024-07-27 10:16:10","",""
"ESPRESSO","#2244","Point of Sale","1","1x 12oz/Medium","231","2024-07-27 10:12:19","2024-07-27 10:16:10","",""
"ESPRESSO","#4873","Point of Sale","2","1x A Sweet Muffin; 1x 12oz/Medium","136","2024-07-27 10:18:58","2024-07-27 10:21:14","",""
"ESPRESSO","Will","Point of Sale","2","1x 12oz/Medium; 1x 6oz","130","2024-07-27 10:20:44","2024-07-27 10:22:54","",""
"ESPRESSO","#3455","Point of Sale","1","1x 6oz","142","2024-07-27 10:21:21","2024-07-27 10:23:43","",""
"ESPRESSO","#8680","Point of Sale","2","1x 16oz/Large; 1x 12oz/Medium","168","2024-07-27 10:22:17","2024-07-27 10:25:05","",""
"ESPRESSO","Tim","Point of Sale","1","1x 6oz","142","2024-07-27 10:23:36","2024-07-27 10:25:58","",""
"ESPRESSO","Aidan","Point of Sale","1","1x 12oz/Medium","199","2024-07-27 10:24:01","2024-07-27 10:27:20","",""
"ESPRESSO","Michael","Point of Sale","1","1x 12oz/Medium","184","2024-07-27 10:24:16","2024-07-27 10:27:20","",""
"ESPRESSO","Ashley","Point of Sale","4","1x 16oz/ICED MEDIUM; 1x Bacon And Egg Breakfast Wrap; 1x 12oz/Medium; 1x A Sweet Muffin","436","2024-07-27 10:25:28","2024-07-27 10:32:44","",""
"ESPRESSO","Linlee Both In Mugs","Point of Sale","3","1x 12oz/Medium; 1x Babycino; 1x 12oz/Medium","466","2024-07-27 10:26:49","2024-07-27 10:34:35","",""
"ESPRESSO","#4946","Point of Sale","1","1x 12oz/Medium","446","2024-07-27 10:28:46","2024-07-27 10:36:12","",""
"ESPRESSO","Alex","Point of Sale","3","1x 16oz/Large; 1x San Pellegrino 500ml; 1x 16oz/Large","320","2024-07-27 10:32:20","2024-07-27 10:37:40","",""
"ESPRESSO","Gemma","Point of Sale","2","1x A Sweet Muffin; 1x 12oz/ICED SMALL","203","2024-07-27 10:34:18","2024-07-27 10:37:41","",""
"ESPRESSO","Lachlan","Point of Sale","2","1x Bacon And Egg Breakfast Wrap; 1x 8oz/Small","249","2024-07-27 10:34:58","2024-07-27 10:39:07","",""
"ESPRESSO","#8532","Point of Sale","7","1x 8oz/Small; 1x Bacon And Egg Breakfast Wrap; 1x A Savoury Muffin; 2x Butterbing!; 1x Fruit Juice; 1x 12oz/Medium","371","2024-07-27 10:37:22","2024-07-27 10:43:33","",""
"ESPRESSO","#7893","Point of Sale","1","1x 16oz/Large","255","2024-07-27 10:39:20","2024-07-27 10:43:35","",""
"ESPRESSO","#2106","Point of Sale","2","1x 12oz/Medium; 1x 12oz/Medium","149","2024-07-27 10:42:30","2024-07-27 10:44:59","",""
"ESPRESSO","#2952","Point of Sale","2","1x 12oz/Medium; 1x Protein Ball - Peanut Butter","159","2024-07-27 10:45:37","2024-07-27 10:48:16","",""
"ESPRESSO","#338","Point of Sale","1","1x 12oz/ICED SMALL","186","2024-07-27 10:48:03","2024-07-27 10:51:09","",""
"ESPRESSO","#2065","Point of Sale","1","1x A Sweet Muffin","149","2024-07-27 10:48:41","2024-07-27 10:51:10","",""
"ESPRESSO","#5779","Point of Sale","1","1x 6oz","158","2024-07-27 10:53:10","2024-07-27 10:55:48","",""
"ESPRESSO","#3225","Point of Sale","1","1x 8oz/Small","103","2024-07-27 10:54:17","2024-07-27 10:56:00","",""
"ESPRESSO","#5934","Point of Sale","2","1x 12oz/Medium; 1x 6oz","67743","2024-07-27 10:57:27","2024-07-28 05:46:30","",""
"ESPRESSO","#967","Point of Sale","2","1x 12oz/Medium; 1x 12oz/Medium","1931","2024-07-28 05:50:00","2024-07-28 06:22:11","",""
"ESPRESSO","#293","Point of Sale","2","1x 12oz/Medium; 1x 16oz/Large","1823","2024-07-28 05:51:48","2024-07-28 06:22:11","",""
"ESPRESSO","#5371","Point of Sale","1","1x 12oz/Medium","1049","2024-07-28 06:04:46","2024-07-28 06:22:15","",""
"ESPRESSO","#8122","Point of Sale","1","1x 500g Beans","959","2024-07-28 06:06:13","2024-07-28 06:22:12","",""
"ESPRESSO","#7233","Point of Sale","3","1x 8oz/Small; 1x 12oz/Medium; 1x 16oz/ICED MEDIUM","192","2024-07-28 06:20:31","2024-07-28 06:23:43","",""
"ESPRESSO","#7252","Point of Sale","1","1x 12oz/Medium","563","2024-07-28 06:21:35","2024-07-28 06:30:58","",""
"ESPRESSO","#6097","Point of Sale","2","1x 8oz/Small; 1x 12oz/Medium","369","2024-07-28 06:34:20","2024-07-28 06:40:29","",""
"ESPRESSO","#1476","Point of Sale","1","1x 8oz/Small","348","2024-07-28 06:34:41","2024-07-28 06:40:29","",""
"ESPRESSO","Rose","Point of Sale","1","1x 12oz/Medium","145","2024-07-28 06:38:04","2024-07-28 06:40:29","",""
"ESPRESSO","Jp","Point of Sale","2","1x 12oz/Medium; 1x Babycino","191","2024-07-28 06:39:59","2024-07-28 06:43:10","",""
"ESPRESSO","#9622","Point of Sale","8","1x 12oz/Medium; 1x 12oz/Medium; 1x 12oz/Medium; 1x 8oz/Small; 1x 4oz/Pic, Esp, Dop; 3x Babycino","525","2024-07-28 06:43:09","2024-07-28 06:51:54","",""
"ESPRESSO","Jp Friend","Point of Sale","1","1x 12oz/Medium","377","2024-07-28 06:45:36","2024-07-28 06:51:53","",""
"ESPRESSO","#452","Point of Sale","1","1x 250g Beans","182","2024-07-28 06:48:51","2024-07-28 06:51:53","",""
"ESPRESSO","#8762","Point of Sale","1","1x 12oz/Medium","517","2024-07-28 06:49:10","2024-07-28 06:57:47","",""
"ESPRESSO","#4818","Point of Sale","1","1x 16oz/Large","444","2024-07-28 06:50:23","2024-07-28 06:57:47","",""
"ESPRESSO","#7852","Point of Sale","1","1x 12oz/Medium","473","2024-07-28 06:57:27","2024-07-28 07:05:20","",""
"ESPRESSO","#1878","Point of Sale","1","1x 16oz/ICED MEDIUM","247","2024-07-28 07:01:13","2024-07-28 07:05:20","",""
"ESPRESSO","#9639","Point of Sale","1","1x A Sweet Muffin","42","2024-07-28 07:04:39","2024-07-28 07:05:21","",""
"ESPRESSO","Michael","Point of Sale","1","1x 12oz/Medium","323","2024-07-28 07:09:03","2024-07-28 07:14:26","",""
"ESPRESSO","#5798","Point of Sale","1","1x 12oz/Medium","300","2024-07-28 07:09:26","2024-07-28 07:14:26","",""
"ESPRESSO","Jp","Point of Sale","3","1x 12oz/Medium; 1x 12oz/Medium; 1x 12oz/Medium","350","2024-07-28 07:11:11","2024-07-28 07:17:01","",""
"ESPRESSO","#2902","Point of Sale","3","1x 20oz\ICED LARGE; 2x A Cookie","277","2024-07-28 07:12:34","2024-07-28 07:17:11","",""
"ESPRESSO","#1344","Point of Sale","3","1x Protein Ball - Peanut Butter; 1x Protein Ball - Peanut Butter; 1x 6oz","201","2024-07-28 07:14:41","2024-07-28 07:18:02","",""
"ESPRESSO","#8815","Point of Sale","1","1x 16oz/Large","489","2024-07-28 07:15:13","2024-07-28 07:23:22","",""
"ESPRESSO","#6337","Point of Sale","2","1x 8oz/Small; 1x 8oz/Small","335","2024-07-28 07:17:47","2024-07-28 07:23:22","",""
"ESPRESSO","#3072","Point of Sale","2","1x Bacon And Egg Breakfast Wrap; 1x 6oz","235","2024-07-28 07:22:55","2024-07-28 07:26:50","",""
"ESPRESSO","#4584","Point of Sale","1","1x 8oz/Small","245","2024-07-28 07:32:54","2024-07-28 07:36:59","",""
"ESPRESSO","#5599","Point of Sale","1","1x 12oz/Medium","204","2024-07-28 07:33:35","2024-07-28 07:36:59","",""
"ESPRESSO","#1113","Point of Sale","1","1x 8oz/Small","148","2024-07-28 07:35:14","2024-07-28 07:37:42","",""
"ESPRESSO","#3061","Point of Sale","4","2x 12oz/Medium; 2x Babycino","506","2024-07-28 07:36:38","2024-07-28 07:45:04","",""
"ESPRESSO","Matt","Point of Sale","2","1x 12oz/Medium; 1x 12oz/Medium","446","2024-07-28 07:37:52","2024-07-28 07:45:18","",""
"ESPRESSO","#2218","Point of Sale","2","1x 12oz/Medium; 1x 8oz/Small","300","2024-07-28 07:40:04","2024-07-28 07:45:04","",""
"ESPRESSO","Huntrr","Point of Sale","3","1x 8oz/Small; 1x Babycino; 1x 6oz","282","2024-07-28 07:43:48","2024-07-28 07:48:30","",""
"ESPRESSO","#323","Point of Sale","2","1x 12oz/Medium; 1x 16oz/Large","344","2024-07-28 07:44:21","2024-07-28 07:50:05","",""
"ESPRESSO","Tommi","Point of Sale","4","1x Babycino; 1x 16oz/Large; 1x Babycino; 1x 8oz/Small","432","2024-07-28 07:44:55","2024-07-28 07:52:07","",""
"ESPRESSO","#5906","Point of Sale","1","1x 12oz/Medium","479","2024-07-28 07:47:48","2024-07-28 07:55:47","",""
"ESPRESSO","#4501","Point of Sale","3","2x 12oz/Medium; 1x 12oz/ICED SMALL","327","2024-07-28 07:50:20","2024-07-28 07:55:47","",""
"ESPRESSO","Me","Point of Sale","1","1x 12oz/Medium","364","2024-07-28 07:50:56","2024-07-28 07:57:00","",""
"ESPRESSO","#1299","Point of Sale","1","1x 8oz/Small","523","2024-07-28 07:51:16","2024-07-28 07:59:59","",""
"ESPRESSO","#129","Point of Sale","2","1x 12oz/Medium; 1x 12oz/Medium","441","2024-07-28 07:52:39","2024-07-28 08:00:00","",""
"ESPRESSO","#9295","Point of Sale","2","1x 1kg Beans; 1x 12oz/Medium","451","2024-07-28 07:53:58","2024-07-28 08:01:29","",""
"ESPRESSO","Maddie","Point of Sale","1","1x 12oz/Medium","443","2024-07-28 07:55:04","2024-07-28 08:02:27","",""
"ESPRESSO","Christian","Point of Sale","2","1x Babycino; 1x 4oz/Pic, Esp, Dop","657","2024-07-28 07:55:43","2024-07-28 08:06:40","",""
"ESPRESSO","Dylan","Point of Sale","2","1x 12oz/Medium; 1x 12oz/Medium","626","2024-07-28 07:56:14","2024-07-28 08:06:40","",""
"ESPRESSO","Ciaran","Point of Sale","1","1x 12oz/Medium","409","2024-07-28 08:01:58","2024-07-28 08:08:47","",""
"ESPRESSO","#9182","Point of Sale","1","1x 8oz/Small","296","2024-07-28 08:03:51","2024-07-28 08:08:47","",""
"ESPRESSO","#5091","Point of Sale","1","1x 8oz/Small","522","2024-07-28 08:05:45","2024-07-28 08:14:27","",""
"ESPRESSO","#3517","Point of Sale","2","1x 12oz/Medium; 1x 12oz/Medium","478","2024-07-28 08:06:30","2024-07-28 08:14:28","",""
"ESPRESSO","#5864","Point of Sale","1","1x 4oz/Pic, Esp, Dop","440","2024-07-28 08:07:09","2024-07-28 08:14:29","",""
"ESPRESSO","#9179","Point of Sale","1","1x 6oz","386","2024-07-28 08:08:03","2024-07-28 08:14:29","",""
"ESPRESSO","Michael","Point of Sale","1","1x 12oz/Medium","188","2024-07-28 08:11:21","2024-07-28 08:14:29","",""
"ESPRESSO","#2422","Point of Sale","1","1x 12oz/Medium","457","2024-07-28 08:16:50","2024-07-28 08:24:27","",""
"ESPRESSO","Rhyses Pieces","Point of Sale","2","2x 6oz","107","2024-07-28 08:22:41","2024-07-28 08:24:28","",""
"ESPRESSO","#7416","Point of Sale","1","1x 12oz/Medium","349","2024-07-28 08:23:23","2024-07-28 08:29:12","",""
"ESPRESSO","#9629","Point of Sale","1","1x 12oz/ICED SMALL","185","2024-07-28 08:26:07","2024-07-28 08:29:12","",""
"ESPRESSO","#3470","Point of Sale","2","2x 8oz/Small","162","2024-07-28 08:26:30","2024-07-28 08:29:12","",""
"ESPRESSO","#2449","Point of Sale","1","1x 16oz/Large","334","2024-07-28 08:26:49","2024-07-28 08:32:23","",""
"ESPRESSO","#1993","Point of Sale","2","1x 12oz/Medium; 1x 12oz/Medium","348","2024-07-28 08:28:12","2024-07-28 08:34:00","",""
"ESPRESSO","#5895","Point of Sale","1","1x 12oz/Medium","326","2024-07-28 08:28:35","2024-07-28 08:34:01","",""
"ESPRESSO","#9424","Point of Sale","1","1x 8oz/Small","720","2024-07-28 08:29:04","2024-07-28 08:41:04","",""
"ESPRESSO","#9572","Point of Sale","2","1x 12oz/Medium; 1x 12oz/Medium","508","2024-07-28 08:32:37","2024-07-28 08:41:05","",""
"ESPRESSO","Rach","Point of Sale","2","1x 12oz/Medium; 1x Bacon And Egg Breakfast Wrap","449","2024-07-28 08:33:37","2024-07-28 08:41:06","",""
"ESPRESSO","#3666","Point of Sale","2","1x 12oz/Medium; 1x 16oz/Large","186","2024-07-28 08:38:01","2024-07-28 08:41:07","",""
"ESPRESSO","Bear","Point of Sale","1","1x 12oz/Medium","939","2024-07-28 08:43:38","2024-07-28 08:59:17","",""
"ESPRESSO","#4387","Point of Sale","3","1x 16oz/Large; 1x 8oz/Small; 1x 16oz/Large","743","2024-07-28 08:54:10","2024-07-28 09:06:33","",""
"ESPRESSO","Scott","Point of Sale","1","1x 16oz/Large","536","2024-07-28 08:57:38","2024-07-28 09:06:34","",""
"ESPRESSO","Lis","Point of Sale","1","1x 8oz/Small","502","2024-07-28 08:58:19","2024-07-28 09:06:41","",""
"ESPRESSO","Cameron","Point of Sale","1","1x 16oz/Large","471","2024-07-28 08:58:49","2024-07-28 09:06:40","",""
"ESPRESSO","Reece","Point of Sale","2","1x 6oz; 1x Bacon And Egg Breakfast Wrap","419","2024-07-28 08:59:41","2024-07-28 09:06:40","",""
"ESPRESSO","#1704","Point of Sale","3","1x A Sweet Muffin; 1x 8oz/Small; 1x 8oz/Small","276","2024-07-28 09:00:39","2024-07-28 09:05:15","",""
"ESPRESSO","#3776","Point of Sale","5","1x 8oz/Small; 1x 12oz/Medium; 1x 12oz/Medium; 1x 12oz/ICED SMALL; 1x 8oz/Small","483","2024-07-28 09:02:13","2024-07-28 09:10:16","",""
"ESPRESSO","#9954","Point of Sale","1","1x 8oz/Small","438","2024-07-28 09:03:08","2024-07-28 09:10:26","",""
"ESPRESSO","Ash","Point of Sale","3","1x Babycino; 1x 6oz; 1x 8oz/Small","624","2024-07-28 09:03:36","2024-07-28 09:14:00","",""
"ESPRESSO","Anne","Point of Sale","1","1x 6oz","612","2024-07-28 09:03:48","2024-07-28 09:14:00","",""
"ESPRESSO","Lis","Point of Sale","4","1x A Sweet Muffin; 1x 8oz/Small; 1x 12oz/Medium; 1x Protein Ball - Peanut Butter","655","2024-07-28 09:04:21","2024-07-28 09:15:16","",""
"ESPRESSO","Tina","Point of Sale","1","1x 16oz/Large","676","2024-07-28 09:05:12","2024-07-28 09:16:28","",""
"ESPRESSO","#6354","Point of Sale","1","1x 8oz/Small","608","2024-07-28 09:06:20","2024-07-28 09:16:28","",""
"ESPRESSO","#7740","Point of Sale","1","1x 12oz/ICED SMALL","627","2024-07-28 09:06:40","2024-07-28 09:17:07","",""
"ESPRESSO","#6316","Point of Sale","2","2x 8oz/Small","653","2024-07-28 09:08:02","2024-07-28 09:18:55","",""
"ESPRESSO","#695","Point of Sale","2","1x 12oz/Medium; 1x 20oz\ICED LARGE","609","2024-07-28 09:10:47","2024-07-28 09:20:56","",""
"ESPRESSO","#7241","Point of Sale","2","1x 12oz/Medium; 1x 4oz/Pic, Esp, Dop","593","2024-07-28 09:14:48","2024-07-28 09:24:41","",""
"ESPRESSO","#2883","Point of Sale","2","1x 12oz/Medium; 1x 12oz/Medium","472","2024-07-28 09:16:50","2024-07-28 09:24:42","",""
"ESPRESSO","#8183","Point of Sale","2","1x 6oz; 1x 6oz","664","2024-07-28 09:17:52","2024-07-28 09:28:56","",""
"ESPRESSO","Tim","Point of Sale","1","1x 6oz","701","2024-07-28 09:19:28","2024-07-28 09:31:09","",""
"ESPRESSO","Tims","Point of Sale","1","1x A Sweet Muffin","552","2024-07-28 09:19:46","2024-07-28 09:28:58","",""
"ESPRESSO","#8055","Point of Sale","2","1x 12oz/Medium; 1x 12oz/Medium","591","2024-07-28 09:22:24","2024-07-28 09:32:15","",""
"ESPRESSO","#3742","Point of Sale","1","1x 8oz/Small","580","2024-07-28 09:24:28","2024-07-28 09:34:08","",""
"ESPRESSO","#7879","Point of Sale","1","1x 12oz/Medium","559","2024-07-28 09:24:49","2024-07-28 09:34:08","",""
"ESPRESSO","#7972","Point of Sale","2","1x 12oz/Medium; 1x 12oz/Medium","648","2024-07-28 09:25:31","2024-07-28 09:36:19","",""
"ESPRESSO","#2270","Point of Sale","1","1x 12oz/Medium","632","2024-07-28 09:25:48","2024-07-28 09:36:20","",""
"ESPRESSO","#8732","Point of Sale","2","2x 6oz","739","2024-07-28 09:26:08","2024-07-28 09:38:27","",""
"ESPRESSO","#3195","Point of Sale","2","1x 16oz/Large; 1x 12oz/Medium","567","2024-07-28 09:29:00","2024-07-28 09:38:27","",""
"ESPRESSO","#4659","Point of Sale","1","1x A Cookie","351","2024-07-28 09:29:33","2024-07-28 09:35:24","",""
"ESPRESSO","#1809","Point of Sale","1","1x A Sweet Muffin","428","2024-07-28 09:31:22","2024-07-28 09:38:30","",""
"ESPRESSO","#1362","Point of Sale","1","1x 250g Beans","384","2024-07-28 09:32:10","2024-07-28 09:38:34","",""
"ESPRESSO","Reece","Point of Sale","1","1x 6oz","1210","2024-07-28 09:32:33","2024-07-28 09:52:43","",""
"ESPRESSO","#8863","Point of Sale","2","1x 12oz/Medium; 1x 8oz/Small","516","2024-07-28 09:32:58","2024-07-28 09:41:34","",""
"ESPRESSO","#92","Point of Sale","2","2x Pupacino","736","2024-07-28 09:33:40","2024-07-28 09:45:56","",""
"ESPRESSO","#631","Point of Sale","2","1x A Sweet Muffin; 1x 12oz/Medium","429","2024-07-28 09:34:25","2024-07-28 09:41:34","",""
"ESPRESSO","Alex","Point of Sale","2","1x 16oz/Large; 1x 16oz/Large","193","2024-07-28 09:42:43","2024-07-28 09:45:56","",""
"ESPRESSO","#6960","Point of Sale","2","1x 8oz/Small; 1x 8oz/Small","507","2024-07-28 09:44:19","2024-07-28 09:52:46","",""
"ESPRESSO","#654","Point of Sale","1","1x 12oz/Medium","401","2024-07-28 09:46:01","2024-07-28 09:52:42","",""
"ESPRESSO","#9780","Point of Sale","1","1x 8oz/Small","259","2024-07-28 09:48:23","2024-07-28 09:52:42","",""
"ESPRESSO","#1331","Point of Sale","1","1x 6oz","239","2024-07-28 09:48:43","2024-07-28 09:52:42","",""
"ESPRESSO","#998","Point of Sale","1","1x 16oz/Large","538","2024-07-28 09:49:14","2024-07-28 09:58:12","",""
"ESPRESSO","#8621","Point of Sale","2","1x 12oz/Medium; 1x A Sweet Muffin","1276","2024-07-28 09:52:13","2024-07-28 10:13:29","",""
"ESPRESSO","#4953","Point of Sale","1","1x 8oz/Small","329","2024-07-28 09:52:42","2024-07-28 09:58:11","",""
"ESPRESSO","#1612","Point of Sale","2","1x 12oz/Medium; 1x 12oz/Medium","412","2024-07-28 09:58:15","2024-07-28 10:05:07","",""
"ESPRESSO","#7925","Point of Sale","1","1x 12oz/Medium","899","2024-07-28 09:58:30","2024-07-28 10:13:29","",""
"ESPRESSO","#6967","Point of Sale","2","1x Protein Ball - Peanut Butter; 1x 8oz/Small","35","2024-07-28 10:04:31","2024-07-28 10:05:06","",""
"ESPRESSO","#3427","Point of Sale","1","1x 16oz/ICED MEDIUM","442","2024-07-28 10:06:07","2024-07-28 10:13:29","",""
"ESPRESSO","#1677","Point of Sale","4","1x 6oz; 2x Babycino; 1x 12oz/Medium","276","2024-07-28 10:08:54","2024-07-28 10:13:30","",""
"ESPRESSO","#8925","Point of Sale","2","2x 16oz/Large","803","2024-07-28 10:10:07","2024-07-28 10:23:30","",""
"ESPRESSO","#3380","Point of Sale","1","1x Bobby Soda","8","2024-07-28 10:13:57","2024-07-28 10:14:05","",""
"ESPRESSO","Pat","Point of Sale","1","1x 16oz/Large","601","2024-07-28 10:22:09","2024-07-28 10:32:10","",""
"ESPRESSO","#206","Point of Sale","2","1x 8oz/Small; 1x 12oz/Medium","483","2024-07-28 10:24:07","2024-07-28 10:32:10","",""
"ESPRESSO","#2230","Point of Sale","1","1x ","421","2024-07-28 10:25:09","2024-07-28 10:32:10","",""
"ESPRESSO","#4935","Point of Sale","1","1x 8oz/Small","301","2024-07-28 10:27:09","2024-07-28 10:32:10","",""
"ESPRESSO","Toby","Point of Sale","2","1x 8oz/Small; 1x 4oz/Pic, Esp, Dop","446","2024-07-28 10:28:04","2024-07-28 10:35:30","",""
"ESPRESSO","#8191","Point of Sale","2","1x 6oz; 1x 6oz","67444","2024-07-28 10:31:08","2024-07-29 05:15:12","",""
"ESPRESSO","#6726","Point of Sale","2","1x 12oz/Medium; 1x 8oz/Small","67155","2024-07-28 10:35:57","2024-07-29 05:15:12","",""
"ESPRESSO","Ryan","Point of Sale","2","1x 8oz/Small; 1x 8oz/Small","67081","2024-07-28 10:37:11","2024-07-29 05:15:12","",""
"ESPRESSO","Gaylia","Point of Sale","2","1x 12oz/Medium; 1x 6oz","66875","2024-07-28 10:40:38","2024-07-29 05:15:13","",""
"ESPRESSO","#1453","Point of Sale","1","1x 12oz/Medium","65935","2024-07-28 10:56:19","2024-07-29 05:15:14","",""
"ESPRESSO","#2550","Point of Sale","1","1x 12oz/Medium","65970","2024-07-28 11:04:17","2024-07-29 05:23:47","",""
"ESPRESSO","#9191","Point of Sale","1","1x 12oz/Medium","747","2024-07-29 05:11:20","2024-07-29 05:23:47","",""
"ESPRESSO","#81","Point of Sale","1","1x 12oz/Medium","602","2024-07-29 05:13:46","2024-07-29 05:23:48","",""
"ESPRESSO","#1489","Point of Sale","1","1x 12oz/Medium","543","2024-07-29 05:14:45","2024-07-29 05:23:48","",""
"ESPRESSO","#8514","Point of Sale","1","1x 6oz","66","2024-07-29 05:22:42","2024-07-29 05:23:48","",""
"ESPRESSO","#9330","Point of Sale","1","1x 16oz/Large","1520","2024-07-29 05:23:44","2024-07-29 05:49:04","",""
"ESPRESSO","#9468","Point of Sale","1","1x 6oz","1116","2024-07-29 05:30:29","2024-07-29 05:49:05","",""
"ESPRESSO","#6666","Point of Sale","2","2x A Savoury Muffin","420","2024-07-29 05:42:05","2024-07-29 05:49:05","",""
"ESPRESSO","#7102","Point of Sale","1","1x 16oz/Large","312","2024-07-29 05:43:52","2024-07-29 05:49:04","",""
"ESPRESSO","#9967","Point of Sale","1","1x 12oz/Medium","203","2024-07-29 05:47:20","2024-07-29 05:50:43","",""
"ESPRESSO","#6708","Point of Sale","1","1x 12oz/Medium","178","2024-07-29 05:47:45","2024-07-29 05:50:43","",""
"ESPRESSO","#1852","Point of Sale","1","1x 20oz\ICED LARGE","639","2024-07-29 05:59:13","2024-07-29 06:09:52","",""
"ESPRESSO","#4627","Point of Sale","1","1x 6oz","584","2024-07-29 06:00:09","2024-07-29 06:09:53","",""
"ESPRESSO","#1892","Point of Sale","1","1x 12oz/Medium","550","2024-07-29 06:00:45","2024-07-29 06:09:55","",""
"ESPRESSO","#9469","Point of Sale","1","1x 12oz/Medium","479","2024-07-29 06:02:00","2024-07-29 06:09:59","",""
"ESPRESSO","#9825","Point of Sale","2","1x 12oz/Medium; 1x 12oz/Medium","327","2024-07-29 06:04:29","2024-07-29 06:09:56","",""
"ESPRESSO","#9076","Point of Sale","2","1x 4oz/Pic, Esp, Dop; 1x 6oz","544","2024-07-29 06:09:55","2024-07-29 06:18:59","",""
"ESPRESSO","#7791","Point of Sale","2","1x 8oz/Small; 1x 8oz/Small","487","2024-07-29 06:10:53","2024-07-29 06:19:00","",""
"ESPRESSO","#7722","Point of Sale","2","1x 16oz/Large; 1x A Cookie","237","2024-07-29 06:15:03","2024-07-29 06:19:00","",""
"ESPRESSO","#8590","Point of Sale","1","1x 12oz/Medium","169","2024-07-29 06:16:11","2024-07-29 06:19:00","",""
"ESPRESSO","#4373","Point of Sale","2","1x 8oz/Small; 1x 6oz","829","2024-07-29 06:21:40","2024-07-29 06:35:29","",""
"ESPRESSO","#7138","Point of Sale","1","1x 6oz","712","2024-07-29 06:23:36","2024-07-29 06:35:28","",""
"ESPRESSO","#9172","Point of Sale","1","1x 8oz/Small","353","2024-07-29 06:29:39","2024-07-29 06:35:32","",""
"ESPRESSO","#6213","Point of Sale","2","1x 12oz/Medium; 1x 12oz/ICED SMALL","231","2024-07-29 06:31:39","2024-07-29 06:35:30","",""
"ESPRESSO","#6375","Point of Sale","1","1x 12oz/Medium","101","2024-07-29 06:33:49","2024-07-29 06:35:30","",""
"ESPRESSO","#4216","Point of Sale","1","1x 12oz/Medium","184","2024-07-29 06:34:35","2024-07-29 06:37:39","",""
"ESPRESSO","#8288","Point of Sale","1","1x 12oz/Medium","163","2024-07-29 06:34:56","2024-07-29 06:37:39","",""
"ESPRESSO","#7710","Point of Sale","2","1x 16oz/Large; 1x 16oz/Large","598","2024-07-29 06:35:52","2024-07-29 06:45:50","",""
"ESPRESSO","#7966","Point of Sale","2","1x 20oz\ICED LARGE; 1x A Cookie","574","2024-07-29 06:36:16","2024-07-29 06:45:50","",""
"ESPRESSO","#2181","Point of Sale","1","1x 8oz/Small","554","2024-07-29 06:36:36","2024-07-29 06:45:50","",""
"ESPRESSO","#114","Point of Sale","1","1x 8oz/Small","676","2024-07-29 06:39:07","2024-07-29 06:50:23","",""
"ESPRESSO","#9220","Point of Sale","1","1x 12oz/ICED SMALL","291","2024-07-29 06:41:00","2024-07-29 06:45:51","",""
"ESPRESSO","#9790","Point of Sale","1","1x 12oz/Medium","358","2024-07-29 06:44:25","2024-07-29 06:50:23","",""
"ESPRESSO","#3469","Point of Sale","2","1x 12oz/Medium; 1x 12oz/Medium","316","2024-07-29 06:45:06","2024-07-29 06:50:22","",""
"ESPRESSO","Jp","Point of Sale","1","1x 12oz/Medium","308","2024-07-29 06:46:06","2024-07-29 06:51:14","",""
"ESPRESSO","#6744","Point of Sale","1","1x 12oz/Medium","216","2024-07-29 06:48:55","2024-07-29 06:52:31","",""
"ESPRESSO","Steve","Point of Sale","1","1x 6oz","844","2024-07-29 06:49:32","2024-07-29 07:03:36","",""
"ESPRESSO","#3125","Point of Sale","1","1x 12oz/Medium","811","2024-07-29 06:50:06","2024-07-29 07:03:37","",""
"ESPRESSO","#8633","Point of Sale","1","1x 12oz/Medium","125","2024-07-29 07:01:32","2024-07-29 07:03:37","",""
"ESPRESSO","#1108","Point of Sale","1","1x 12oz/Medium","100","2024-07-29 07:01:58","2024-07-29 07:03:38","",""
"ESPRESSO","#6203","Point of Sale","3","1x 12oz/Medium; 1x A Sweet Muffin; 1x 16oz/Large","901","2024-07-29 07:05:07","2024-07-29 07:20:08","",""
"ESPRESSO","#4978","Point of Sale","1","1x 12oz/Medium","633","2024-07-29 07:09:37","2024-07-29 07:20:10","",""
"ESPRESSO","#8255","Point of Sale","1","1x 8oz/Small","614","2024-07-29 07:09:55","2024-07-29 07:20:09","",""
"ESPRESSO","#2180","Point of Sale","3","2x A Sweet Muffin; 1x 8oz/Small","34","2024-07-29 07:19:34","2024-07-29 07:20:08","",""
"ESPRESSO","#8259","Point of Sale","4","1x 16oz/Large; 1x 16oz/Large; 1x A Sweet Muffin; 1x 16oz/Large","435","2024-07-29 07:21:08","2024-07-29 07:28:23","",""
"ESPRESSO","#5825","Point of Sale","1","1x 12oz/Medium","313","2024-07-29 07:23:10","2024-07-29 07:28:23","",""
"ESPRESSO","#8280","Point of Sale","2","1x 12oz/ICED SMALL; 1x 12oz/Medium","667","2024-07-29 07:23:35","2024-07-29 07:34:42","",""
"ESPRESSO","#6026","Point of Sale","2","1x 12oz/Medium; 1x A Savoury Muffin","518","2024-07-29 07:26:05","2024-07-29 07:34:43","",""
"ESPRESSO","#8224","Point of Sale","1","1x 8oz/Small","453","2024-07-29 07:27:11","2024-07-29 07:34:44","",""
"ESPRESSO","#7451","Point of Sale","3","1x 16oz/Large; 2x 16oz/ICED MEDIUM","238","2024-07-29 07:30:45","2024-07-29 07:34:43","",""
"ESPRESSO","#4294","Point of Sale","1","1x 16oz/Large","392","2024-07-29 07:30:56","2024-07-29 07:37:28","",""
"ESPRESSO","#7073","Point of Sale","1","1x 12oz/Medium","332","2024-07-29 07:31:58","2024-07-29 07:37:30","",""
"ESPRESSO","#9818","Point of Sale","1","1x 12oz/Medium","253","2024-07-29 07:33:16","2024-07-29 07:37:29","",""
"ESPRESSO","5876385","Square Online","2","1x 6oz; 1x 12oz/Medium","732","2024-07-29 07:34:18","2024-07-29 07:46:30","2024-07-29 07:34:12",""
"ESPRESSO","#670","Point of Sale","2","1x 8oz/Small; 1x 12oz/Medium","628","2024-07-29 07:36:02","2024-07-29 07:46:30","",""
"ESPRESSO","#6335","Point of Sale","1","1x 6oz","519","2024-07-29 07:37:51","2024-07-29 07:46:30","",""
"ESPRESSO","#9106","Point of Sale","2","1x Babycino; 1x 8oz/Small","168","2024-07-29 07:43:42","2024-07-29 07:46:30","",""
"ESPRESSO","#2065","Point of Sale","3","1x 16oz/Large; 2x 16oz/Large","427","2024-07-29 07:48:10","2024-07-29 07:55:17","",""
"ESPRESSO","#8479","Point of Sale","1","1x 12oz/Medium","411","2024-07-29 07:48:26","2024-07-29 07:55:17","",""
"ESPRESSO","#3796","Point of Sale","2","1x 250g Beans; 1x 12oz/Medium","207","2024-07-29 07:51:50","2024-07-29 07:55:17","",""
"ESPRESSO","#2408","Point of Sale","2","1x 8oz/Small; 1x 6oz","379","2024-07-29 07:53:06","2024-07-29 07:59:25","",""
"ESPRESSO","#9422","Point of Sale","1","1x 12oz/Medium","338","2024-07-29 07:53:49","2024-07-29 07:59:27","",""
"ESPRESSO","#7037","Point of Sale","1","1x 12oz/Medium","353","2024-07-29 07:54:50","2024-07-29 08:00:43","",""
"ESPRESSO","#1584","Point of Sale","2","1x Pupacino; 1x 6oz","303","2024-07-29 07:55:39","2024-07-29 08:00:42","",""
"ESPRESSO","#6208","Point of Sale","1","1x 16oz/Large","534","2024-07-29 07:56:42","2024-07-29 08:05:36","",""
"ESPRESSO","#2533","Point of Sale","4","1x Babycino; 1x 8oz/Small; 1x 8oz/Small; 1x A Sweet Muffin","440","2024-07-29 07:58:17","2024-07-29 08:05:37","",""
"ESPRESSO","#2887","Point of Sale","1","1x 16oz/Large","416","2024-07-29 07:58:40","2024-07-29 08:05:36","",""
"ESPRESSO","#6709","Point of Sale","1","1x 8oz/Small","218","2024-07-29 08:03:01","2024-07-29 08:06:39","",""
"ESPRESSO","#4872","Point of Sale","1","1x 16oz/ICED MEDIUM","202","2024-07-29 08:03:17","2024-07-29 08:06:39","",""
"ESPRESSO","#4636","Point of Sale","1","1x 12oz/Medium","279","2024-07-29 08:03:33","2024-07-29 08:08:12","",""
"ESPRESSO","#6572","Point of Sale","2","1x 6oz; 1x 8oz/Small","290","2024-07-29 08:04:10","2024-07-29 08:09:00","",""
"ESPRESSO","#4053","Point of Sale","1","1x 16oz/Large","398","2024-07-29 08:04:51","2024-07-29 08:11:29","",""
"ESPRESSO","#7744","Point of Sale","1","1x 12oz/Medium","368","2024-07-29 08:05:21","2024-07-29 08:11:29","",""
"ESPRESSO","#1863","Point of Sale","1","1x 6oz","396","2024-07-29 08:06:00","2024-07-29 08:12:36","",""
"ESPRESSO","#3219","Point of Sale","1","1x 20oz\ICED LARGE","478","2024-07-29 08:07:08","2024-07-29 08:15:06","",""
"ESPRESSO","Finn","Point of Sale","4","1x 6oz; 2x Fruit Juice; 1x 12oz/Medium","487","2024-07-29 08:07:41","2024-07-29 08:15:48","",""
"ESPRESSO","Jess","Point of Sale","1","1x 8oz/Small","452","2024-07-29 08:08:12","2024-07-29 08:15:44","",""
"ESPRESSO","Ali","Point of Sale","1","1x 8oz/Small","423","2024-07-29 08:08:42","2024-07-29 08:15:45","",""
"ESPRESSO","Emiliy","Point of Sale","1","1x 12oz/Medium","441","2024-07-29 08:09:05","2024-07-29 08:16:26","",""
"ESPRESSO","#9323","Point of Sale","1","1x 12oz/Medium","554","2024-07-29 08:09:24","2024-07-29 08:18:38","",""
"ESPRESSO","Jacob","Point of Sale","1","1x 12oz/Medium","530","2024-07-29 08:09:48","2024-07-29 08:18:38","",""
"ESPRESSO","#9609","Point of Sale","1","1x 6oz","511","2024-07-29 08:10:07","2024-07-29 08:18:38","",""
"ESPRESSO","#2883","Point of Sale","1","1x 8oz/Small","475","2024-07-29 08:11:43","2024-07-29 08:19:38","",""
"ESPRESSO","#6780","Point of Sale","4","1x 8oz/Small; 2x A Cookie; 1x 12oz/Medium","495","2024-07-29 08:12:55","2024-07-29 08:21:10","",""
"ESPRESSO","Scott","Point of Sale","1","1x 16oz/ICED MEDIUM","476","2024-07-29 08:13:16","2024-07-29 08:21:12","",""
"ESPRESSO","Matt","Point of Sale","3","1x 12oz/Medium; 1x 12oz/Medium; 1x 12oz/Medium","623","2024-07-29 08:13:58","2024-07-29 08:24:21","",""
"ESPRESSO","#2059","Point of Sale","1","1x 8oz/Small","394","2024-07-29 08:19:19","2024-07-29 08:25:53","",""
"ESPRESSO","#8888","Point of Sale","2","1x A Cookie; 1x 8oz/Small","321","2024-07-29 08:22:11","2024-07-29 08:27:32","",""
"ESPRESSO","#6815","Point of Sale","1","1x 12oz/ICED SMALL","533","2024-07-29 08:22:45","2024-07-29 08:31:38","",""
"ESPRESSO","#8764","Point of Sale","2","1x 12oz/Medium; 1x A Savoury Muffin","430","2024-07-29 08:24:27","2024-07-29 08:31:37","",""
"ESPRESSO","#1572","Point of Sale","2","1x A Cookie; 1x 8oz/Small","336","2024-07-29 08:26:01","2024-07-29 08:31:37","",""
"ESPRESSO","#2634","Point of Sale","1","1x 8oz/Small","315","2024-07-29 08:26:22","2024-07-29 08:31:37","",""
"ESPRESSO","#2048","Point of Sale","1","1x 12oz/Medium","418","2024-07-29 08:26:42","2024-07-29 08:33:40","",""
"ESPRESSO","#5508","Point of Sale","1","1x 12oz/Medium","447","2024-07-29 08:26:56","2024-07-29 08:34:23","",""
"ESPRESSO","#3705","Point of Sale","4","1x A Savoury Muffin; 1x A Sweet Muffin; 1x 12oz/Medium; 1x 8oz/Small","405","2024-07-29 08:30:02","2024-07-29 08:36:47","",""
"ESPRESSO","#1985","Point of Sale","1","1x 12oz/Medium","384","2024-07-29 08:30:55","2024-07-29 08:37:19","",""
"ESPRESSO","#580","Point of Sale","1","1x 16oz/Large","459","2024-07-29 08:31:25","2024-07-29 08:39:04","",""
"ESPRESSO","#5611","Point of Sale","2","1x A Sweet Muffin; 1x 12oz/Medium","305","2024-07-29 08:34:00","2024-07-29 08:39:05","",""
"ESPRESSO","#5979","Point of Sale","1","1x 12oz/Medium","308","2024-07-29 08:36:15","2024-07-29 08:41:23","",""
"ESPRESSO","#2767","Point of Sale","3","1x 12oz/Medium; 1x 12oz/Medium; 1x 12oz/Medium","409","2024-07-29 08:37:35","2024-07-29 08:44:24","",""
"ESPRESSO","#8312","Point of Sale","1","1x 16oz/Large","384","2024-07-29 08:38:01","2024-07-29 08:44:25","",""
"ESPRESSO","#2104","Point of Sale","1","1x 16oz/Large","760","2024-07-29 08:40:39","2024-07-29 08:53:19","",""
"ESPRESSO","#4349","Point of Sale","1","1x 12oz/Medium","749","2024-07-29 08:40:51","2024-07-29 08:53:20","",""
"ESPRESSO","#5169","Point of Sale","1","1x 16oz/Large","716","2024-07-29 08:41:22","2024-07-29 08:53:18","",""
"ESPRESSO","#2231","Point of Sale","1","1x 4oz/Pic, Esp, Dop","243","2024-07-29 08:50:51","2024-07-29 08:54:54","",""
"ESPRESSO","#441","Point of Sale","1","1x 12oz/Medium","229","2024-07-29 08:51:05","2024-07-29 08:54:54","",""
"ESPRESSO","#2049","Point of Sale","1","1x 12oz/Medium","670","2024-07-29 08:51:22","2024-07-29 09:02:32","",""
"ESPRESSO","#5540","Point of Sale","1","1x 12oz/Medium","624","2024-07-29 08:52:09","2024-07-29 09:02:33","",""
"ESPRESSO","#1844","Point of Sale","1","1x 16oz/Large","233","2024-07-29 08:58:40","2024-07-29 09:02:33","",""
"ESPRESSO","#9697","Point of Sale","1","1x 12oz/Medium","171","2024-07-29 08:59:50","2024-07-29 09:02:41","",""
"ESPRESSO","#2285","Point of Sale","1","1x 16oz/Large","72","2024-07-29 09:01:22","2024-07-29 09:02:34","",""
"ESPRESSO","#5447","Point of Sale","1","1x Jam Donut","318","2024-07-29 09:09:37","2024-07-29 09:14:55","",""
"ESPRESSO","#9466","Point of Sale","2","1x Protein Ball - Peanut Butter; 1x 12oz/Medium","218","2024-07-29 09:11:17","2024-07-29 09:14:55","",""
"ESPRESSO","#4103","Point of Sale","1","1x 12oz/Medium","165","2024-07-29 09:12:11","2024-07-29 09:14:56","",""
"ESPRESSO","#6610","Point of Sale","2","1x 8oz/Small; 1x 8oz/Small","429","2024-07-29 09:12:52","2024-07-29 09:20:01","",""
"ESPRESSO","#641","Point of Sale","1","1x 8oz/Small","276","2024-07-29 09:13:38","2024-07-29 09:18:14","",""
"ESPRESSO","#5702","Point of Sale","1","1x 8oz/Small","258","2024-07-29 09:13:56","2024-07-29 09:18:14","",""
