"Device Name","Ticket Name","Order Source","Number of Items","Items in Ticket","Completion Time (seconds)","Time Created","Time Completed","Time Due","Time Recalled"
"ESPRESSO","","Point of Sale","2","1x 12oz/Medium; 1x 8oz/Small","275","2025-12-01 05:21:35","2025-12-01 05:26:10","",""
"ESPRESSO","","Point of Sale","1","1x 12oz/Medium","244","2025-12-01 05:22:04","2025-12-01 05:26:08","",""
"ESPRESSO","","Point of Sale","3","3x 6oz","119","2025-12-01 05:28:16","2025-12-01 05:30:15","",""
"ESPRESSO","","Point of Sale","1","1x 12oz/Medium","64","2025-12-01 05:32:32","2025-12-01 05:33:36","",""
"ESPRESSO","","Point of Sale","1","1x 12oz/Medium","123","2025-12-01 05:34:11","2025-12-01 05:36:14","",""
"ESPRESSO","","Point of Sale","1","1x 16oz/Large","289","2025-12-01 05:40:59","2025-12-01 05:45:48","",""
"ESPRESSO","","Point of Sale","1","1x 12oz/Medium","93","2025-12-01 05:44:17","2025-12-01 05:45:50","",""
"ESPRESSO","","Point of Sale","1","1x 6oz","110","2025-12-01 05:44:34","2025-12-01 05:46:24","",""
"ESPRESSO","","Point of Sale","1","1x 12oz/Medium","107","2025-12-01 05:45:15","2025-12-01 05:47:02","",""
"ESPRESSO","","Point of Sale","3","1x BUTTERBOY; 1x 12oz/Medium; 1x 12oz/Medium","296","2025-12-01 05:48:55","2025-12-01 05:53:51","",""
"ESPRESSO","","Point of Sale","1","1x 6oz","373","2025-12-01 05:49:12","2025-12-01 05:55:25","",""
"ESPRESSO","","Point of Sale","2","1x 16oz/Large; 1x 16oz/Large","443","2025-12-01 05:49:54","2025-12-01 05:57:17","",""
"ESPRESSO","","Point of Sale","1","1x 12oz/Medium","493","2025-12-01 05:50:23","2025-12-01 05:58:36","",""
"ESPRESSO","Green","Point of Sale","1","1x 16oz/Large","465","2025-12-01 05:50:56","2025-12-01 05:58:41","",""
"ESPRESSO","Keep","Point of Sale","2","1x 16oz/Large; 1x 16oz/Large","462","2025-12-01 05:52:48","2025-12-01 06:00:30","",""
"ESPRESSO","","Point of Sale","2","2x 4oz/Pic, Esp, Dop","432","2025-12-01 05:58:29","2025-12-01 06:05:41","",""
"ESPRESSO","","Point of Sale","2","1x 16oz/ICED MEDIUM; 1x 12oz/Medium","217","2025-12-01 06:04:46","2025-12-01 06:08:23","",""
"ESPRESSO","","Point of Sale","1","1x 20oz\ICED LARGE","172","2025-12-01 06:05:32","2025-12-01 06:08:24","",""
"ESPRESSO","","Point of Sale","1","1x 16oz/ICED MEDIUM","198","2025-12-01 06:07:29","2025-12-01 06:10:47","",""
"ESPRESSO","","Point of Sale","3","1x 12oz/Medium; 1x 16oz/ICED MEDIUM; 1x 16oz/ICED MEDIUM","272","2025-12-01 06:09:46","2025-12-01 06:14:18","",""
"ESPRESSO","Crcbnplumbjg","Point of Sale","1","1x 12oz/ICED SMALL","252","2025-12-01 06:10:06","2025-12-01 06:14:18","",""
"ESPRESSO","","Point of Sale","1","1x 16oz/ICED MEDIUM","84","2025-12-01 06:10:46","2025-12-01 06:12:10","",""
"ESPRESSO","","Point of Sale","1","1x 8oz/Small","155","2025-12-01 06:13:33","2025-12-01 06:16:08","",""
"ESPRESSO","","Point of Sale","1","1x 12oz/Medium","94","2025-12-01 06:15:17","2025-12-01 06:16:51","",""
"ESPRESSO","","Point of Sale","1","1x 16oz/ICED MEDIUM","169","2025-12-01 06:18:26","2025-12-01 06:21:15","",""
"ESPRESSO","","Point of Sale","1","1x 8oz/Small","132","2025-12-01 06:18:44","2025-12-01 06:20:56","",""
"ESPRESSO","Tradie","Point of Sale","3","1x 16oz/Large; 1x Babycino; 1x 16oz/ICED MEDIUM","273","2025-12-01 06:19:33","2025-12-01 06:24:06","",""
"ESPRESSO","","Point of Sale","1","1x 12oz/ICED SMALL","266","2025-12-01 06:20:10","2025-12-01 06:24:36","",""
"ESPRESSO","","Point of Sale","1","1x ","327","2025-12-01 06:27:30","2025-12-01 06:32:57","",""
"ESPRESSO","","Point of Sale","2","1x Pupacino; 1x 16oz/ICED MEDIUM","304","2025-12-01 06:27:53","2025-12-01 06:32:57","",""
"ESPRESSO","","Point of Sale","1","1x 16oz/Large","294","2025-12-01 06:28:04","2025-12-01 06:32:58","",""
"ESPRESSO","","Point of Sale","1","1x 12oz/ICED SMALL","173","2025-12-01 06:30:05","2025-12-01 06:32:58","",""
"ESPRESSO","Rozy","Point of Sale","1","1x 6oz","336","2025-12-01 06:30:39","2025-12-01 06:36:15","",""
"ESPRESSO","Tradie","Point of Sale","1","1x 16oz/Large","301","2025-12-01 06:31:16","2025-12-01 06:36:17","",""
"ESPRESSO","Younf teadie","Point of Sale","2","1x 12oz/Medium; 1x 16oz/Large","355","2025-12-01 06:31:38","2025-12-01 06:37:33","",""
"ESPRESSO","","Point of Sale","1","1x 12oz/ICED SMALL","435","2025-12-01 06:31:54","2025-12-01 06:39:09","",""
"ESPRESSO","Mqrc","Point of Sale","1","1x 12oz/Medium","359","2025-12-01 06:34:26","2025-12-01 06:40:25","",""
"ESPRESSO","Go one. Lre","Point of Sale","1","1x 16oz/ICED MEDIUM","326","2025-12-01 06:37:30","2025-12-01 06:42:56","",""
"ESPRESSO","","Point of Sale","1","1x 12oz/Medium","67","2025-12-01 06:47:51","2025-12-01 06:48:58","",""
"ESPRESSO","","Point of Sale","1","1x Ham And Cheese Croissant","258","2025-12-01 06:48:48","2025-12-01 06:53:06","",""
"ESPRESSO","","Point of Sale","1","1x 8oz/Small","103","2025-12-01 06:51:22","2025-12-01 06:53:05","",""
"ESPRESSO","","Point of Sale","2","2x 12oz/Medium","199","2025-12-01 06:54:23","2025-12-01 06:57:42","",""
"ESPRESSO","Oasis","Point of Sale","1","1x 8oz/Small","213","2025-12-01 06:56:13","2025-12-01 06:59:46","",""
"ESPRESSO","","Point of Sale","1","1x 6oz","60","2025-12-01 06:58:47","2025-12-01 06:59:47","",""
"ESPRESSO","","Point of Sale","1","1x 12oz/ICED SMALL","171","2025-12-01 06:58:58","2025-12-01 07:01:49","",""
"ESPRESSO","","Point of Sale","1","1x 8oz/Small","140","2025-12-01 06:59:30","2025-12-01 07:01:50","",""
"ESPRESSO","","Point of Sale","4","1x 12oz/ICED SMALL; 3x Pupacino","180","2025-12-01 07:02:20","2025-12-01 07:05:20","",""
"ESPRESSO","","Point of Sale","1","1x 8oz/Small","171","2025-12-01 07:04:20","2025-12-01 07:07:11","",""
"ESPRESSO","","Point of Sale","1","1x 16oz/Large","152","2025-12-01 07:05:01","2025-12-01 07:07:33","",""
"ESPRESSO","","Point of Sale","2","1x 8oz/Small; 1x 16oz/Large","238","2025-12-01 07:05:24","2025-12-01 07:09:22","",""
"ESPRESSO","","Point of Sale","1","1x 8oz/Small","256","2025-12-01 07:06:26","2025-12-01 07:10:42","",""
"ESPRESSO","Nurse","Point of Sale","1","1x 20oz\ICED LARGE","236","2025-12-01 07:06:52","2025-12-01 07:10:48","",""
"ESPRESSO","","Point of Sale","3","1x 12oz/ICED SMALL; 1x 16oz/ICED MEDIUM; 1x 12oz/Medium","222","2025-12-01 07:11:41","2025-12-01 07:15:23","",""
"ESPRESSO","","Point of Sale","1","1x 12oz/ICED SMALL","196","2025-12-01 07:13:16","2025-12-01 07:16:32","",""
"ESPRESSO","","Point of Sale","1","1x 4oz/Pic, Esp, Dop","178","2025-12-01 07:13:37","2025-12-01 07:16:35","",""
"ESPRESSO","","Point of Sale","2","1x 16oz/Large; 1x Ham And Cheese Croissant","391","2025-12-01 07:16:20","2025-12-01 07:22:51","",""
"ESPRESSO","","Point of Sale","1","1x 12oz/Medium","109","2025-12-01 07:21:05","2025-12-01 07:22:54","",""
"ESPRESSO","","Point of Sale","2","1x 12oz/Medium; 1x 12oz/Medium","160","2025-12-01 07:22:26","2025-12-01 07:25:06","",""
"ESPRESSO","","Point of Sale","2","1x 8oz/Small; 1x 12oz/Medium","197","2025-12-01 07:24:55","2025-12-01 07:28:12","",""
"ESPRESSO","","Point of Sale","1","1x 16oz/Large","268","2025-12-01 07:25:46","2025-12-01 07:30:14","",""
"ESPRESSO","","Point of Sale","1","1x 16oz/Large","226","2025-12-01 07:26:28","2025-12-01 07:30:14","",""
"ESPRESSO","","Point of Sale","1","1x 6oz","323","2025-12-01 07:29:19","2025-12-01 07:34:42","",""
"ESPRESSO","","Point of Sale","1","1x 6oz","302","2025-12-01 07:29:41","2025-12-01 07:34:43","",""
"ESPRESSO","","Point of Sale","1","1x 12oz/Medium","199","2025-12-01 07:33:10","2025-12-01 07:36:29","",""
"ESPRESSO","","Point of Sale","1","1x 16oz/ICED MEDIUM","77","2025-12-01 07:35:14","2025-12-01 07:36:31","",""
"ESPRESSO","","Point of Sale","1","1x 16oz/Large","124","2025-12-01 07:35:57","2025-12-01 07:38:01","",""
"ESPRESSO","","Point of Sale","1","1x 6oz","61","2025-12-01 07:37:54","2025-12-01 07:38:55","",""
"ESPRESSO","","Point of Sale","1","1x 12oz/Medium","166","2025-12-01 07:41:18","2025-12-01 07:44:04","",""
"ESPRESSO","","Point of Sale","1","1x 16oz/Large","42","2025-12-01 07:46:09","2025-12-01 07:46:51","",""
"ESPRESSO","","Point of Sale","1","1x 12oz/Medium","156","2025-12-01 07:48:41","2025-12-01 07:51:17","",""
"ESPRESSO","","Point of Sale","1","1x 16oz/Large","143","2025-12-01 07:48:54","2025-12-01 07:51:17","",""
"ESPRESSO","","Point of Sale","1","1x 12oz/ICED SMALL","317","2025-12-01 07:49:11","2025-12-01 07:54:28","",""
"ESPRESSO","588397998","Square Online","2","1x 16oz/ICED MEDIUM; 1x 8oz/Small","315","2025-12-01 07:50:09","2025-12-01 07:55:24","2025-12-01 07:50:04",""
"ESPRESSO","","Point of Sale","1","1x 16oz/ICED MEDIUM","141","2025-12-01 07:54:29","2025-12-01 07:56:50","",""
"ESPRESSO","","Point of Sale","3","1x 12oz/ICED SMALL; 1x 12oz/ICED SMALL; 1x A Sweet Muffin","301","2025-12-01 07:55:11","2025-12-01 08:00:12","",""
"ESPRESSO","","Point of Sale","1","1x Fiji Water","49","2025-12-01 07:56:22","2025-12-01 07:57:11","",""
"ESPRESSO","","Point of Sale","1","1x 12oz/Medium","590","2025-12-01 07:58:53","2025-12-01 08:08:43","",""
"ESPRESSO","","Point of Sale","1","1x 8oz/Small","584","2025-12-01 07:59:05","2025-12-01 08:08:49","",""
"ESPRESSO","","Point of Sale","2","1x A Sweet Muffin; 1x 12oz/Medium","568","2025-12-01 07:59:22","2025-12-01 08:08:50","",""
"ESPRESSO","Amjadsyaid","Point of Sale","1","1x 12oz/Medium","551","2025-12-01 07:59:40","2025-12-01 08:08:51","",""
"ESPRESSO","","Point of Sale","1","1x Ham And Cheese Croissant","550","2025-12-01 07:59:53","2025-12-01 08:09:03","",""
"ESPRESSO","","Point of Sale","2","1x 6oz; 1x Ham And Cheese Croissant","380","2025-12-01 08:06:53","2025-12-01 08:13:13","",""
"ESPRESSO","","Point of Sale","1","1x 8oz/Small","291","2025-12-01 08:08:23","2025-12-01 08:13:14","",""
"ESPRESSO","","Point of Sale","1","1x 12oz/Medium","203","2025-12-01 08:12:50","2025-12-01 08:16:13","",""
"ESPRESSO","","Point of Sale","2","1x 16oz/ICED MEDIUM; 1x 16oz/ICED MEDIUM","192","2025-12-01 08:15:14","2025-12-01 08:18:26","",""
"ESPRESSO","","Point of Sale","1","1x 16oz/ICED MEDIUM","156","2025-12-01 08:17:03","2025-12-01 08:19:39","",""
"ESPRESSO","","Point of Sale","1","1x 6oz","214","2025-12-01 08:18:07","2025-12-01 08:21:41","",""
"ESPRESSO","","Point of Sale","1","1x 16oz/ICED MEDIUM","207","2025-12-01 08:25:48","2025-12-01 08:29:15","",""
"ESPRESSO","Elise","Point of Sale","2","1x 12oz/ICED SMALL; 1x Fruit Juice","174","2025-12-01 08:28:21","2025-12-01 08:31:15","",""
"ESPRESSO","","Point of Sale","1","1x 6oz","196","2025-12-01 08:28:39","2025-12-01 08:31:55","",""
"ESPRESSO","","Point of Sale","1","1x 6oz","65","2025-12-01 08:32:13","2025-12-01 08:33:18","",""
"ESPRESSO","","Point of Sale","1","1x 16oz/ICED MEDIUM","146","2025-12-01 08:36:08","2025-12-01 08:38:34","",""
"ESPRESSO","","Point of Sale","1","1x 8oz/Small","51","2025-12-01 08:39:02","2025-12-01 08:39:53","",""
"ESPRESSO","","Point of Sale","2","2x 8oz/Small","127","2025-12-01 08:39:17","2025-12-01 08:41:24","",""
"ESPRESSO","","Point of Sale","1","1x 12oz/Medium","74","2025-12-01 08:41:58","2025-12-01 08:43:12","",""
"ESPRESSO","","Point of Sale","1","1x 16oz/Large","242","2025-12-01 08:45:21","2025-12-01 08:49:23","",""
"ESPRESSO","","Point of Sale","2","1x A Sweet Muffin; 1x 12oz/ICED SMALL","180","2025-12-01 08:46:25","2025-12-01 08:49:25","",""
"ESPRESSO","","Point of Sale","3","1x Breakfast Wrap; 1x 8oz/Small; 1x 8oz/Small","333","2025-12-01 08:46:53","2025-12-01 08:52:26","",""
"ESPRESSO","","Point of Sale","2","1x 16oz/Large; 1x 20oz\ICED LARGE","539","2025-12-01 08:52:06","2025-12-01 09:01:05","",""
"ESPRESSO","","Point of Sale","1","1x 12oz/ICED SMALL","160","2025-12-01 08:58:26","2025-12-01 09:01:06","",""
"ESPRESSO","","Point of Sale","2","1x A Savoury Muffin; 1x 12oz/ICED SMALL","243","2025-12-01 08:59:39","2025-12-01 09:03:42","",""
"ESPRESSO","","Point of Sale","1","1x 12oz/Medium","308","2025-12-01 09:00:12","2025-12-01 09:05:20","",""
"ESPRESSO","","Point of Sale","2","1x 20oz\ICED LARGE; 1x 12oz/Medium","421","2025-12-01 09:00:37","2025-12-01 09:07:38","",""
"ESPRESSO","Stdipesz","Point of Sale","1","1x 16oz/Large","272","2025-12-01 09:04:00","2025-12-01 09:08:32","",""
"ESPRESSO","","Point of Sale","3","1x 16oz/ICED MEDIUM; 2x 16oz/Large","417","2025-12-01 09:10:04","2025-12-01 09:17:01","",""
"ESPRESSO","","Point of Sale","2","1x 12oz/Medium; 1x TOASTIE","485","2025-12-01 09:21:54","2025-12-01 09:29:59","",""
"ESPRESSO","","Point of Sale","1","1x 12oz/Medium","337","2025-12-01 09:24:22","2025-12-01 09:29:59","",""
"ESPRESSO","","Point of Sale","2","1x Sweet Pastry; 1x 8oz/Small","234","2025-12-01 09:31:24","2025-12-01 09:35:18","",""
"ESPRESSO","","Point of Sale","1","1x 8oz/Small","217","2025-12-01 09:31:42","2025-12-01 09:35:19","",""
"ESPRESSO","","Point of Sale","1","1x 12oz/Medium","102","2025-12-01 09:39:40","2025-12-01 09:41:22","",""
"ESPRESSO","","Point of Sale","1","1x 16oz/ICED MEDIUM","272","2025-12-01 09:46:17","2025-12-01 09:50:49","",""
"ESPRESSO","","Point of Sale","1","1x 12oz/ICED SMALL","195","2025-12-01 09:48:13","2025-12-01 09:51:28","",""
"ESPRESSO","","Point of Sale","1","1x 16oz/Large","297","2025-12-01 10:21:06","2025-12-01 10:26:03","",""
"ESPRESSO","","Point of Sale","1","1x 12oz/ICED SMALL","206","2025-12-01 10:31:34","2025-12-01 10:35:00","",""
"ESPRESSO","","Point of Sale","2","1x 8oz/Small; 1x TOASTIE","532","2025-12-01 10:34:02","2025-12-01 10:42:54","",""
"ESPRESSO","","Point of Sale","2","1x 20oz\ICED LARGE; 1x 500g Beans","510","2025-12-01 10:34:26","2025-12-01 10:42:56","",""
"ESPRESSO","","Point of Sale","1","1x 8oz/Small","197","2025-12-01 10:43:04","2025-12-01 10:46:21","",""
"ESPRESSO","","Point of Sale","2","1x 12oz/ICED SMALL; 1x 12oz/ICED SMALL","184","2025-12-01 10:43:24","2025-12-01 10:46:28","",""
"ESPRESSO","","Point of Sale","1","1x 12oz/ICED SMALL","176","2025-12-01 10:45:06","2025-12-01 10:48:02","",""
"ESPRESSO","","Point of Sale","1","1x 8oz/Small","158","2025-12-01 10:46:15","2025-12-01 10:48:53","",""
"ESPRESSO","","Point of Sale","1","1x 12oz/Medium","290","2025-12-01 10:46:35","2025-12-01 10:51:25","",""
"ESPRESSO","","Point of Sale","1","1x 16oz/ICED MEDIUM","275","2025-12-01 10:46:54","2025-12-01 10:51:29","",""
"ESPRESSO","","Point of Sale","2","1x 16oz/ICED MEDIUM; 1x 16oz/ICED MEDIUM","316","2025-12-01 10:48:19","2025-12-01 10:53:35","",""
"ESPRESSO","","Point of Sale","1","1x 12oz/Medium","204","2025-12-01 10:50:11","2025-12-01 10:53:35","",""
"ESPRESSO","","Point of Sale","2","1x TOASTIE; 1x 8oz/Small","422","2025-12-01 10:55:54","2025-12-01 11:02:56","",""
"ESPRESSO","","Point of Sale","2","1x 12oz/ICED SMALL; 1x BUTTERBOY","226","2025-12-01 10:59:11","2025-12-01 11:02:57","",""
"ESPRESSO","","Point of Sale","2","2x 12oz/Medium","525","2025-12-02 05:22:11","2025-12-02 05:30:56","",""
"ESPRESSO","","Point of Sale","2","1x 4oz/Pic, Esp, Dop; 1x 6oz","536","2025-12-02 05:22:47","2025-12-02 05:31:43","",""
"ESPRESSO","","Point of Sale","1","1x 8oz/Small","398","2025-12-02 05:28:50","2025-12-02 05:35:28","",""
"ESPRESSO","","Point of Sale","1","1x 12oz/Medium","65","2025-12-02 05:41:51","2025-12-02 05:42:56","",""
"ESPRESSO","","Point of Sale","1","1x 16oz/ICED MEDIUM","433","2025-12-02 05:46:00","2025-12-02 05:53:13","",""
"ESPRESSO","","Point of Sale","3","1x BUTTERBOY; 1x 12oz/Medium; 1x 12oz/Medium","321","2025-12-02 05:47:52","2025-12-02 05:53:13","",""
"ESPRESSO","","Point of Sale","1","1x 8oz/Small","295","2025-12-02 05:49:20","2025-12-02 05:54:15","",""
"ESPRESSO","","Point of Sale","1","1x 16oz/ICED MEDIUM","413","2025-12-02 05:58:28","2025-12-02 06:05:21","",""
"ESPRESSO","","Point of Sale","1","1x 12oz/Medium","395","2025-12-02 05:58:46","2025-12-02 06:05:21","",""
"ESPRESSO","Orabge","Point of Sale","2","1x 20oz\ICED LARGE; 1x 12oz/Medium","608","2025-12-02 06:00:35","2025-12-02 06:10:43","",""
"ESPRESSO","","Point of Sale","2","1x 16oz/ICED MEDIUM; 1x 16oz/ICED MEDIUM","659","2025-12-02 06:03:09","2025-12-02 06:14:08","",""
"ESPRESSO","Sunnies kn nead","Point of Sale","1","1x 12oz/Medium","730","2025-12-02 06:03:47","2025-12-02 06:15:57","",""
"ESPRESSO","","Point of Sale","2","2x 16oz/ICED MEDIUM","443","2025-12-02 06:09:45","2025-12-02 06:17:08","",""
"ESPRESSO","","Point of Sale","1","1x 12oz/Medium","432","2025-12-02 06:09:56","2025-12-02 06:17:08","",""
"ESPRESSO","","Point of Sale","1","1x 12oz/Medium","561","2025-12-02 06:13:36","2025-12-02 06:22:57","",""
"ESPRESSO","","Point of Sale","2","1x Babycino; 1x 8oz/Small","457","2025-12-02 06:15:20","2025-12-02 06:22:57","",""
"ESPRESSO","Karen","Point of Sale","2","1x 12oz/ICED SMALL; 1x 12oz/Medium","347","2025-12-02 06:20:06","2025-12-02 06:25:53","",""
"ESPRESSO","Ryan","Point of Sale","1","1x 20oz\ICED LARGE","298","2025-12-02 06:20:23","2025-12-02 06:25:21","",""
"ESPRESSO","Fringe","Point of Sale","1","1x 8oz/Small","612","2025-12-02 06:21:16","2025-12-02 06:31:28","",""
"ESPRESSO","Energex","Point of Sale","2","1x 16oz/Large; 1x Ham And Cheese Croissant","550","2025-12-02 06:22:19","2025-12-02 06:31:29","",""
"ESPRESSO","","Point of Sale","1","1x 16oz/Large","525","2025-12-02 06:22:47","2025-12-02 06:31:32","",""
"ESPRESSO","Orange","Point of Sale","2","1x 16oz/Large; 1x 12oz/Medium","505","2025-12-02 06:42:25","2025-12-02 06:50:50","",""
"ESPRESSO","Mzn bun","Point of Sale","2","1x Ham And Cheese Croissant; 1x 12oz/Medium","488","2025-12-02 06:42:42","2025-12-02 06:50:50","",""
"ESPRESSO","Yellow","Point of Sale","3","1x 16oz/ICED MEDIUM; 1x Babycino; 1x 16oz/Large","586","2025-12-02 06:46:08","2025-12-02 06:55:54","",""
"ESPRESSO","","Point of Sale","1","1x 12oz/Medium","304","2025-12-02 06:50:51","2025-12-02 06:55:55","",""
"ESPRESSO","","Point of Sale","3","1x Babycino; 2x 16oz/ICED MEDIUM","443","2025-12-02 06:54:37","2025-12-02 07:02:00","",""
"ESPRESSO","","Point of Sale","4","1x 12oz/ICED SMALL; 3x Pupacino","308","2025-12-02 06:56:53","2025-12-02 07:02:01","",""
"ESPRESSO","","Point of Sale","1","1x 12oz/ICED SMALL","218","2025-12-02 06:58:24","2025-12-02 07:02:02","",""
"ESPRESSO","","Point of Sale","1","1x 12oz/Medium","100","2025-12-02 07:01:50","2025-12-02 07:03:30","",""
"ESPRESSO","","Point of Sale","2","1x 8oz/Small; 1x 12oz/ICED SMALL","264","2025-12-02 07:03:15","2025-12-02 07:07:39","",""
"ESPRESSO","","Point of Sale","1","1x 16oz/ICED MEDIUM","199","2025-12-02 07:04:21","2025-12-02 07:07:40","",""
"ESPRESSO","","Point of Sale","1","1x 12oz/ICED SMALL","156","2025-12-02 07:05:04","2025-12-02 07:07:40","",""
"ESPRESSO","928642288","Square Online","2","1x 16oz/ICED MEDIUM; 1x 6oz","237","2025-12-02 07:11:04","2025-12-02 07:15:01","2025-12-02 07:11:00",""
"ESPRESSO","","Point of Sale","1","1x 12oz/Medium","151","2025-12-02 07:22:00","2025-12-02 07:24:31","",""
"ESPRESSO","","Point of Sale","1","1x 16oz/Large","206","2025-12-02 07:27:25","2025-12-02 07:30:51","",""
"ESPRESSO","","Point of Sale","1","1x 12oz/Medium","171","2025-12-02 07:27:59","2025-12-02 07:30:50","",""
"ESPRESSO","","Point of Sale","2","1x Babycino; 1x 8oz/Small","235","2025-12-02 07:29:40","2025-12-02 07:33:35","",""
"ESPRESSO","","Point of Sale","1","1x 12oz/Medium","263","2025-12-02 07:34:51","2025-12-02 07:39:14","",""
"ESPRESSO","","Point of Sale","1","1x 12oz/Medium","161","2025-12-02 07:36:34","2025-12-02 07:39:15","",""
"ESPRESSO","","Point of Sale","1","1x Sweet Pastry","119","2025-12-02 07:37:27","2025-12-02 07:39:26","",""
"ESPRESSO","","Point of Sale","1","1x 12oz/Medium","356","2025-12-02 07:38:25","2025-12-02 07:44:21","",""
"ESPRESSO","137387064","Square Online","2","1x 16oz/ICED MEDIUM; 1x 8oz/Small","265","2025-12-02 07:39:56","2025-12-02 07:44:21","2025-12-02 07:39:51",""
"ESPRESSO","","Point of Sale","3","2x 12oz/Medium; 1x 12oz/Medium","427","2025-12-02 07:48:54","2025-12-02 07:56:01","",""
"ESPRESSO","","Point of Sale","2","1x 8oz/Small; 1x Plain Croissant","277","2025-12-02 07:51:24","2025-12-02 07:56:01","",""
"ESPRESSO","","Point of Sale","1","1x 12oz/Medium","440","2025-12-02 07:59:13","2025-12-02 08:06:33","",""
"ESPRESSO","","Point of Sale","1","1x 12oz/Medium","423","2025-12-02 07:59:30","2025-12-02 08:06:33","",""
"ESPRESSO","","Point of Sale","1","1x 12oz/Medium","411","2025-12-02 07:59:42","2025-12-02 08:06:33","",""
"ESPRESSO","","Point of Sale","1","1x 16oz/Large","396","2025-12-02 07:59:58","2025-12-02 08:06:34","",""
"ESPRESSO","","Point of Sale","1","1x 16oz/ICED MEDIUM","501","2025-12-02 08:00:15","2025-12-02 08:08:36","",""
"ESPRESSO","","Point of Sale","3","1x 16oz/Large; 1x 12oz/Medium; 1x Babycino","360","2025-12-02 08:17:10","2025-12-02 08:23:10","",""
"ESPRESSO","","Point of Sale","1","1x 8oz/Small","285","2025-12-02 08:18:27","2025-12-02 08:23:12","",""
"ESPRESSO","","Point of Sale","1","1x 16oz/ICED MEDIUM","304","2025-12-02 08:36:19","2025-12-02 08:41:23","",""
"ESPRESSO","","Point of Sale","1","1x 12oz/ICED SMALL","272","2025-12-02 08:36:51","2025-12-02 08:41:23","",""
"ESPRESSO","","Point of Sale","1","1x 12oz/Medium","502","2025-12-02 08:37:08","2025-12-02 08:45:30","",""
"ESPRESSO","","Point of Sale","2","2x 16oz/Large","370","2025-12-02 08:39:20","2025-12-02 08:45:30","",""
"ESPRESSO","","Point of Sale","1","1x 6oz","308","2025-12-02 08:40:23","2025-12-02 08:45:31","",""
"ESPRESSO","","Point of Sale","2","1x 12oz/Medium; 1x Fruit Juice","366","2025-12-02 08:41:22","2025-12-02 08:47:28","",""
"ESPRESSO","","Point of Sale","2","1x Sweet Pastry; 1x 12oz/Medium","240","2025-12-02 08:43:27","2025-12-02 08:47:27","",""
"ESPRESSO","","Point of Sale","2","1x 8oz/Small; 1x Fruit Juice","565","2025-12-02 08:44:30","2025-12-02 08:53:55","",""
"ESPRESSO","","Point of Sale","1","1x 8oz/Small","530","2025-12-02 08:45:05","2025-12-02 08:53:55","",""
"ESPRESSO","","Point of Sale","1","1x 16oz/Large","436","2025-12-02 08:46:39","2025-12-02 08:53:55","",""
"ESPRESSO","","Point of Sale","1","1x 6oz","321","2025-12-02 08:53:35","2025-12-02 08:58:56","",""
"ESPRESSO","","Point of Sale","1","1x 16oz/ICED MEDIUM","348","2025-12-02 08:54:33","2025-12-02 09:00:21","",""
"ESPRESSO","","Point of Sale","2","1x Plain Croissant; 1x 12oz/Medium","346","2025-12-02 08:57:40","2025-12-02 09:03:26","",""
"ESPRESSO","","Point of Sale","3","1x Ham And Cheese Croissant; 1x 8oz/Small; 1x Babycino","307","2025-12-02 08:58:19","2025-12-02 09:03:26","",""
"ESPRESSO","","Point of Sale","2","1x 12oz/Medium; 1x 16oz/ICED MEDIUM","114","2025-12-02 09:07:39","2025-12-02 09:09:33","",""
"ESPRESSO","","Point of Sale","1","1x 16oz/Large","281","2025-12-02 09:26:31","2025-12-02 09:31:12","",""
"ESPRESSO","","Point of Sale","1","1x 8oz/Small","102","2025-12-02 09:29:31","2025-12-02 09:31:13","",""
"ESPRESSO","","Point of Sale","1","1x 6oz","107","2025-12-02 09:35:00","2025-12-02 09:36:47","",""
"ESPRESSO","","Point of Sale","1","1x 12oz/Medium","60","2025-12-02 09:35:46","2025-12-02 09:36:46","",""
"ESPRESSO","","Point of Sale","1","1x 8oz/Small","50","2025-12-02 09:36:45","2025-12-02 09:37:35","",""
"ESPRESSO","","Point of Sale","1","1x Sweet Pastry","24","2025-12-02 09:37:12","2025-12-02 09:37:36","",""
"ESPRESSO","","Point of Sale","3","1x 8oz/Small; 1x BUTTERBOY; 1x 16oz/Large","161","2025-12-02 10:04:31","2025-12-02 10:07:12","",""
"ESPRESSO","Jenna","Point of Sale","1","1x 12oz/ICED SMALL","223","2025-12-02 10:06:31","2025-12-02 10:10:14","",""
"ESPRESSO","","Point of Sale","1","1x 12oz/ICED SMALL","263","2025-12-02 10:07:49","2025-12-02 10:12:12","",""
"ESPRESSO","","Point of Sale","1","1x 16oz/Large","237","2025-12-02 10:08:15","2025-12-02 10:12:12","",""
"ESPRESSO","Matt","Point of Sale","1","1x 8oz/Small","320","2025-12-02 10:10:38","2025-12-02 10:15:58","",""
"ESPRESSO","","Point of Sale","1","1x 20oz\ICED LARGE","222","2025-12-02 10:12:15","2025-12-02 10:15:57","",""
"ESPRESSO","","Point of Sale","2","1x A Sweet Muffin; 1x 16oz/ICED MEDIUM","222","2025-12-02 10:37:28","2025-12-02 10:41:10","",""
"ESPRESSO","Dine in","Point of Sale","1","1x 6oz","190","2025-12-02 10:38:00","2025-12-02 10:41:10","",""
"ESPRESSO","","Point of Sale","1","1x 8oz/Small","191","2025-12-02 10:49:59","2025-12-02 10:53:10","",""
"ESPRESSO","","Point of Sale","1","1x 16oz/Large","64","2025-12-02 10:52:08","2025-12-02 10:53:12","",""
"ESPRESSO","","Point of Sale","3","1x 8oz/Small; 1x 16oz/Large; 1x 20oz\ICED LARGE","214","2025-12-02 10:53:06","2025-12-02 10:56:40","",""
"ESPRESSO","","Point of Sale","1","1x Plain Croissant","13","2025-12-02 10:56:26","2025-12-02 10:56:39","",""
"ESPRESSO","","Point of Sale","1","1x 12oz/Medium","57","2025-12-02 11:15:18","2025-12-02 11:16:15","",""
"ESPRESSO","","Point of Sale","1","1x 12oz/Medium","261","2025-12-02 11:23:00","2025-12-02 11:27:21","",""
"ESPRESSO","","Point of Sale","1","1x 12oz/ICED SMALL","225","2025-12-02 11:23:36","2025-12-02 11:27:21","",""
"ESPRESSO","","Point of Sale","1","1x 12oz/ICED SMALL","84","2025-12-02 12:05:26","2025-12-02 12:06:50","",""
"ESPRESSO","","Point of Sale","2","1x Ham And Cheese Croissant; 1x 16oz/Large","846","2025-12-03 05:00:16","2025-12-03 05:14:22","",""
"ESPRESSO","","Point of Sale","1","1x 4oz/Pic, Esp, Dop","683","2025-12-03 05:03:00","2025-12-03 05:14:23","",""
"ESPRESSO","","Point of Sale","2","1x 16oz/Large; 1x Ham And Cheese Croissant","575","2025-12-03 05:04:49","2025-12-03 05:14:24","",""
"ESPRESSO","","Point of Sale","1","1x 12oz/Medium","782","2025-12-03 05:20:31","2025-12-03 05:33:33","",""
"ESPRESSO","","Point of Sale","1","1x 12oz/Medium","761","2025-12-03 05:20:51","2025-12-03 05:33:32","",""
"ESPRESSO","","Point of Sale","1","1x 8oz/Small","417","2025-12-03 05:26:36","2025-12-03 05:33:33","",""
"ESPRESSO","","Point of Sale","1","1x 12oz/Medium","361","2025-12-03 05:30:52","2025-12-03 05:36:53","",""
"ESPRESSO","Extra","Point of Sale","1","1x 16oz/Large","134","2025-12-03 05:39:13","2025-12-03 05:41:27","",""
"ESPRESSO","","Point of Sale","1","1x 8oz/Small","100","2025-12-03 05:41:03","2025-12-03 05:42:43","",""
"ESPRESSO","","Point of Sale","1","1x 12oz/Medium","126","2025-12-03 05:46:47","2025-12-03 05:48:53","",""
"ESPRESSO","","Point of Sale","2","1x 16oz/ICED MEDIUM; 1x 8oz/Small","250","2025-12-03 05:48:07","2025-12-03 05:52:17","",""
"ESPRESSO","","Point of Sale","2","1x BUTTERBOY; 1x 4oz/Pic, Esp, Dop","239","2025-12-03 05:53:34","2025-12-03 05:57:33","",""
"ESPRESSO","","Point of Sale","2","1x 16oz/Large; 1x 16oz/Large","444","2025-12-03 05:55:08","2025-12-03 06:02:32","",""
"ESPRESSO","","Point of Sale","1","1x 12oz/Medium","394","2025-12-03 05:55:59","2025-12-03 06:02:33","",""
"ESPRESSO","","Point of Sale","4","1x 12oz/ICED SMALL; 3x Pupacino","272","2025-12-03 05:58:03","2025-12-03 06:02:35","",""
"ESPRESSO","","Point of Sale","3","1x Babycino; 1x 16oz/ICED MEDIUM; 1x 16oz/Large","495","2025-12-03 05:58:23","2025-12-03 06:06:38","",""
"ESPRESSO","Blue shirt","Point of Sale","2","1x 12oz/Medium; 1x 8oz/Small","548","2025-12-03 05:58:44","2025-12-03 06:07:52","",""
"ESPRESSO","","Point of Sale","2","1x 16oz/ICED MEDIUM; 1x 8oz/Small","623","2025-12-03 05:59:20","2025-12-03 06:09:43","",""
"ESPRESSO","","Point of Sale","1","1x 4oz/Pic, Esp, Dop","610","2025-12-03 05:59:33","2025-12-03 06:09:43","",""
"ESPRESSO","","Point of Sale","2","1x 8oz/Small; 1x 8oz/Small","683","2025-12-03 06:00:15","2025-12-03 06:11:38","",""
"ESPRESSO","","Point of Sale","1","1x 6oz","755","2025-12-03 06:01:53","2025-12-03 06:14:28","",""
"ESPRESSO","","Point of Sale","1","1x 20oz\ICED LARGE","667","2025-12-03 06:03:21","2025-12-03 06:14:28","",""
"ESPRESSO","Tobi","Point of Sale","1","1x 12oz/ICED SMALL","608","2025-12-03 06:05:00","2025-12-03 06:15:08","",""
"ESPRESSO","New","Point of Sale","1","1x 12oz/ICED SMALL","231","2025-12-03 06:12:05","2025-12-03 06:15:56","",""
"ESPRESSO","","Point of Sale","2","1x 4oz/Pic, Esp, Dop; 1x 12oz/ICED SMALL","388","2025-12-03 06:12:30","2025-12-03 06:18:58","",""
"ESPRESSO","Kaz","Point of Sale","1","1x 12oz/Medium","334","2025-12-03 06:15:49","2025-12-03 06:21:23","",""
"ESPRESSO","Ice cube","Point of Sale","2","1x 12oz/Medium; 1x 1kg Beans","208","2025-12-03 06:17:57","2025-12-03 06:21:25","",""
"ESPRESSO","Mug","Point of Sale","1","1x 12oz/Medium","384","2025-12-03 06:18:37","2025-12-03 06:25:01","",""
"ESPRESSO","","Point of Sale","1","1x 12oz/Medium","282","2025-12-03 06:20:20","2025-12-03 06:25:02","",""
"ESPRESSO","","Point of Sale","1","1x 12oz/ICED SMALL","266","2025-12-03 06:20:37","2025-12-03 06:25:03","",""
"ESPRESSO","Red hasir","Point of Sale","1","1x 20oz\ICED LARGE","412","2025-12-03 06:21:51","2025-12-03 06:28:43","",""
"ESPRESSO","Maroon kid","Point of Sale","1","1x 12oz/ICED SMALL","576","2025-12-03 06:22:31","2025-12-03 06:32:07","",""
"ESPRESSO","Balcjnshirt galses","Point of Sale","1","1x 8oz/Small","651","2025-12-03 06:26:10","2025-12-03 06:37:01","",""
"ESPRESSO","","Point of Sale","1","1x 8oz/Small","606","2025-12-03 06:35:23","2025-12-03 06:45:29","",""
"ESPRESSO","","Point of Sale","2","1x 8oz/Small; 1x 6oz","317","2025-12-03 06:40:14","2025-12-03 06:45:31","",""
"ESPRESSO","","Point of Sale","2","1x 20oz\ICED LARGE; 1x 16oz/ICED MEDIUM","382","2025-12-03 06:42:15","2025-12-03 06:48:37","",""
"ESPRESSO","","Point of Sale","1","1x 16oz/ICED MEDIUM","105","2025-12-03 06:49:29","2025-12-03 06:51:14","",""
"ESPRESSO","","Point of Sale","2","1x Babycino; 1x 8oz/Small","110","2025-12-03 06:51:50","2025-12-03 06:53:40","",""
"ESPRESSO","","Point of Sale","1","1x 16oz/Large","186","2025-12-03 06:57:50","2025-12-03 07:00:56","",""
"ESPRESSO","","Point of Sale","1","1x 12oz/ICED SMALL","370","2025-12-03 07:00:45","2025-12-03 07:06:55","",""
"ESPRESSO","","Point of Sale","2","1x TOASTIE; 1x 12oz/ICED SMALL","286","2025-12-03 07:02:30","2025-12-03 07:07:16","",""
"ESPRESSO","","Point of Sale","1","1x 16oz/ICED MEDIUM","221","2025-12-03 07:03:36","2025-12-03 07:07:17","",""
"ESPRESSO","","Point of Sale","1","1x 8oz/Small","175","2025-12-03 07:04:23","2025-12-03 07:07:18","",""
"ESPRESSO","1445550801","Square Online","1","1x 12oz/Medium","389","2025-12-03 07:04:52","2025-12-03 07:11:21","2025-12-03 07:04:48",""
"ESPRESSO","","Point of Sale","1","1x 16oz/ICED MEDIUM","307","2025-12-03 07:06:19","2025-12-03 07:11:26","",""
"ESPRESSO","","Point of Sale","1","1x 6oz","356","2025-12-03 07:07:22","2025-12-03 07:13:18","",""
"ESPRESSO","","Point of Sale","1","1x 16oz/Large","548","2025-12-03 07:08:20","2025-12-03 07:17:28","",""
"ESPRESSO","","Point of Sale","2","1x 12oz/Medium; 1x 12oz/Medium","416","2025-12-03 07:10:32","2025-12-03 07:17:28","",""
"ESPRESSO","","Point of Sale","1","1x Fiji Water","63","2025-12-03 07:13:14","2025-12-03 07:14:17","",""
"ESPRESSO","","Point of Sale","1","1x 12oz/Medium","143","2025-12-03 07:22:46","2025-12-03 07:25:09","",""
"ESPRESSO","","Point of Sale","1","1x 12oz/Medium","65","2025-12-03 07:24:04","2025-12-03 07:25:09","",""
"ESPRESSO","","Point of Sale","1","1x 8oz/Small","258","2025-12-03 07:30:33","2025-12-03 07:34:51","",""
"ESPRESSO","","Point of Sale","2","1x 20oz\ICED LARGE; 1x 16oz/ICED MEDIUM","221","2025-12-03 07:31:10","2025-12-03 07:34:51","",""
"ESPRESSO","","Point of Sale","2","1x 12oz/Medium; 1x 500g Beans","303","2025-12-03 07:32:08","2025-12-03 07:37:11","",""
"ESPRESSO","Hi vis","Point of Sale","2","2x 12oz/Medium","440","2025-12-03 07:34:43","2025-12-03 07:42:03","",""
"ESPRESSO","","Point of Sale","2","1x 8oz/Small; 1x 16oz/Large","385","2025-12-03 07:35:39","2025-12-03 07:42:04","",""
"ESPRESSO","Bald","Point of Sale","1","1x 12oz/ICED SMALL","549","2025-12-03 07:36:20","2025-12-03 07:45:29","",""
"ESPRESSO","Akmond ","Point of Sale","2","1x Sweet Pastry; 1x 16oz/ICED MEDIUM","526","2025-12-03 07:36:54","2025-12-03 07:45:40","",""
"ESPRESSO","","Point of Sale","1","1x 12oz/Medium","389","2025-12-03 07:40:46","2025-12-03 07:47:15","",""
"ESPRESSO","Amne","Point of Sale","1","1x 6oz","492","2025-12-03 07:41:06","2025-12-03 07:49:18","",""
"ESPRESSO","","Point of Sale","1","1x 8oz/Small","404","2025-12-03 07:42:34","2025-12-03 07:49:18","",""
"ESPRESSO","","Point of Sale","3","1x 12oz/ICED SMALL; 1x 12oz/Medium; 1x Plain Croissant","493","2025-12-03 07:52:59","2025-12-03 08:01:12","",""
"ESPRESSO","Hraspghones","Point of Sale","1","1x 16oz/ICED MEDIUM","452","2025-12-03 07:53:58","2025-12-03 08:01:30","",""
"ESPRESSO","","Point of Sale","1","1x 16oz/Large","628","2025-12-03 07:54:14","2025-12-03 08:04:42","",""
"ESPRESSO","","Point of Sale","1","1x Fruit Juice","260","2025-12-03 07:57:26","2025-12-03 08:01:46","",""
"ESPRESSO","","Point of Sale","1","1x 8oz/Small","437","2025-12-03 07:59:00","2025-12-03 08:06:17","",""
"ESPRESSO","","Point of Sale","3","1x Babycino; 2x 16oz/ICED MEDIUM","541","2025-12-03 07:59:24","2025-12-03 08:08:25","",""
"ESPRESSO","Snell","Point of Sale","1","1x 12oz/Medium","494","2025-12-03 08:02:39","2025-12-03 08:10:53","",""
"ESPRESSO","Small bald","Point of Sale","1","1x 16oz/ICED MEDIUM","474","2025-12-03 08:03:00","2025-12-03 08:10:54","",""
"ESPRESSO","","Point of Sale","2","1x Fruit Juice; 1x 12oz/ICED SMALL","229","2025-12-03 08:10:05","2025-12-03 08:13:54","",""
"ESPRESSO","","Point of Sale","1","1x 16oz/Large","210","2025-12-03 08:12:46","2025-12-03 08:16:16","",""
"ESPRESSO","Tradie","Point of Sale","1","1x 12oz/ICED SMALL","195","2025-12-03 08:13:03","2025-12-03 08:16:18","",""
"ESPRESSO","","Point of Sale","3","2x 6oz; 1x 6oz","437","2025-12-03 08:17:42","2025-12-03 08:24:59","",""
"ESPRESSO","","Point of Sale","4","1x 12oz/Medium; 1x 12oz/Medium; 1x 12oz/Medium; 1x 8oz/Small","551","2025-12-03 08:19:20","2025-12-03 08:28:31","",""
"ESPRESSO","Followmojt transport","Point of Sale","1","1x 12oz/Medium","592","2025-12-03 08:22:31","2025-12-03 08:32:23","",""
"ESPRESSO","","Point of Sale","2","1x 12oz/ICED SMALL; 1x 12oz/Medium","343","2025-12-03 08:26:41","2025-12-03 08:32:24","",""
"ESPRESSO","Luc","Point of Sale","1","1x 6oz","268","2025-12-03 08:27:54","2025-12-03 08:32:22","",""
"ESPRESSO","Gran","Point of Sale","1","1x 16oz/Large","332","2025-12-03 08:32:04","2025-12-03 08:37:36","",""
"ESPRESSO","","Point of Sale","1","1x 500g Beans","254","2025-12-03 08:32:16","2025-12-03 08:36:30","",""
"ESPRESSO","","Point of Sale","2","1x 12oz/ICED SMALL; 1x 12oz/ICED SMALL","184","2025-12-03 08:48:32","2025-12-03 08:51:36","",""
"ESPRESSO","","Point of Sale","1","1x 12oz/ICED SMALL","186","2025-12-03 08:49:06","2025-12-03 08:52:12","",""
"ESPRESSO","","Point of Sale","1","1x 8oz/Small","105","2025-12-03 08:50:26","2025-12-03 08:52:11","",""
"ESPRESSO","","Point of Sale","1","1x 12oz/Medium","405","2025-12-03 08:50:46","2025-12-03 08:57:31","",""
"ESPRESSO","","Point of Sale","2","2x 16oz/Large","369","2025-12-03 08:51:22","2025-12-03 08:57:31","",""
"ESPRESSO","","Point of Sale","1","1x 12oz/ICED SMALL","391","2025-12-03 08:53:03","2025-12-03 08:59:34","",""
"ESPRESSO","","Point of Sale","3","1x 8oz/Small; 1x Babycino; 1x 8oz/Small","463","2025-12-03 09:03:10","2025-12-03 09:10:53","",""
"ESPRESSO","","Point of Sale","1","1x 12oz/ICED SMALL","422","2025-12-03 09:03:50","2025-12-03 09:10:52","",""
"ESPRESSO","","Point of Sale","1","1x 12oz/ICED SMALL","804","2025-12-03 09:12:21","2025-12-03 09:25:45","",""
"ESPRESSO","","Point of Sale","1","1x 12oz/ICED SMALL","776","2025-12-03 09:12:49","2025-12-03 09:25:45","",""
"ESPRESSO","","Point of Sale","1","1x 8oz/Small","644","2025-12-03 09:15:01","2025-12-03 09:25:45","",""
"ESPRESSO","","Point of Sale","1","1x 8oz/Small","214","2025-12-03 09:30:10","2025-12-03 09:33:44","",""
"ESPRESSO","","Point of Sale","1","1x 12oz/ICED SMALL","740","2025-12-03 09:38:30","2025-12-03 09:50:50","",""
"ESPRESSO","","Point of Sale","1","1x 12oz/Medium","581","2025-12-03 09:41:11","2025-12-03 09:50:52","",""
"ESPRESSO","","Point of Sale","2","1x 8oz/Small; 1x BUTTERBOY","266","2025-12-03 09:46:26","2025-12-03 09:50:52","",""
"ESPRESSO","","Point of Sale","1","1x Plain Croissant","130","2025-12-03 09:48:44","2025-12-03 09:50:54","",""
"ESPRESSO","","Point of Sale","2","1x 12oz/Medium; 1x 500g Beans","92","2025-12-03 09:49:26","2025-12-03 09:50:58","",""
"ESPRESSO","","Point of Sale","1","1x 20oz\ICED LARGE","211","2025-12-03 09:50:54","2025-12-03 09:54:25","",""
"ESPRESSO","","Point of Sale","3","1x Babycino; 1x 20oz\ICED LARGE; 1x 12oz/ICED SMALL","640","2025-12-03 09:55:03","2025-12-03 10:05:43","",""
"ESPRESSO","","Point of Sale","1","1x Famous Soda","28","2025-12-03 10:05:15","2025-12-03 10:05:43","",""
"ESPRESSO","","Point of Sale","1","1x Kombucha","10","2025-12-03 10:05:34","2025-12-03 10:05:44","",""
"ESPRESSO","","Point of Sale","3","1x Babycino; 1x 6oz; 1x 12oz/Medium","364","2025-12-03 10:07:12","2025-12-03 10:13:16","",""
"ESPRESSO","","Point of Sale","1","1x Famous Soda","186","2025-12-03 10:10:11","2025-12-03 10:13:17","",""
"ESPRESSO","","Point of Sale","2","1x 16oz/ICED MEDIUM; 1x BUTTERBOY","117","2025-12-03 10:11:20","2025-12-03 10:13:17","",""
"ESPRESSO","","Point of Sale","1","1x 4oz/Pic, Esp, Dop","350","2025-12-03 10:14:52","2025-12-03 10:20:42","",""
"ESPRESSO","","Point of Sale","1","1x 8oz/Small","19","2025-12-03 10:20:23","2025-12-03 10:20:42","",""
"ESPRESSO","","Point of Sale","1","1x 16oz/Large","334","2025-12-03 10:24:31","2025-12-03 10:30:05","",""
"ESPRESSO","","Point of Sale","3","1x Fiji Water; 1x 8oz/Small; 1x 16oz/Large","91","2025-12-03 10:28:35","2025-12-03 10:30:06","",""
"ESPRESSO","","Point of Sale","1","1x 16oz/Large","106","2025-12-03 10:32:01","2025-12-03 10:33:47","",""
"ESPRESSO","","Point of Sale","1","1x 12oz/Medium","375","2025-12-03 10:38:44","2025-12-03 10:44:59","",""
"ESPRESSO","","Point of Sale","1","1x 20oz\ICED LARGE","152","2025-12-03 10:42:27","2025-12-03 10:44:59","",""
"ESPRESSO","","Point of Sale","1","1x Kombucha","118","2025-12-03 10:43:01","2025-12-03 10:44:59","",""
"ESPRESSO","","Point of Sale","1","1x 12oz/ICED SMALL","310","2025-12-03 10:55:45","2025-12-03 11:00:55","",""
"ESPRESSO","","Point of Sale","2","1x 12oz/Medium; 1x Sweet Pastry","136","2025-12-03 10:58:41","2025-12-03 11:00:57","",""
"ESPRESSO","","Point of Sale","2","1x 16oz/ICED MEDIUM; 1x 8oz/Small","373","2025-12-04 05:36:24","2025-12-04 05:42:37","",""
"ESPRESSO","","Point of Sale","1","1x 16oz/Large","137","2025-12-04 05:40:21","2025-12-04 05:42:38","",""
"ESPRESSO","","Point of Sale","1","1x 16oz/Large","122","2025-12-04 05:40:37","2025-12-04 05:42:39","",""
"ESPRESSO","","Point of Sale","2","1x 16oz/Large; 1x 20oz\ICED LARGE","345","2025-12-04 05:42:30","2025-12-04 05:48:15","",""
"ESPRESSO","","Point of Sale","1","1x 16oz/Large","215","2025-12-04 05:44:41","2025-12-04 05:48:16","",""
"ESPRESSO","","Point of Sale","1","1x 12oz/Medium","329","2025-12-04 05:47:04","2025-12-04 05:52:33","",""
"ESPRESSO","","Point of Sale","3","1x 16oz/ICED MEDIUM; 1x 16oz/Large; 1x Babycino","222","2025-12-04 05:55:58","2025-12-04 05:59:40","",""
"ESPRESSO","856818752","Square Online","2","1x 12oz/Medium; 1x 12oz/Medium","221","2025-12-04 05:57:25","2025-12-04 06:01:06","2025-12-04 05:57:19",""
"ESPRESSO","","Point of Sale","1","1x 6oz","168","2025-12-04 05:58:30","2025-12-04 06:01:18","",""
"ESPRESSO","Ros","Point of Sale","1","1x 8oz/Small","283","2025-12-04 06:00:12","2025-12-04 06:04:55","",""
"ESPRESSO","","Point of Sale","1","1x 16oz/ICED MEDIUM","264","2025-12-04 06:00:32","2025-12-04 06:04:56","",""
"ESPRESSO","","Point of Sale","2","1x 16oz/Large; 1x 16oz/Large","585","2025-12-04 06:02:46","2025-12-04 06:12:31","",""
"ESPRESSO","Miles","Point of Sale","1","1x 16oz/ICED MEDIUM","528","2025-12-04 06:03:44","2025-12-04 06:12:32","",""
"ESPRESSO","","Point of Sale","1","1x 20oz\ICED LARGE","283","2025-12-04 06:07:47","2025-12-04 06:12:30","",""
"ESPRESSO","","Point of Sale","2","1x 8oz/Small; 1x 8oz/Small","264","2025-12-04 06:08:07","2025-12-04 06:12:31","",""
"ESPRESSO","","Point of Sale","2","1x 20oz\ICED LARGE; 1x 16oz/Large","465","2025-12-04 06:10:57","2025-12-04 06:18:42","",""
"ESPRESSO","","Point of Sale","1","1x 12oz/ICED SMALL","451","2025-12-04 06:11:11","2025-12-04 06:18:42","",""
"ESPRESSO","","Point of Sale","2","1x 16oz/Large; 1x 16oz/Large","424","2025-12-04 06:11:39","2025-12-04 06:18:43","",""
"ESPRESSO","","Point of Sale","3","1x Babycino; 1x 12oz/Medium; 1x 8oz/Small","373","2025-12-04 06:15:07","2025-12-04 06:21:20","",""
"ESPRESSO","Lyss","Point of Sale","1","1x 4oz/Pic, Esp, Dop","523","2025-12-04 06:25:41","2025-12-04 06:34:24","",""
"ESPRESSO","","Point of Sale","1","1x ","141","2025-12-04 06:32:03","2025-12-04 06:34:24","",""
"ESPRESSO","","Point of Sale","1","1x 8oz/Small","99","2025-12-04 06:32:46","2025-12-04 06:34:25","",""
"ESPRESSO","","Point of Sale","1","1x 12oz/ICED SMALL","166","2025-12-04 06:34:16","2025-12-04 06:37:02","",""
"ESPRESSO","","Point of Sale","1","1x 12oz/Medium","399","2025-12-04 06:39:29","2025-12-04 06:46:08","",""
"ESPRESSO","","Point of Sale","1","1x 12oz/Medium","274","2025-12-04 06:41:35","2025-12-04 06:46:09","",""
"ESPRESSO","","Point of Sale","1","1x 16oz/ICED MEDIUM","215","2025-12-04 06:42:34","2025-12-04 06:46:09","",""
"ESPRESSO","","Point of Sale","1","1x 16oz/ICED MEDIUM","361","2025-12-04 06:58:01","2025-12-04 07:04:02","",""
"ESPRESSO","Not cyclist ","Point of Sale","1","1x 16oz/Large","430","2025-12-04 06:58:32","2025-12-04 07:05:42","",""
"ESPRESSO","","Point of Sale","1","1x 4oz/Pic, Esp, Dop","405","2025-12-04 06:58:58","2025-12-04 07:05:43","",""
"ESPRESSO","Blong lady cyclist","Point of Sale","3","1x 16oz/ICED MEDIUM; 1x 12oz/Medium; 1x 12oz/Medium","562","2025-12-04 07:00:36","2025-12-04 07:09:58","",""
"ESPRESSO","","Point of Sale","1","1x 8oz/Small","552","2025-12-04 07:00:47","2025-12-04 07:09:59","",""
"ESPRESSO","","Point of Sale","1","1x 6oz","586","2025-12-04 07:01:01","2025-12-04 07:10:47","",""
"ESPRESSO","","Point of Sale","3","1x 16oz/ICED MEDIUM; 1x 16oz/ICED MEDIUM; 1x 16oz/ICED MEDIUM","355","2025-12-04 07:09:17","2025-12-04 07:15:12","",""
"ESPRESSO","Backpack","Point of Sale","1","1x 8oz/Small","279","2025-12-04 07:11:41","2025-12-04 07:16:20","",""
"ESPRESSO","","Point of Sale","1","1x 8oz/Small","66","2025-12-04 07:17:26","2025-12-04 07:18:32","",""
"ESPRESSO","","Point of Sale","2","1x 16oz/Large; 1x 12oz/Medium","72","2025-12-04 07:18:13","2025-12-04 07:19:25","",""
"ESPRESSO","","Point of Sale","1","1x 8oz/Small","18","2025-12-04 07:19:07","2025-12-04 07:19:25","",""
"ESPRESSO","","Point of Sale","5","2x 6oz; 2x 4oz/Pic, Esp, Dop; 1x 16oz/ICED MEDIUM","183","2025-12-04 07:20:58","2025-12-04 07:24:01","",""
"ESPRESSO","","Point of Sale","1","1x Famous Soda","162","2025-12-04 07:21:21","2025-12-04 07:24:03","",""
"ESPRESSO","","Point of Sale","1","1x 12oz/Medium","610","2025-12-04 07:23:47","2025-12-04 07:33:57","",""
"ESPRESSO","Damien","Point of Sale","2","1x 16oz/Large; 1x Babycino","464","2025-12-04 07:26:14","2025-12-04 07:33:58","",""
"ESPRESSO","Anne","Point of Sale","1","1x 6oz","230","2025-12-04 07:30:08","2025-12-04 07:33:58","",""
"ESPRESSO","","Point of Sale","1","1x 4oz/Pic, Esp, Dop","124","2025-12-04 07:33:04","2025-12-04 07:35:08","",""
"ESPRESSO","","Point of Sale","2","1x 8oz/Small; 1x Babycino","354","2025-12-04 07:36:59","2025-12-04 07:42:53","",""
"ESPRESSO","","Point of Sale","4","1x 12oz/Medium; 1x 20oz\ICED LARGE; 2x A Savoury Muffin","447","2025-12-04 07:38:20","2025-12-04 07:45:47","",""
"ESPRESSO","","Point of Sale","4","1x 12oz/Medium; 1x 16oz/ICED MEDIUM; 1x Sweet Pastry; 1x A Sweet Muffin","382","2025-12-04 07:39:26","2025-12-04 07:45:48","","2025-12-03T21:45:45.000Z"
"ESPRESSO","","Point of Sale","1","1x 16oz/Large","204","2025-12-04 07:51:24","2025-12-04 07:54:48","",""
"ESPRESSO","","Point of Sale","1","1x 12oz/Medium","444","2025-12-04 07:54:07","2025-12-04 08:01:31","",""
"ESPRESSO","","Point of Sale","2","1x TOASTIE; 1x 8oz/Small","360","2025-12-04 07:55:37","2025-12-04 08:01:37","",""
"ESPRESSO","","Point of Sale","2","1x Babycino; 1x 12oz/ICED SMALL","136","2025-12-04 07:59:22","2025-12-04 08:01:38","",""
"ESPRESSO","","Point of Sale","1","1x 20oz\ICED LARGE","121","2025-12-04 07:59:40","2025-12-04 08:01:41","",""
"ESPRESSO","","Point of Sale","1","1x 12oz/Medium","155","2025-12-04 08:04:12","2025-12-04 08:06:47","",""
"ESPRESSO","","Point of Sale","1","1x 8oz/Small","228","2025-12-04 08:08:16","2025-12-04 08:12:04","",""
"ESPRESSO","","Point of Sale","2","1x 8oz/Small; 1x Sweet Pastry","119","2025-12-04 08:10:06","2025-12-04 08:12:05","",""
"ESPRESSO","","Point of Sale","2","1x 20oz\ICED LARGE; 1x 20oz\ICED LARGE","177","2025-12-04 08:11:22","2025-12-04 08:14:19","",""
"ESPRESSO","","Point of Sale","2","1x A Sweet Muffin; 1x 6oz","167","2025-12-04 08:14:37","2025-12-04 08:17:24","",""
"ESPRESSO","","Point of Sale","1","1x 16oz/Large","240","2025-12-04 08:17:26","2025-12-04 08:21:26","",""
"ESPRESSO","","Point of Sale","1","1x 12oz/Medium","209","2025-12-04 08:17:56","2025-12-04 08:21:25","",""
"ESPRESSO","","Point of Sale","1","1x 8oz/Small","188","2025-12-04 08:18:24","2025-12-04 08:21:32","",""
"ESPRESSO","Grey knit ntop","Point of Sale","2","1x BUTTERBOY; 1x 16oz/ICED MEDIUM","164","2025-12-04 08:19:41","2025-12-04 08:22:25","",""
"ESPRESSO","","Point of Sale","1","1x 12oz/Medium","195","2025-12-04 08:21:57","2025-12-04 08:25:12","",""
"ESPRESSO","Blue hat","Point of Sale","1","1x 12oz/ICED SMALL","154","2025-12-04 08:22:42","2025-12-04 08:25:16","",""
"ESPRESSO","","Point of Sale","1","1x 8oz/Small","113","2025-12-04 08:24:51","2025-12-04 08:26:44","",""
"ESPRESSO","","Point of Sale","1","1x 6oz","658","2025-12-04 08:34:25","2025-12-04 08:45:23","",""
"ESPRESSO","","Point of Sale","2","1x 16oz/ICED MEDIUM; 1x 12oz/Medium","625","2025-12-04 08:35:02","2025-12-04 08:45:27","",""
"ESPRESSO","","Point of Sale","1","1x 12oz/Medium","489","2025-12-04 08:37:16","2025-12-04 08:45:25","",""
"ESPRESSO","","Point of Sale","2","1x Plain Croissant; 1x 12oz/Medium","203","2025-12-04 08:41:56","2025-12-04 08:45:19","",""
"ESPRESSO","","Point of Sale","1","1x 16oz/Large","217","2025-12-04 08:44:56","2025-12-04 08:48:33","",""
"ESPRESSO","","Point of Sale","1","1x 6oz","129","2025-12-04 08:46:24","2025-12-04 08:48:33","",""
"ESPRESSO","Purple hair","Point of Sale","1","1x 8oz/Small","175","2025-12-04 08:46:54","2025-12-04 08:49:49","",""
"ESPRESSO","Brasilrira","Point of Sale","2","1x 6oz; 1x 12oz/Medium","184","2025-12-04 08:48:15","2025-12-04 08:51:19","",""
"ESPRESSO","","Point of Sale","1","1x A Sweet Muffin","207","2025-12-04 08:48:29","2025-12-04 08:51:56","",""
"ESPRESSO","","Point of Sale","2","1x 12oz/Medium; 1x 20oz\ICED LARGE","239","2025-12-04 08:58:04","2025-12-04 09:02:03","",""
"ESPRESSO","","Point of Sale","1","1x 12oz/Medium","198","2025-12-04 09:07:49","2025-12-04 09:11:07","",""
"ESPRESSO","","Point of Sale","1","1x 12oz/Medium","184","2025-12-04 09:08:04","2025-12-04 09:11:08","",""
"ESPRESSO","","Point of Sale","1","1x 12oz/ICED SMALL","163","2025-12-04 09:08:26","2025-12-04 09:11:09","",""
"ESPRESSO","","Point of Sale","3","1x 12oz/Medium; 1x 500g Beans; 1x 12oz/Medium","213","2025-12-04 09:08:50","2025-12-04 09:12:23","",""
"ESPRESSO","","Point of Sale","1","1x 8oz/Small","247","2025-12-04 09:09:16","2025-12-04 09:13:23","",""
"ESPRESSO","","Point of Sale","2","1x 16oz/Large; 1x 16oz/ICED MEDIUM","188","2025-12-04 09:24:12","2025-12-04 09:27:20","",""
"ESPRESSO","","Point of Sale","1","1x 12oz/ICED SMALL","165","2025-12-04 09:24:36","2025-12-04 09:27:21","",""
"ESPRESSO","","Point of Sale","1","1x 8oz/Small","136","2025-12-04 09:25:07","2025-12-04 09:27:23","",""
"ESPRESSO","","Point of Sale","2","1x A Sweet Muffin; 1x 16oz/Large","196","2025-12-04 09:28:46","2025-12-04 09:32:02","",""
"ESPRESSO","","Point of Sale","1","1x 8oz/Small","131","2025-12-04 09:29:52","2025-12-04 09:32:03","",""
"ESPRESSO","","Point of Sale","1","1x 12oz/Medium","192","2025-12-04 09:32:39","2025-12-04 09:35:51","",""
"ESPRESSO","","Point of Sale","1","1x 12oz/ICED SMALL","145","2025-12-04 09:33:28","2025-12-04 09:35:53","",""
"ESPRESSO","","Point of Sale","2","1x 12oz/ICED SMALL; 1x Babycino","274","2025-12-04 09:34:29","2025-12-04 09:39:03","",""
"ESPRESSO","","Point of Sale","1","1x 12oz/Medium","251","2025-12-04 09:34:52","2025-12-04 09:39:03","",""
"ESPRESSO","","Point of Sale","1","1x 12oz/Medium","233","2025-12-04 09:35:11","2025-12-04 09:39:04","",""
"ESPRESSO","","Point of Sale","1","1x 12oz/Medium","219","2025-12-04 09:49:01","2025-12-04 09:52:40","",""
"ESPRESSO","","Point of Sale","2","1x 12oz/Medium; 1x A Sweet Muffin","86","2025-12-04 09:51:15","2025-12-04 09:52:41","",""
"ESPRESSO","","Point of Sale","1","1x 16oz/ICED MEDIUM","135","2025-12-04 10:02:44","2025-12-04 10:04:59","",""
"ESPRESSO","","Point of Sale","2","1x 16oz/ICED MEDIUM; 1x 16oz/ICED MEDIUM","436","2025-12-04 10:18:08","2025-12-04 10:25:24","",""
"ESPRESSO","","Point of Sale","1","1x A Cookie","2164","2025-12-04 10:54:46","2025-12-04 11:30:50","",""
"ESPRESSO","","Point of Sale","1","1x 16oz/ICED MEDIUM","2016","2025-12-04 10:57:13","2025-12-04 11:30:49","",""
"ESPRESSO","","Point of Sale","1","1x 12oz/ICED SMALL","1489","2025-12-04 11:06:01","2025-12-04 11:30:50","",""
"ESPRESSO","","Point of Sale","1","1x 8oz/Small","1461","2025-12-04 11:06:30","2025-12-04 11:30:51","",""
"ESPRESSO","","Point of Sale","1","1x 12oz/ICED SMALL","989","2025-12-04 11:14:23","2025-12-04 11:30:52","",""
"ESPRESSO","","Point of Sale","1","1x 8oz/Small","335","2025-12-04 11:25:18","2025-12-04 11:30:53","",""
"ESPRESSO","","Point of Sale","2","1x A Sweet Muffin; 1x 16oz/Large","63","2025-12-04 11:29:51","2025-12-04 11:30:54","",""
"ESPRESSO","","Point of Sale","3","1x 8oz/Small; 1x 8oz/Small; 1x 12oz/ICED SMALL","2602","2025-12-04 12:03:09","2025-12-04 12:46:31","",""
"ESPRESSO","","Point of Sale","1","1x 8oz/Small","2167","2025-12-04 12:10:24","2025-12-04 12:46:31","",""
"ESPRESSO","","Point of Sale","1","1x 6oz","1802","2025-12-04 12:16:30","2025-12-04 12:46:32","",""
"ESPRESSO","","Point of Sale","2","2x 4oz/Pic, Esp, Dop","1302","2025-12-05 04:52:03","2025-12-05 05:13:45","",""
"ESPRESSO","","Point of Sale","1","1x 8oz/Small","309","2025-12-05 05:28:38","2025-12-05 05:33:47","",""
"ESPRESSO","","Point of Sale","1","1x Breakfast Wrap","268","2025-12-05 05:29:20","2025-12-05 05:33:48","",""
"ESPRESSO","Jim","Point of Sale","1","1x 16oz/Large","277","2025-12-05 05:29:53","2025-12-05 05:34:30","",""
"ESPRESSO","","Point of Sale","1","1x 16oz/Large","459","2025-12-05 05:33:37","2025-12-05 05:41:16","",""
"ESPRESSO","","Point of Sale","2","1x 16oz/Large; 1x BUTTERBOY","388","2025-12-05 05:34:50","2025-12-05 05:41:18","",""
"ESPRESSO","","Point of Sale","2","1x 12oz/Medium; 1x Famous Soda","327","2025-12-05 05:35:51","2025-12-05 05:41:18","",""
"ESPRESSO","","Point of Sale","3","1x Babycino; 1x 6oz; 1x 6oz","449","2025-12-05 05:36:15","2025-12-05 05:43:44","",""
"ESPRESSO","","Point of Sale","1","1x 12oz/Medium","184","2025-12-05 05:40:41","2025-12-05 05:43:45","",""
"ESPRESSO","","Point of Sale","2","1x 8oz/Small; 1x Babycino","155","2025-12-05 05:41:10","2025-12-05 05:43:45","",""
"ESPRESSO","","Point of Sale","2","1x 8oz/Small; 1x 8oz/Small","252","2025-12-05 05:45:45","2025-12-05 05:49:57","",""
"ESPRESSO","","Point of Sale","1","1x 16oz/ICED MEDIUM","418","2025-12-05 05:58:20","2025-12-05 06:05:18","",""
"ESPRESSO","","Point of Sale","1","1x 12oz/Medium","514","2025-12-05 06:00:26","2025-12-05 06:09:00","",""
"ESPRESSO","","Point of Sale","1","1x 16oz/Large","496","2025-12-05 06:00:45","2025-12-05 06:09:01","",""
"ESPRESSO","","Point of Sale","4","2x Babycino; 1x 8oz/Small; 1x 8oz/Small","558","2025-12-05 06:02:34","2025-12-05 06:11:52","",""
"ESPRESSO","Rach","Point of Sale","1","1x Ham And Cheese Croissant","450","2025-12-05 06:03:20","2025-12-05 06:10:50","",""
"ESPRESSO","","Point of Sale","2","1x 16oz/Large; 1x 16oz/Large","687","2025-12-05 06:04:06","2025-12-05 06:15:33","",""
"ESPRESSO","","Point of Sale","1","1x 12oz/Medium","742","2025-12-05 06:05:04","2025-12-05 06:17:26","",""
"ESPRESSO","Keiran","Point of Sale","1","1x 12oz/Medium","702","2025-12-05 06:06:28","2025-12-05 06:18:10","",""
"ESPRESSO","Grey singlet","Point of Sale","1","1x 8oz/Small","629","2025-12-05 06:13:49","2025-12-05 06:24:18","",""
"ESPRESSO","","Point of Sale","2","1x Sweet Pastry; 1x 16oz/ICED MEDIUM","371","2025-12-05 06:18:09","2025-12-05 06:24:20","",""
"ESPRESSO","","Point of Sale","1","1x 12oz/ICED SMALL","244","2025-12-05 06:20:16","2025-12-05 06:24:20","",""
"ESPRESSO","","Point of Sale","3","1x 12oz/Medium; 1x Babycino; 1x 8oz/Small","525","2025-12-05 06:20:37","2025-12-05 06:29:22","",""
"ESPRESSO","","Point of Sale","2","1x 12oz/ICED SMALL; 1x Breakfast Wrap","328","2025-12-05 06:24:54","2025-12-05 06:30:22","",""
"ESPRESSO","","Point of Sale","1","1x 12oz/Medium","363","2025-12-05 06:31:40","2025-12-05 06:37:43","",""
"ESPRESSO","","Point of Sale","2","1x 12oz/ICED SMALL; 1x Pupacino","294","2025-12-05 06:32:50","2025-12-05 06:37:44","",""
"ESPRESSO","Yreej top ","Point of Sale","1","1x 8oz/Small","274","2025-12-05 06:33:11","2025-12-05 06:37:45","",""
"ESPRESSO","Msrc","Point of Sale","1","1x 12oz/Medium","161","2025-12-05 06:36:17","2025-12-05 06:38:58","",""
"ESPRESSO","","Point of Sale","1","1x 8oz/Small","203","2025-12-05 06:48:37","2025-12-05 06:52:00","",""
"ESPRESSO","","Point of Sale","1","1x ","235","2025-12-05 06:57:04","2025-12-05 07:00:59","",""
"ESPRESSO","","Point of Sale","1","1x 12oz/Medium","219","2025-12-05 06:57:20","2025-12-05 07:00:59","",""
"ESPRESSO","","Point of Sale","1","1x 12oz/ICED SMALL","198","2025-12-05 06:57:43","2025-12-05 07:01:01","",""
"ESPRESSO","","Point of Sale","2","2x 12oz/Medium","383","2025-12-05 07:03:29","2025-12-05 07:09:52","",""
"ESPRESSO","","Point of Sale","1","1x 16oz/Large","284","2025-12-05 07:05:09","2025-12-05 07:09:53","",""
"ESPRESSO","","Point of Sale","1","1x 12oz/Medium","65","2025-12-05 07:09:46","2025-12-05 07:10:51","",""
"ESPRESSO","","Point of Sale","1","1x 12oz/ICED SMALL","160","2025-12-05 07:14:33","2025-12-05 07:17:13","",""
"ESPRESSO","","Point of Sale","2","1x 16oz/Large; 1x 12oz/Medium","148","2025-12-05 07:17:26","2025-12-05 07:19:54","",""
"ESPRESSO","","Point of Sale","2","1x 16oz/Large; 1x 1kg Beans","264","2025-12-05 07:21:34","2025-12-05 07:25:58","",""
"ESPRESSO","","Point of Sale","2","1x 8oz/Small; 1x 16oz/Large","376","2025-12-05 07:21:58","2025-12-05 07:28:14","",""
"ESPRESSO","Dpg","Point of Sale","1","1x 12oz/ICED SMALL","276","2025-12-05 07:23:39","2025-12-05 07:28:15","",""
"ESPRESSO","","Point of Sale","3","1x TOASTIE; 1x 16oz/ICED MEDIUM; 1x 12oz/ICED SMALL","232","2025-12-05 07:27:26","2025-12-05 07:31:18","",""
"ESPRESSO","","Point of Sale","1","1x 12oz/Medium","480","2025-12-05 07:28:06","2025-12-05 07:36:06","",""
"ESPRESSO","","Point of Sale","5","1x Fruit Juice; 1x ; 1x BUTTERBOY; 1x 16oz/ICED MEDIUM; 1x 16oz/ICED MEDIUM","238","2025-12-05 07:32:08","2025-12-05 07:36:06","",""
"ESPRESSO","","Point of Sale","1","1x 6oz","308","2025-12-05 07:32:56","2025-12-05 07:38:04","",""
"ESPRESSO","","Point of Sale","1","1x BUTTERBOY","82","2025-12-05 07:36:43","2025-12-05 07:38:05","",""
"ESPRESSO","","Point of Sale","2","1x 20oz\ICED LARGE; 1x 16oz/ICED MEDIUM","235","2025-12-05 07:40:34","2025-12-05 07:44:29","",""
"ESPRESSO","","Point of Sale","1","1x 12oz/Medium","171","2025-12-05 07:41:39","2025-12-05 07:44:30","",""
"ESPRESSO","","Point of Sale","2","1x 12oz/Medium; 1x 16oz/Large","311","2025-12-05 07:43:25","2025-12-05 07:48:36","",""
"ESPRESSO","","Point of Sale","1","1x 12oz/ICED SMALL","177","2025-12-05 07:47:16","2025-12-05 07:50:13","",""
"ESPRESSO","1948606631","Square Online","1","1x 12oz/Medium","303","2025-12-05 07:48:11","2025-12-05 07:53:14","2025-12-05 07:48:06",""
"ESPRESSO","","Point of Sale","3","1x 12oz/ICED SMALL; 1x Sweet Pastry; 1x Kombucha","253","2025-12-05 07:49:01","2025-12-05 07:53:14","",""
"ESPRESSO","Tiny dash","Point of Sale","1","1x 20oz\ICED LARGE","197","2025-12-05 07:49:58","2025-12-05 07:53:15","",""
"ESPRESSO","433840849","Square Online","1","1x 16oz/ICED MEDIUM","452","2025-12-05 07:50:44","2025-12-05 07:58:16","2025-12-05 07:50:39",""
"ESPRESSO","","Point of Sale","1","1x 16oz/ICED MEDIUM","351","2025-12-05 07:52:26","2025-12-05 07:58:17","",""
"ESPRESSO","","Point of Sale","1","1x 16oz/Large","344","2025-12-05 07:53:37","2025-12-05 07:59:21","",""
"ESPRESSO","","Point of Sale","1","1x 8oz/Small","336","2025-12-05 07:59:20","2025-12-05 08:04:56","",""
"ESPRESSO","","Point of Sale","4","1x 6oz; 2x 16oz/ICED MEDIUM; 1x Ham And Cheese Croissant","551","2025-12-05 08:00:33","2025-12-05 08:09:44","",""
"ESPRESSO","Luc","Point of Sale","1","1x 6oz","446","2025-12-05 08:00:54","2025-12-05 08:08:20","",""
"ESPRESSO","Short hair","Point of Sale","1","1x 12oz/Medium","446","2025-12-05 08:01:46","2025-12-05 08:09:12","",""
"ESPRESSO","Tyler","Point of Sale","3","1x 4oz/Pic, Esp, Dop; 1x 12oz/Medium; 1x 12oz/Medium","462","2025-12-05 08:02:39","2025-12-05 08:10:21","",""
"ESPRESSO","Grey singlwt","Point of Sale","1","1x 16oz/ICED MEDIUM","490","2025-12-05 08:05:11","2025-12-05 08:13:21","",""
"ESPRESSO","Same group","Point of Sale","1","1x 16oz/ICED MEDIUM","472","2025-12-05 08:05:28","2025-12-05 08:13:20","",""
"ESPRESSO","Red znd white tee","Point of Sale","2","1x 12oz/Medium; 1x TOASTIE","654","2025-12-05 08:06:04","2025-12-05 08:16:58","",""
"ESPRESSO","Npc","Point of Sale","1","1x 16oz/Large","556","2025-12-05 08:06:16","2025-12-05 08:15:32","",""
"ESPRESSO","","Point of Sale","1","1x 20oz\ICED LARGE","623","2025-12-05 08:06:37","2025-12-05 08:17:00","",""
"ESPRESSO","Mike and casrl","Point of Sale","2","1x 12oz/Medium; 1x 12oz/Medium","460","2025-12-05 08:13:53","2025-12-05 08:21:33","",""
"ESPRESSO","","Point of Sale","3","1x 12oz/Medium; 1x Pupacino; 1x 12oz/Medium","249","2025-12-05 08:18:17","2025-12-05 08:22:26","",""
"ESPRESSO","Gran","Point of Sale","1","1x 12oz/Medium","254","2025-12-05 08:19:12","2025-12-05 08:23:26","",""
"ESPRESSO","Grabd","Point of Sale","1","1x 8oz/Small","230","2025-12-05 08:19:36","2025-12-05 08:23:26","",""
"ESPRESSO","Hgranny","Point of Sale","1","1x 12oz/Medium","497","2025-12-05 08:22:00","2025-12-05 08:30:17","",""
"ESPRESSO","","Point of Sale","1","1x 6oz","332","2025-12-05 08:24:45","2025-12-05 08:30:17","",""
"ESPRESSO","Bec","Point of Sale","1","1x 12oz/ICED SMALL","153","2025-12-05 08:27:45","2025-12-05 08:30:18","",""
"ESPRESSO","","Point of Sale","1","1x 12oz/ICED SMALL","67","2025-12-05 08:35:22","2025-12-05 08:36:29","",""
"ESPRESSO","","Point of Sale","1","1x 12oz/Medium","217","2025-12-05 08:35:59","2025-12-05 08:39:36","",""
"ESPRESSO","","Point of Sale","2","1x 16oz/Large; 1x Sweet Pastry","204","2025-12-05 08:37:10","2025-12-05 08:40:34","",""
"ESPRESSO","","Point of Sale","1","1x 16oz/Large","277","2025-12-05 08:40:13","2025-12-05 08:44:50","",""
"ESPRESSO","","Point of Sale","1","1x 12oz/Medium","261","2025-12-05 08:40:28","2025-12-05 08:44:49","",""
"ESPRESSO","","Point of Sale","1","1x 8oz/Small","72","2025-12-05 08:43:38","2025-12-05 08:44:50","",""
"ESPRESSO","","Point of Sale","1","1x 16oz/ICED MEDIUM","327","2025-12-05 08:44:28","2025-12-05 08:49:55","",""
"ESPRESSO","","Point of Sale","2","1x 8oz/Small; 1x 12oz/ICED SMALL","209","2025-12-05 08:46:28","2025-12-05 08:49:57","",""
"ESPRESSO","","Point of Sale","2","1x 6oz; 1x 8oz/Small","165","2025-12-05 08:47:11","2025-12-05 08:49:56","",""
"ESPRESSO","","Point of Sale","1","1x 12oz/ICED SMALL","93","2025-12-05 08:51:51","2025-12-05 08:53:24","",""
"ESPRESSO","","Point of Sale","2","2x 12oz/Medium","276","2025-12-05 08:59:00","2025-12-05 09:03:36","",""
"ESPRESSO","","Point of Sale","3","1x 8oz/Small; 1x 8oz/Small; 1x TOASTIE","426","2025-12-05 08:59:25","2025-12-05 09:06:31","",""
"ESPRESSO","","Point of Sale","1","1x 8oz/Small","246","2025-12-05 09:06:52","2025-12-05 09:10:58","",""
"ESPRESSO","Dude","Point of Sale","2","1x Babycino; 1x 12oz/ICED SMALL","363","2025-12-05 09:11:27","2025-12-05 09:17:30","",""
"ESPRESSO","","Point of Sale","2","1x 12oz/Medium; 1x 16oz/ICED MEDIUM","330","2025-12-05 09:12:01","2025-12-05 09:17:31","",""
"ESPRESSO","","Point of Sale","2","1x Ham And Cheese Croissant; 1x 8oz/Small","283","2025-12-05 09:16:07","2025-12-05 09:20:50","",""
"ESPRESSO","","Point of Sale","1","1x 16oz/Large","201","2025-12-05 09:17:28","2025-12-05 09:20:49","",""
"ESPRESSO","","Point of Sale","2","1x 16oz/ICED MEDIUM; 1x 16oz/Large","252","2025-12-05 09:30:00","2025-12-05 09:34:12","",""
"ESPRESSO","","Point of Sale","2","1x A Sweet Muffin; 1x 16oz/Large","201","2025-12-05 09:30:52","2025-12-05 09:34:13","",""
"ESPRESSO","","Point of Sale","1","1x 12oz/Medium","164","2025-12-05 09:31:29","2025-12-05 09:34:13","",""
"ESPRESSO","","Point of Sale","1","1x 16oz/ICED MEDIUM","437","2025-12-05 09:36:49","2025-12-05 09:44:06","",""
"ESPRESSO","","Point of Sale","1","1x 16oz/Large","250","2025-12-05 09:39:55","2025-12-05 09:44:05","",""
"ESPRESSO","","Point of Sale","1","1x 12oz/ICED SMALL","14","2025-12-05 09:52:57","2025-12-05 09:53:11","",""
"ESPRESSO","","Point of Sale","1","1x 16oz/ICED MEDIUM","141","2025-12-05 09:55:18","2025-12-05 09:57:39","",""
"ESPRESSO","","Point of Sale","1","1x 12oz/ICED SMALL","101","2025-12-05 09:56:01","2025-12-05 09:57:42","",""
"ESPRESSO","","Point of Sale","2","2x Famous Soda","32","2025-12-05 09:57:24","2025-12-05 09:57:56","",""
"ESPRESSO","","Point of Sale","2","1x TOASTIE; 1x 12oz/Medium","490","2025-12-05 09:58:22","2025-12-05 10:06:32","",""
"ESPRESSO","","Point of Sale","1","1x 16oz/ICED MEDIUM","207","2025-12-05 10:03:04","2025-12-05 10:06:31","",""
"ESPRESSO","","Point of Sale","1","1x 16oz/ICED MEDIUM","189","2025-12-05 10:03:22","2025-12-05 10:06:31","",""
"ESPRESSO","","Point of Sale","1","1x 6oz","131","2025-12-05 10:06:16","2025-12-05 10:08:27","",""
"ESPRESSO","","Point of Sale","2","1x 12oz/Medium; 1x 16oz/Large","310","2025-12-05 10:08:46","2025-12-05 10:13:56","",""
"ESPRESSO","","Point of Sale","1","1x 8oz/Small","280","2025-12-05 10:16:57","2025-12-05 10:21:37","",""
"ESPRESSO","","Point of Sale","2","1x A Sweet Muffin; 1x 12oz/ICED SMALL","198","2025-12-05 10:18:19","2025-12-05 10:21:37","",""
"ESPRESSO","","Point of Sale","1","1x 16oz/ICED MEDIUM","560","2025-12-05 10:20:15","2025-12-05 10:29:35","",""
"ESPRESSO","","Point of Sale","2","1x Breakfast Wrap; 1x 8oz/Small","529","2025-12-05 10:20:44","2025-12-05 10:29:33","",""
"ESPRESSO","","Point of Sale","2","1x 8oz/Small; 1x 12oz/Medium","490","2025-12-05 10:21:24","2025-12-05 10:29:34","",""
"ESPRESSO","","Point of Sale","1","1x 8oz/Small","119","2025-12-05 10:29:31","2025-12-05 10:31:30","",""
"ESPRESSO","","Point of Sale","2","1x 16oz/ICED MEDIUM; 1x 500g Beans","118","2025-12-05 10:36:43","2025-12-05 10:38:41","",""
"ESPRESSO","","Point of Sale","2","2x 20oz\ICED LARGE","332","2025-12-05 10:37:58","2025-12-05 10:43:30","",""
"ESPRESSO","","Point of Sale","1","1x 20oz\ICED LARGE","253","2025-12-05 10:39:17","2025-12-05 10:43:30","",""
"ESPRESSO","","Point of Sale","1","1x 16oz/Large","247","2025-12-05 10:40:37","2025-12-05 10:44:44","",""
"ESPRESSO","","Point of Sale","1","1x 8oz/Small","708","2025-12-05 11:18:00","2025-12-05 11:29:48","",""
"ESPRESSO","","Point of Sale","1","1x 1kg Beans","376","2025-12-05 11:23:31","2025-12-05 11:29:47","",""
"ESPRESSO","","Point of Sale","1","1x 12oz/Medium","2246","2025-12-05 11:40:05","2025-12-05 12:17:31","",""
"ESPRESSO","","Point of Sale","1","1x A Sweet Muffin","1903","2025-12-05 11:45:49","2025-12-05 12:17:32","",""
"ESPRESSO","","Point of Sale","1","1x 16oz/Large","371","2025-12-05 12:30:01","2025-12-05 12:36:12","",""
"ESPRESSO","","Point of Sale","2","1x A Sweet Muffin; 1x 16oz/Large","207","2025-12-05 12:32:45","2025-12-05 12:36:12","",""
"ESPRESSO","","Point of Sale","1","1x 16oz/Large","2346","2025-12-06 04:58:49","2025-12-06 05:37:55","",""
"ESPRESSO","","Point of Sale","1","1x 12oz/Medium","1379","2025-12-06 05:14:57","2025-12-06 05:37:56","",""
"ESPRESSO","","Point of Sale","3","2x 6oz; 1x Babycino","448","2025-12-06 05:30:28","2025-12-06 05:37:56","",""
"ESPRESSO","","Point of Sale","1","1x 12oz/ICED SMALL","388","2025-12-06 05:31:28","2025-12-06 05:37:56","",""
"ESPRESSO","","Point of Sale","1","1x 16oz/Large","302","2025-12-06 05:36:54","2025-12-06 05:41:56","",""
"ESPRESSO","","Point of Sale","1","1x 12oz/Medium","61","2025-12-06 05:40:47","2025-12-06 05:41:48","",""
"ESPRESSO","","Point of Sale","1","1x 12oz/ICED SMALL","803","2025-12-06 05:42:31","2025-12-06 05:55:54","",""
"ESPRESSO","","Point of Sale","2","1x 16oz/Large; 1x 8oz/Small","542","2025-12-06 05:46:52","2025-12-06 05:55:54","",""
"ESPRESSO","","Point of Sale","1","1x 6oz","456","2025-12-06 05:48:19","2025-12-06 05:55:55","",""
"ESPRESSO","","Point of Sale","1","1x 8oz/Small","369","2025-12-06 05:49:46","2025-12-06 05:55:55","",""
"ESPRESSO","Glenn","Point of Sale","3","1x Sweet Pastry; 2x 4oz/Pic, Esp, Dop","512","2025-12-06 05:56:47","2025-12-06 06:05:19","",""
"ESPRESSO","","Point of Sale","2","1x A Cookie; 1x 16oz/Large","205","2025-12-06 05:59:04","2025-12-06 06:02:29","",""
"ESPRESSO","Kid","Point of Sale","1","1x 16oz/ICED MEDIUM","143","2025-12-06 06:00:07","2025-12-06 06:02:30","",""
"ESPRESSO","","Point of Sale","1","1x 12oz/Medium","149","2025-12-06 06:02:50","2025-12-06 06:05:19","",""
"ESPRESSO","","Point of Sale","1","1x 16oz/ICED MEDIUM","87","2025-12-06 06:03:51","2025-12-06 06:05:18","",""
"ESPRESSO","","Point of Sale","2","1x 16oz/ICED MEDIUM; 1x 16oz/ICED MEDIUM","324","2025-12-06 06:14:47","2025-12-06 06:20:11","",""
"ESPRESSO","","Point of Sale","1","1x 16oz/ICED MEDIUM","120","2025-12-06 06:22:37","2025-12-06 06:24:37","",""
"ESPRESSO","","Point of Sale","2","1x TOASTIE; 1x 12oz/Medium","311","2025-12-06 06:23:04","2025-12-06 06:28:15","",""
"ESPRESSO","","Point of Sale","2","1x 8oz/Small; 1x 8oz/Small","288","2025-12-06 06:23:27","2025-12-06 06:28:15","",""
"ESPRESSO","Green shirt","Point of Sale","1","1x 12oz/Medium","201","2025-12-06 06:24:55","2025-12-06 06:28:16","",""
"ESPRESSO","Sunnies","Point of Sale","1","1x 12oz/Medium","252","2025-12-06 06:28:27","2025-12-06 06:32:39","",""
"ESPRESSO","Kid","Point of Sale","1","1x 6oz","197","2025-12-06 06:29:23","2025-12-06 06:32:40","",""
"ESPRESSO","AJ","Point of Sale","1","1x 6oz","157","2025-12-06 06:31:31","2025-12-06 06:34:08","",""
"ESPRESSO","Alex","Point of Sale","3","1x Kombucha; 1x 12oz/Medium; 1x 20oz\ICED LARGE","184","2025-12-06 06:32:50","2025-12-06 06:35:54","",""
"ESPRESSO","","Point of Sale","2","1x 12oz/Medium; 1x Fiji Water","216","2025-12-06 06:34:15","2025-12-06 06:37:51","",""
"ESPRESSO","","Point of Sale","1","1x Breakfast Wrap","174","2025-12-06 06:34:58","2025-12-06 06:37:52","",""
"ESPRESSO","Orange red shirt","Point of Sale","2","2x 12oz/Medium","233","2025-12-06 06:35:22","2025-12-06 06:39:15","",""
"ESPRESSO","Mile","Point of Sale","5","3x Pupacino; 1x 16oz/ICED MEDIUM; 1x 12oz/ICED SMALL","254","2025-12-06 06:36:07","2025-12-06 06:40:21","",""
"ESPRESSO","","Point of Sale","1","1x 12oz/Medium","185","2025-12-06 06:39:55","2025-12-06 06:43:00","",""
"ESPRESSO","","Point of Sale","1","1x 16oz/Large","259","2025-12-06 06:43:59","2025-12-06 06:48:18","",""
"ESPRESSO","","Point of Sale","1","1x 16oz/Large","220","2025-12-06 06:44:39","2025-12-06 06:48:19","",""
"ESPRESSO","","Point of Sale","2","1x Ham And Cheese Croissant; 1x 16oz/ICED MEDIUM","347","2025-12-06 06:51:33","2025-12-06 06:57:20","",""
"ESPRESSO","","Point of Sale","2","1x A Sweet Muffin; 1x 20oz\ICED LARGE","516","2025-12-06 06:53:32","2025-12-06 07:02:08","",""
"ESPRESSO","","Point of Sale","2","1x Babycino; 1x 12oz/Medium","434","2025-12-06 06:54:53","2025-12-06 07:02:07","",""
"ESPRESSO","","Point of Sale","2","1x 12oz/Medium; 1x 12oz/Medium","439","2025-12-06 06:56:21","2025-12-06 07:03:40","",""
"ESPRESSO","","Point of Sale","1","1x 20oz\ICED LARGE","570","2025-12-06 06:57:53","2025-12-06 07:07:23","",""
"ESPRESSO","Mike","Point of Sale","2","1x 16oz/Large; 1x 12oz/Medium","489","2025-12-06 07:00:25","2025-12-06 07:08:34","",""
"ESPRESSO","Glasses","Point of Sale","1","1x 12oz/Medium","741","2025-12-06 07:00:40","2025-12-06 07:13:01","",""
"ESPRESSO","Vans","Point of Sale","3","1x TOASTIE; 1x 8oz/Small; 1x 8oz/Small","541","2025-12-06 07:03:59","2025-12-06 07:13:00","",""
"ESPRESSO","","Point of Sale","3","1x 12oz/Medium; 1x 16oz/Large; 1x Babycino","537","2025-12-06 07:06:55","2025-12-06 07:15:52","",""
"ESPRESSO","Nathan","Point of Sale","2","1x 12oz/ICED SMALL; 1x TOASTIE","626","2025-12-06 07:08:39","2025-12-06 07:19:05","",""
"ESPRESSO","Maroon shirt hqat","Point of Sale","4","1x 16oz/Large; 1x 12oz/Medium; 2x 16oz/ICED MEDIUM","600","2025-12-06 07:09:06","2025-12-06 07:19:06","",""
"ESPRESSO","Sean","Point of Sale","4","1x 16oz/ICED MEDIUM; 1x TOASTIE; 1x 16oz/ICED MEDIUM; 1x Breakfast Wrap","605","2025-12-06 07:16:46","2025-12-06 07:26:51","",""
"ESPRESSO","Toby","Point of Sale","2","1x Sweet Pastry; 1x 4oz/Pic, Esp, Dop","465","2025-12-06 07:19:05","2025-12-06 07:26:50","",""
"ESPRESSO","Blue hat","Point of Sale","1","1x 12oz/ICED SMALL","499","2025-12-06 07:19:57","2025-12-06 07:28:16","",""
"ESPRESSO","Damon","Point of Sale","2","2x 8oz/Small","417","2025-12-06 07:27:58","2025-12-06 07:34:55","",""
"ESPRESSO","Denim shorts gray shirt","Point of Sale","1","1x 20oz\ICED LARGE","481","2025-12-06 07:29:01","2025-12-06 07:37:02","",""
"ESPRESSO","Brpown outfit kid","Point of Sale","2","1x 20oz\ICED LARGE; 1x Ham And Cheese Croissant","462","2025-12-06 07:29:21","2025-12-06 07:37:03","",""
"ESPRESSO","Ash","Point of Sale","1","1x 12oz/ICED SMALL","369","2025-12-06 07:36:44","2025-12-06 07:42:53","",""
"ESPRESSO","Blue shirt","Point of Sale","3","1x 8oz/Small; 1x 20oz\ICED LARGE; 1x A Sweet Muffin","310","2025-12-06 07:37:43","2025-12-06 07:42:53","",""
"ESPRESSO","","Point of Sale","2","2x 12oz/Medium","189","2025-12-06 07:41:37","2025-12-06 07:44:46","",""
"ESPRESSO","","Point of Sale","1","1x 12oz/ICED SMALL","141","2025-12-06 07:58:53","2025-12-06 08:01:14","",""
"ESPRESSO","Kelly","Point of Sale","3","1x Babycino; 1x 8oz/Small; 1x 12oz/ICED SMALL","88","2025-12-06 07:59:57","2025-12-06 08:01:25","",""
"ESPRESSO","","Point of Sale","1","1x Famous Soda","7","2025-12-06 08:01:18","2025-12-06 08:01:25","",""
"ESPRESSO","Rob","Point of Sale","2","1x 16oz/Large; 1x 12oz/Medium","88","2025-12-06 08:02:40","2025-12-06 08:04:08","",""
"ESPRESSO","Kelly","Point of Sale","2","1x 8oz/Small; 1x 12oz/Medium","199","2025-12-06 08:04:22","2025-12-06 08:07:41","",""
"ESPRESSO","Ros","Point of Sale","1","1x 8oz/Small","133","2025-12-06 08:05:28","2025-12-06 08:07:41","",""
"ESPRESSO","Blonde dog","Point of Sale","4","1x Pupacino; 1x 12oz/ICED SMALL; 1x Famous Soda; 1x 16oz/ICED MEDIUM","139","2025-12-06 08:07:25","2025-12-06 08:09:44","",""
"ESPRESSO","Adapt","Point of Sale","2","1x 16oz/Large; 1x Kombucha","258","2025-12-06 08:10:01","2025-12-06 08:14:19","",""
"ESPRESSO","Dan","Point of Sale","2","1x 12oz/Medium; 1x 16oz/Large","213","2025-12-06 08:10:54","2025-12-06 08:14:27","",""
"ESPRESSO","Yellow blonde adapt","Point of Sale","1","1x 16oz/ICED MEDIUM","312","2025-12-06 08:11:32","2025-12-06 08:16:44","",""
"ESPRESSO","Turrquoise adapt","Point of Sale","2","1x 12oz/Medium; 1x Fruit Juice","290","2025-12-06 08:11:53","2025-12-06 08:16:43","",""
"ESPRESSO","Felicity adapt ","Point of Sale","1","1x 12oz/Medium","331","2025-12-06 08:12:19","2025-12-06 08:17:50","",""
"ESPRESSO","Green shirt","Point of Sale","1","1x 6oz","316","2025-12-06 08:12:33","2025-12-06 08:17:49","",""
"ESPRESSO","Bladkj ahurt","Point of Sale","2","1x 12oz/Medium; 1x 6oz","434","2025-12-06 08:13:32","2025-12-06 08:20:46","",""
"ESPRESSO","","Point of Sale","4","1x 16oz/ICED MEDIUM; 2x Sweet Pastry; 1x 16oz/ICED MEDIUM","508","2025-12-06 08:14:29","2025-12-06 08:22:57","",""
"ESPRESSO","Kate yellow hat","Point of Sale","1","1x 12oz/Medium","468","2025-12-06 08:15:15","2025-12-06 08:23:03","",""
"ESPRESSO","Kate black hat","Point of Sale","1","1x 12oz/Medium","448","2025-12-06 08:15:35","2025-12-06 08:23:03","",""
"ESPRESSO","White shirt camo hat","Point of Sale","2","1x 12oz/Medium; 1x Fiji Water","597","2025-12-06 08:15:51","2025-12-06 08:25:48","",""
"ESPRESSO","Marcello","Point of Sale","1","1x 12oz/Medium","574","2025-12-06 08:16:13","2025-12-06 08:25:47","",""
"ESPRESSO","Adapt","Point of Sale","1","1x 12oz/ICED SMALL","632","2025-12-06 08:16:34","2025-12-06 08:27:06","",""
"ESPRESSO","Green shirt","Point of Sale","3","1x Kombucha; 1x 12oz/Medium; 1x 12oz/Medium","584","2025-12-06 08:17:23","2025-12-06 08:27:07","",""
"ESPRESSO","Family","Point of Sale","4","1x 6oz; 1x 12oz/ICED SMALL; 1x A Sweet Muffin; 1x 12oz/ICED SMALL","382","2025-12-06 08:22:17","2025-12-06 08:28:39","",""
"ESPRESSO","","Point of Sale","1","1x Sweet Pastry","137","2025-12-06 08:24:30","2025-12-06 08:26:47","",""
"ESPRESSO","1730470379","Square Online","3","1x 12oz/Medium; 1x 12oz/Medium; 1x 6oz","362","2025-12-06 08:28:36","2025-12-06 08:34:38","2025-12-06 08:28:31",""
"ESPRESSO","Yellow shirt","Point of Sale","1","1x 6oz","340","2025-12-06 08:28:57","2025-12-06 08:34:37","",""
"ESPRESSO","Couiple","Point of Sale","4","1x 12oz/Medium; 1x TOASTIE; 1x 12oz/Medium; 1x Sweet Pastry","411","2025-12-06 08:29:43","2025-12-06 08:36:34","",""
"ESPRESSO","Aiden","Point of Sale","1","1x 12oz/Medium","230","2025-12-06 08:36:42","2025-12-06 08:40:32","",""
"ESPRESSO","Mel","Point of Sale","2","2x 12oz/Medium","160","2025-12-06 08:37:52","2025-12-06 08:40:32","",""
"ESPRESSO","","Point of Sale","3","2x 12oz/Medium; 1x Sweet Pastry","190","2025-12-06 08:43:32","2025-12-06 08:46:42","",""
"ESPRESSO","","Point of Sale","2","1x 16oz/ICED MEDIUM; 1x 6oz","216","2025-12-06 08:49:07","2025-12-06 08:52:43","",""
"ESPRESSO","","Point of Sale","1","1x 16oz/Large","186","2025-12-06 08:49:37","2025-12-06 08:52:43","",""
"ESPRESSO","","Point of Sale","1","1x 16oz/Large","204","2025-12-06 08:51:59","2025-12-06 08:55:23","",""
"ESPRESSO","Pineapples","Point of Sale","2","1x 8oz/Small; 1x Breakfast Wrap","477","2025-12-06 08:54:01","2025-12-06 09:01:58","",""
"ESPRESSO","Black shirt","Point of Sale","2","1x 16oz/ICED MEDIUM; 1x Breakfast Wrap","438","2025-12-06 08:54:39","2025-12-06 09:01:57","",""
"ESPRESSO","Stormtrooper","Point of Sale","2","1x 12oz/Medium; 1x TOASTIE","489","2025-12-06 08:55:01","2025-12-06 09:03:10","",""
"ESPRESSO","Graybshirt","Point of Sale","3","1x 8oz/Small; 1x TOASTIE; 1x Fruit Juice","469","2025-12-06 08:55:20","2025-12-06 09:03:09","",""
"ESPRESSO","","Point of Sale","1","1x 12oz/ICED SMALL","393","2025-12-06 08:55:34","2025-12-06 09:02:07","",""
"ESPRESSO","","Point of Sale","1","1x 4oz/Pic, Esp, Dop","488","2025-12-06 09:12:56","2025-12-06 09:21:04","",""
"ESPRESSO","","Point of Sale","3","1x TOASTIE; 1x 8oz/Small; 1x 12oz/Medium","213","2025-12-06 09:17:30","2025-12-06 09:21:03","",""
"ESPRESSO","Michael","Point of Sale","2","1x 12oz/Medium; 1x 12oz/Medium","333","2025-12-06 09:18:10","2025-12-06 09:23:43","",""
"ESPRESSO","Npc","Point of Sale","1","1x 16oz/Large","602","2025-12-06 09:21:39","2025-12-06 09:31:41","",""
"ESPRESSO","","Point of Sale","1","1x 20oz\ICED LARGE","469","2025-12-06 09:23:53","2025-12-06 09:31:42","",""
"ESPRESSO","Logan","Point of Sale","2","1x A Cookie; 1x 16oz/ICED MEDIUM","380","2025-12-06 09:25:22","2025-12-06 09:31:42","",""
"ESPRESSO","","Point of Sale","2","1x A Savoury Muffin; 1x 16oz/ICED MEDIUM","303","2025-12-06 09:26:52","2025-12-06 09:31:55","",""
"ESPRESSO","","Point of Sale","2","1x 12oz/ICED SMALL; 1x 12oz/Medium","421","2025-12-06 09:38:14","2025-12-06 09:45:15","",""
"ESPRESSO","","Point of Sale","1","1x 20oz\ICED LARGE","382","2025-12-06 09:38:54","2025-12-06 09:45:16","",""
"ESPRESSO","","Point of Sale","1","1x 20oz\ICED LARGE","182","2025-12-06 09:42:13","2025-12-06 09:45:15","",""
"ESPRESSO","Orange","Point of Sale","1","1x 16oz/ICED MEDIUM","443","2025-12-06 09:46:23","2025-12-06 09:53:46","",""
"ESPRESSO","","Point of Sale","2","1x 20oz\ICED LARGE; 1x Ham And Cheese Croissant","808","2025-12-06 09:46:43","2025-12-06 10:00:11","",""
"ESPRESSO","","Point of Sale","1","1x 12oz/Medium","789","2025-12-06 09:47:02","2025-12-06 10:00:11","",""
"ESPRESSO","","Point of Sale","1","1x 16oz/Large","339","2025-12-06 09:54:33","2025-12-06 10:00:12","",""
"ESPRESSO","","Point of Sale","1","1x 6oz","179","2025-12-06 09:59:35","2025-12-06 10:02:34","",""
"ESPRESSO","David","Point of Sale","1","1x 12oz/Medium","481","2025-12-06 09:59:55","2025-12-06 10:07:56","",""
"ESPRESSO","Sam","Point of Sale","3","2x 16oz/Large; 1x 12oz/Medium","381","2025-12-06 10:01:36","2025-12-06 10:07:57","",""
"ESPRESSO","Jody","Point of Sale","3","1x 4oz/Pic, Esp, Dop; 1x 16oz/ICED MEDIUM; 1x TOASTIE","403","2025-12-06 10:03:45","2025-12-06 10:10:28","",""
"ESPRESSO","","Point of Sale","1","1x 4oz/Pic, Esp, Dop","320","2025-12-06 10:24:11","2025-12-06 10:29:31","",""
"ESPRESSO","May","Point of Sale","1","1x 12oz/Medium","305","2025-12-06 10:24:26","2025-12-06 10:29:31","",""
"ESPRESSO","","Point of Sale","3","1x Plain Croissant; 1x Fruit Juice; 1x 16oz/Large","494","2025-12-06 10:28:52","2025-12-06 10:37:06","",""
"ESPRESSO","Nerd emoji","Point of Sale","1","1x 16oz/ICED MEDIUM","469","2025-12-06 10:29:18","2025-12-06 10:37:07","",""
"ESPRESSO","Michael","Point of Sale","1","1x 12oz/Medium","329","2025-12-06 10:33:53","2025-12-06 10:39:22","",""
"ESPRESSO","","Point of Sale","1","1x 8oz/Small","257","2025-12-06 10:35:05","2025-12-06 10:39:22","",""
"ESPRESSO","","Point of Sale","2","1x 12oz/ICED SMALL; 1x 16oz/ICED MEDIUM","480","2025-12-06 10:42:49","2025-12-06 10:50:49","",""
"ESPRESSO","","Point of Sale","2","1x 12oz/ICED SMALL; 1x Sweet Pastry","378","2025-12-06 10:44:30","2025-12-06 10:50:48","",""
"ESPRESSO","","Point of Sale","2","1x Kombucha; 1x 12oz/ICED SMALL","356","2025-12-06 10:44:53","2025-12-06 10:50:49","",""
"ESPRESSO","","Point of Sale","1","1x 16oz/Large","268","2025-12-06 10:46:22","2025-12-06 10:50:50","",""
"ESPRESSO","","Point of Sale","1","1x 8oz/Small","154","2025-12-06 10:48:25","2025-12-06 10:50:59","",""
"ESPRESSO","","Point of Sale","3","1x A Sweet Muffin; 2x 12oz/Medium","459","2025-12-06 10:53:06","2025-12-06 11:00:45","",""
"ESPRESSO","","Point of Sale","2","1x A Sweet Muffin; 1x 16oz/Large","414","2025-12-06 10:53:51","2025-12-06 11:00:45","",""
"ESPRESSO","Green shirt","Point of Sale","2","1x 16oz/ICED MEDIUM; 1x 16oz/ICED MEDIUM","347","2025-12-06 10:55:00","2025-12-06 11:00:47","",""
"ESPRESSO","","Point of Sale","1","1x 8oz/Small","172","2025-12-06 10:57:55","2025-12-06 11:00:47","",""
"ESPRESSO","","Point of Sale","3","1x 16oz/ICED MEDIUM; 1x Fruit Juice; 1x 8oz/Small","65216","2025-12-06 11:00:50","2025-12-07 05:07:46","",""
"ESPRESSO","Wayne","Point of Sale","2","1x 8oz/Small; 1x 500g Beans","65186","2025-12-06 11:01:21","2025-12-07 05:07:47","",""
"ESPRESSO","","Point of Sale","1","1x 12oz/ICED SMALL","65037","2025-12-06 11:03:51","2025-12-07 05:07:48","",""
"ESPRESSO","Rose","Point of Sale","1","1x 12oz/Medium","303","2025-12-07 05:58:11","2025-12-07 06:03:14","",""
"ESPRESSO","Neilson","Point of Sale","1","1x 16oz/Large","279","2025-12-07 05:58:35","2025-12-07 06:03:14","",""
"ESPRESSO","","Point of Sale","2","2x 12oz/Medium","96","2025-12-07 06:05:39","2025-12-07 06:07:15","",""
"ESPRESSO","Double magics","Point of Sale","2","2x 12oz/Medium","111","2025-12-07 06:08:36","2025-12-07 06:10:27","",""
"ESPRESSO","","Point of Sale","1","1x 6oz","56","2025-12-07 06:09:32","2025-12-07 06:10:28","",""
"ESPRESSO","Camo","Point of Sale","2","1x 12oz/ICED SMALL; 1x 8oz/Small","151","2025-12-07 06:23:52","2025-12-07 06:26:23","",""
"ESPRESSO","","Point of Sale","1","1x 6oz","128","2025-12-07 06:24:16","2025-12-07 06:26:24","",""
"ESPRESSO","","Point of Sale","1","1x 12oz/ICED SMALL","111","2025-12-07 06:25:13","2025-12-07 06:27:04","",""
"ESPRESSO","Ryab","Point of Sale","1","1x 20oz\ICED LARGE","59","2025-12-07 06:28:03","2025-12-07 06:29:02","",""
"ESPRESSO","Judy","Point of Sale","3","1x Babycino; 1x 8oz/Small; 1x 16oz/Large","193","2025-12-07 06:33:52","2025-12-07 06:37:05","",""
"ESPRESSO","","Point of Sale","2","2x 8oz/Small","63","2025-12-07 06:48:32","2025-12-07 06:49:35","",""
"ESPRESSO","","Point of Sale","1","1x 4oz/Pic, Esp, Dop","15","2025-12-07 06:49:26","2025-12-07 06:49:41","",""
"ESPRESSO","","Point of Sale","1","1x 12oz/Medium","111","2025-12-07 06:52:35","2025-12-07 06:54:26","",""
"ESPRESSO","Glazsses","Point of Sale","2","1x 20oz\ICED LARGE; 1x TOASTIE","643","2025-12-07 06:59:42","2025-12-07 07:10:25","",""
"ESPRESSO","Marshmalllowes","Point of Sale","4","1x 12oz/Medium; 2x 4oz/Pic, Esp, Dop; 1x 12oz/Medium","241","2025-12-07 07:11:06","2025-12-07 07:15:07","",""
"ESPRESSO","","Point of Sale","1","1x 8oz/Small","116","2025-12-07 07:16:22","2025-12-07 07:18:18","",""
"ESPRESSO","Damo","Point of Sale","2","1x 16oz/Large; 1x Babycino","321","2025-12-07 07:20:15","2025-12-07 07:25:36","",""
"ESPRESSO","Chris","Point of Sale","5","1x 16oz/Large; 1x 4oz/Pic, Esp, Dop; 2x A Sweet Muffin; 1x TOASTIE","685","2025-12-07 07:21:44","2025-12-07 07:33:09","",""
"ESPRESSO","Hlen","Point of Sale","2","2x 4oz/Pic, Esp, Dop","323","2025-12-07 07:30:05","2025-12-07 07:35:28","",""
"ESPRESSO","Visor hat lady","Point of Sale","3","1x 8oz/Small; 1x 12oz/ICED SMALL; 1x Pupacino","410","2025-12-07 07:30:32","2025-12-07 07:37:22","",""
"ESPRESSO","","Point of Sale","1","1x A Cookie","252","2025-12-07 07:31:20","2025-12-07 07:35:32","",""
"ESPRESSO","","Point of Sale","1","1x 16oz/ICED MEDIUM","208","2025-12-07 07:47:40","2025-12-07 07:51:08","",""
"ESPRESSO","","Point of Sale","2","1x 12oz/ICED SMALL; 1x Sweet Pastry","244","2025-12-07 07:52:52","2025-12-07 07:56:56","",""
"ESPRESSO","","Point of Sale","2","1x 6oz; 1x 12oz/ICED SMALL","129","2025-12-07 07:54:48","2025-12-07 07:56:57","",""
"ESPRESSO","","Point of Sale","1","1x 16oz/Large","111","2025-12-07 07:56:34","2025-12-07 07:58:25","",""
"ESPRESSO","Lady","Point of Sale","1","1x 8oz/Small","206","2025-12-07 08:06:22","2025-12-07 08:09:48","",""
"ESPRESSO","Beuneyte kady","Point of Sale","1","1x 8oz/Small","112","2025-12-07 08:17:40","2025-12-07 08:19:32","",""
"ESPRESSO","","Point of Sale","2","1x 12oz/Medium; 1x 8oz/Small","152","2025-12-07 08:23:38","2025-12-07 08:26:10","",""
"ESPRESSO","","Point of Sale","2","1x 16oz/Large; 1x TOASTIE","409","2025-12-07 08:30:27","2025-12-07 08:37:16","",""
"ESPRESSO","","Point of Sale","2","1x TOASTIE; 1x Famous Soda","7","2025-12-07 08:44:39","2025-12-07 08:44:46","",""
"ESPRESSO","","Point of Sale","1","1x 12oz/Medium","19","2025-12-07 08:59:01","2025-12-07 08:59:20","",""
"ESPRESSO","Anastaiao and rob","Point of Sale","2","1x 12oz/Medium; 1x 16oz/Large","128","2025-12-07 09:02:10","2025-12-07 09:04:18","",""
"ESPRESSO","","Point of Sale","9","1x 8oz/Small; 2x 8oz/Small; 2x Babycino; 3x Sweet Pastry; 1x 12oz/Medium","249","2025-12-07 09:03:20","2025-12-07 09:07:29","",""
"ESPRESSO","Lady grey shrit","Point of Sale","1","1x 12oz/ICED SMALL","219","2025-12-07 09:03:50","2025-12-07 09:07:29","",""
"ESPRESSO","Ginger hair","Point of Sale","1","1x 16oz/ICED MEDIUM","328","2025-12-07 09:05:51","2025-12-07 09:11:19","",""
"ESPRESSO","Dyulan","Point of Sale","2","1x 12oz/Medium; 1x 12oz/Medium","355","2025-12-07 09:06:19","2025-12-07 09:12:14","",""
"ESPRESSO","Patagonia hat","Point of Sale","1","1x 20oz\ICED LARGE","250","2025-12-07 09:08:05","2025-12-07 09:12:15","",""
"ESPRESSO","","Point of Sale","3","1x 8oz/Small; 1x 500g Beans; 1x 16oz/ICED MEDIUM","183","2025-12-07 09:13:27","2025-12-07 09:16:30","",""
"ESPRESSO","Underrarmour","Point of Sale","1","1x 16oz/ICED MEDIUM","183","2025-12-07 09:14:41","2025-12-07 09:17:44","",""
"ESPRESSO","Gym guy","Point of Sale","2","2x 16oz/Large","146","2025-12-07 09:18:01","2025-12-07 09:20:27","",""
"ESPRESSO","","Point of Sale","2","1x Pupacino; 1x 8oz/Small","101","2025-12-07 09:23:58","2025-12-07 09:25:39","",""
"ESPRESSO","","Point of Sale","1","1x 12oz/Medium","56","2025-12-07 09:29:44","2025-12-07 09:30:40","",""
"ESPRESSO","","Point of Sale","2","1x 12oz/ICED SMALL; 1x A Sweet Muffin","107","2025-12-07 09:35:07","2025-12-07 09:36:54","",""
"ESPRESSO","","Point of Sale","1","1x A Sweet Muffin","197","2025-12-07 09:53:41","2025-12-07 09:56:58","",""
"ESPRESSO","","Point of Sale","2","1x 16oz/ICED MEDIUM; 1x 16oz/ICED MEDIUM","156","2025-12-07 09:57:45","2025-12-07 10:00:21","",""
"ESPRESSO","","Point of Sale","1","1x 12oz/Medium","154","2025-12-07 10:07:19","2025-12-07 10:09:53","",""
"ESPRESSO","","Point of Sale","1","1x 12oz/Medium","36","2025-12-07 10:10:17","2025-12-07 10:10:53","",""
"ESPRESSO","","Point of Sale","3","1x ; 2x 12oz/Medium","76","2025-12-07 10:14:09","2025-12-07 10:15:25","",""
"ESPRESSO","","Point of Sale","1","1x 12oz/Medium","193","2025-12-07 10:25:52","2025-12-07 10:29:05","",""
"ESPRESSO","","Point of Sale","2","1x 4oz/Pic, Esp, Dop; 1x 12oz/ICED SMALL","163","2025-12-07 10:26:22","2025-12-07 10:29:05","",""
"ESPRESSO","Kieranj","Point of Sale","3","1x A Sweet Muffin; 1x 8oz/Small; 1x 8oz/Small","231","2025-12-07 10:34:20","2025-12-07 10:38:11","",""
"ESPRESSO","","Point of Sale","2","1x 12oz/Medium; 1x 8oz/Small","218","2025-12-07 10:36:03","2025-12-07 10:39:41","",""
"ESPRESSO","Trent","Point of Sale","1","1x 20oz\ICED LARGE","137","2025-12-07 10:39:25","2025-12-07 10:41:42","",""
"ESPRESSO","","Point of Sale","2","1x 12oz/Medium; 1x 16oz/ICED MEDIUM","221","2025-12-07 10:39:55","2025-12-07 10:43:36","",""
"ESPRESSO","","Point of Sale","2","1x A Sweet Muffin; 1x 16oz/Large","173","2025-12-07 10:51:45","2025-12-07 10:54:38","",""
"ESPRESSO","","Point of Sale","1","1x 8oz/Small","2716","2025-12-08 04:45:49","2025-12-08 05:31:05","",""
"ESPRESSO","","Point of Sale","2","2x 4oz/Pic, Esp, Dop","2211","2025-12-08 04:54:13","2025-12-08 05:31:04","",""
"ESPRESSO","","Point of Sale","2","1x 20oz\ICED LARGE; 1x Ham And Cheese Croissant","1643","2025-12-08 05:03:42","2025-12-08 05:31:05","",""
"ESPRESSO","","Point of Sale","1","1x 12oz/Medium","1588","2025-12-08 05:04:39","2025-12-08 05:31:07","",""
"ESPRESSO","","Point of Sale","2","1x 16oz/Large; 1x Ham And Cheese Croissant","1460","2025-12-08 05:06:52","2025-12-08 05:31:12","",""
"ESPRESSO","","Point of Sale","1","1x 12oz/Medium","1384","2025-12-08 05:08:09","2025-12-08 05:31:13","",""
"ESPRESSO","","Point of Sale","1","1x 12oz/Medium","1192","2025-12-08 05:11:22","2025-12-08 05:31:14","",""
"ESPRESSO","","Point of Sale","1","1x 16oz/ICED MEDIUM","965","2025-12-08 05:15:09","2025-12-08 05:31:14","",""
"ESPRESSO","","Point of Sale","1","1x 16oz/Large","817","2025-12-08 05:17:44","2025-12-08 05:31:21","",""
"ESPRESSO","","Point of Sale","1","1x 12oz/Medium","734","2025-12-08 05:19:06","2025-12-08 05:31:20","",""
"ESPRESSO","","Point of Sale","1","1x 12oz/Medium","661","2025-12-08 05:20:20","2025-12-08 05:31:21","",""
"ESPRESSO","","Point of Sale","1","1x 12oz/Medium","571","2025-12-08 05:22:58","2025-12-08 05:32:29","",""
"ESPRESSO","","Point of Sale","1","1x 16oz/ICED MEDIUM","248","2025-12-08 05:28:21","2025-12-08 05:32:29","",""
"ESPRESSO","","Point of Sale","1","1x 16oz/Large","220","2025-12-08 05:28:51","2025-12-08 05:32:31","",""
"ESPRESSO","","Point of Sale","1","1x 12oz/ICED SMALL","90","2025-12-08 05:31:01","2025-12-08 05:32:31","",""
"ESPRESSO","","Point of Sale","3","1x Babycino; 1x 16oz/Large; 1x 16oz/Large","312","2025-12-08 05:31:47","2025-12-08 05:36:59","",""
"ESPRESSO","","Point of Sale","3","1x 12oz/Medium; 1x 16oz/ICED MEDIUM; 1x 12oz/Medium","518","2025-12-08 05:33:56","2025-12-08 05:42:34","",""
"ESPRESSO","Hoodie","Point of Sale","1","1x 16oz/Large","507","2025-12-08 05:34:11","2025-12-08 05:42:38","",""
"ESPRESSO","","Point of Sale","1","1x 12oz/Medium","575","2025-12-08 05:34:23","2025-12-08 05:43:58","",""
"ESPRESSO","","Point of Sale","3","3x 6oz","548","2025-12-08 05:38:37","2025-12-08 05:47:45","",""
"ESPRESSO","Tradie beard","Point of Sale","2","1x 16oz/Large; 1x 12oz/Medium","492","2025-12-08 05:39:33","2025-12-08 05:47:45","",""
"ESPRESSO","","Point of Sale","1","1x 12oz/Medium","324","2025-12-08 05:42:22","2025-12-08 05:47:46","",""
"ESPRESSO","","Point of Sale","1","1x 6oz","290","2025-12-08 05:48:28","2025-12-08 05:53:18","",""
"ESPRESSO","","Point of Sale","3","1x 6oz; 2x Pupacino","242","2025-12-08 05:49:17","2025-12-08 05:53:19","",""
"ESPRESSO","","Point of Sale","1","1x 12oz/Medium","163","2025-12-08 05:50:36","2025-12-08 05:53:19","",""
"ESPRESSO","","Point of Sale","1","1x 6oz","88","2025-12-08 05:53:21","2025-12-08 05:54:49","",""
"ESPRESSO","","Point of Sale","2","1x 12oz/Medium; 1x 4oz/Pic, Esp, Dop","131","2025-12-08 05:55:42","2025-12-08 05:57:53","",""
"ESPRESSO","","Point of Sale","1","1x 8oz/Small","110","2025-12-08 05:56:03","2025-12-08 05:57:53","",""
"ESPRESSO","","Point of Sale","3","1x 8oz/Small; 1x 12oz/Medium; 1x 8oz/Small","171","2025-12-08 05:58:52","2025-12-08 06:01:43","",""
"ESPRESSO","","Point of Sale","2","1x 12oz/Medium; 1x 6oz","203","2025-12-08 06:05:21","2025-12-08 06:08:44","",""
"ESPRESSO","","Point of Sale","2","1x 12oz/Medium; 1x 12oz/Medium","368","2025-12-08 06:05:58","2025-12-08 06:12:06","",""
"ESPRESSO","Dlpiubke magics","Point of Sale","2","2x 12oz/Medium","333","2025-12-08 06:06:33","2025-12-08 06:12:06","",""
"ESPRESSO","","Point of Sale","3","1x 12oz/Medium; 1x 12oz/Medium; 1x 500g Beans","443","2025-12-08 06:06:54","2025-12-08 06:14:17","",""
"ESPRESSO","","Point of Sale","2","1x TOASTIE; 1x 8oz/Small","480","2025-12-08 06:08:29","2025-12-08 06:16:29","",""
"ESPRESSO","Pink ","Point of Sale","1","1x 16oz/ICED MEDIUM","367","2025-12-08 06:10:24","2025-12-08 06:16:31","",""
"ESPRESSO","Balck","Point of Sale","1","1x 8oz/Small","345","2025-12-08 06:10:47","2025-12-08 06:16:32","",""
"ESPRESSO","","Point of Sale","1","1x 16oz/Large","607","2025-12-08 06:11:13","2025-12-08 06:21:20","",""
"ESPRESSO","","Point of Sale","1","1x 8oz/Small","322","2025-12-08 06:15:58","2025-12-08 06:21:20","",""
"ESPRESSO","","Point of Sale","2","1x 16oz/Large; 1x 12oz/Medium","301","2025-12-08 06:16:19","2025-12-08 06:21:20","",""
"ESPRESSO","","Point of Sale","1","1x 12oz/ICED SMALL","117","2025-12-08 06:19:28","2025-12-08 06:21:25","",""
"ESPRESSO","","Point of Sale","1","1x 12oz/Medium","304","2025-12-08 06:23:21","2025-12-08 06:28:25","",""
"ESPRESSO","","Point of Sale","2","2x 8oz/Small","221","2025-12-08 06:24:45","2025-12-08 06:28:26","",""
"ESPRESSO","","Point of Sale","1","1x 12oz/Medium","177","2025-12-08 06:26:16","2025-12-08 06:29:13","",""
"ESPRESSO","","Point of Sale","2","1x 8oz/Small; 1x Babycino","209","2025-12-08 06:26:39","2025-12-08 06:30:08","",""
"ESPRESSO","","Point of Sale","1","1x 20oz\ICED LARGE","93","2025-12-08 06:26:55","2025-12-08 06:28:28","",""
"ESPRESSO","","Point of Sale","1","1x 6oz","334","2025-12-08 06:27:55","2025-12-08 06:33:29","",""
"ESPRESSO","","Point of Sale","1","1x 12oz/ICED SMALL","154","2025-12-08 06:30:55","2025-12-08 06:33:29","",""
"ESPRESSO","","Point of Sale","1","1x 8oz/Small","127","2025-12-08 06:33:02","2025-12-08 06:35:09","",""
"ESPRESSO","","Point of Sale","1","1x 8oz/Small","105","2025-12-08 06:33:25","2025-12-08 06:35:10","",""
"ESPRESSO","Ekliee","Point of Sale","1","1x 4oz/Pic, Esp, Dop","518","2025-12-08 06:34:32","2025-12-08 06:43:10","",""
"ESPRESSO","","Point of Sale","2","1x 8oz/Small; 1x A Sweet Muffin","174","2025-12-08 06:40:16","2025-12-08 06:43:10","",""
"ESPRESSO","","Point of Sale","1","1x 8oz/Small","113","2025-12-08 06:41:18","2025-12-08 06:43:11","",""
"ESPRESSO","Milosd","Point of Sale","1","1x 16oz/ICED MEDIUM","489","2025-12-08 06:47:29","2025-12-08 06:55:38","",""
"ESPRESSO","","Point of Sale","2","1x 20oz\ICED LARGE; 1x 16oz/Large","471","2025-12-08 06:48:00","2025-12-08 06:55:51","",""
"ESPRESSO","Red hat girl","Point of Sale","2","1x 12oz/ICED SMALL; 1x 8oz/Small","477","2025-12-08 06:49:15","2025-12-08 06:57:12","",""
"ESPRESSO","","Point of Sale","4","1x 8oz/Small; 1x Babycino; 1x 16oz/Large; 1x 6oz","446","2025-12-08 06:52:21","2025-12-08 06:59:47","",""
"ESPRESSO","Blakcgyjmcwear","Point of Sale","2","2x 16oz/ICED MEDIUM","580","2025-12-08 06:52:42","2025-12-08 07:02:22","",""
"ESPRESSO","Blue keep","Point of Sale","1","1x 16oz/Large","566","2025-12-08 06:52:57","2025-12-08 07:02:23","",""
"ESPRESSO","Littlw bluew man","Point of Sale","1","1x 8oz/Small","634","2025-12-08 06:53:37","2025-12-08 07:04:11","",""
"ESPRESSO","Colour","Point of Sale","2","1x Breakfast Wrap; 1x 20oz\ICED LARGE","548","2025-12-08 06:56:39","2025-12-08 07:05:47","",""
"ESPRESSO","","Point of Sale","1","1x 12oz/Medium","498","2025-12-08 06:57:30","2025-12-08 07:05:48","",""
"ESPRESSO","","Point of Sale","1","1x 16oz/Large","386","2025-12-08 07:02:27","2025-12-08 07:08:53","",""
"ESPRESSO","","Point of Sale","1","1x 8oz/Small","339","2025-12-08 07:03:15","2025-12-08 07:08:54","",""
"ESPRESSO","","Point of Sale","2","1x 16oz/ICED MEDIUM; 1x 12oz/Medium","185","2025-12-08 07:10:37","2025-12-08 07:13:42","",""
"ESPRESSO","","Point of Sale","4","1x 12oz/ICED SMALL; 3x Pupacino","179","2025-12-08 07:11:25","2025-12-08 07:14:24","",""
"ESPRESSO","Damo","Point of Sale","2","1x 16oz/Large; 1x Babycino","245","2025-12-08 07:12:12","2025-12-08 07:16:17","",""
"ESPRESSO","","Point of Sale","1","1x 12oz/ICED SMALL","191","2025-12-08 07:13:24","2025-12-08 07:16:35","",""
"ESPRESSO","","Point of Sale","2","1x 12oz/Medium; 1x ","217","2025-12-08 07:20:03","2025-12-08 07:23:40","",""
"ESPRESSO","","Point of Sale","1","1x 4oz/Pic, Esp, Dop","201","2025-12-08 07:20:19","2025-12-08 07:23:40","",""
"ESPRESSO","","Point of Sale","1","1x 16oz/Large","247","2025-12-08 07:22:34","2025-12-08 07:26:41","",""
"ESPRESSO","Marc","Point of Sale","1","1x 12oz/Medium","258","2025-12-08 07:25:51","2025-12-08 07:30:09","",""
"ESPRESSO","","Point of Sale","2","1x 8oz/Small; 1x 16oz/Large","253","2025-12-08 07:26:13","2025-12-08 07:30:26","",""
"ESPRESSO","Grweejn and blavk","Point of Sale","1","1x 6oz","267","2025-12-08 07:28:08","2025-12-08 07:32:35","",""
"ESPRESSO","","Point of Sale","1","1x 16oz/Large","387","2025-12-08 07:28:28","2025-12-08 07:34:55","",""
"ESPRESSO","","Point of Sale","1","1x 12oz/ICED SMALL","223","2025-12-08 07:31:13","2025-12-08 07:34:56","",""
"ESPRESSO","","Point of Sale","2","1x 8oz/Small; 1x 12oz/Medium","275","2025-12-08 07:36:10","2025-12-08 07:40:45","",""
"ESPRESSO","","Point of Sale","1","1x 8oz/Small","263","2025-12-08 07:36:22","2025-12-08 07:40:45","",""
"ESPRESSO","","Point of Sale","1","1x 8oz/Small","189","2025-12-08 07:39:55","2025-12-08 07:43:04","",""
"ESPRESSO","","Point of Sale","1","1x 12oz/Medium","174","2025-12-08 07:40:10","2025-12-08 07:43:04","",""
"ESPRESSO","","Point of Sale","1","1x 16oz/Large","154","2025-12-08 07:40:31","2025-12-08 07:43:05","",""
"ESPRESSO","478399353","Square Online","2","1x 12oz/ICED SMALL; 1x 16oz/ICED MEDIUM","354","2025-12-08 07:45:40","2025-12-08 07:51:34","2025-12-08 07:45:35",""
"ESPRESSO","","Point of Sale","3","2x 6oz; 1x 16oz/ICED MEDIUM","280","2025-12-08 07:46:53","2025-12-08 07:51:33","",""
"ESPRESSO","","Point of Sale","1","1x 16oz/Large","244","2025-12-08 07:47:31","2025-12-08 07:51:35","",""
"ESPRESSO","","Point of Sale","1","1x 12oz/Medium","334","2025-12-08 07:55:52","2025-12-08 08:01:26","",""
"ESPRESSO","","Point of Sale","1","1x 16oz/ICED MEDIUM","102","2025-12-08 07:59:45","2025-12-08 08:01:27","",""
"ESPRESSO","","Point of Sale","1","1x 12oz/Medium","282","2025-12-08 08:02:27","2025-12-08 08:07:09","",""
"ESPRESSO","","Point of Sale","1","1x 20oz\ICED LARGE","223","2025-12-08 08:03:27","2025-12-08 08:07:10","",""
"ESPRESSO","Marine","Point of Sale","1","1x 12oz/Medium","306","2025-12-08 08:04:53","2025-12-08 08:09:59","",""
"ESPRESSO","","Point of Sale","1","1x 12oz/Medium","411","2025-12-08 08:05:11","2025-12-08 08:12:02","",""
"ESPRESSO","Mairnw","Point of Sale","1","1x 8oz/Small","397","2025-12-08 08:05:25","2025-12-08 08:12:02","",""
"ESPRESSO","","Point of Sale","3","1x Babycino; 1x 12oz/ICED SMALL; 1x Sweet Pastry","214","2025-12-08 08:08:29","2025-12-08 08:12:03","",""
"ESPRESSO","","Point of Sale","2","1x 8oz/Small; 1x ","28","2025-12-08 08:14:57","2025-12-08 08:15:25","",""
"ESPRESSO","","Point of Sale","1","1x 12oz/Medium","197","2025-12-08 08:16:28","2025-12-08 08:19:45","",""
"ESPRESSO","Mikwe ","Point of Sale","2","1x 12oz/Medium; 1x 12oz/Medium","174","2025-12-08 08:16:50","2025-12-08 08:19:44","",""
"ESPRESSO","Matythew","Point of Sale","1","1x 6oz","218","2025-12-08 08:23:15","2025-12-08 08:26:53","",""
"ESPRESSO","","Point of Sale","1","1x 8oz/Small","127","2025-12-08 08:24:45","2025-12-08 08:26:52","",""
"ESPRESSO","","Point of Sale","1","1x TOASTIE","494","2025-12-08 08:30:17","2025-12-08 08:38:31","",""
"ESPRESSO","","Point of Sale","2","1x 20oz\ICED LARGE; 1x Sweet Pastry","279","2025-12-08 08:33:54","2025-12-08 08:38:33","",""
"ESPRESSO","","Point of Sale","2","1x 16oz/ICED MEDIUM; 1x A Sweet Muffin","186","2025-12-08 08:37:57","2025-12-08 08:41:03","",""
"ESPRESSO","","Point of Sale","1","1x 8oz/Small","176","2025-12-08 08:38:08","2025-12-08 08:41:04","",""
"ESPRESSO","","Point of Sale","1","1x 8oz/Small","103","2025-12-08 08:43:56","2025-12-08 08:45:39","",""
"ESPRESSO","","Point of Sale","2","1x 12oz/Medium; 1x A Sweet Muffin","109","2025-12-08 08:45:46","2025-12-08 08:47:35","",""
"ESPRESSO","","Point of Sale","1","1x 8oz/Small","107","2025-12-08 08:46:22","2025-12-08 08:48:09","",""
"ESPRESSO","","Point of Sale","2","1x 12oz/ICED SMALL; 1x 8oz/Small","125","2025-12-08 08:48:55","2025-12-08 08:51:00","",""
"ESPRESSO","","Point of Sale","1","1x 8oz/Small","167","2025-12-08 08:54:42","2025-12-08 08:57:29","",""
"ESPRESSO","","Point of Sale","1","1x 12oz/Medium","304","2025-12-08 08:56:23","2025-12-08 09:01:27","",""
"ESPRESSO","","Point of Sale","2","1x 8oz/Small; 1x Pupacino","278","2025-12-08 08:56:55","2025-12-08 09:01:33","",""
"ESPRESSO","","Point of Sale","2","1x 16oz/Large; 1x Sweet Pastry","243","2025-12-08 08:58:50","2025-12-08 09:02:53","",""
"ESPRESSO","","Point of Sale","1","1x 12oz/Medium","423","2025-12-08 09:04:34","2025-12-08 09:11:37","",""
"ESPRESSO","","Point of Sale","2","2x 12oz/Medium","146","2025-12-08 09:18:00","2025-12-08 09:20:26","",""
"ESPRESSO","","Point of Sale","4","1x 16oz/ICED MEDIUM; 2x A Sweet Muffin; 1x 16oz/ICED MEDIUM","196","2025-12-08 09:22:42","2025-12-08 09:25:58","",""
"ESPRESSO","","Point of Sale","1","1x 12oz/Medium","106","2025-12-08 09:25:29","2025-12-08 09:27:15","",""
"ESPRESSO","","Point of Sale","1","1x A Cookie","28","2025-12-08 09:26:48","2025-12-08 09:27:16","",""
"ESPRESSO","","Point of Sale","1","1x 8oz/Small","184","2025-12-08 09:31:12","2025-12-08 09:34:16","",""
"ESPRESSO","","Point of Sale","1","1x 12oz/Medium","169","2025-12-08 09:31:27","2025-12-08 09:34:16","",""
"ESPRESSO","","Point of Sale","1","1x Breakfast Wrap","49","2025-12-08 09:33:28","2025-12-08 09:34:17","",""
"ESPRESSO","","Point of Sale","1","1x 8oz/Small","117","2025-12-08 09:34:59","2025-12-08 09:36:56","",""
"ESPRESSO","","Point of Sale","1","1x 12oz/Medium","100","2025-12-08 09:35:17","2025-12-08 09:36:57","",""
"ESPRESSO","","Point of Sale","3","1x 12oz/Medium; 1x 8oz/Small; 1x 12oz/Medium","303","2025-12-08 09:38:27","2025-12-08 09:43:30","",""
"ESPRESSO","","Point of Sale","2","1x Fiji Water; 1x 8oz/Small","395","2025-12-08 09:44:47","2025-12-08 09:51:22","",""
"ESPRESSO","Enfglad","Point of Sale","1","1x 12oz/ICED SMALL","352","2025-12-08 09:45:31","2025-12-08 09:51:23","",""
"ESPRESSO","","Point of Sale","1","1x 8oz/Small","175","2025-12-08 09:59:07","2025-12-08 10:02:02","",""
"ESPRESSO","","Point of Sale","1","1x 16oz/ICED MEDIUM","156","2025-12-08 09:59:26","2025-12-08 10:02:02","",""
"ESPRESSO","","Point of Sale","1","1x 12oz/ICED SMALL","128","2025-12-08 09:59:55","2025-12-08 10:02:03","",""
"ESPRESSO","Snowman","Point of Sale","3","1x 12oz/Medium; 1x 12oz/Medium; 1x 12oz/Medium","278","2025-12-08 10:00:29","2025-12-08 10:05:07","",""
"ESPRESSO","Grey","Point of Sale","1","1x 12oz/ICED SMALL","259","2025-12-08 10:01:01","2025-12-08 10:05:20","",""
"ESPRESSO","Moustache","Point of Sale","2","1x 12oz/Medium; 1x 16oz/ICED MEDIUM","484","2025-12-08 10:02:23","2025-12-08 10:10:27","",""
"ESPRESSO","","Point of Sale","1","1x 16oz/ICED MEDIUM","228","2025-12-08 10:06:41","2025-12-08 10:10:29","",""
"ESPRESSO","","Point of Sale","2","1x 12oz/ICED SMALL; 1x TOASTIE","527","2025-12-08 10:07:20","2025-12-08 10:16:07","",""
"ESPRESSO","","Point of Sale","3","1x 8oz/Small; 1x Sweet Pastry; 1x TOASTIE","499","2025-12-08 10:07:49","2025-12-08 10:16:08","",""
"ESPRESSO","","Point of Sale","1","1x 12oz/ICED SMALL","428","2025-12-08 10:08:06","2025-12-08 10:15:14","",""
"ESPRESSO","Black lady","Point of Sale","1","1x 6oz","450","2025-12-08 10:08:27","2025-12-08 10:15:57","",""
"ESPRESSO","Plus glasses of water","Point of Sale","2","1x 12oz/ICED SMALL; 1x TOASTIE","424","2025-12-08 10:09:04","2025-12-08 10:16:08","",""
"ESPRESSO","","Point of Sale","3","1x 12oz/ICED SMALL; 1x Fiji Water; 1x TOASTIE","401","2025-12-08 10:09:29","2025-12-08 10:16:10","",""
"ESPRESSO","","Point of Sale","3","1x A Savoury Muffin; 1x 16oz/ICED MEDIUM; 1x A Cookie","682","2025-12-08 10:10:11","2025-12-08 10:21:33","",""
"ESPRESSO","Wgote shirt kady","Point of Sale","3","1x Fruit Juice; 1x TOASTIE; 1x 8oz/Small","654","2025-12-08 10:10:39","2025-12-08 10:21:33","",""
"ESPRESSO","Fi z","Point of Sale","1","1x 12oz/Medium","343","2025-12-08 10:15:52","2025-12-08 10:21:35","",""
"ESPRESSO","","Point of Sale","1","1x 16oz/ICED MEDIUM","177","2025-12-08 10:33:00","2025-12-08 10:35:57","",""
"ESPRESSO","","Point of Sale","1","1x 8oz/Small","609","2025-12-08 10:35:48","2025-12-08 10:45:57","",""
"ESPRESSO","","Point of Sale","1","1x 16oz/Large","337","2025-12-09 05:25:44","2025-12-09 05:31:21","",""
"ESPRESSO","","Point of Sale","1","1x 12oz/Medium","203","2025-12-09 05:27:59","2025-12-09 05:31:22","",""
"ESPRESSO","","Point of Sale","2","1x Ham And Cheese Croissant; 1x 20oz\ICED LARGE","265","2025-12-09 05:30:14","2025-12-09 05:34:39","",""
"ESPRESSO","","Point of Sale","1","1x 4oz/Pic, Esp, Dop","242","2025-12-09 05:30:38","2025-12-09 05:34:40","",""
"ESPRESSO","","Point of Sale","1","1x 8oz/Small","208","2025-12-09 05:31:12","2025-12-09 05:34:40","",""
"ESPRESSO","","Point of Sale","1","1x 12oz/Medium","215","2025-12-09 05:31:56","2025-12-09 05:35:31","",""
"ESPRESSO","","Point of Sale","3","3x 6oz","504","2025-12-09 05:35:24","2025-12-09 05:43:48","",""
"ESPRESSO","Chestee","Point of Sale","3","2x Pupacino; 1x 6oz","490","2025-12-09 05:39:35","2025-12-09 05:47:45","",""
"ESPRESSO","Whkite tshirt","Point of Sale","2","2x 16oz/Large","499","2025-12-09 05:39:52","2025-12-09 05:48:11","",""
"ESPRESSO","","Point of Sale","2","1x 16oz/Large; 1x 16oz/Large","249","2025-12-09 05:51:25","2025-12-09 05:55:34","",""
"ESPRESSO","1074776404","Square Online","1","1x 12oz/Medium","335","2025-12-09 05:51:53","2025-12-09 05:57:28","2025-12-09 05:51:49",""
"ESPRESSO","","Point of Sale","3","1x 20oz\ICED LARGE; 1x 20oz\ICED LARGE; 1x Ham And Cheese Croissant","416","2025-12-09 05:51:58","2025-12-09 05:58:54","",""
"ESPRESSO","","Point of Sale","2","1x 8oz/Small; 1x 8oz/Small","409","2025-12-09 05:56:44","2025-12-09 06:03:33","",""
"ESPRESSO","Glen other","Point of Sale","1","1x 4oz/Pic, Esp, Dop","324","2025-12-09 05:59:55","2025-12-09 06:05:19","",""
"ESPRESSO","Bezrd","Point of Sale","1","1x 16oz/ICED MEDIUM","607","2025-12-09 06:00:26","2025-12-09 06:10:33","",""
"ESPRESSO","","Point of Sale","3","1x 12oz/Medium; 1x 12oz/Medium; 1x 12oz/Medium","526","2025-12-09 06:04:29","2025-12-09 06:13:15","",""
"ESPRESSO","","Point of Sale","1","1x 12oz/Medium","682","2025-12-09 06:05:14","2025-12-09 06:16:36","",""
"ESPRESSO","Mitch","Point of Sale","1","1x 16oz/ICED MEDIUM","657","2025-12-09 06:05:39","2025-12-09 06:16:36","",""
"ESPRESSO","Judy","Point of Sale","4","1x 12oz/ICED SMALL; 3x Pupacino","612","2025-12-09 06:12:04","2025-12-09 06:22:16","",""
"ESPRESSO","Marsh daughter","Point of Sale","2","1x 12oz/ICED SMALL; 1x 16oz/ICED MEDIUM","590","2025-12-09 06:12:28","2025-12-09 06:22:18","",""
"ESPRESSO","","Point of Sale","1","1x 16oz/Large","604","2025-12-09 06:19:29","2025-12-09 06:29:33","",""
"ESPRESSO","","Point of Sale","1","1x 4oz/Pic, Esp, Dop","521","2025-12-09 06:22:06","2025-12-09 06:30:47","",""
"ESPRESSO","Blzck polo","Point of Sale","1","1x 12oz/Medium","609","2025-12-09 06:24:36","2025-12-09 06:34:45","",""
"ESPRESSO","Toby","Point of Sale","1","1x 12oz/ICED SMALL","688","2025-12-09 06:26:03","2025-12-09 06:37:31","",""
"ESPRESSO","Rach","Point of Sale","1","1x 16oz/ICED MEDIUM","809","2025-12-09 06:26:38","2025-12-09 06:40:07","",""
"ESPRESSO","","Point of Sale","2","1x 12oz/Medium; 1x 12oz/Medium","534","2025-12-09 06:31:15","2025-12-09 06:40:09","",""
"ESPRESSO","Kelly","Point of Sale","1","1x 12oz/Medium","390","2025-12-09 06:39:29","2025-12-09 06:45:59","",""
"ESPRESSO","","Point of Sale","1","1x 8oz/Small","214","2025-12-09 06:43:49","2025-12-09 06:47:23","",""
"ESPRESSO","","Point of Sale","1","1x 16oz/ICED MEDIUM","108","2025-12-09 06:45:35","2025-12-09 06:47:23","",""
"ESPRESSO","","Point of Sale","1","1x 8oz/Small","192","2025-12-09 06:54:12","2025-12-09 06:57:24","",""
"ESPRESSO","","Point of Sale","1","1x 16oz/Large","149","2025-12-09 06:54:55","2025-12-09 06:57:24","",""
"ESPRESSO","","Point of Sale","2","2x 12oz/Medium","421","2025-12-09 06:56:08","2025-12-09 07:03:09","",""
"ESPRESSO","","Point of Sale","2","1x 12oz/ICED SMALL; 1x A Sweet Muffin","397","2025-12-09 06:56:32","2025-12-09 07:03:09","",""
"ESPRESSO","","Point of Sale","1","1x 12oz/ICED SMALL","385","2025-12-09 06:56:45","2025-12-09 07:03:10","",""
"ESPRESSO","","Point of Sale","3","1x 6oz; 1x Babycino; 1x 8oz/Small","236","2025-12-09 06:59:15","2025-12-09 07:03:11","",""
"ESPRESSO","","Point of Sale","3","1x 12oz/ICED SMALL; 1x Pupacino; 1x 12oz/Medium","195","2025-12-09 07:06:07","2025-12-09 07:09:22","",""
"ESPRESSO","","Point of Sale","1","1x 16oz/Large","299","2025-12-09 07:14:38","2025-12-09 07:19:37","",""
"ESPRESSO","","Point of Sale","2","1x 16oz/Large; 1x Babycino","221","2025-12-09 07:15:57","2025-12-09 07:19:38","",""
"ESPRESSO","","Point of Sale","1","1x 12oz/Medium","250","2025-12-09 07:16:33","2025-12-09 07:20:43","",""
"ESPRESSO","","Point of Sale","1","1x 16oz/Large","244","2025-12-09 07:18:06","2025-12-09 07:22:10","",""
"ESPRESSO","","Point of Sale","1","1x 16oz/Large","123","2025-12-09 07:20:09","2025-12-09 07:22:12","",""
"ESPRESSO","","Point of Sale","2","1x 16oz/Large; 1x 8oz/Small","357","2025-12-09 07:24:59","2025-12-09 07:30:56","",""
"ESPRESSO","","Point of Sale","2","1x 8oz/Small; 1x 8oz/Small","297","2025-12-09 07:36:10","2025-12-09 07:41:07","",""
"ESPRESSO","","Point of Sale","1","1x 16oz/Large","206","2025-12-09 07:37:41","2025-12-09 07:41:07","",""
"ESPRESSO","","Point of Sale","1","1x 12oz/Medium","192","2025-12-09 07:37:55","2025-12-09 07:41:07","",""
"ESPRESSO","","Point of Sale","1","1x 4oz/Pic, Esp, Dop","158","2025-12-09 07:38:30","2025-12-09 07:41:08","",""
"ESPRESSO","785801324","Square Online","2","1x 16oz/ICED MEDIUM; 1x 12oz/ICED SMALL","130","2025-12-09 07:47:05","2025-12-09 07:49:15","2025-12-09 07:47:01",""
"ESPRESSO","","Point of Sale","2","1x Sweet Pastry; 1x 16oz/ICED MEDIUM","103","2025-12-09 07:55:46","2025-12-09 07:57:29","",""
"ESPRESSO","","Point of Sale","3","1x 12oz/Medium; 2x 12oz/Medium","216","2025-12-09 07:57:01","2025-12-09 08:00:37","",""
"ESPRESSO","","Point of Sale","1","1x 12oz/Medium","274","2025-12-09 08:02:41","2025-12-09 08:07:15","",""
"ESPRESSO","","Point of Sale","1","1x 12oz/ICED SMALL","437","2025-12-09 08:13:42","2025-12-09 08:20:59","",""
"ESPRESSO","","Point of Sale","1","1x 12oz/ICED SMALL","408","2025-12-09 08:14:11","2025-12-09 08:20:59","",""
"ESPRESSO","","Point of Sale","1","1x 12oz/Medium","389","2025-12-09 08:17:47","2025-12-09 08:24:16","",""
"ESPRESSO","LUC","Point of Sale","1","1x 6oz","371","2025-12-09 08:18:06","2025-12-09 08:24:17","",""
"ESPRESSO","","Point of Sale","1","1x 12oz/ICED SMALL","74","2025-12-09 08:23:05","2025-12-09 08:24:19","",""
"ESPRESSO","","Point of Sale","1","1x 12oz/Medium","157","2025-12-09 08:39:36","2025-12-09 08:42:13","",""
"ESPRESSO","","Point of Sale","1","1x 12oz/ICED SMALL","444","2025-12-09 08:42:02","2025-12-09 08:49:26","",""
"ESPRESSO","","Point of Sale","2","1x Sweet Pastry; 1x 12oz/Medium","333","2025-12-09 08:43:53","2025-12-09 08:49:26","",""
"ESPRESSO","","Point of Sale","1","1x 6oz","361","2025-12-09 08:49:12","2025-12-09 08:55:13","",""
"ESPRESSO","","Point of Sale","1","1x 16oz/ICED MEDIUM","277","2025-12-09 08:50:37","2025-12-09 08:55:14","",""
"ESPRESSO","","Point of Sale","1","1x 12oz/Medium","145","2025-12-09 08:52:50","2025-12-09 08:55:15","",""
"ESPRESSO","","Point of Sale","2","1x 12oz/ICED SMALL; 1x A Savoury Muffin","313","2025-12-09 09:03:25","2025-12-09 09:08:38","",""
"ESPRESSO","","Point of Sale","2","1x 12oz/Medium; 1x Pupacino","247","2025-12-09 09:04:31","2025-12-09 09:08:38","",""
"ESPRESSO","","Point of Sale","1","1x 12oz/Medium","214","2025-12-09 09:05:05","2025-12-09 09:08:39","",""
"ESPRESSO","","Point of Sale","1","1x 12oz/ICED SMALL","194","2025-12-09 09:05:25","2025-12-09 09:08:39","",""
"ESPRESSO","","Point of Sale","1","1x Fiji Water","50","2025-12-09 09:08:35","2025-12-09 09:09:25","",""
"ESPRESSO","","Point of Sale","4","1x 16oz/ICED MEDIUM; 1x Ham And Cheese Croissant; 1x 6oz; 1x 8oz/Small","395","2025-12-09 09:09:48","2025-12-09 09:16:23","",""
"ESPRESSO","","Point of Sale","2","1x 8oz/Small; 1x TOASTIE","363","2025-12-09 09:10:20","2025-12-09 09:16:23","",""
"ESPRESSO","","Point of Sale","1","1x 12oz/Medium","314","2025-12-09 09:24:38","2025-12-09 09:29:52","",""
"ESPRESSO","","Point of Sale","1","1x 12oz/Medium","300","2025-12-09 09:24:52","2025-12-09 09:29:52","",""
"ESPRESSO","","Point of Sale","1","1x 12oz/Medium","287","2025-12-09 09:25:07","2025-12-09 09:29:54","",""
"ESPRESSO","","Point of Sale","2","1x 16oz/ICED MEDIUM; 1x Breakfast Wrap","250","2025-12-09 09:25:43","2025-12-09 09:29:53","",""
"ESPRESSO","","Point of Sale","1","1x Fruit Juice","11","2025-12-09 09:30:49","2025-12-09 09:31:00","",""
"ESPRESSO","","Point of Sale","1","1x Kombucha","81","2025-12-09 09:31:34","2025-12-09 09:32:55","",""
"ESPRESSO","","Point of Sale","1","1x 12oz/ICED SMALL","199","2025-12-09 09:31:52","2025-12-09 09:35:11","",""
"ESPRESSO","","Point of Sale","1","1x 12oz/ICED SMALL","165","2025-12-09 09:32:26","2025-12-09 09:35:11","",""
"ESPRESSO","","Point of Sale","1","1x 12oz/ICED SMALL","146","2025-12-09 09:32:46","2025-12-09 09:35:12","",""
"ESPRESSO","","Point of Sale","1","1x ","362","2025-12-09 09:37:53","2025-12-09 09:43:55","",""
"ESPRESSO","","Point of Sale","2","1x Fruit Juice; 1x 8oz/Small","293","2025-12-09 09:39:02","2025-12-09 09:43:55","",""
"ESPRESSO","","Point of Sale","1","1x 16oz/Large","105","2025-12-09 09:44:04","2025-12-09 09:45:49","",""
"ESPRESSO","","Point of Sale","3","1x Babycino; 1x 12oz/ICED SMALL; 1x 4oz/Pic, Esp, Dop","184","2025-12-09 09:55:29","2025-12-09 09:58:33","",""
"ESPRESSO","","Point of Sale","1","1x 16oz/Large","92","2025-12-09 09:57:02","2025-12-09 09:58:34","",""
"ESPRESSO","","Point of Sale","1","1x 8oz/Small","74","2025-12-09 09:58:35","2025-12-09 09:59:49","",""
"ESPRESSO","","Point of Sale","2","1x A Sweet Muffin; 1x 12oz/ICED SMALL","67","2025-12-09 09:58:49","2025-12-09 09:59:56","",""
"ESPRESSO","","Point of Sale","1","1x 8oz/Small","126","2025-12-09 10:47:19","2025-12-09 10:49:25","",""
"ESPRESSO","","Point of Sale","1","1x 8oz/Small","448","2025-12-09 11:55:08","2025-12-09 12:02:36","",""
"ESPRESSO","","Point of Sale","1","1x 4oz/Pic, Esp, Dop","133","2025-12-09 12:00:23","2025-12-09 12:02:36","",""
"ESPRESSO","","Point of Sale","1","1x 8oz/Small","159","2025-12-09 12:33:04","2025-12-09 12:35:43","",""
"ESPRESSO","","Point of Sale","1","1x 16oz/Large","95","2025-12-09 12:48:16","2025-12-09 12:49:51","",""
"ESPRESSO","","Point of Sale","1","1x 12oz/Medium","761","2025-12-09 12:52:07","2025-12-09 13:04:48","",""
"ESPRESSO","","Point of Sale","1","1x 12oz/Medium","1038","2025-12-10 04:53:55","2025-12-10 05:11:13","",""
"ESPRESSO","","Point of Sale","1","1x 8oz/Small","942","2025-12-10 04:55:31","2025-12-10 05:11:13","",""
"ESPRESSO","","Point of Sale","1","1x 12oz/Medium","923","2025-12-10 04:55:51","2025-12-10 05:11:14","",""
"ESPRESSO","","Point of Sale","2","1x 20oz\ICED LARGE; 1x Ham And Cheese Croissant","422","2025-12-10 05:04:12","2025-12-10 05:11:14","",""
"ESPRESSO","","Point of Sale","2","1x A Sweet Muffin; 1x 16oz/Large","381","2025-12-10 05:04:54","2025-12-10 05:11:15","",""
"ESPRESSO","","Point of Sale","1","1x 16oz/Large","638","2025-12-10 05:05:38","2025-12-10 05:16:16","",""
"ESPRESSO","","Point of Sale","1","1x 12oz/Medium","565","2025-12-10 05:06:51","2025-12-10 05:16:16","",""
"ESPRESSO","","Point of Sale","1","1x 12oz/Medium","471","2025-12-10 05:08:26","2025-12-10 05:16:17","",""
"ESPRESSO","","Point of Sale","1","1x 4oz/Pic, Esp, Dop","419","2025-12-10 05:09:19","2025-12-10 05:16:18","",""
"ESPRESSO","","Point of Sale","2","1x 12oz/Medium; 1x 6oz","322","2025-12-10 05:26:23","2025-12-10 05:31:45","",""
"ESPRESSO","","Point of Sale","1","1x 12oz/Medium","311","2025-12-10 05:32:19","2025-12-10 05:37:30","",""
"ESPRESSO","","Point of Sale","3","1x 6oz; 1x 6oz; 1x ","371","2025-12-10 05:33:46","2025-12-10 05:39:57","",""
"ESPRESSO","","Point of Sale","2","2x 12oz/Medium","426","2025-12-10 05:35:10","2025-12-10 05:42:16","",""
"ESPRESSO","","Point of Sale","1","1x 12oz/Medium","381","2025-12-10 05:36:20","2025-12-10 05:42:41","",""
"ESPRESSO","","Point of Sale","1","1x 8oz/Small","607","2025-12-10 05:39:19","2025-12-10 05:49:26","",""
"ESPRESSO","","Point of Sale","1","1x 12oz/Medium","453","2025-12-10 05:41:54","2025-12-10 05:49:27","",""
"ESPRESSO","","Point of Sale","4","3x Pupacino; 1x 12oz/ICED SMALL","366","2025-12-10 05:43:19","2025-12-10 05:49:25","",""
"ESPRESSO","","Point of Sale","3","1x Sweet Pastry; 1x 16oz/ICED MEDIUM; 1x 16oz/ICED MEDIUM","269","2025-12-10 05:44:57","2025-12-10 05:49:26","",""
"ESPRESSO","","Point of Sale","1","1x 16oz/Large","241","2025-12-10 05:46:57","2025-12-10 05:50:58","",""
"ESPRESSO","","Point of Sale","1","1x 12oz/ICED SMALL","320","2025-12-10 05:58:10","2025-12-10 06:03:30","",""
"ESPRESSO","","Point of Sale","1","1x 16oz/ICED MEDIUM","309","2025-12-10 05:58:22","2025-12-10 06:03:31","",""
"ESPRESSO","","Point of Sale","1","1x 8oz/Small","290","2025-12-10 05:58:42","2025-12-10 06:03:32","",""
"ESPRESSO","","Point of Sale","1","1x 6oz","273","2025-12-10 05:58:59","2025-12-10 06:03:32","",""
"ESPRESSO","","Point of Sale","2","1x 12oz/Medium; 1x Ham And Cheese Croissant","314","2025-12-10 06:21:53","2025-12-10 06:27:07","",""
"ESPRESSO","Karen","Point of Sale","1","1x 12oz/Medium","433","2025-12-10 06:22:13","2025-12-10 06:29:26","",""
"ESPRESSO","","Point of Sale","1","1x 12oz/Medium","403","2025-12-10 06:22:44","2025-12-10 06:29:27","",""
"ESPRESSO","","Point of Sale","2","2x 16oz/Large","383","2025-12-10 06:23:59","2025-12-10 06:30:22","",""
"ESPRESSO","","Point of Sale","1","1x 8oz/Small","285","2025-12-10 06:25:38","2025-12-10 06:30:23","",""
"ESPRESSO","Rosie","Point of Sale","1","1x 6oz","344","2025-12-10 06:26:45","2025-12-10 06:32:29","",""
"ESPRESSO","","Point of Sale","1","1x 12oz/Medium","471","2025-12-10 06:27:56","2025-12-10 06:35:47","",""
"ESPRESSO","","Point of Sale","1","1x 16oz/Large","456","2025-12-10 06:28:10","2025-12-10 06:35:46","",""
"ESPRESSO","Mel","Point of Sale","1","1x 12oz/ICED SMALL","437","2025-12-10 06:28:28","2025-12-10 06:35:45","",""
"ESPRESSO","","Point of Sale","1","1x 8oz/Small","388","2025-12-10 06:29:20","2025-12-10 06:35:48","",""
"ESPRESSO","","Point of Sale","1","1x 16oz/Large","412","2025-12-10 06:38:20","2025-12-10 06:45:12","",""
"ESPRESSO","Michelle","Point of Sale","1","1x 8oz/Small","462","2025-12-10 06:39:49","2025-12-10 06:47:31","",""
"ESPRESSO","","Point of Sale","2","1x 12oz/ICED SMALL; 1x 16oz/ICED MEDIUM","505","2025-12-10 06:43:10","2025-12-10 06:51:35","",""
"ESPRESSO","","Point of Sale","1","1x 16oz/ICED MEDIUM","458","2025-12-10 06:43:57","2025-12-10 06:51:35","",""
"ESPRESSO","","Point of Sale","1","1x 8oz/Small","441","2025-12-10 06:44:15","2025-12-10 06:51:36","",""
"ESPRESSO","","Point of Sale","1","1x 8oz/Small","483","2025-12-10 06:49:02","2025-12-10 06:57:05","",""
"ESPRESSO","","Point of Sale","2","1x 12oz/Medium; 1x 12oz/Medium","520","2025-12-10 06:49:36","2025-12-10 06:58:16","",""
"ESPRESSO","","Point of Sale","1","1x 20oz\ICED LARGE","472","2025-12-10 06:50:26","2025-12-10 06:58:18","",""
"ESPRESSO","","Point of Sale","1","1x Ham And Cheese Croissant","336","2025-12-10 06:51:34","2025-12-10 06:57:10","",""
"ESPRESSO","","Point of Sale","4","1x Babycino; 3x 6oz","635","2025-12-10 06:52:11","2025-12-10 07:02:46","",""
"ESPRESSO","","Point of Sale","1","1x 8oz/Small","437","2025-12-10 06:55:31","2025-12-10 07:02:48","",""
"ESPRESSO","","Point of Sale","2","2x 12oz/ICED SMALL","726","2025-12-10 06:56:27","2025-12-10 07:08:33","",""
"ESPRESSO","","Point of Sale","2","1x 12oz/Medium; 1x Breakfast Wrap","396","2025-12-10 07:01:59","2025-12-10 07:08:35","",""
"ESPRESSO","","Point of Sale","1","1x 12oz/Medium","328","2025-12-10 07:09:56","2025-12-10 07:15:24","",""
"ESPRESSO","","Point of Sale","1","1x 8oz/Small","170","2025-12-10 07:12:34","2025-12-10 07:15:24","",""
"ESPRESSO","","Point of Sale","2","1x A Sweet Muffin; 1x 12oz/Medium","366","2025-12-10 07:14:06","2025-12-10 07:20:12","",""
"ESPRESSO","","Point of Sale","2","1x 16oz/Large; 1x 12oz/ICED SMALL","335","2025-12-10 07:14:37","2025-12-10 07:20:12","",""
"ESPRESSO","","Point of Sale","1","1x 8oz/Small","298","2025-12-10 07:15:15","2025-12-10 07:20:13","",""
"ESPRESSO","","Point of Sale","1","1x 16oz/Large","246","2025-12-10 07:23:19","2025-12-10 07:27:25","",""
"ESPRESSO","","Point of Sale","1","1x 6oz","142","2025-12-10 07:25:04","2025-12-10 07:27:26","",""
"ESPRESSO","","Point of Sale","1","1x 12oz/Medium","411","2025-12-10 07:28:07","2025-12-10 07:34:58","",""
"ESPRESSO","","Point of Sale","2","1x Babycino; 1x 16oz/Large","278","2025-12-10 07:30:21","2025-12-10 07:34:59","",""
"ESPRESSO","","Point of Sale","1","1x 4oz/Pic, Esp, Dop","263","2025-12-10 07:30:38","2025-12-10 07:35:01","",""
"ESPRESSO","","Point of Sale","2","1x 8oz/Small; 1x 12oz/Medium","571","2025-12-10 07:31:10","2025-12-10 07:40:41","",""
"ESPRESSO","","Point of Sale","2","1x 16oz/ICED MEDIUM; 1x 4oz/Pic, Esp, Dop","94","2025-12-10 07:39:09","2025-12-10 07:40:43","",""
"ESPRESSO","","Point of Sale","1","1x 12oz/Medium","366","2025-12-10 07:41:39","2025-12-10 07:47:45","",""
"ESPRESSO","","Point of Sale","2","1x Babycino; 1x 16oz/ICED MEDIUM","304","2025-12-10 07:42:41","2025-12-10 07:47:45","",""
"ESPRESSO","","Point of Sale","1","1x Sweet Pastry","213","2025-12-10 07:44:13","2025-12-10 07:47:46","",""
"ESPRESSO","","Point of Sale","1","1x 16oz/Large","276","2025-12-10 07:44:53","2025-12-10 07:49:29","",""
"ESPRESSO","","Point of Sale","1","1x 16oz/ICED MEDIUM","263","2025-12-10 07:46:11","2025-12-10 07:50:34","",""
"ESPRESSO","","Point of Sale","1","1x 12oz/Medium","250","2025-12-10 07:46:24","2025-12-10 07:50:34","",""
"ESPRESSO","","Point of Sale","1","1x 16oz/Large","240","2025-12-10 07:47:28","2025-12-10 07:51:28","",""
"ESPRESSO","","Point of Sale","1","1x 12oz/Medium","96","2025-12-10 07:49:52","2025-12-10 07:51:28","",""
"ESPRESSO","","Point of Sale","1","1x 8oz/Small","448","2025-12-10 07:52:58","2025-12-10 08:00:26","",""
"ESPRESSO","","Point of Sale","1","1x 16oz/Large","419","2025-12-10 07:53:29","2025-12-10 08:00:28","",""
"ESPRESSO","","Point of Sale","2","1x Pupacino; 1x 12oz/ICED SMALL","315","2025-12-10 07:55:15","2025-12-10 08:00:30","",""
"ESPRESSO","","Point of Sale","3","1x Babycino; 2x 16oz/ICED MEDIUM","413","2025-12-10 07:57:38","2025-12-10 08:04:31","",""
"ESPRESSO","","Point of Sale","2","1x 12oz/Medium; 1x 12oz/Medium","333","2025-12-10 07:58:59","2025-12-10 08:04:32","",""
"ESPRESSO","","Point of Sale","2","1x 12oz/Medium; 1x 12oz/ICED SMALL","453","2025-12-10 08:03:25","2025-12-10 08:10:58","",""
"ESPRESSO","","Point of Sale","1","1x 20oz\ICED LARGE","439","2025-12-10 08:03:39","2025-12-10 08:10:58","",""
"ESPRESSO","","Point of Sale","1","1x 16oz/Large","345","2025-12-10 08:05:13","2025-12-10 08:10:58","",""
"ESPRESSO","","Point of Sale","1","1x 12oz/Medium","396","2025-12-10 08:05:41","2025-12-10 08:12:17","",""
"ESPRESSO","","Point of Sale","1","1x 16oz/Large","524","2025-12-10 08:09:15","2025-12-10 08:17:59","",""
"ESPRESSO","","Point of Sale","1","1x 12oz/Medium","216","2025-12-10 08:14:23","2025-12-10 08:17:59","",""
"ESPRESSO","MATT","Point of Sale","1","1x 8oz/Small","536","2025-12-10 08:23:27","2025-12-10 08:32:23","",""
"ESPRESSO","Yellow and black","Point of Sale","2","2x 12oz/Medium","608","2025-12-10 08:25:02","2025-12-10 08:35:10","",""
"ESPRESSO","Ryderwear top","Point of Sale","1","1x 8oz/Small","546","2025-12-10 08:26:04","2025-12-10 08:35:10","",""
"ESPRESSO","Orange sdress","Point of Sale","1","1x 16oz/ICED MEDIUM","529","2025-12-10 08:26:21","2025-12-10 08:35:10","",""
"ESPRESSO","","Point of Sale","2","1x 12oz/Medium; 1x 16oz/Large","715","2025-12-10 08:39:49","2025-12-10 08:51:44","",""
"ESPRESSO","","Point of Sale","1","1x 12oz/ICED SMALL","271","2025-12-10 08:47:13","2025-12-10 08:51:44","",""
"ESPRESSO","","Point of Sale","1","1x 12oz/Medium","284","2025-12-10 08:51:24","2025-12-10 08:56:08","",""
"ESPRESSO","","Point of Sale","1","1x 6oz","325","2025-12-10 09:02:14","2025-12-10 09:07:39","",""
"ESPRESSO","","Point of Sale","1","1x 12oz/Medium","305","2025-12-10 09:02:35","2025-12-10 09:07:40","",""
"ESPRESSO","","Point of Sale","1","1x 16oz/ICED MEDIUM","289","2025-12-10 09:02:52","2025-12-10 09:07:41","",""
"ESPRESSO","","Point of Sale","1","1x 20oz\ICED LARGE","273","2025-12-10 09:03:08","2025-12-10 09:07:41","",""
"ESPRESSO","","Point of Sale","1","1x Famous Soda","508","2025-12-10 09:04:37","2025-12-10 09:13:05","",""
"ESPRESSO","","Point of Sale","3","1x 16oz/ICED MEDIUM; 1x TOASTIE; 1x 16oz/Large","574","2025-12-10 09:06:10","2025-12-10 09:15:44","",""
"ESPRESSO","","Point of Sale","2","1x Ham And Cheese Croissant; 1x 12oz/ICED SMALL","545","2025-12-10 09:06:40","2025-12-10 09:15:45","",""
"ESPRESSO","Jess","Point of Sale","1","1x 12oz/ICED SMALL","399","2025-12-10 09:13:46","2025-12-10 09:20:25","",""
"ESPRESSO","LUC","Point of Sale","1","1x 6oz","434","2025-12-10 09:16:49","2025-12-10 09:24:03","",""
"ESPRESSO","","Point of Sale","1","1x 8oz/Small","417","2025-12-10 09:17:05","2025-12-10 09:24:02","",""
"ESPRESSO","","Point of Sale","1","1x 12oz/ICED SMALL","545","2025-12-10 09:17:26","2025-12-10 09:26:31","",""
"ESPRESSO","","Point of Sale","1","1x Plain Croissant","356","2025-12-10 09:43:22","2025-12-10 09:49:18","",""
"ESPRESSO","","Point of Sale","1","1x 16oz/ICED MEDIUM","365","2025-12-10 09:43:48","2025-12-10 09:49:53","",""
"ESPRESSO","","Point of Sale","2","1x A Sweet Muffin; 1x 16oz/ICED MEDIUM","247","2025-12-10 09:45:46","2025-12-10 09:49:53","",""
"ESPRESSO","","Point of Sale","1","1x 8oz/Small","644","2025-12-10 09:49:17","2025-12-10 10:00:01","",""
"ESPRESSO","","Point of Sale","2","1x 12oz/Medium; 1x 8oz/Small","617","2025-12-10 09:49:46","2025-12-10 10:00:03","",""
"ESPRESSO","","Point of Sale","1","1x 20oz\ICED LARGE","372","2025-12-10 09:53:52","2025-12-10 10:00:04","",""
"ESPRESSO","","Point of Sale","1","1x 16oz/ICED MEDIUM","202","2025-12-10 10:02:10","2025-12-10 10:05:32","",""
"ESPRESSO","","Point of Sale","2","1x 8oz/Small; 1x 8oz/Small","189","2025-12-10 10:06:12","2025-12-10 10:09:21","",""
"ESPRESSO","James","Point of Sale","2","1x 12oz/Medium; 1x 16oz/Large","515","2025-12-11 05:41:00","2025-12-11 05:49:35","",""
"ESPRESSO","Ryan","Point of Sale","1","1x 20oz\ICED LARGE","458","2025-12-11 05:41:52","2025-12-11 05:49:30","",""
"ESPRESSO","","Point of Sale","5","1x 12oz/ICED SMALL; 1x ; 3x Pupacino","369","2025-12-11 05:45:09","2025-12-11 05:51:18","",""
"ESPRESSO","Nwthan","Point of Sale","3","3x 6oz","265","2025-12-11 05:47:50","2025-12-11 05:52:15","",""
"ESPRESSO","Dylan","Point of Sale","1","1x 8oz/Small","846","2025-12-11 05:48:24","2025-12-11 06:02:30","",""
"ESPRESSO","Christian","Point of Sale","2","1x 4oz/Pic, Esp, Dop; 1x 500g Beans","408","2025-12-11 05:59:27","2025-12-11 06:06:15","",""
"ESPRESSO","Karen","Point of Sale","1","1x 12oz/Medium","373","2025-12-11 06:00:02","2025-12-11 06:06:15","",""
"ESPRESSO","Mel","Point of Sale","1","1x 12oz/ICED SMALL","423","2025-12-11 06:00:26","2025-12-11 06:07:29","",""
"ESPRESSO","Roz","Point of Sale","1","1x 12oz/ICED SMALL","438","2025-12-11 06:01:53","2025-12-11 06:09:11","",""
"ESPRESSO","Alex","Point of Sale","1","1x 16oz/ICED MEDIUM","418","2025-12-11 06:02:12","2025-12-11 06:09:10","",""
"ESPRESSO","Shannon","Point of Sale","1","1x 12oz/Medium","636","2025-12-11 06:02:30","2025-12-11 06:13:06","",""
"ESPRESSO","Mike","Point of Sale","1","1x 12oz/Medium","472","2025-12-11 06:05:14","2025-12-11 06:13:06","",""
"ESPRESSO","","Point of Sale","2","1x 16oz/Large; 1x 16oz/Large","455","2025-12-11 06:15:13","2025-12-11 06:22:48","",""
"ESPRESSO","Me","Point of Sale","1","1x Sweet Pastry","362","2025-12-11 06:16:46","2025-12-11 06:22:48","",""
"ESPRESSO","","Point of Sale","1","1x 8oz/Small","511","2025-12-11 06:29:21","2025-12-11 06:37:52","",""
"ESPRESSO","","Point of Sale","1","1x 20oz\ICED LARGE","481","2025-12-11 06:29:50","2025-12-11 06:37:51","",""
"ESPRESSO","","Point of Sale","2","1x TOASTIE; 1x 8oz/Small","231","2025-12-11 06:33:59","2025-12-11 06:37:50","",""
"ESPRESSO","","Point of Sale","1","1x 12oz/Medium","113","2025-12-11 06:35:59","2025-12-11 06:37:52","",""
"ESPRESSO","","Point of Sale","1","1x 16oz/Large","395","2025-12-11 06:39:02","2025-12-11 06:45:37","",""
"ESPRESSO","","Point of Sale","1","1x 16oz/ICED MEDIUM","243","2025-12-11 06:41:33","2025-12-11 06:45:36","",""
"ESPRESSO","","Point of Sale","1","1x 12oz/ICED SMALL","186","2025-12-11 06:43:29","2025-12-11 06:46:35","",""
"ESPRESSO","","Point of Sale","1","1x 12oz/Medium","164","2025-12-11 06:43:51","2025-12-11 06:46:35","",""
"ESPRESSO","","Point of Sale","2","1x 12oz/Medium; 1x 12oz/Medium","376","2025-12-11 06:47:05","2025-12-11 06:53:21","",""
"ESPRESSO","","Point of Sale","4","1x 16oz/ICED MEDIUM; 1x 16oz/ICED MEDIUM; 1x Fruit Juice; 1x TOASTIE","356","2025-12-11 06:54:54","2025-12-11 07:00:50","",""
"ESPRESSO","","Point of Sale","1","1x ","300","2025-12-11 06:55:51","2025-12-11 07:00:51","",""
"ESPRESSO","","Point of Sale","2","1x 4oz/Pic, Esp, Dop; 1x 12oz/ICED SMALL","458","2025-12-11 06:56:17","2025-12-11 07:03:55","",""
"ESPRESSO","","Point of Sale","1","1x 16oz/ICED MEDIUM","586","2025-12-11 06:57:26","2025-12-11 07:07:12","",""
"ESPRESSO","","Point of Sale","1","1x 12oz/Medium","600","2025-12-11 06:57:40","2025-12-11 07:07:40","",""
"ESPRESSO","","Point of Sale","1","1x 16oz/ICED MEDIUM","624","2025-12-11 06:58:02","2025-12-11 07:08:26","",""
"ESPRESSO","","Point of Sale","1","1x 4oz/Pic, Esp, Dop","609","2025-12-11 06:58:18","2025-12-11 07:08:27","",""
"ESPRESSO","","Point of Sale","2","1x 12oz/Medium; 1x 12oz/ICED SMALL","867","2025-12-11 06:59:03","2025-12-11 07:13:30","",""
"ESPRESSO","","Point of Sale","1","1x 12oz/Medium","700","2025-12-11 07:01:50","2025-12-11 07:13:30","",""
"ESPRESSO","","Point of Sale","1","1x 8oz/Small","456","2025-12-11 07:05:56","2025-12-11 07:13:32","",""
"ESPRESSO","","Point of Sale","2","1x Pupacino; 1x 12oz/ICED SMALL","344","2025-12-11 07:13:41","2025-12-11 07:19:25","",""
"ESPRESSO","","Point of Sale","1","1x 12oz/Medium","203","2025-12-11 07:16:01","2025-12-11 07:19:24","",""
"ESPRESSO","","Point of Sale","1","1x 6oz","109","2025-12-11 07:17:37","2025-12-11 07:19:26","",""
"ESPRESSO","","Point of Sale","1","1x 16oz/Large","91","2025-12-11 07:17:55","2025-12-11 07:19:26","",""
"ESPRESSO","","Point of Sale","1","1x 4oz/Pic, Esp, Dop","152","2025-12-11 07:20:02","2025-12-11 07:22:34","",""
"ESPRESSO","","Point of Sale","1","1x 12oz/Medium","137","2025-12-11 07:20:16","2025-12-11 07:22:33","",""
"ESPRESSO","","Point of Sale","2","1x TOASTIE; 1x 20oz\ICED LARGE","390","2025-12-11 07:23:19","2025-12-11 07:29:49","",""
"ESPRESSO","","Point of Sale","1","1x 20oz\ICED LARGE","257","2025-12-11 07:25:33","2025-12-11 07:29:50","",""
"ESPRESSO","","Point of Sale","2","2x 16oz/Large","245","2025-12-11 07:25:46","2025-12-11 07:29:51","",""
"ESPRESSO","","Point of Sale","1","1x 12oz/Medium","274","2025-12-11 07:29:20","2025-12-11 07:33:54","",""
"ESPRESSO","","Point of Sale","2","1x 8oz/Small; 1x 16oz/Large","221","2025-12-11 07:30:14","2025-12-11 07:33:55","",""
"ESPRESSO","","Point of Sale","1","1x 12oz/Medium","621","2025-12-11 07:31:48","2025-12-11 07:42:09","",""
"ESPRESSO","","Point of Sale","1","1x 16oz/Large","510","2025-12-11 07:33:39","2025-12-11 07:42:09","",""
"ESPRESSO","","Point of Sale","2","1x TOASTIE; 1x 20oz\ICED LARGE","557","2025-12-11 07:36:10","2025-12-11 07:45:27","",""
"ESPRESSO","","Point of Sale","3","1x 12oz/ICED SMALL; 1x 16oz/Large; 1x Babycino","379","2025-12-11 07:40:42","2025-12-11 07:47:01","",""
"ESPRESSO","","Point of Sale","2","1x 500g Beans; 1x 12oz/Medium","417","2025-12-11 07:44:30","2025-12-11 07:51:27","",""
"ESPRESSO","","Point of Sale","1","1x 16oz/ICED MEDIUM","401","2025-12-11 07:44:47","2025-12-11 07:51:28","",""
"ESPRESSO","","Point of Sale","1","1x Sweet Pastry","77","2025-12-11 07:47:30","2025-12-11 07:48:47","",""
"ESPRESSO","","Point of Sale","1","1x 12oz/Medium","120","2025-12-11 07:53:20","2025-12-11 07:55:20","",""
"ESPRESSO","Matt","Point of Sale","4","1x 16oz/Large; 2x 16oz/ICED MEDIUM; 1x 6oz","339","2025-12-11 07:57:32","2025-12-11 08:03:11","",""
"ESPRESSO","Green hat lady","Point of Sale","1","1x 8oz/Small","237","2025-12-11 07:58:04","2025-12-11 08:02:01","",""
"ESPRESSO","","Point of Sale","1","1x 12oz/Medium","74","2025-12-11 08:02:54","2025-12-11 08:04:08","",""
"ESPRESSO","","Point of Sale","2","1x 4oz/Pic, Esp, Dop; 1x 16oz/ICED MEDIUM","519","2025-12-11 08:06:09","2025-12-11 08:14:48","",""
"ESPRESSO","","Point of Sale","1","1x Ham And Cheese Croissant","342","2025-12-11 08:09:05","2025-12-11 08:14:47","",""
"ESPRESSO","","Point of Sale","1","1x 12oz/Medium","267","2025-12-11 08:20:17","2025-12-11 08:24:44","",""
"ESPRESSO","","Point of Sale","1","1x 6oz","220","2025-12-11 08:21:05","2025-12-11 08:24:45","",""
"ESPRESSO","","Point of Sale","1","1x 1kg Beans","194","2025-12-11 08:21:32","2025-12-11 08:24:46","",""
"ESPRESSO","","Point of Sale","1","1x 16oz/ICED MEDIUM","289","2025-12-11 08:22:26","2025-12-11 08:27:15","",""
"ESPRESSO","","Point of Sale","1","1x 12oz/Medium","241","2025-12-11 08:23:14","2025-12-11 08:27:15","",""
"ESPRESSO","","Point of Sale","2","1x 12oz/ICED SMALL; 1x Pupacino","215","2025-12-11 08:26:32","2025-12-11 08:30:07","",""
"ESPRESSO","","Point of Sale","1","1x 16oz/Large","186","2025-12-11 08:27:01","2025-12-11 08:30:07","",""
"ESPRESSO","","Point of Sale","1","1x 6oz","108","2025-12-11 08:30:57","2025-12-11 08:32:45","",""
"ESPRESSO","","Point of Sale","2","1x 16oz/ICED MEDIUM; 1x TOASTIE","393","2025-12-11 08:34:00","2025-12-11 08:40:33","",""
"ESPRESSO","","Point of Sale","1","1x TOASTIE","375","2025-12-11 08:34:19","2025-12-11 08:40:34","",""
"ESPRESSO","","Point of Sale","1","1x 8oz/Small","282","2025-12-11 08:35:53","2025-12-11 08:40:35","",""
"ESPRESSO","","Point of Sale","1","1x 20oz\ICED LARGE","254","2025-12-11 08:36:20","2025-12-11 08:40:34","",""
"ESPRESSO","","Point of Sale","1","1x 12oz/Medium","506","2025-12-11 08:40:19","2025-12-11 08:48:45","",""
"ESPRESSO","","Point of Sale","1","1x 16oz/ICED MEDIUM","244","2025-12-11 08:46:01","2025-12-11 08:50:05","",""
"ESPRESSO","","Point of Sale","1","1x 12oz/Medium","228","2025-12-11 08:46:17","2025-12-11 08:50:05","",""
"ESPRESSO","","Point of Sale","1","1x 16oz/Large","206","2025-12-11 08:46:40","2025-12-11 08:50:06","",""
"ESPRESSO","","Point of Sale","1","1x 8oz/Small","452","2025-12-11 08:47:24","2025-12-11 08:54:56","",""
"ESPRESSO","","Point of Sale","1","1x 16oz/Large","304","2025-12-11 08:49:52","2025-12-11 08:54:56","",""
"ESPRESSO","","Point of Sale","2","1x 8oz/Small; 1x 12oz/ICED SMALL","216","2025-12-11 08:51:21","2025-12-11 08:54:57","",""
"ESPRESSO","","Point of Sale","1","1x Fiji Water","28","2025-12-11 08:54:29","2025-12-11 08:54:57","",""
"ESPRESSO","","Point of Sale","3","1x Babycino; 2x 6oz","552","2025-12-11 09:05:28","2025-12-11 09:14:40","",""
"ESPRESSO","","Point of Sale","2","1x Plain Croissant; 1x 12oz/Medium","480","2025-12-11 09:06:39","2025-12-11 09:14:39","",""
"ESPRESSO","","Point of Sale","1","1x 12oz/Medium","460","2025-12-11 09:07:01","2025-12-11 09:14:41","",""
"ESPRESSO","","Point of Sale","1","1x 8oz/Small","540","2025-12-11 09:09:14","2025-12-11 09:18:14","",""
"ESPRESSO","","Point of Sale","2","1x 8oz/Small; 1x Breakfast Wrap","400","2025-12-11 09:11:35","2025-12-11 09:18:15","",""
"ESPRESSO","","Point of Sale","1","1x 12oz/Medium","299","2025-12-11 09:13:16","2025-12-11 09:18:15","",""
"ESPRESSO","","Point of Sale","1","1x 12oz/ICED SMALL","165","2025-12-11 09:20:10","2025-12-11 09:22:55","",""
"ESPRESSO","","Point of Sale","1","1x 12oz/Medium","78","2025-12-11 09:21:36","2025-12-11 09:22:54","",""
"ESPRESSO","","Point of Sale","3","2x Babycino; 1x 12oz/ICED SMALL","746","2025-12-11 09:29:29","2025-12-11 09:41:55","",""
"ESPRESSO","","Point of Sale","1","1x 12oz/Medium","707","2025-12-11 09:30:09","2025-12-11 09:41:56","",""
"ESPRESSO","","Point of Sale","1","1x 8oz/Small","437","2025-12-11 09:34:39","2025-12-11 09:41:56","",""
"ESPRESSO","","Point of Sale","1","1x 8oz/Small","31","2025-12-11 09:41:24","2025-12-11 09:41:55","",""
"ESPRESSO","","Point of Sale","1","1x 8oz/Small","219","2025-12-11 10:14:51","2025-12-11 10:18:30","",""
"ESPRESSO","Budiness dfude","Point of Sale","1","1x 8oz/Small","165","2025-12-11 10:15:43","2025-12-11 10:18:28","",""
"ESPRESSO","","Point of Sale","3","2x 12oz/Medium; 1x 12oz/Medium","384","2025-12-11 10:24:12","2025-12-11 10:30:36","",""
"ESPRESSO","","Point of Sale","1","1x 12oz/Medium","753","2025-12-11 10:38:15","2025-12-11 10:50:48","",""
"ESPRESSO","","Point of Sale","1","1x 16oz/ICED MEDIUM","539","2025-12-11 10:41:49","2025-12-11 10:50:48","",""
"ESPRESSO","","Point of Sale","2","1x 12oz/Medium; 1x Plain Croissant","347","2025-12-11 10:45:02","2025-12-11 10:50:49","",""
"ESPRESSO","","Point of Sale","1","1x 12oz/ICED SMALL","378","2025-12-11 10:56:14","2025-12-11 11:02:32","",""
"ESPRESSO","","Point of Sale","1","1x 12oz/ICED SMALL","355","2025-12-11 10:56:37","2025-12-11 11:02:32","",""
"ESPRESSO","","Point of Sale","1","1x 8oz/Small","334","2025-12-11 10:56:57","2025-12-11 11:02:31","",""
"ESPRESSO","","Point of Sale","1","1x Kombucha","1244","2025-12-11 11:02:24","2025-12-11 11:23:08","",""
"ESPRESSO","","Point of Sale","1","1x 6oz","1160","2025-12-11 11:03:49","2025-12-11 11:23:09","",""
"ESPRESSO","","Point of Sale","1","1x 8oz/Small","1144","2025-12-11 11:04:05","2025-12-11 11:23:09","",""
"ESPRESSO","","Point of Sale","1","1x 12oz/Medium","846","2025-12-11 11:09:05","2025-12-11 11:23:11","",""
"ESPRESSO","","Point of Sale","2","1x 8oz/Small; 1x Pupacino","1196","2025-12-11 11:14:09","2025-12-11 11:34:05","",""
"ESPRESSO","","Point of Sale","1","1x 16oz/Large","1029","2025-12-11 11:16:55","2025-12-11 11:34:04","",""
"ESPRESSO","","Point of Sale","1","1x 12oz/Medium","682","2025-12-11 11:22:42","2025-12-11 11:34:04","",""
"ESPRESSO","","Point of Sale","1","1x 16oz/Large","665","2025-12-11 11:23:00","2025-12-11 11:34:05","",""
"ESPRESSO","","Point of Sale","1","1x 6oz","1633","2025-12-11 11:29:35","2025-12-11 11:56:48","",""
"ESPRESSO","","Point of Sale","1","1x 16oz/ICED MEDIUM","368","2025-12-11 11:50:41","2025-12-11 11:56:49","",""
"ESPRESSO","","Point of Sale","3","1x 20oz\ICED LARGE; 1x BUTTERBOY; 1x 12oz/Medium","285","2025-12-11 11:52:05","2025-12-11 11:56:50","",""
"ESPRESSO","","Point of Sale","1","1x 8oz/Small","787","2025-12-11 11:58:19","2025-12-11 12:11:26","",""
"ESPRESSO","","Point of Sale","2","1x 8oz/Small; 1x 20oz\ICED LARGE","653","2025-12-11 12:00:33","2025-12-11 12:11:26","",""
"ESPRESSO","","Point of Sale","1","1x 4oz/Pic, Esp, Dop","1080","2025-12-12 04:50:55","2025-12-12 05:08:55","",""
"ESPRESSO","","Point of Sale","2","1x A Sweet Muffin; 1x 16oz/Large","527","2025-12-12 05:00:09","2025-12-12 05:08:56","",""
"ESPRESSO","","Point of Sale","2","1x Ham And Cheese Croissant; 1x 16oz/Large","501","2025-12-12 05:00:35","2025-12-12 05:08:56","",""
"ESPRESSO","","Point of Sale","1","1x 12oz/Medium","220","2025-12-12 05:05:17","2025-12-12 05:08:57","",""
"ESPRESSO","","Point of Sale","1","1x 16oz/Large","205","2025-12-12 05:07:05","2025-12-12 05:10:30","",""
"ESPRESSO","Logan","Point of Sale","1","1x 16oz/ICED MEDIUM","577","2025-12-12 05:14:47","2025-12-12 05:24:24","",""
"ESPRESSO","Darcy","Point of Sale","2","1x 8oz/Small; 1x 12oz/Medium","301","2025-12-12 05:19:23","2025-12-12 05:24:24","",""
"ESPRESSO","","Point of Sale","1","1x 12oz/ICED SMALL","412","2025-12-12 05:22:48","2025-12-12 05:29:40","",""
"ESPRESSO","","Point of Sale","1","1x 4oz/Pic, Esp, Dop","319","2025-12-12 05:24:20","2025-12-12 05:29:39","",""
"ESPRESSO","","Point of Sale","2","1x 12oz/Medium; 1x 16oz/Large","1137","2025-12-12 05:25:43","2025-12-12 05:44:40","",""
"ESPRESSO","Damon","Point of Sale","5","1x 12oz/Medium; 1x 8oz/Small; 1x Breakfast Wrap; 2x Ham And Cheese Croissant","1095","2025-12-12 05:26:25","2025-12-12 05:44:40","",""
"ESPRESSO","Blue dress","Point of Sale","1","1x 12oz/Medium","1026","2025-12-12 05:27:35","2025-12-12 05:44:41","",""
"ESPRESSO","","Point of Sale","1","1x 12oz/Medium","539","2025-12-12 05:27:58","2025-12-12 05:36:57","",""
"ESPRESSO","Rose","Point of Sale","1","1x 12oz/Medium","491","2025-12-12 05:28:43","2025-12-12 05:36:54","",""
"ESPRESSO","","Point of Sale","1","1x 12oz/Medium","107","2025-12-12 05:35:07","2025-12-12 05:36:54","",""
"ESPRESSO","","Point of Sale","1","1x 12oz/ICED SMALL","107","2025-12-12 05:35:07","2025-12-12 05:36:54","",""
"ESPRESSO","","Point of Sale","1","1x 12oz/Medium","220","2025-12-12 05:35:23","2025-12-12 05:39:03","",""
"ESPRESSO","Bianca","Point of Sale","1","1x 12oz/Medium","119","2025-12-12 05:37:03","2025-12-12 05:39:02","",""
"ESPRESSO","Dog","Point of Sale","1","1x 8oz/Small","129","2025-12-12 05:37:19","2025-12-12 05:39:28","",""
"ESPRESSO","","Point of Sale","1","1x 16oz/Large","213","2025-12-12 05:41:10","2025-12-12 05:44:43","",""
"ESPRESSO","James","Point of Sale","2","1x 12oz/Medium; 1x 16oz/Large","231","2025-12-12 05:41:39","2025-12-12 05:45:30","",""
"ESPRESSO","","Point of Sale","1","1x 16oz/Large","138","2025-12-12 05:47:17","2025-12-12 05:49:35","",""
"ESPRESSO","","Point of Sale","1","1x 4oz/Pic, Esp, Dop","219","2025-12-12 05:47:42","2025-12-12 05:51:21","",""
"ESPRESSO","","Point of Sale","2","1x Sweet Pastry; 1x 12oz/Medium","186","2025-12-12 05:56:15","2025-12-12 05:59:21","",""
"ESPRESSO","Glenn","Point of Sale","2","2x 4oz/Pic, Esp, Dop","241","2025-12-12 06:00:47","2025-12-12 06:04:48","",""
"ESPRESSO","Ray","Point of Sale","1","1x 16oz/Large","224","2025-12-12 06:01:04","2025-12-12 06:04:48","",""
"ESPRESSO","","Point of Sale","1","1x Fiji Water","142","2025-12-12 06:03:03","2025-12-12 06:05:25","",""
"ESPRESSO","Lskd shirt","Point of Sale","1","1x 8oz/Small","654","2025-12-12 06:04:25","2025-12-12 06:15:19","",""
"ESPRESSO","","Point of Sale","2","1x 16oz/Large; 1x 16oz/Large","677","2025-12-12 06:05:22","2025-12-12 06:16:39","",""
"ESPRESSO","Bucket hat","Point of Sale","1","1x 12oz/ICED SMALL","619","2025-12-12 06:07:08","2025-12-12 06:17:27","",""
"ESPRESSO","3 ladies","Point of Sale","3","1x 12oz/Medium; 1x 12oz/Medium; 1x 12oz/Medium","707","2025-12-12 06:07:56","2025-12-12 06:19:43","",""
"ESPRESSO","Toby","Point of Sale","1","1x 12oz/ICED SMALL","180","2025-12-12 06:21:12","2025-12-12 06:24:12","",""
"ESPRESSO","Woolworths","Point of Sale","1","1x 8oz/Small","136","2025-12-12 06:26:02","2025-12-12 06:28:18","",""
"ESPRESSO","Kele","Point of Sale","1","1x 12oz/Medium","167","2025-12-12 06:30:02","2025-12-12 06:32:49","",""
"ESPRESSO","Marchello","Point of Sale","1","1x 12oz/Medium","322","2025-12-12 06:34:41","2025-12-12 06:40:03","",""
"ESPRESSO","","Point of Sale","2","2x 6oz","328","2025-12-12 06:35:24","2025-12-12 06:40:52","",""
"ESPRESSO","Green dres","Point of Sale","1","1x 8oz/Small","443","2025-12-12 06:41:52","2025-12-12 06:49:15","",""
"ESPRESSO","Brad","Point of Sale","2","1x 8oz/Small; 1x 12oz/Medium","387","2025-12-12 06:42:49","2025-12-12 06:49:16","",""
"ESPRESSO","Tom","Point of Sale","2","1x Ham And Cheese Croissant; 1x 20oz\ICED LARGE","313","2025-12-12 06:44:05","2025-12-12 06:49:18","",""
"ESPRESSO","Judy","Point of Sale","1","1x 12oz/ICED SMALL","263","2025-12-12 06:48:09","2025-12-12 06:52:32","",""
"ESPRESSO","","Point of Sale","3","1x 16oz/ICED MEDIUM; 1x Famous Soda; 1x 16oz/ICED MEDIUM","225","2025-12-12 06:48:47","2025-12-12 06:52:32","",""
"ESPRESSO","","Point of Sale","1","1x 12oz/Medium","124","2025-12-12 06:54:35","2025-12-12 06:56:39","",""
"ESPRESSO","","Point of Sale","1","1x 8oz/Small","276","2025-12-12 07:04:52","2025-12-12 07:09:28","",""
"ESPRESSO","","Point of Sale","2","1x 8oz/Small; 1x 8oz/Small","250","2025-12-12 07:05:18","2025-12-12 07:09:28","",""
"ESPRESSO","","Point of Sale","5","2x Babycino; 1x 12oz/Medium; 1x 4oz/Pic, Esp, Dop; 1x 12oz/Medium","273","2025-12-12 07:06:48","2025-12-12 07:11:21","",""
"ESPRESSO","","Point of Sale","2","1x 16oz/ICED MEDIUM; 1x 16oz/ICED MEDIUM","346","2025-12-12 07:08:03","2025-12-12 07:13:49","",""
"ESPRESSO","Gold set","Point of Sale","1","1x 20oz\ICED LARGE","488","2025-12-12 07:09:02","2025-12-12 07:17:10","",""
"ESPRESSO","","Point of Sale","1","1x 12oz/Medium","379","2025-12-12 07:10:51","2025-12-12 07:17:10","",""
"ESPRESSO","","Point of Sale","1","1x 12oz/ICED SMALL","192","2025-12-12 07:19:41","2025-12-12 07:22:53","",""
"ESPRESSO","","Point of Sale","1","1x 12oz/Medium","37","2025-12-12 07:20:10","2025-12-12 07:20:47","",""
"ESPRESSO","","Point of Sale","1","1x 12oz/Medium","93","2025-12-12 07:22:38","2025-12-12 07:24:11","",""
"ESPRESSO","","Point of Sale","1","1x 12oz/Medium","143","2025-12-12 07:23:18","2025-12-12 07:25:41","",""
"ESPRESSO","","Point of Sale","1","1x 12oz/Medium","125","2025-12-12 07:23:35","2025-12-12 07:25:40","",""
"ESPRESSO","","Point of Sale","1","1x 12oz/Medium","219","2025-12-12 07:26:31","2025-12-12 07:30:10","",""
"ESPRESSO","","Point of Sale","1","1x 16oz/ICED MEDIUM","150","2025-12-12 07:27:41","2025-12-12 07:30:11","",""
"ESPRESSO","","Point of Sale","1","1x 16oz/ICED MEDIUM","294","2025-12-12 07:41:31","2025-12-12 07:46:25","",""
"ESPRESSO","DILSHAAAAAAN","Point of Sale","2","1x 20oz\ICED LARGE; 1x 16oz/ICED MEDIUM","237","2025-12-12 07:48:06","2025-12-12 07:52:03","",""
"ESPRESSO","Chester","Point of Sale","3","1x 12oz/ICED SMALL; 2x Pupacino","287","2025-12-12 07:55:16","2025-12-12 08:00:03","",""
"ESPRESSO","","Point of Sale","1","1x 16oz/Large","195","2025-12-12 08:00:15","2025-12-12 08:03:30","",""
"ESPRESSO","","Point of Sale","2","1x 12oz/ICED SMALL; 1x Babycino","162","2025-12-12 08:01:32","2025-12-12 08:04:14","",""
"ESPRESSO","Brkan shirt","Point of Sale","1","1x 8oz/Small","214","2025-12-12 08:02:37","2025-12-12 08:06:11","",""
"ESPRESSO","","Point of Sale","1","1x 12oz/Medium","272","2025-12-12 08:03:28","2025-12-12 08:08:00","",""
"ESPRESSO","","Point of Sale","1","1x 16oz/ICED MEDIUM","245","2025-12-12 08:03:57","2025-12-12 08:08:02","",""
"ESPRESSO","Red wshirtt","Point of Sale","1","1x 12oz/Medium","412","2025-12-12 08:07:22","2025-12-12 08:14:14","",""
"ESPRESSO","","Point of Sale","1","1x 8oz/Small","394","2025-12-12 08:07:41","2025-12-12 08:14:15","",""
"ESPRESSO","","Point of Sale","1","1x 8oz/Small","309","2025-12-12 08:09:06","2025-12-12 08:14:15","",""
"ESPRESSO","","Point of Sale","1","1x 12oz/Medium","69","2025-12-12 08:14:04","2025-12-12 08:15:13","",""
"ESPRESSO","","Point of Sale","2","1x 12oz/Medium; 1x 12oz/Medium","314","2025-12-12 08:21:09","2025-12-12 08:26:23","",""
"ESPRESSO","","Point of Sale","1","1x 20oz\ICED LARGE","202","2025-12-12 08:26:01","2025-12-12 08:29:23","",""
"ESPRESSO","","Point of Sale","1","1x 16oz/Large","193","2025-12-12 08:30:13","2025-12-12 08:33:26","",""
"ESPRESSO","","Point of Sale","1","1x 12oz/Medium","170","2025-12-12 08:30:35","2025-12-12 08:33:25","",""
"ESPRESSO","","Point of Sale","2","1x 8oz/Small; 1x 8oz/Small","210","2025-12-12 08:31:17","2025-12-12 08:34:47","",""
"ESPRESSO","Aurora","Point of Sale","2","1x 16oz/Large; 1x 16oz/ICED MEDIUM","368","2025-12-12 08:32:05","2025-12-12 08:38:13","",""
"ESPRESSO","Sam","Point of Sale","3","1x 12oz/Medium; 2x 16oz/Large","605","2025-12-12 08:32:56","2025-12-12 08:43:01","",""
"ESPRESSO","Npc","Point of Sale","1","1x 16oz/Large","584","2025-12-12 08:33:17","2025-12-12 08:43:01","",""
"ESPRESSO","Green dress","Point of Sale","2","1x Ham And Cheese Croissant; 1x 12oz/Medium","499","2025-12-12 08:34:43","2025-12-12 08:43:02","",""
"ESPRESSO","","Point of Sale","4","1x 16oz/ICED MEDIUM; 1x TOASTIE; 1x Babycino; 1x Babycino","646","2025-12-12 08:41:09","2025-12-12 08:51:55","",""
"ESPRESSO","","Point of Sale","1","1x TOASTIE","329","2025-12-12 08:46:14","2025-12-12 08:51:43","",""
"ESPRESSO","","Point of Sale","2","1x 12oz/Medium; 1x 16oz/Large","271","2025-12-12 08:49:21","2025-12-12 08:53:52","",""
"ESPRESSO","","Point of Sale","1","1x 12oz/Medium","387","2025-12-12 08:49:46","2025-12-12 08:56:13","",""
"ESPRESSO","","Point of Sale","1","1x 12oz/ICED SMALL","373","2025-12-12 08:50:01","2025-12-12 08:56:14","",""
"ESPRESSO","","Point of Sale","2","1x 16oz/ICED MEDIUM; 1x 8oz/Small","437","2025-12-12 08:50:53","2025-12-12 08:58:10","",""
"ESPRESSO","","Point of Sale","1","1x A Savoury Muffin","410","2025-12-12 08:51:22","2025-12-12 08:58:12","",""
"ESPRESSO","","Point of Sale","1","1x 8oz/Small","225","2025-12-12 08:56:00","2025-12-12 08:59:45","",""
"ESPRESSO","","Point of Sale","2","1x 16oz/Large; 1x Sweet Pastry","311","2025-12-12 08:56:52","2025-12-12 09:02:03","",""
"ESPRESSO","Green top","Point of Sale","1","1x 12oz/ICED SMALL","196","2025-12-12 08:58:49","2025-12-12 09:02:05","",""
"ESPRESSO","Pijnk shirt","Point of Sale","1","1x 12oz/ICED SMALL","169","2025-12-12 08:59:13","2025-12-12 09:02:02","",""
"ESPRESSO","Sarah","Point of Sale","1","1x 12oz/ICED SMALL","151","2025-12-12 08:59:34","2025-12-12 09:02:05","",""
"ESPRESSO","Green blazer","Point of Sale","4","1x BUTTERBOY; 1x 16oz/ICED MEDIUM; 1x Sweet Pastry; 1x 16oz/ICED MEDIUM","182","2025-12-12 09:29:10","2025-12-12 09:32:12","",""
"ESPRESSO","","Point of Sale","3","3x TOASTIE","91","2025-12-12 09:30:37","2025-12-12 09:32:08","",""
"ESPRESSO","","Point of Sale","1","1x 12oz/ICED SMALL","361","2025-12-12 09:43:18","2025-12-12 09:49:19","",""
"ESPRESSO","","Point of Sale","1","1x 8oz/Small","270","2025-12-12 09:44:49","2025-12-12 09:49:19","",""
"ESPRESSO","","Point of Sale","1","1x 12oz/Medium","254","2025-12-12 09:45:06","2025-12-12 09:49:20","",""
"ESPRESSO","","Point of Sale","1","1x TOASTIE","547","2025-12-12 09:51:56","2025-12-12 10:01:03","",""
"ESPRESSO","","Point of Sale","1","1x 4oz/Pic, Esp, Dop","232","2025-12-12 10:05:33","2025-12-12 10:09:25","",""
"ESPRESSO","","Point of Sale","1","1x 12oz/ICED SMALL","215","2025-12-12 10:05:51","2025-12-12 10:09:26","",""
"ESPRESSO","","Point of Sale","1","1x 12oz/Medium","198","2025-12-12 10:06:08","2025-12-12 10:09:26","",""
"ESPRESSO","","Point of Sale","5","1x Babycino; 1x BUTTERBOY; 1x Babycino; 1x 12oz/Medium; 1x 6oz","313","2025-12-12 10:06:35","2025-12-12 10:11:48","",""
"ESPRESSO","","Point of Sale","1","1x 20oz\ICED LARGE","355","2025-12-12 10:06:56","2025-12-12 10:12:51","",""
"ESPRESSO","","Point of Sale","1","1x 12oz/Medium","274","2025-12-12 10:08:17","2025-12-12 10:12:51","",""
"ESPRESSO","","Point of Sale","1","1x 12oz/Medium","453","2025-12-12 10:09:13","2025-12-12 10:16:46","",""
"ESPRESSO","","Point of Sale","4","1x BUTTERBOY; 1x 8oz/Small; 1x 8oz/Small; 1x Babycino","178","2025-12-12 10:13:48","2025-12-12 10:16:46","",""
"ESPRESSO","","Point of Sale","2","1x 8oz/Small; 1x Pupacino","142","2025-12-12 10:14:25","2025-12-12 10:16:47","",""
"ESPRESSO","","Point of Sale","3","1x ; 1x 16oz/ICED MEDIUM; 1x TOASTIE","601","2025-12-12 10:23:24","2025-12-12 10:33:25","",""
"ESPRESSO","","Point of Sale","1","1x 12oz/ICED SMALL","500","2025-12-12 10:25:06","2025-12-12 10:33:26","",""
"ESPRESSO","","Point of Sale","1","1x 12oz/Medium","255","2025-12-12 10:29:11","2025-12-12 10:33:26","",""
"ESPRESSO","","Point of Sale","2","1x 16oz/Large; 1x Sweet Pastry","240","2025-12-12 10:32:39","2025-12-12 10:36:39","",""
"ESPRESSO","","Point of Sale","1","1x 16oz/Large","210","2025-12-12 10:33:09","2025-12-12 10:36:39","",""
"ESPRESSO","","Point of Sale","2","1x 16oz/ICED MEDIUM; 1x 1kg Beans","324","2025-12-12 10:46:05","2025-12-12 10:51:29","",""
"ESPRESSO","","Point of Sale","1","1x 16oz/ICED MEDIUM","303","2025-12-12 10:46:26","2025-12-12 10:51:29","",""
"ESPRESSO","","Point of Sale","1","1x 12oz/Medium","286","2025-12-12 10:46:45","2025-12-12 10:51:31","",""
"ESPRESSO","","Point of Sale","2","1x 12oz/ICED SMALL; 1x 12oz/ICED SMALL","92","2025-12-12 10:49:58","2025-12-12 10:51:30","",""
"ESPRESSO","","Point of Sale","2","1x 12oz/ICED SMALL; 1x Sweet Pastry","1045","2025-12-12 10:54:53","2025-12-12 11:12:18","",""
"ESPRESSO","","Point of Sale","1","1x 8oz/Small","869","2025-12-12 10:57:47","2025-12-12 11:12:16","",""
"ESPRESSO","","Point of Sale","4","1x 12oz/Medium; 1x 12oz/Medium; 2x 12oz/Medium","590","2025-12-12 11:25:39","2025-12-12 11:35:29","",""
"ESPRESSO","","Point of Sale","2","1x A Sweet Muffin; 1x 8oz/Small","263","2025-12-12 11:31:08","2025-12-12 11:35:31","",""
"ESPRESSO","","Point of Sale","1","1x 8oz/Small","2170","2025-12-13 04:47:37","2025-12-13 05:23:47","",""
"ESPRESSO","","Point of Sale","1","1x 16oz/Large","1452","2025-12-13 04:59:35","2025-12-13 05:23:47","",""
"ESPRESSO","","Point of Sale","1","1x 12oz/Medium","1265","2025-12-13 05:02:40","2025-12-13 05:23:45","",""
"ESPRESSO","","Point of Sale","2","1x 4oz/Pic, Esp, Dop; 1x Breakfast Wrap","799","2025-12-13 05:10:26","2025-12-13 05:23:45","",""
"ESPRESSO","","Point of Sale","1","1x 6oz","1549","2025-12-13 05:14:20","2025-12-13 05:40:09","",""
"ESPRESSO","","Point of Sale","1","1x 12oz/Medium","1418","2025-12-13 05:16:31","2025-12-13 05:40:09","",""
"ESPRESSO","","Point of Sale","1","1x 8oz/Small","1403","2025-12-13 05:16:46","2025-12-13 05:40:09","",""
"ESPRESSO","","Point of Sale","2","2x 12oz/Medium","1151","2025-12-13 05:20:59","2025-12-13 05:40:10","",""
"ESPRESSO","","Point of Sale","1","1x 12oz/Medium","1186","2025-12-13 05:23:38","2025-12-13 05:43:24","",""
"ESPRESSO","","Point of Sale","2","1x 16oz/ICED MEDIUM; 1x 12oz/ICED SMALL","360","2025-12-13 05:38:20","2025-12-13 05:44:20","",""
"ESPRESSO","","Point of Sale","2","1x 20oz\ICED LARGE; 1x 6oz","334","2025-12-13 05:38:46","2025-12-13 05:44:20","",""
"ESPRESSO","","Point of Sale","5","1x ; 1x 8oz/Small; 1x 8oz/Small; 1x ; 1x Babycino","578","2025-12-13 05:43:09","2025-12-13 05:52:47","",""
"ESPRESSO","","Point of Sale","1","1x ","529","2025-12-13 05:44:06","2025-12-13 05:52:55","",""
"ESPRESSO","","Point of Sale","3","1x 12oz/Medium; 1x 12oz/Medium; 1x 500g Beans","229","2025-12-13 05:55:25","2025-12-13 05:59:14","",""
"ESPRESSO","","Point of Sale","3","1x 16oz/ICED MEDIUM; 1x 12oz/Medium; 1x 12oz/Medium","210","2025-12-13 06:00:28","2025-12-13 06:03:58","",""
"ESPRESSO","","Point of Sale","1","1x 12oz/Medium","642","2025-12-13 06:02:47","2025-12-13 06:13:29","",""
"ESPRESSO","","Point of Sale","1","1x 12oz/Medium","293","2025-12-13 06:08:34","2025-12-13 06:13:27","",""
"ESPRESSO","","Point of Sale","1","1x Sweet Pastry","127","2025-12-13 06:11:21","2025-12-13 06:13:28","",""
"ESPRESSO","","Point of Sale","1","1x 6oz","261","2025-12-13 06:11:39","2025-12-13 06:16:00","",""
"ESPRESSO","Rach","Point of Sale","1","1x 16oz/ICED MEDIUM","272","2025-12-13 06:17:27","2025-12-13 06:21:59","",""
"ESPRESSO","","Point of Sale","1","1x Sweet Pastry","22","2025-12-13 06:21:39","2025-12-13 06:22:01","",""
"ESPRESSO","","Point of Sale","1","1x 8oz/Small","579","2025-12-13 06:24:16","2025-12-13 06:33:55","",""
"ESPRESSO","","Point of Sale","2","1x 20oz\ICED LARGE; 1x 16oz/Large","131","2025-12-13 06:31:44","2025-12-13 06:33:55","",""
"ESPRESSO","","Point of Sale","1","1x 16oz/Large","131","2025-12-13 06:33:22","2025-12-13 06:35:33","",""
"ESPRESSO","High vis","Point of Sale","2","2x 12oz/Medium","331","2025-12-13 06:37:58","2025-12-13 06:43:29","",""
"ESPRESSO","","Point of Sale","2","1x ; 1x 12oz/Medium","128","2025-12-13 06:41:27","2025-12-13 06:43:35","",""
"ESPRESSO","Adapt guy","Point of Sale","2","1x TOASTIE; 1x 16oz/Large","376","2025-12-13 06:43:18","2025-12-13 06:49:34","",""
"ESPRESSO","","Point of Sale","1","1x 12oz/ICED SMALL","238","2025-12-13 07:00:10","2025-12-13 07:04:08","",""
"ESPRESSO","Ryan","Point of Sale","1","1x 20oz\ICED LARGE","69","2025-12-13 07:05:26","2025-12-13 07:06:35","",""
"ESPRESSO","Lauren","Point of Sale","2","1x Babycino; 1x 8oz/Small","255","2025-12-13 07:07:39","2025-12-13 07:11:54","",""
"ESPRESSO","","Point of Sale","2","1x 12oz/Medium; 1x 16oz/ICED MEDIUM","329","2025-12-13 07:08:04","2025-12-13 07:13:33","","2025-12-12T21:13:28.000Z"
"ESPRESSO","","Point of Sale","1","1x 8oz/Small","50","2025-12-13 07:15:50","2025-12-13 07:16:40","",""
"ESPRESSO","Northwest","Point of Sale","3","1x Famous Soda; 1x A Sweet Muffin; 1x 12oz/Medium","120","2025-12-13 07:16:29","2025-12-13 07:18:29","",""
"ESPRESSO","Markm","Point of Sale","2","2x 6oz","154","2025-12-13 07:23:14","2025-12-13 07:25:48","",""
"ESPRESSO","","Point of Sale","1","1x 20oz\ICED LARGE","90","2025-12-13 07:24:18","2025-12-13 07:25:48","",""
"ESPRESSO","Kayla","Point of Sale","3","1x 6oz; 2x Babycino","136","2025-12-13 07:27:50","2025-12-13 07:30:06","",""
"ESPRESSO","","Point of Sale","2","1x 16oz/ICED MEDIUM; 1x 12oz/Medium","142","2025-12-13 07:29:37","2025-12-13 07:31:59","",""
"ESPRESSO","Fitstop","Point of Sale","2","2x 16oz/ICED MEDIUM","122","2025-12-13 07:29:58","2025-12-13 07:32:00","",""
"ESPRESSO","Alex","Point of Sale","2","1x A Sweet Muffin; 1x 16oz/ICED MEDIUM","132","2025-12-13 07:30:18","2025-12-13 07:32:30","",""
"ESPRESSO","Dom","Point of Sale","1","1x 12oz/Medium","230","2025-12-13 07:30:47","2025-12-13 07:34:37","",""
"ESPRESSO","Glenn","Point of Sale","2","2x 4oz/Pic, Esp, Dop","298","2025-12-13 07:32:20","2025-12-13 07:37:18","",""
"ESPRESSO","","Point of Sale","3","1x Fruit Juice; 1x 12oz/ICED SMALL; 1x 12oz/ICED SMALL","273","2025-12-13 07:32:46","2025-12-13 07:37:19","",""
"ESPRESSO","","Point of Sale","6","1x 12oz/Medium; 1x 12oz/Medium; 2x Babycino; 1x 12oz/Medium; 1x 20oz\ICED LARGE","291","2025-12-13 07:35:09","2025-12-13 07:40:00","",""
"ESPRESSO","Karen","Point of Sale","2","1x Ham And Cheese Croissant; 1x 12oz/ICED SMALL","258","2025-12-13 07:36:10","2025-12-13 07:40:28","",""
"ESPRESSO","Gym couple","Point of Sale","2","1x 8oz/Small; 1x 12oz/Medium","350","2025-12-13 07:37:26","2025-12-13 07:43:16","",""
"ESPRESSO","Veryday rewards card","Point of Sale","2","2x 16oz/ICED MEDIUM","306","2025-12-13 07:38:11","2025-12-13 07:43:17","",""
"ESPRESSO","Alex","Point of Sale","3","1x 12oz/Medium; 1x Fiji Water; 1x 16oz/ICED MEDIUM","280","2025-12-13 07:38:40","2025-12-13 07:43:20","",""
"ESPRESSO","Karen","Point of Sale","1","1x 12oz/Medium","348","2025-12-13 07:39:19","2025-12-13 07:45:07","",""
"ESPRESSO","Mel","Point of Sale","1","1x 8oz/Small","311","2025-12-13 07:39:56","2025-12-13 07:45:07","",""
"ESPRESSO","","Point of Sale","2","2x 12oz/Medium","293","2025-12-13 07:43:24","2025-12-13 07:48:17","",""
"ESPRESSO","","Point of Sale","2","1x 12oz/Medium; 1x 12oz/Medium","145","2025-12-13 07:48:16","2025-12-13 07:50:41","",""
"ESPRESSO","","Point of Sale","2","1x 12oz/Medium; 1x 12oz/Medium","371","2025-12-13 07:51:01","2025-12-13 07:57:12","",""
"ESPRESSO","Damien","Point of Sale","1","1x 16oz/ICED MEDIUM","264","2025-12-13 07:53:41","2025-12-13 07:58:05","",""
"ESPRESSO","Paul","Point of Sale","4","2x Pupacino; 1x 12oz/Medium; 1x 12oz/Medium","337","2025-12-13 07:54:13","2025-12-13 07:59:50","",""
"ESPRESSO","","Point of Sale","1","1x 16oz/ICED MEDIUM","249","2025-12-13 07:55:41","2025-12-13 07:59:50","",""
"ESPRESSO","","Point of Sale","2","1x Kombucha; 1x 20oz\ICED LARGE","167","2025-12-13 07:57:03","2025-12-13 07:59:50","",""
"ESPRESSO","Dog","Point of Sale","2","1x 12oz/Medium; 1x A Sweet Muffin","526","2025-12-13 07:59:02","2025-12-13 08:07:48","",""
"ESPRESSO","Dan adapt","Point of Sale","1","1x 20oz\ICED LARGE","443","2025-12-13 08:00:25","2025-12-13 08:07:48","",""
"ESPRESSO","","Point of Sale","1","1x 16oz/Large","348","2025-12-13 08:04:29","2025-12-13 08:10:17","",""
"ESPRESSO","Npc","Point of Sale","1","1x 16oz/Large","123","2025-12-13 08:09:41","2025-12-13 08:11:44","",""
"ESPRESSO","Northwest","Point of Sale","2","1x 16oz/ICED MEDIUM; 1x 12oz/Medium","142","2025-12-13 08:11:34","2025-12-13 08:13:56","",""
"ESPRESSO","Mae","Point of Sale","3","1x 12oz/Medium; 1x 16oz/Large; 1x 12oz/Medium","108","2025-12-13 08:24:00","2025-12-13 08:25:48","",""
"ESPRESSO","","Point of Sale","2","2x 16oz/ICED MEDIUM","306","2025-12-13 08:31:22","2025-12-13 08:36:28","",""
"ESPRESSO","","Point of Sale","2","2x 16oz/ICED MEDIUM","228","2025-12-13 08:32:40","2025-12-13 08:36:28","",""
"ESPRESSO","762220990","Square Online","1","1x 12oz/Medium","210","2025-12-13 08:35:20","2025-12-13 08:38:50","2025-12-13 08:35:15",""
"ESPRESSO","","Point of Sale","2","1x 20oz\ICED LARGE; 1x 12oz/Medium","212","2025-12-13 08:36:22","2025-12-13 08:39:54","",""
"ESPRESSO","","Point of Sale","3","1x 12oz/Medium; 1x 16oz/Large; 1x Breakfast Wrap","323","2025-12-13 08:41:10","2025-12-13 08:46:33","",""
"ESPRESSO","Kate","Point of Sale","1","1x 12oz/Medium","219","2025-12-13 08:41:30","2025-12-13 08:45:09","",""
"ESPRESSO","","Point of Sale","2","1x A Sweet Muffin; 1x Plain Croissant","98","2025-12-13 08:43:34","2025-12-13 08:45:12","",""
"ESPRESSO","Dylame","Point of Sale","1","1x 12oz/Medium","148","2025-12-13 08:49:18","2025-12-13 08:51:46","",""
"ESPRESSO","","Point of Sale","1","1x 12oz/ICED SMALL","86","2025-12-13 09:01:07","2025-12-13 09:02:33","",""
"ESPRESSO","","Point of Sale","2","1x 12oz/Medium; 1x Sweet Pastry","96","2025-12-13 09:05:53","2025-12-13 09:07:29","",""
"ESPRESSO","Mels friend","Point of Sale","1","1x Breakfast Wrap","353","2025-12-13 09:18:20","2025-12-13 09:24:13","",""
"ESPRESSO","Black tshit long hair dude","Point of Sale","1","1x 16oz/ICED MEDIUM","289","2025-12-13 09:19:25","2025-12-13 09:24:14","",""
"ESPRESSO","Black singlet dude","Point of Sale","1","1x 16oz/ICED MEDIUM","272","2025-12-13 09:19:43","2025-12-13 09:24:15","",""
"ESPRESSO","Green top","Point of Sale","3","3x 12oz/Medium","293","2025-12-13 09:20:48","2025-12-13 09:25:41","",""
"ESPRESSO","Boxer dog lady","Point of Sale","2","1x Pupacino; 1x 8oz/Small","434","2025-12-13 09:21:26","2025-12-13 09:28:40","",""
"ESPRESSO","Cyclist orange","Point of Sale","1","1x Breakfast Wrap","422","2025-12-13 09:21:55","2025-12-13 09:28:57","",""
"ESPRESSO","Cyclist black","Point of Sale","1","1x 8oz/Small","410","2025-12-13 09:22:15","2025-12-13 09:29:05","",""
"ESPRESSO","Cyclist colourful","Point of Sale","2","1x 8oz/Small; 1x Breakfast Wrap","645","2025-12-13 09:22:49","2025-12-13 09:33:34","",""
"ESPRESSO","Cyclist grey","Point of Sale","2","1x TOASTIE; 1x 4oz/Pic, Esp, Dop","616","2025-12-13 09:23:18","2025-12-13 09:33:34","",""
"ESPRESSO","Gilr glasses","Point of Sale","1","1x 6oz","423","2025-12-13 09:24:15","2025-12-13 09:31:18","",""
"ESPRESSO","","Point of Sale","1","1x Fruit Juice","145","2025-12-13 09:26:21","2025-12-13 09:28:46","",""
"ESPRESSO","Gary","Point of Sale","2","1x 16oz/Large; 1x A Sweet Muffin","363","2025-12-13 09:30:50","2025-12-13 09:36:53","",""
"ESPRESSO","","Point of Sale","1","1x 8oz/Small","265","2025-12-13 09:32:28","2025-12-13 09:36:53","",""
"ESPRESSO","Matt","Point of Sale","1","1x 16oz/Large","276","2025-12-13 09:52:08","2025-12-13 09:56:44","",""
"ESPRESSO","","Point of Sale","1","1x 6oz","224","2025-12-13 09:52:59","2025-12-13 09:56:43","",""
"ESPRESSO","","Point of Sale","2","1x Sweet Pastry; 1x 16oz/ICED MEDIUM","285","2025-12-13 09:53:35","2025-12-13 09:58:20","",""
"ESPRESSO","Matt","Point of Sale","1","1x 16oz/ICED MEDIUM","228","2025-12-13 09:54:32","2025-12-13 09:58:20","",""
"ESPRESSO","","Point of Sale","1","1x A Sweet Muffin","126","2025-12-13 10:04:35","2025-12-13 10:06:41","",""
"ESPRESSO","","Point of Sale","2","1x 12oz/Medium; 1x 16oz/ICED MEDIUM","422","2025-12-13 10:12:34","2025-12-13 10:19:36","",""
"ESPRESSO","","Point of Sale","1","1x 12oz/ICED SMALL","534","2025-12-13 10:29:00","2025-12-13 10:37:54","",""
"ESPRESSO","","Point of Sale","2","1x 16oz/ICED MEDIUM; 1x 12oz/ICED SMALL","460","2025-12-13 10:36:47","2025-12-13 10:44:27","",""
"ESPRESSO","","Point of Sale","2","1x 8oz/Small; 1x 12oz/Medium","440","2025-12-13 10:37:08","2025-12-13 10:44:28","",""
"ESPRESSO","","Point of Sale","1","1x TOASTIE","426","2025-12-13 10:47:48","2025-12-13 10:54:54","",""
"ESPRESSO","","Point of Sale","3","1x 4oz/Pic, Esp, Dop; 1x Babycino; 1x 8oz/Small","362","2025-12-13 10:48:47","2025-12-13 10:54:49","",""
"ESPRESSO","","Point of Sale","3","1x 12oz/ICED SMALL; 1x 12oz/Medium; 1x Pupacino","258","2025-12-13 10:50:34","2025-12-13 10:54:52","",""
"ESPRESSO","","Point of Sale","1","1x 8oz/Small","234","2025-12-14 05:56:07","2025-12-14 06:00:01","",""
"ESPRESSO","1585483877","Square Online","1","1x 12oz/Medium","110","2025-12-14 05:58:12","2025-12-14 06:00:02","2025-12-14 06:00:00",""
"ESPRESSO","Tom","Point of Sale","1","1x 8oz/Small","39","2025-12-14 05:59:24","2025-12-14 06:00:03","",""
"ESPRESSO","","Point of Sale","1","1x 6oz","26","2025-12-14 06:00:57","2025-12-14 06:01:23","",""
"ESPRESSO","","Point of Sale","1","1x 8oz/Small","153","2025-12-14 06:01:46","2025-12-14 06:04:19","",""
"ESPRESSO","","Point of Sale","2","1x 12oz/Medium; 1x 4oz/Pic, Esp, Dop","31","2025-12-14 06:04:16","2025-12-14 06:04:47","",""
"ESPRESSO","Alex","Point of Sale","2","1x 16oz/Large; 1x 16oz/Large","205","2025-12-14 06:07:18","2025-12-14 06:10:43","",""
"ESPRESSO","Dom","Point of Sale","2","1x ; 1x 12oz/ICED SMALL","455","2025-12-14 06:12:11","2025-12-14 06:19:46","",""
"ESPRESSO","Stu","Point of Sale","2","1x 12oz/Medium; 1x Sweet Pastry","419","2025-12-14 06:12:49","2025-12-14 06:19:48","",""
"ESPRESSO","Wally","Point of Sale","1","1x 16oz/ICED MEDIUM","514","2025-12-14 06:13:23","2025-12-14 06:21:57","",""
"ESPRESSO","Jason","Point of Sale","1","1x 12oz/ICED SMALL","389","2025-12-14 06:15:29","2025-12-14 06:21:58","",""
"ESPRESSO","","Point of Sale","1","1x 12oz/Medium","531","2025-12-14 06:16:33","2025-12-14 06:25:24","",""
"ESPRESSO","","Point of Sale","3","1x 16oz/ICED MEDIUM; 1x 12oz/Medium; 1x A Sweet Muffin","420","2025-12-14 06:18:22","2025-12-14 06:25:22","",""
"ESPRESSO","Sean","Point of Sale","1","1x 8oz/Small","178","2025-12-14 06:22:26","2025-12-14 06:25:24","",""
"ESPRESSO","Eddie","Point of Sale","1","1x 16oz/Large","302","2025-12-14 06:28:21","2025-12-14 06:33:23","",""
"ESPRESSO","","Point of Sale","2","1x 12oz/Medium; 1x 12oz/Medium","100","2025-12-14 06:36:15","2025-12-14 06:37:55","",""
"ESPRESSO","Captian","Point of Sale","1","1x 6oz","66","2025-12-14 06:37:29","2025-12-14 06:38:35","",""
"ESPRESSO","Connor","Point of Sale","1","1x 16oz/Large","30","2025-12-14 06:39:02","2025-12-14 06:39:32","",""
"ESPRESSO","Tom","Point of Sale","3","1x 500g Beans; 2x 6oz","11","2025-12-14 06:44:06","2025-12-14 06:44:17","",""
"ESPRESSO","","Point of Sale","2","2x 6oz","91","2025-12-14 06:46:21","2025-12-14 06:47:52","",""
"ESPRESSO","Linda","Point of Sale","1","1x 16oz/Large","171","2025-12-14 06:46:49","2025-12-14 06:49:40","",""
"ESPRESSO","Ryan","Point of Sale","1","1x 20oz\ICED LARGE","157","2025-12-14 06:47:09","2025-12-14 06:49:46","",""
"ESPRESSO","Damien","Point of Sale","2","1x Babycino; 1x 16oz/Large","228","2025-12-14 06:47:41","2025-12-14 06:51:29","",""
"ESPRESSO","Tim","Point of Sale","1","1x 8oz/Small","57","2025-12-14 06:50:33","2025-12-14 06:51:30","",""
"ESPRESSO","J","Point of Sale","2","1x 16oz/Large; 1x A Sweet Muffin","270","2025-12-14 06:53:08","2025-12-14 06:57:38","",""
"ESPRESSO","Logan","Point of Sale","2","1x 16oz/ICED MEDIUM; 1x 8oz/Small","375","2025-12-14 06:56:32","2025-12-14 07:02:47","",""
"ESPRESSO","Princess","Point of Sale","1","1x 12oz/Medium","429","2025-12-14 06:57:02","2025-12-14 07:04:11","",""
"ESPRESSO","Bronte","Point of Sale","1","1x 8oz/Small","453","2025-12-14 06:59:40","2025-12-14 07:07:13","",""
"ESPRESSO","Cyclist","Point of Sale","2","1x 16oz/ICED MEDIUM; 1x A Sweet Muffin","419","2025-12-14 07:00:14","2025-12-14 07:07:13","",""
"ESPRESSO","Tom","Point of Sale","2","1x 6oz; 1x 6oz","402","2025-12-14 07:01:24","2025-12-14 07:08:06","",""
"ESPRESSO","","Point of Sale","2","1x 16oz/ICED MEDIUM; 1x 12oz/Medium","206","2025-12-14 07:05:44","2025-12-14 07:09:10","",""
"ESPRESSO","Glenn","Point of Sale","2","2x 4oz/Pic, Esp, Dop","228","2025-12-14 07:06:11","2025-12-14 07:09:59","",""
"ESPRESSO","Judy","Point of Sale","4","1x 12oz/ICED SMALL; 3x Pupacino","212","2025-12-14 07:11:34","2025-12-14 07:15:06","",""
"ESPRESSO","Tim","Point of Sale","1","1x 6oz","247","2025-12-14 07:13:16","2025-12-14 07:17:23","",""
"ESPRESSO","Micheal","Point of Sale","2","1x 8oz/Small; 1x 8oz/Small","492","2025-12-14 07:13:59","2025-12-14 07:22:11","",""
"ESPRESSO","Jack","Point of Sale","2","1x 12oz/Medium; 1x 16oz/ICED MEDIUM","626","2025-12-14 07:16:30","2025-12-14 07:26:56","",""
"ESPRESSO","","Point of Sale","1","1x 16oz/ICED MEDIUM","608","2025-12-14 07:17:02","2025-12-14 07:27:10","",""
"ESPRESSO","Andy","Point of Sale","6","1x 12oz/Medium; 2x 12oz/Medium; 2x Babycino; 1x 12oz/Medium","472","2025-12-14 07:23:58","2025-12-14 07:31:50","",""
"ESPRESSO","","Point of Sale","2","1x 12oz/Medium; 1x 12oz/Medium","508","2025-12-14 07:24:35","2025-12-14 07:33:03","",""
"ESPRESSO","","Point of Sale","1","1x 16oz/ICED MEDIUM","23","2025-12-14 07:31:37","2025-12-14 07:32:00","",""
"ESPRESSO","Matt","Point of Sale","3","1x 12oz/Medium; 1x 12oz/Medium; 1x 1kg Beans","163","2025-12-14 07:34:41","2025-12-14 07:37:24","",""
"ESPRESSO","","Point of Sale","2","1x 16oz/ICED MEDIUM; 1x 500g Beans","178","2025-12-14 07:36:14","2025-12-14 07:39:12","",""
"ESPRESSO","","Point of Sale","1","1x 12oz/Medium","158","2025-12-14 07:38:35","2025-12-14 07:41:13","",""
"ESPRESSO","","Point of Sale","1","1x 6oz","110","2025-12-14 07:42:37","2025-12-14 07:44:27","",""
"ESPRESSO","","Point of Sale","1","1x 16oz/Large","64","2025-12-14 07:43:23","2025-12-14 07:44:27","",""
"ESPRESSO","Brendan","Point of Sale","2","1x 6oz; 1x 12oz/Medium","60","2025-12-14 07:45:10","2025-12-14 07:46:10","",""
"ESPRESSO","","Point of Sale","2","2x 12oz/Medium","121","2025-12-14 07:47:00","2025-12-14 07:49:01","",""
"ESPRESSO","Ryan","Point of Sale","2","1x 16oz/ICED MEDIUM; 1x 12oz/Medium","139","2025-12-14 07:49:32","2025-12-14 07:51:51","",""
"ESPRESSO","Gsf","Point of Sale","5","1x 16oz/ICED MEDIUM; 1x 8oz/Small; 1x 6oz; 1x 12oz/Medium; 1x Sweet Pastry","262","2025-12-14 07:51:07","2025-12-14 07:55:29","",""
"ESPRESSO","Dave","Point of Sale","1","1x 12oz/Medium","261","2025-12-14 07:52:42","2025-12-14 07:57:03","",""
"ESPRESSO","Rob","Point of Sale","2","1x 16oz/Large; 1x 12oz/Medium","187","2025-12-14 07:53:57","2025-12-14 07:57:04","",""
"ESPRESSO","Liam","Point of Sale","3","1x 8oz/Small; 1x 12oz/Medium; 1x 12oz/Medium","328","2025-12-14 07:54:50","2025-12-14 08:00:18","",""
"ESPRESSO","Sue","Point of Sale","1","1x 12oz/Medium","142","2025-12-14 07:58:17","2025-12-14 08:00:39","",""
"ESPRESSO","","Point of Sale","2","2x Fiji Water","96","2025-12-14 07:58:43","2025-12-14 08:00:19","",""
"ESPRESSO","","Point of Sale","2","1x 12oz/Medium; 1x 20oz\ICED LARGE","116","2025-12-14 08:04:30","2025-12-14 08:06:26","",""
"ESPRESSO","","Point of Sale","1","1x 12oz/Medium","78","2025-12-14 08:05:10","2025-12-14 08:06:28","",""
"ESPRESSO","","Point of Sale","3","1x 16oz/Large; 1x Babycino; 1x 16oz/ICED MEDIUM","66","2025-12-14 08:07:13","2025-12-14 08:08:19","",""
"ESPRESSO","","Point of Sale","3","1x 8oz/Small; 1x A Savoury Muffin; 1x 8oz/Small","208","2025-12-14 08:10:50","2025-12-14 08:14:18","",""
"ESPRESSO","","Point of Sale","2","1x 12oz/Medium; 1x 12oz/Medium","190","2025-12-14 08:13:02","2025-12-14 08:16:12","",""
"ESPRESSO","","Point of Sale","2","1x 12oz/Medium; 1x 12oz/Medium","132","2025-12-14 08:14:01","2025-12-14 08:16:13","",""
"ESPRESSO","","Point of Sale","3","1x A Sweet Muffin; 2x 12oz/Medium","62","2025-12-14 08:19:55","2025-12-14 08:20:57","",""
"ESPRESSO","","Point of Sale","1","1x 16oz/Large","95","2025-12-14 08:20:27","2025-12-14 08:22:02","",""
"ESPRESSO","","Point of Sale","2","1x 12oz/ICED SMALL; 1x 8oz/Small","126","2025-12-14 08:24:28","2025-12-14 08:26:34","",""
"ESPRESSO","","Point of Sale","5","1x TOASTIE; 1x Fruit Juice; 2x 8oz/Small; 1x Sweet Pastry","166","2025-12-14 08:26:54","2025-12-14 08:29:40","",""
"ESPRESSO","Rosie","Point of Sale","3","1x Kombucha; 1x 6oz; 1x 6oz","203","2025-12-14 08:28:00","2025-12-14 08:31:23","",""
"ESPRESSO","1088984639","Square Online","1","1x 12oz/Medium","170","2025-12-14 08:28:32","2025-12-14 08:31:22","2025-12-14 08:28:28",""
"ESPRESSO","","Point of Sale","2","1x 12oz/Medium; 1x 16oz/ICED MEDIUM","102","2025-12-14 08:29:42","2025-12-14 08:31:24","",""
"ESPRESSO","","Point of Sale","2","1x 4oz/Pic, Esp, Dop; 1x 8oz/Small","248","2025-12-14 08:34:07","2025-12-14 08:38:15","",""
"ESPRESSO","","Point of Sale","2","1x 20oz\ICED LARGE; 1x 16oz/ICED MEDIUM","198","2025-12-14 08:40:36","2025-12-14 08:43:54","",""
"ESPRESSO","","Point of Sale","1","1x 8oz/Small","108","2025-12-14 08:46:23","2025-12-14 08:48:11","",""
"ESPRESSO","","Point of Sale","4","1x 20oz\ICED LARGE; 1x Plain Croissant; 1x 12oz/ICED SMALL; 1x Babycino","40","2025-12-14 08:47:32","2025-12-14 08:48:12","",""
"ESPRESSO","","Point of Sale","6","2x Babycino; 1x Fiji Water; 1x Plain Croissant; 1x 16oz/Large; 1x 12oz/Medium","125","2025-12-14 08:53:10","2025-12-14 08:55:15","",""
"ESPRESSO","","Point of Sale","2","1x 16oz/ICED MEDIUM; 1x 16oz/ICED MEDIUM","161","2025-12-14 08:54:04","2025-12-14 08:56:45","",""
"ESPRESSO","","Point of Sale","2","1x 8oz/Small; 1x Breakfast Wrap","129","2025-12-14 08:54:38","2025-12-14 08:56:47","",""
"ESPRESSO","Hkt pink tshjjrt","Point of Sale","3","1x 20oz\ICED LARGE; 1x 12oz/ICED SMALL; 1x TOASTIE","226","2025-12-14 08:56:20","2025-12-14 09:00:06","",""
"ESPRESSO","","Point of Sale","2","1x 6oz; 1x 6oz","127","2025-12-14 08:58:29","2025-12-14 09:00:36","",""
"ESPRESSO","","Point of Sale","1","1x Plain Croissant","6","2025-12-14 08:59:15","2025-12-14 08:59:21","",""
"ESPRESSO","","Point of Sale","2","1x 12oz/Medium; 1x BUTTERBOY","112","2025-12-14 09:01:00","2025-12-14 09:02:52","",""
"ESPRESSO","","Point of Sale","2","1x 12oz/Medium; 1x 12oz/Medium","74","2025-12-14 09:03:21","2025-12-14 09:04:35","",""
"ESPRESSO","White skirt","Point of Sale","2","1x A Sweet Muffin; 1x 12oz/Medium","96","2025-12-14 09:05:45","2025-12-14 09:07:21","",""
"ESPRESSO","Mochelle","Point of Sale","1","1x 8oz/Small","165","2025-12-14 09:06:13","2025-12-14 09:08:58","",""
"ESPRESSO","","Point of Sale","2","1x Babycino; 1x 12oz/Medium","6","2025-12-14 09:09:23","2025-12-14 09:09:29","",""
"ESPRESSO","","Point of Sale","1","1x Fiji Water","28","2025-12-14 09:15:50","2025-12-14 09:16:18","",""
"ESPRESSO","Grey tshirr","Point of Sale","1","1x 12oz/Medium","44","2025-12-14 09:17:25","2025-12-14 09:18:09","",""
"ESPRESSO","Dine ins","Point of Sale","3","1x 8oz/Small; 1x 12oz/Medium; 1x 16oz/ICED MEDIUM","224","2025-12-14 09:19:33","2025-12-14 09:23:17","",""
"ESPRESSO","","Point of Sale","1","1x 12oz/Medium","431","2025-12-14 09:23:57","2025-12-14 09:31:08","","2025-12-13T23:31:00.000Z"
"ESPRESSO","","Point of Sale","3","1x BUTTERBOY; 1x 16oz/ICED MEDIUM; 1x 16oz/ICED MEDIUM","103","2025-12-14 09:24:53","2025-12-14 09:26:36","",""
"ESPRESSO","Brlwn top","Point of Sale","1","1x 12oz/ICED SMALL","33","2025-12-14 09:26:07","2025-12-14 09:26:40","",""
"ESPRESSO","Dom","Point of Sale","1","1x 8oz/Small","77","2025-12-14 09:26:25","2025-12-14 09:27:42","",""
"ESPRESSO","","Point of Sale","1","1x 20oz\ICED LARGE","54","2025-12-14 09:29:27","2025-12-14 09:30:21","",""
"ESPRESSO","","Point of Sale","6","2x Pupacino; 1x TOASTIE; 1x 12oz/Medium; 1x 20oz\ICED LARGE; 1x 20oz\ICED LARGE","510","2025-12-14 09:38:27","2025-12-14 09:46:57","",""
"ESPRESSO","","Point of Sale","1","1x Kombucha","478","2025-12-14 09:38:55","2025-12-14 09:46:53","",""
"ESPRESSO","","Point of Sale","1","1x Fruit Juice","385","2025-12-14 09:40:53","2025-12-14 09:47:18","",""
"ESPRESSO","Michael","Point of Sale","2","1x 12oz/Medium; 1x 12oz/Medium","464","2025-12-14 09:44:21","2025-12-14 09:52:05","",""
"ESPRESSO","Striped shirt amd cap","Point of Sale","3","2x 12oz/ICED SMALL; 1x 8oz/Small","340","2025-12-14 09:46:27","2025-12-14 09:52:07","",""
"ESPRESSO","White top and cap","Point of Sale","1","1x BUTTERBOY","511","2025-12-14 09:46:46","2025-12-14 09:55:17","",""
"ESPRESSO","","Point of Sale","2","1x 12oz/ICED SMALL; 1x BUTTERBOY","471","2025-12-14 09:48:14","2025-12-14 09:56:05","",""
"ESPRESSO","Pibk akirt","Point of Sale","4","1x A Sweet Muffin; 1x 16oz/Large; 1x A Sweet Muffin; 1x 16oz/Large","1027","2025-12-14 09:53:11","2025-12-14 10:10:18","",""
"ESPRESSO","","Point of Sale","1","1x TOASTIE","214","2025-12-14 10:06:46","2025-12-14 10:10:20","",""
"ESPRESSO","","Point of Sale","3","1x 12oz/ICED SMALL; 1x Babycino; 1x 6oz","190","2025-12-14 10:10:11","2025-12-14 10:13:21","",""
"ESPRESSO","","Point of Sale","2","1x 12oz/Medium; 1x 12oz/Medium","395","2025-12-14 10:14:25","2025-12-14 10:21:00","",""
"ESPRESSO","","Point of Sale","1","1x 16oz/Large","225","2025-12-14 10:17:45","2025-12-14 10:21:30","",""
"ESPRESSO","","Point of Sale","1","1x 16oz/Large","202","2025-12-14 10:18:47","2025-12-14 10:22:09","",""
"ESPRESSO","","Point of Sale","1","1x 8oz/Small","104","2025-12-14 10:22:02","2025-12-14 10:23:46","",""
"ESPRESSO","","Point of Sale","1","1x 12oz/Medium","139","2025-12-14 10:26:45","2025-12-14 10:29:04","",""
"ESPRESSO","","Point of Sale","1","1x 12oz/Medium","111","2025-12-14 10:27:16","2025-12-14 10:29:07","",""
"ESPRESSO","","Point of Sale","2","1x 16oz/ICED MEDIUM; 1x 20oz\ICED LARGE","277","2025-12-14 10:27:58","2025-12-14 10:32:35","",""
"ESPRESSO","","Point of Sale","2","1x 16oz/Large; 1x 12oz/ICED SMALL","225","2025-12-14 10:28:50","2025-12-14 10:32:35","",""
"ESPRESSO","","Point of Sale","2","2x 20oz\ICED LARGE","330","2025-12-14 10:32:08","2025-12-14 10:37:38","",""
"ESPRESSO","","Point of Sale","4","1x 16oz/ICED MEDIUM; 1x 8oz/Small; 2x Babycino","220","2025-12-14 10:40:35","2025-12-14 10:44:15","",""
"ESPRESSO","","Point of Sale","1","1x 8oz/Small","340","2025-12-14 10:51:07","2025-12-14 10:56:47","",""
"ESPRESSO","","Point of Sale","1","1x 12oz/Medium","264","2025-12-14 10:52:24","2025-12-14 10:56:48","",""
"ESPRESSO","","Point of Sale","2","1x 16oz/Large; 1x A Sweet Muffin","150","2025-12-14 10:54:18","2025-12-14 10:56:48","",""
"ESPRESSO","","Point of Sale","2","2x 16oz/ICED MEDIUM","62964","2025-12-14 11:10:47","2025-12-15 04:40:11","",""
"ESPRESSO","","Point of Sale","1","1x A Cookie","62929","2025-12-14 11:11:22","2025-12-15 04:40:11","",""
"ESPRESSO","","Point of Sale","2","2x 4oz/Pic, Esp, Dop","2046","2025-12-15 04:52:49","2025-12-15 05:26:55","",""
"ESPRESSO","","Point of Sale","1","1x A Sweet Muffin","1207","2025-12-15 05:06:48","2025-12-15 05:26:55","",""
"ESPRESSO","","Point of Sale","1","1x 12oz/Medium","1133","2025-12-15 05:08:02","2025-12-15 05:26:55","",""
"ESPRESSO","","Point of Sale","1","1x 8oz/Small","554","2025-12-15 05:17:42","2025-12-15 05:26:56","",""
"ESPRESSO","","Point of Sale","1","1x 12oz/Medium","374","2025-12-15 05:20:43","2025-12-15 05:26:57","",""
"ESPRESSO","","Point of Sale","1","1x 6oz","324","2025-12-15 05:21:34","2025-12-15 05:26:58","",""
"ESPRESSO","","Point of Sale","1","1x 16oz/Large","348","2025-12-15 05:32:54","2025-12-15 05:38:42","",""
"ESPRESSO","","Point of Sale","1","1x 16oz/Large","271","2025-12-15 05:34:11","2025-12-15 05:38:42","",""
"ESPRESSO","Singlet","Point of Sale","1","1x 12oz/Medium","597","2025-12-15 05:37:31","2025-12-15 05:47:28","",""
"ESPRESSO","","Point of Sale","2","1x 20oz\ICED LARGE; 1x 20oz\ICED LARGE","407","2025-12-15 05:43:37","2025-12-15 05:50:24","",""
"ESPRESSO","","Point of Sale","1","1x 8oz/Small","101","2025-12-15 05:51:08","2025-12-15 05:52:49","",""
"ESPRESSO","","Point of Sale","1","1x 16oz/ICED MEDIUM","327","2025-12-15 05:56:58","2025-12-15 06:02:25","",""
"ESPRESSO","","Point of Sale","1","1x 8oz/Small","110","2025-12-15 06:00:36","2025-12-15 06:02:26","",""
"ESPRESSO","","Point of Sale","3","1x 12oz/Medium; 1x 12oz/Medium; 1x 12oz/Medium","421","2025-12-15 06:07:07","2025-12-15 06:14:08","",""
"ESPRESSO","Blondie","Point of Sale","1","1x 16oz/ICED MEDIUM","393","2025-12-15 06:07:34","2025-12-15 06:14:07","",""
"ESPRESSO","Gym dude black singlet","Point of Sale","3","1x 12oz/Medium; 1x 12oz/Medium; 1x 12oz/Medium","343","2025-12-15 06:08:25","2025-12-15 06:14:08","",""
"ESPRESSO","David","Point of Sale","1","1x 12oz/Medium","360","2025-12-15 06:12:36","2025-12-15 06:18:36","",""
"ESPRESSO","","Point of Sale","1","1x 6oz","327","2025-12-15 06:13:09","2025-12-15 06:18:36","",""
"ESPRESSO","Mel","Point of Sale","1","1x ","276","2025-12-15 06:14:01","2025-12-15 06:18:37","",""
"ESPRESSO","Worker","Point of Sale","1","1x 12oz/Medium","238","2025-12-15 06:14:39","2025-12-15 06:18:37","",""
"ESPRESSO","Tall dude","Point of Sale","2","1x 20oz\ICED LARGE; 1x 16oz/Large","308","2025-12-15 06:17:39","2025-12-15 06:22:47","",""
"ESPRESSO","","Point of Sale","2","1x 12oz/Medium; 1x 12oz/Medium","198","2025-12-15 06:19:30","2025-12-15 06:22:48","",""
"ESPRESSO","Blue tshirt","Point of Sale","1","1x 8oz/Small","202","2025-12-15 06:20:23","2025-12-15 06:23:45","",""
"ESPRESSO","","Point of Sale","3","1x 8oz/Small; 1x Sweet Pastry; 1x ","437","2025-12-15 06:27:48","2025-12-15 06:35:05","",""
"ESPRESSO","Black singlet","Point of Sale","1","1x 16oz/ICED MEDIUM","389","2025-12-15 06:30:13","2025-12-15 06:36:42","",""
"ESPRESSO","Grey single","Point of Sale","3","2x Pupacino; 1x 12oz/ICED SMALL","414","2025-12-15 06:30:45","2025-12-15 06:37:39","",""
"ESPRESSO","Tatoo girl","Point of Sale","1","1x 6oz","385","2025-12-15 06:31:13","2025-12-15 06:37:38","",""
"ESPRESSO","","Point of Sale","1","1x 8oz/Small","384","2025-12-15 06:34:03","2025-12-15 06:40:27","",""
"ESPRESSO","","Point of Sale","1","1x 12oz/Medium","364","2025-12-15 06:34:23","2025-12-15 06:40:27","",""
"ESPRESSO","Blue dress","Point of Sale","1","1x 12oz/ICED SMALL","231","2025-12-15 06:36:37","2025-12-15 06:40:28","",""
"ESPRESSO","","Point of Sale","1","1x 8oz/Small","86","2025-12-15 06:56:33","2025-12-15 06:57:59","",""
"ESPRESSO","","Point of Sale","6","1x 20oz\ICED LARGE; 1x 12oz/Medium; 2x Babycino; 1x 12oz/Medium; 1x 12oz/Medium","153","2025-12-15 07:00:56","2025-12-15 07:03:29","",""
"ESPRESSO","Apl","Point of Sale","2","1x 16oz/Large; 1x 12oz/Medium","440","2025-12-15 07:01:23","2025-12-15 07:08:43","",""
"ESPRESSO","Physio","Point of Sale","2","1x 12oz/ICED SMALL; 1x 12oz/Medium","354","2025-12-15 07:02:50","2025-12-15 07:08:44","",""
"ESPRESSO","","Point of Sale","3","2x 6oz; 1x Babycino","187","2025-12-15 07:14:11","2025-12-15 07:17:18","",""
"ESPRESSO","","Point of Sale","1","1x 8oz/Small","160","2025-12-15 07:14:39","2025-12-15 07:17:19","",""
"ESPRESSO","","Point of Sale","2","1x Breakfast Wrap; 1x 12oz/ICED SMALL","154","2025-12-15 07:16:44","2025-12-15 07:19:18","",""
"ESPRESSO","","Point of Sale","1","1x 16oz/Large","83","2025-12-15 07:17:55","2025-12-15 07:19:18","",""
"ESPRESSO","","Point of Sale","2","2x 500g Beans","255","2025-12-15 07:34:26","2025-12-15 07:38:41","",""
"ESPRESSO","","Point of Sale","3","1x Ham And Cheese Croissant; 1x TOASTIE; 1x 16oz/ICED MEDIUM","590","2025-12-15 07:35:50","2025-12-15 07:45:40","",""
"ESPRESSO","","Point of Sale","1","1x 12oz/Medium","357","2025-12-15 07:39:44","2025-12-15 07:45:41","",""
"ESPRESSO","","Point of Sale","2","1x 8oz/Small; 1x BUTTERBOY","228","2025-12-15 07:41:53","2025-12-15 07:45:41","",""
"ESPRESSO","Glasses dude","Point of Sale","2","1x Sweet Pastry; 1x 8oz/Small","247","2025-12-15 07:44:32","2025-12-15 07:48:39","",""
"ESPRESSO","Christmas shirt","Point of Sale","1","1x 16oz/ICED MEDIUM","186","2025-12-15 07:45:33","2025-12-15 07:48:39","",""
"ESPRESSO","","Point of Sale","1","1x 16oz/Large","112","2025-12-15 07:49:23","2025-12-15 07:51:15","",""
"ESPRESSO","","Point of Sale","2","1x 16oz/ICED MEDIUM; 1x 12oz/Medium","273","2025-12-15 07:55:56","2025-12-15 08:00:29","",""
"ESPRESSO","Pink top","Point of Sale","1","1x 16oz/Large","159","2025-12-15 07:57:50","2025-12-15 08:00:29","",""
"ESPRESSO","Oldie","Point of Sale","1","1x 16oz/Large","293","2025-12-15 08:01:38","2025-12-15 08:06:31","",""
"ESPRESSO","","Point of Sale","1","1x 12oz/Medium","222","2025-12-15 08:09:21","2025-12-15 08:13:03","",""
"ESPRESSO","","Point of Sale","1","1x 8oz/Small","206","2025-12-15 08:09:39","2025-12-15 08:13:05","",""
"ESPRESSO","Business","Point of Sale","1","1x 16oz/Large","172","2025-12-15 08:10:13","2025-12-15 08:13:05","",""
"ESPRESSO","","Point of Sale","2","1x 8oz/Small; 1x Sweet Pastry","217","2025-12-15 08:14:44","2025-12-15 08:18:21","",""
"ESPRESSO","Bi","Point of Sale","1","1x 12oz/Medium","169","2025-12-15 08:15:33","2025-12-15 08:18:22","",""
"ESPRESSO","Glasses girk","Point of Sale","1","1x 12oz/ICED SMALL","381","2025-12-15 08:18:27","2025-12-15 08:24:48","",""
"ESPRESSO","Marrom shirt dude","Point of Sale","3","1x 12oz/Medium; 1x 12oz/Medium; 1x 8oz/Small","539","2025-12-15 08:20:42","2025-12-15 08:29:41","",""
"ESPRESSO","White hat dude","Point of Sale","3","1x 12oz/Medium; 1x 16oz/Large; 1x Breakfast Wrap","660","2025-12-15 08:21:12","2025-12-15 08:32:12","",""
"ESPRESSO","Grey singlet dude","Point of Sale","1","1x 16oz/ICED MEDIUM","634","2025-12-15 08:21:39","2025-12-15 08:32:13","",""
"ESPRESSO","","Point of Sale","1","1x 16oz/Large","286","2025-12-15 08:29:29","2025-12-15 08:34:15","",""
"ESPRESSO","Grey hair dude singlet","Point of Sale","1","1x 8oz/Small","326","2025-12-15 08:31:37","2025-12-15 08:37:03","",""
"ESPRESSO","Rob","Point of Sale","2","1x 16oz/Large; 1x 12oz/Medium","246","2025-12-15 08:32:58","2025-12-15 08:37:04","",""
"ESPRESSO","","Point of Sale","1","1x 12oz/ICED SMALL","264","2025-12-15 08:35:38","2025-12-15 08:40:02","",""
"ESPRESSO","","Point of Sale","1","1x 20oz\ICED LARGE","345","2025-12-15 08:39:39","2025-12-15 08:45:24","",""
"ESPRESSO","","Point of Sale","2","1x A Sweet Muffin; 1x 12oz/ICED SMALL","308","2025-12-15 08:42:38","2025-12-15 08:47:46","",""
"ESPRESSO","","Point of Sale","2","1x A Sweet Muffin; 1x 8oz/Small","180","2025-12-15 08:44:47","2025-12-15 08:47:47","",""
"ESPRESSO","","Point of Sale","1","1x 8oz/Small","142","2025-12-15 08:45:25","2025-12-15 08:47:47","",""
"ESPRESSO","","Point of Sale","2","1x 12oz/Medium; 1x 12oz/Medium","143","2025-12-15 09:19:28","2025-12-15 09:21:51","",""
"ESPRESSO","","Point of Sale","1","1x 12oz/ICED SMALL","110","2025-12-15 09:20:02","2025-12-15 09:21:52","",""
"ESPRESSO","","Point of Sale","1","1x 8oz/Small","331","2025-12-15 09:21:49","2025-12-15 09:27:20","",""
"ESPRESSO","","Point of Sale","1","1x 4oz/Pic, Esp, Dop","272","2025-12-15 09:22:48","2025-12-15 09:27:20","",""
"ESPRESSO","","Point of Sale","1","1x 12oz/Medium","149","2025-12-15 09:24:52","2025-12-15 09:27:21","",""
"ESPRESSO","","Point of Sale","1","1x 12oz/ICED SMALL","53","2025-12-15 09:26:29","2025-12-15 09:27:22","",""
"ESPRESSO","","Point of Sale","1","1x 8oz/Small","85","2025-12-15 09:27:25","2025-12-15 09:28:50","",""
"ESPRESSO","","Point of Sale","1","1x 16oz/ICED MEDIUM","47","2025-12-15 09:28:03","2025-12-15 09:28:50","",""
"ESPRESSO","","Point of Sale","1","1x 8oz/Small","271","2025-12-15 09:39:33","2025-12-15 09:44:04","",""
"ESPRESSO","","Point of Sale","1","1x 20oz\ICED LARGE","596","2025-12-15 09:43:23","2025-12-15 09:53:19","",""
"ESPRESSO","","Point of Sale","3","1x 12oz/ICED SMALL; 1x TOASTIE; 1x 8oz/Small","507","2025-12-15 09:44:53","2025-12-15 09:53:20","",""
"ESPRESSO","","Point of Sale","2","1x 4oz/Pic, Esp, Dop; 1x 12oz/Medium","319","2025-12-15 09:48:02","2025-12-15 09:53:21","",""
"ESPRESSO","","Point of Sale","1","1x 12oz/ICED SMALL","588","2025-12-15 09:55:53","2025-12-15 10:05:41","",""
"ESPRESSO","","Point of Sale","1","1x 16oz/ICED MEDIUM","104","2025-12-15 10:04:02","2025-12-15 10:05:46","",""
"ESPRESSO","","Point of Sale","1","1x 12oz/ICED SMALL","185","2025-12-15 10:56:55","2025-12-15 11:00:00","",""
"ESPRESSO","","Point of Sale","1","1x 12oz/Medium","67","2025-12-15 10:58:53","2025-12-15 11:00:00","",""
"ESPRESSO","","Point of Sale","1","1x 12oz/Medium","57252","2025-12-15 13:04:02","2025-12-16 04:58:14","",""
"ESPRESSO","","Point of Sale","2","2x 12oz/ICED SMALL","56697","2025-12-15 13:13:18","2025-12-16 04:58:15","",""
"ESPRESSO","","Point of Sale","2","1x BUTTERBOY; 1x 12oz/ICED SMALL","55645","2025-12-15 13:30:50","2025-12-16 04:58:15","",""
"ESPRESSO","","Point of Sale","1","1x 8oz/Small","55564","2025-12-15 13:32:11","2025-12-16 04:58:15","",""
"ESPRESSO","","Point of Sale","1","1x 250g Beans","56063","2025-12-15 13:34:38","2025-12-16 05:09:01","",""
"ESPRESSO","","Point of Sale","2","2x 4oz/Pic, Esp, Dop","886","2025-12-16 04:54:17","2025-12-16 05:09:03","",""
"ESPRESSO","","Point of Sale","1","1x 16oz/ICED MEDIUM","1086","2025-12-16 05:11:26","2025-12-16 05:29:32","",""
"ESPRESSO","","Point of Sale","1","1x 12oz/Medium","626","2025-12-16 05:19:07","2025-12-16 05:29:33","",""
"ESPRESSO","","Point of Sale","2","1x 16oz/Large; 1x 16oz/Large","116","2025-12-16 05:45:44","2025-12-16 05:47:40","",""
"ESPRESSO","","Point of Sale","2","1x 12oz/Medium; 1x 12oz/Medium","356","2025-12-16 05:47:01","2025-12-16 05:52:57","",""
"ESPRESSO","","Point of Sale","2","1x 20oz\ICED LARGE; 1x 16oz/ICED MEDIUM","295","2025-12-16 05:52:05","2025-12-16 05:57:00","",""
"ESPRESSO","","Point of Sale","2","1x Breakfast Wrap; 1x A Sweet Muffin","397","2025-12-16 05:54:38","2025-12-16 06:01:15","",""
"ESPRESSO","","Point of Sale","1","1x 16oz/Large","397","2025-12-16 05:55:19","2025-12-16 06:01:56","",""
"ESPRESSO","Schlong","Point of Sale","1","1x 6oz","584","2025-12-16 05:56:24","2025-12-16 06:06:08","",""
"ESPRESSO","","Point of Sale","1","1x 12oz/Medium","478","2025-12-16 05:58:11","2025-12-16 06:06:09","",""
"ESPRESSO","","Point of Sale","1","1x 12oz/Medium","181","2025-12-16 06:07:53","2025-12-16 06:10:54","",""
"ESPRESSO","","Point of Sale","4","3x Pupacino; 1x 12oz/ICED SMALL","428","2025-12-16 06:10:24","2025-12-16 06:17:32","",""
"ESPRESSO","","Point of Sale","1","1x 16oz/ICED MEDIUM","201","2025-12-16 06:14:11","2025-12-16 06:17:32","",""
"ESPRESSO","","Point of Sale","5","3x 8oz/Small; 1x 8oz/Small; 1x 12oz/ICED SMALL","634","2025-12-16 06:21:27","2025-12-16 06:32:01","",""
"ESPRESSO","Karwn and mel","Point of Sale","2","1x 12oz/Medium; 1x 12oz/ICED SMALL","544","2025-12-16 06:22:58","2025-12-16 06:32:02","",""
"ESPRESSO","Rach","Point of Sale","1","1x 16oz/ICED MEDIUM","513","2025-12-16 06:23:30","2025-12-16 06:32:03","",""
"ESPRESSO","Orangw","Point of Sale","1","1x 12oz/Medium","298","2025-12-16 06:27:10","2025-12-16 06:32:08","",""
"ESPRESSO","","Point of Sale","1","1x 20oz\ICED LARGE","285","2025-12-16 06:31:37","2025-12-16 06:36:22","",""
"ESPRESSO","","Point of Sale","1","1x 16oz/Large","216","2025-12-16 06:33:57","2025-12-16 06:37:33","",""
"ESPRESSO","","Point of Sale","1","1x 16oz/Large","121","2025-12-16 06:35:33","2025-12-16 06:37:34","",""
"ESPRESSO","","Point of Sale","2","1x 20oz\ICED LARGE; 1x 20oz\ICED LARGE","266","2025-12-16 06:36:15","2025-12-16 06:40:41","",""
"ESPRESSO","","Point of Sale","1","1x 6oz","165","2025-12-16 06:37:56","2025-12-16 06:40:41","",""
"ESPRESSO","","Point of Sale","1","1x 8oz/Small","615","2025-12-16 06:38:18","2025-12-16 06:48:33","",""
"ESPRESSO","","Point of Sale","1","1x 8oz/Small","581","2025-12-16 06:38:53","2025-12-16 06:48:34","",""
"ESPRESSO","","Point of Sale","4","1x 8oz/Small; 1x 8oz/Small; 2x Babycino","372","2025-12-16 06:50:25","2025-12-16 06:56:37","",""
"ESPRESSO","","Point of Sale","1","1x 8oz/Small","134","2025-12-16 06:55:28","2025-12-16 06:57:42","",""
"ESPRESSO","","Point of Sale","2","1x A Sweet Muffin; 1x 16oz/Large","111","2025-12-16 06:55:52","2025-12-16 06:57:43","",""
"ESPRESSO","","Point of Sale","1","1x 12oz/Medium","133","2025-12-16 06:56:12","2025-12-16 06:58:25","",""
"ESPRESSO","","Point of Sale","1","1x 16oz/ICED MEDIUM","148","2025-12-16 07:00:47","2025-12-16 07:03:15","",""
"ESPRESSO","","Point of Sale","1","1x 12oz/Medium","96","2025-12-16 07:01:39","2025-12-16 07:03:15","",""
"ESPRESSO","","Point of Sale","1","1x 12oz/Medium","206","2025-12-16 07:15:35","2025-12-16 07:19:01","",""
"ESPRESSO","","Point of Sale","1","1x 16oz/Large","361","2025-12-16 07:30:42","2025-12-16 07:36:43","",""
"ESPRESSO","","Point of Sale","3","1x 16oz/ICED MEDIUM; 1x Plain Croissant; 1x 16oz/Large","206","2025-12-16 07:35:59","2025-12-16 07:39:25","",""
"ESPRESSO","","Point of Sale","1","1x 16oz/ICED MEDIUM","171","2025-12-16 07:36:34","2025-12-16 07:39:25","",""
"ESPRESSO","","Point of Sale","2","1x 12oz/ICED SMALL; 1x 6oz","90","2025-12-16 07:39:21","2025-12-16 07:40:51","",""
"ESPRESSO","","Point of Sale","1","1x Fruit Juice","28","2025-12-16 07:43:02","2025-12-16 07:43:30","",""
"ESPRESSO","","Point of Sale","1","1x 16oz/Large","405","2025-12-16 07:45:25","2025-12-16 07:52:10","",""
"ESPRESSO","","Point of Sale","3","1x 12oz/ICED SMALL; 1x 20oz\ICED LARGE; 1x Babycino","143","2025-12-16 08:06:47","2025-12-16 08:09:10","",""
"ESPRESSO","","Point of Sale","1","1x 4oz/Pic, Esp, Dop","116","2025-12-16 08:07:13","2025-12-16 08:09:09","",""
"ESPRESSO","","Point of Sale","1","1x 16oz/ICED MEDIUM","409","2025-12-16 08:07:46","2025-12-16 08:14:35","",""
"ESPRESSO","","Point of Sale","4","2x 16oz/Large; 1x 16oz/ICED MEDIUM; 1x TOASTIE","362","2025-12-16 08:09:46","2025-12-16 08:15:48","",""
"ESPRESSO","","Point of Sale","1","1x 8oz/Small","342","2025-12-16 08:10:08","2025-12-16 08:15:50","",""
"ESPRESSO","","Point of Sale","1","1x 6oz","344","2025-12-16 08:12:46","2025-12-16 08:18:30","",""
"ESPRESSO","","Point of Sale","3","1x 12oz/ICED SMALL; 1x 12oz/ICED SMALL; 1x Pupacino","269","2025-12-16 08:14:02","2025-12-16 08:18:31","",""
"ESPRESSO","","Point of Sale","2","1x 16oz/Large; 1x A Sweet Muffin","174","2025-12-16 08:16:27","2025-12-16 08:19:21","",""
"ESPRESSO","","Point of Sale","1","1x 12oz/ICED SMALL","137","2025-12-16 08:17:04","2025-12-16 08:19:21","",""
"ESPRESSO","","Point of Sale","1","1x 16oz/Large","248","2025-12-16 08:20:13","2025-12-16 08:24:21","",""
"ESPRESSO","","Point of Sale","1","1x 12oz/Medium","345","2025-12-16 08:20:38","2025-12-16 08:26:23","",""
"ESPRESSO","","Point of Sale","1","1x 12oz/Medium","322","2025-12-16 08:21:01","2025-12-16 08:26:23","",""
"ESPRESSO","","Point of Sale","1","1x 12oz/Medium","314","2025-12-16 08:22:11","2025-12-16 08:27:25","",""
"ESPRESSO","","Point of Sale","2","1x 8oz/Small; 1x Babycino","265","2025-12-16 08:30:32","2025-12-16 08:34:57","",""
"ESPRESSO","","Point of Sale","2","1x 8oz/Small; 1x 8oz/Small","190","2025-12-16 08:34:17","2025-12-16 08:37:27","",""
"ESPRESSO","","Point of Sale","4","2x 12oz/Medium; 1x 12oz/Medium; 1x 12oz/Medium","331","2025-12-16 08:37:08","2025-12-16 08:42:39","",""
"ESPRESSO","","Point of Sale","1","1x Breakfast Wrap","296","2025-12-16 08:37:46","2025-12-16 08:42:42","",""
"ESPRESSO","","Point of Sale","2","1x 16oz/ICED MEDIUM; 1x 16oz/ICED MEDIUM","180","2025-12-16 08:42:17","2025-12-16 08:45:17","",""
"ESPRESSO","","Point of Sale","1","1x 16oz/Large","153","2025-12-16 08:42:45","2025-12-16 08:45:18","",""
"ESPRESSO","","Point of Sale","2","1x 12oz/ICED SMALL; 1x A Sweet Muffin","119","2025-12-16 08:43:19","2025-12-16 08:45:18","",""
"ESPRESSO","","Point of Sale","1","1x 12oz/Medium","138","2025-12-16 08:46:09","2025-12-16 08:48:27","",""
"ESPRESSO","","Point of Sale","1","1x 6oz","407","2025-12-16 08:51:04","2025-12-16 08:57:51","",""
"ESPRESSO","","Point of Sale","2","2x 20oz\ICED LARGE","344","2025-12-16 08:52:07","2025-12-16 08:57:51","",""
"ESPRESSO","","Point of Sale","3","2x 6oz; 1x Babycino","120","2025-12-16 08:55:52","2025-12-16 08:57:52","",""
"ESPRESSO","","Point of Sale","4","1x 16oz/ICED MEDIUM; 1x Babycino; 1x A Sweet Muffin; 1x 12oz/ICED SMALL","111","2025-12-16 08:57:35","2025-12-16 08:59:26","",""
"ESPRESSO","","Point of Sale","1","1x 16oz/Large","178","2025-12-16 08:57:53","2025-12-16 09:00:51","",""
"ESPRESSO","","Point of Sale","1","1x 12oz/Medium","167","2025-12-16 08:58:04","2025-12-16 09:00:51","",""
"ESPRESSO","","Point of Sale","2","1x BUTTERBOY; 1x 16oz/Large","211","2025-12-16 08:58:17","2025-12-16 09:01:48","",""
"ESPRESSO","","Point of Sale","1","1x 8oz/Small","459","2025-12-16 08:59:56","2025-12-16 09:07:35","",""
"ESPRESSO","","Point of Sale","2","1x 16oz/ICED MEDIUM; 1x 16oz/ICED MEDIUM","274","2025-12-16 09:03:01","2025-12-16 09:07:35","",""
"ESPRESSO","","Point of Sale","1","1x 16oz/ICED MEDIUM","446","2025-12-16 09:17:10","2025-12-16 09:24:36","",""
"ESPRESSO","","Point of Sale","1","1x 12oz/Medium","342","2025-12-16 09:18:54","2025-12-16 09:24:36","",""
"ESPRESSO","","Point of Sale","1","1x 8oz/Small","120","2025-12-16 09:22:37","2025-12-16 09:24:37","",""
"ESPRESSO","","Point of Sale","1","1x 12oz/ICED SMALL","92","2025-12-16 09:23:06","2025-12-16 09:24:38","",""
"ESPRESSO","","Point of Sale","1","1x 16oz/ICED MEDIUM","172","2025-12-16 09:27:25","2025-12-16 09:30:17","",""
"ESPRESSO","","Point of Sale","1","1x 12oz/ICED SMALL","322","2025-12-16 09:42:07","2025-12-16 09:47:29","",""
"ESPRESSO","","Point of Sale","4","2x Ham And Cheese Croissant; 1x 12oz/Medium; 1x 8oz/Small","290","2025-12-16 09:42:38","2025-12-16 09:47:28","",""
"ESPRESSO","","Point of Sale","2","1x 12oz/Medium; 1x 12oz/Medium","280","2025-12-16 09:46:11","2025-12-16 09:50:51","",""
"ESPRESSO","","Point of Sale","1","1x 16oz/Large","211","2025-12-16 09:47:21","2025-12-16 09:50:52","",""
"ESPRESSO","","Point of Sale","2","1x 16oz/Large; 1x Plain Croissant","629","2025-12-16 09:53:10","2025-12-16 10:03:39","",""
"ESPRESSO","","Point of Sale","1","1x 12oz/ICED SMALL","148","2025-12-16 10:01:09","2025-12-16 10:03:37","",""
"ESPRESSO","","Point of Sale","1","1x 12oz/ICED SMALL","130","2025-12-16 10:01:30","2025-12-16 10:03:40","",""
"ESPRESSO","Hkorse shirt","Point of Sale","1","1x 8oz/Small","189","2025-12-16 10:03:11","2025-12-16 10:06:20","",""
"ESPRESSO","Ehite shirt","Point of Sale","1","1x 8oz/Small","163","2025-12-16 10:03:37","2025-12-16 10:06:20","",""
"ESPRESSO","","Point of Sale","1","1x ","145","2025-12-16 10:03:55","2025-12-16 10:06:20","",""
"ESPRESSO","","Point of Sale","1","1x 12oz/ICED SMALL","338","2025-12-16 10:10:30","2025-12-16 10:16:08","",""
"ESPRESSO","","Point of Sale","3","1x 12oz/ICED SMALL; 1x 12oz/ICED SMALL; 1x Sweet Pastry","320","2025-12-16 11:15:17","2025-12-16 11:20:37","",""
"ESPRESSO","","Point of Sale","2","1x Famous Soda; 1x 16oz/ICED MEDIUM","284","2025-12-16 11:15:54","2025-12-16 11:20:38","",""
"ESPRESSO","","Point of Sale","2","1x 16oz/ICED MEDIUM; 1x 20oz\ICED LARGE","1085","2025-12-16 11:17:10","2025-12-16 11:35:15","",""
"ESPRESSO","","Point of Sale","1","1x TOASTIE","1070","2025-12-16 11:17:25","2025-12-16 11:35:15","",""
"ESPRESSO","","Point of Sale","1","1x 16oz/Large","164","2025-12-16 12:10:36","2025-12-16 12:13:20","",""
"ESPRESSO","","Point of Sale","1","1x 12oz/ICED SMALL","309","2025-12-16 12:20:40","2025-12-16 12:25:49","",""
"ESPRESSO","","Point of Sale","1","1x 12oz/Medium","246","2025-12-16 12:21:44","2025-12-16 12:25:50","",""
"ESPRESSO","","Point of Sale","2","2x 4oz/Pic, Esp, Dop","334","2025-12-17 04:53:27","2025-12-17 04:59:01","",""
"ESPRESSO","","Point of Sale","1","1x 12oz/Medium","491","2025-12-17 04:57:08","2025-12-17 05:05:19","",""
"ESPRESSO","Kim","Point of Sale","1","1x 6oz","463","2025-12-17 04:57:34","2025-12-17 05:05:17","",""
"ESPRESSO","Tina","Point of Sale","1","1x 16oz/Large","65","2025-12-17 05:04:14","2025-12-17 05:05:19","",""
"ESPRESSO","Maree","Point of Sale","1","1x 8oz/Small","256","2025-12-17 05:10:05","2025-12-17 05:14:21","",""
"ESPRESSO","Corey","Point of Sale","1","1x 12oz/Medium","238","2025-12-17 05:10:24","2025-12-17 05:14:22","",""
"ESPRESSO","","Point of Sale","1","1x 16oz/ICED MEDIUM","172","2025-12-17 05:11:31","2025-12-17 05:14:23","",""
"ESPRESSO","Jack","Point of Sale","1","1x 12oz/Medium","57","2025-12-17 05:15:09","2025-12-17 05:16:06","",""
"ESPRESSO","B","Point of Sale","1","1x 8oz/Small","72","2025-12-17 05:15:33","2025-12-17 05:16:45","",""
"ESPRESSO","","Point of Sale","1","1x 16oz/Large","175","2025-12-17 05:17:34","2025-12-17 05:20:29","",""
"ESPRESSO","","Point of Sale","1","1x 8oz/Small","48","2025-12-17 05:20:20","2025-12-17 05:21:08","",""
"ESPRESSO","","Point of Sale","1","1x Sweet Pastry","11","2025-12-17 05:23:26","2025-12-17 05:23:37","",""
"ESPRESSO","","Point of Sale","1","1x 12oz/ICED SMALL","231","2025-12-17 05:30:58","2025-12-17 05:34:49","",""
"ESPRESSO","","Point of Sale","1","1x 12oz/Medium","677","2025-12-17 05:32:46","2025-12-17 05:44:03","",""
"ESPRESSO","","Point of Sale","1","1x 16oz/Large","588","2025-12-17 05:34:16","2025-12-17 05:44:04","",""
"ESPRESSO","","Point of Sale","1","1x 12oz/Medium","232","2025-12-17 05:40:13","2025-12-17 05:44:05","",""
"ESPRESSO","","Point of Sale","1","1x 8oz/Small","160","2025-12-17 05:41:25","2025-12-17 05:44:05","",""
"ESPRESSO","","Point of Sale","2","1x 16oz/Large; 1x 16oz/Large","185","2025-12-17 05:47:25","2025-12-17 05:50:30","",""
"ESPRESSO","775775549","Square Online","1","1x 12oz/Medium","340","2025-12-17 05:48:04","2025-12-17 05:53:44","2025-12-17 05:48:00",""
"ESPRESSO","Pink","Point of Sale","1","1x 8oz/Small","267","2025-12-17 05:49:17","2025-12-17 05:53:44","",""
"ESPRESSO","","Point of Sale","1","1x 16oz/Large","318","2025-12-17 05:59:56","2025-12-17 06:05:14","",""
"ESPRESSO","","Point of Sale","1","1x 16oz/ICED MEDIUM","276","2025-12-17 06:01:17","2025-12-17 06:05:53","",""
"ESPRESSO","","Point of Sale","1","1x 8oz/Small","248","2025-12-17 06:01:46","2025-12-17 06:05:54","",""
"ESPRESSO","","Point of Sale","2","2x 4oz/Pic, Esp, Dop","315","2025-12-17 06:03:29","2025-12-17 06:08:44","",""
"ESPRESSO","Red gymshark","Point of Sale","2","1x 16oz/ICED MEDIUM; 1x 12oz/Medium","262","2025-12-17 06:04:21","2025-12-17 06:08:43","",""
"ESPRESSO","","Point of Sale","2","1x 8oz/Small; 1x 8oz/Small","438","2025-12-17 06:14:32","2025-12-17 06:21:50","",""
"ESPRESSO","Rach","Point of Sale","1","1x 12oz/Medium","359","2025-12-17 06:15:52","2025-12-17 06:21:51","",""
"ESPRESSO","Karen","Point of Sale","1","1x 12oz/Medium","628","2025-12-17 06:17:24","2025-12-17 06:27:52","",""
"ESPRESSO","Mel","Point of Sale","1","1x 12oz/ICED SMALL","595","2025-12-17 06:17:59","2025-12-17 06:27:54","",""
"ESPRESSO","","Point of Sale","1","1x 8oz/Small","551","2025-12-17 06:18:44","2025-12-17 06:27:55","",""
"ESPRESSO","","Point of Sale","1","1x 12oz/ICED SMALL","383","2025-12-17 06:24:23","2025-12-17 06:30:46","",""
"ESPRESSO","","Point of Sale","1","1x Kombucha","335","2025-12-17 06:30:25","2025-12-17 06:36:00","",""
"ESPRESSO","Tommy","Point of Sale","1","1x 20oz\ICED LARGE","544","2025-12-17 06:31:38","2025-12-17 06:40:42","",""
"ESPRESSO","Cap snd pram","Point of Sale","1","1x 12oz/ICED SMALL","614","2025-12-17 06:32:32","2025-12-17 06:42:46","",""
"ESPRESSO","Black tahir","Point of Sale","1","1x 8oz/Small","605","2025-12-17 06:35:00","2025-12-17 06:45:05","",""
"ESPRESSO","Bianca","Point of Sale","2","1x 8oz/Small; 1x 12oz/Medium","470","2025-12-17 06:39:23","2025-12-17 06:47:13","",""
"ESPRESSO","1854082652","Square Online","2","1x 16oz/Large; 1x 16oz/Large","370","2025-12-17 06:41:03","2025-12-17 06:47:13","2025-12-17 06:40:58",""
"ESPRESSO","","Point of Sale","1","1x 12oz/Medium","434","2025-12-17 06:44:17","2025-12-17 06:51:31","",""
"ESPRESSO","","Point of Sale","1","1x 16oz/ICED MEDIUM","406","2025-12-17 06:44:45","2025-12-17 06:51:31","",""
"ESPRESSO","Qld shir","Point of Sale","1","1x 12oz/Medium","470","2025-12-17 06:46:05","2025-12-17 06:53:55","",""
"ESPRESSO","Backpack","Point of Sale","1","1x 12oz/Medium","317","2025-12-17 06:48:37","2025-12-17 06:53:54","",""
"ESPRESSO","Jimmy","Point of Sale","1","1x ","162","2025-12-17 06:51:13","2025-12-17 06:53:55","",""
"ESPRESSO","","Point of Sale","2","2x 16oz/Large","339","2025-12-17 07:02:29","2025-12-17 07:08:08","",""
"ESPRESSO","","Point of Sale","2","1x 12oz/ICED SMALL; 1x 16oz/ICED MEDIUM","369","2025-12-17 07:06:38","2025-12-17 07:12:47","",""
"ESPRESSO","","Point of Sale","1","1x 8oz/Small","354","2025-12-17 07:06:53","2025-12-17 07:12:47","",""
"ESPRESSO","Marco","Point of Sale","1","1x 8oz/Small","501","2025-12-17 07:09:37","2025-12-17 07:17:58","",""
"ESPRESSO","Red shirt","Point of Sale","1","1x 16oz/ICED MEDIUM","440","2025-12-17 07:10:38","2025-12-17 07:17:58","",""
"ESPRESSO","","Point of Sale","2","1x Fruit Juice; 1x TOASTIE","605","2025-12-17 07:28:17","2025-12-17 07:38:22","",""
"ESPRESSO","","Point of Sale","2","2x 12oz/Medium","407","2025-12-17 07:31:35","2025-12-17 07:38:22","",""
"ESPRESSO","","Point of Sale","3","1x 12oz/Medium; 1x 500g Beans; 1x 12oz/Medium","248","2025-12-17 07:34:15","2025-12-17 07:38:23","",""
"ESPRESSO","","Point of Sale","1","1x 6oz","307","2025-12-17 07:34:38","2025-12-17 07:39:45","",""
"ESPRESSO","","Point of Sale","2","1x 12oz/Medium; 1x 16oz/ICED MEDIUM","473","2025-12-17 07:46:23","2025-12-17 07:54:16","",""
"ESPRESSO","","Point of Sale","1","1x 12oz/Medium","449","2025-12-17 07:46:47","2025-12-17 07:54:16","",""
"ESPRESSO","","Point of Sale","4","1x 16oz/ICED MEDIUM; 1x 12oz/ICED SMALL; 1x 12oz/Medium; 1x 12oz/ICED SMALL","501","2025-12-17 07:51:30","2025-12-17 07:59:51","",""
"ESPRESSO","","Point of Sale","2","1x 12oz/ICED SMALL; 1x 12oz/Medium","540","2025-12-17 07:53:14","2025-12-17 08:02:14","",""
"ESPRESSO","","Point of Sale","1","1x 8oz/Small","554","2025-12-17 07:54:29","2025-12-17 08:03:43","",""
"ESPRESSO","","Point of Sale","1","1x 16oz/Large","226","2025-12-17 08:09:57","2025-12-17 08:13:43","",""
"ESPRESSO","","Point of Sale","1","1x 12oz/Medium","216","2025-12-17 08:10:08","2025-12-17 08:13:44","",""
"ESPRESSO","","Point of Sale","2","2x 12oz/Medium","350","2025-12-17 08:12:39","2025-12-17 08:18:29","",""
"ESPRESSO","","Point of Sale","2","1x 12oz/Medium; 1x A Sweet Muffin","379","2025-12-17 08:17:52","2025-12-17 08:24:11","",""
"ESPRESSO","","Point of Sale","1","1x 16oz/Large","479","2025-12-17 08:21:00","2025-12-17 08:28:59","",""
"ESPRESSO","","Point of Sale","1","1x 12oz/Medium","456","2025-12-17 08:21:23","2025-12-17 08:28:59","",""
"ESPRESSO","","Point of Sale","1","1x 12oz/Medium","444","2025-12-17 08:21:36","2025-12-17 08:29:00","",""
"ESPRESSO","","Point of Sale","2","1x 16oz/Large; 1x Sweet Pastry","384","2025-12-17 08:22:36","2025-12-17 08:29:00","",""
"ESPRESSO","Prtim","Point of Sale","6","1x 12oz/Medium; 1x 12oz/Medium; 1x 12oz/Medium; 1x 8oz/Small; 1x 12oz/Medium; 1x 16oz/Large","574","2025-12-17 08:27:58","2025-12-17 08:37:32","",""
"ESPRESSO","","Point of Sale","1","1x 6oz","623","2025-12-17 08:28:30","2025-12-17 08:38:53","",""
"ESPRESSO","Misty","Point of Sale","2","1x 12oz/ICED SMALL; 1x 8oz/Small","864","2025-12-17 08:59:29","2025-12-17 09:13:53","",""
"ESPRESSO","Strips shirt pram","Point of Sale","2","1x 12oz/Medium; 1x 8oz/Small","786","2025-12-17 09:04:38","2025-12-17 09:17:44","",""
"ESPRESSO","","Point of Sale","2","1x 16oz/Large; 1x 16oz/ICED MEDIUM","517","2025-12-17 09:29:32","2025-12-17 09:38:09","",""
"ESPRESSO","","Point of Sale","1","1x 16oz/ICED MEDIUM","412","2025-12-17 09:31:17","2025-12-17 09:38:09","",""
"ESPRESSO","","Point of Sale","1","1x 16oz/Large","154","2025-12-17 09:35:37","2025-12-17 09:38:11","",""
"ESPRESSO","","Point of Sale","1","1x 12oz/Medium","143","2025-12-17 09:35:48","2025-12-17 09:38:11","",""
"ESPRESSO","","Point of Sale","2","1x 16oz/ICED MEDIUM; 1x 12oz/Medium","713","2025-12-17 09:54:22","2025-12-17 10:06:15","",""
"ESPRESSO","","Point of Sale","2","1x 12oz/Medium; 1x 12oz/Medium","283","2025-12-17 10:06:35","2025-12-17 10:11:18","",""
"ESPRESSO","","Point of Sale","2","1x 12oz/Medium; 1x 12oz/Medium","235","2025-12-17 10:32:34","2025-12-17 10:36:29","",""
"ESPRESSO","","Point of Sale","1","1x 12oz/Medium","246","2025-12-17 10:35:43","2025-12-17 10:39:49","",""
"ESPRESSO","","Point of Sale","2","1x 8oz/Small; 1x BUTTERBOY","647","2025-12-17 10:36:06","2025-12-17 10:46:53","",""
"ESPRESSO","","Point of Sale","1","1x 20oz\ICED LARGE","105","2025-12-17 11:46:58","2025-12-17 11:48:43","",""
"ESPRESSO","","Point of Sale","1","1x 16oz/ICED MEDIUM","424","2025-12-17 11:55:59","2025-12-17 12:03:03","",""
"ESPRESSO","","Point of Sale","2","1x 16oz/ICED MEDIUM; 1x A Sweet Muffin","238","2025-12-17 11:59:06","2025-12-17 12:03:04","",""
"ESPRESSO","","Point of Sale","1","1x 500g Beans","166","2025-12-17 12:00:18","2025-12-17 12:03:04","",""
"ESPRESSO","","Point of Sale","5","1x 12oz/Medium; 1x 12oz/Medium; 2x Babycino; 1x 20oz\ICED LARGE","403","2025-12-18 05:04:58","2025-12-18 05:11:41","",""
"ESPRESSO","","Point of Sale","1","1x 8oz/Small","346","2025-12-18 05:07:16","2025-12-18 05:13:02","",""
"ESPRESSO","Orange","Point of Sale","1","1x 12oz/Medium","354","2025-12-18 05:22:18","2025-12-18 05:28:12","",""
"ESPRESSO","","Point of Sale","1","1x 12oz/Medium","301","2025-12-18 05:23:12","2025-12-18 05:28:13","",""
"ESPRESSO","Headphones amd cap","Point of Sale","1","1x 16oz/Large","219","2025-12-18 05:24:34","2025-12-18 05:28:13","",""
"ESPRESSO","Rach","Point of Sale","3","1x 12oz/Medium; 1x 12oz/Medium; 1x BUTTERBOY","501","2025-12-18 05:42:38","2025-12-18 05:50:59","",""
"ESPRESSO","Gaelia","Point of Sale","1","1x 6oz","395","2025-12-18 05:45:08","2025-12-18 05:51:43","",""
"ESPRESSO","","Point of Sale","1","1x 8oz/Small","361","2025-12-18 05:45:43","2025-12-18 05:51:44","",""
"ESPRESSO","black shirt tats","Point of Sale","2","1x 20oz\ICED LARGE; 1x 20oz\ICED LARGE","390","2025-12-18 05:50:19","2025-12-18 05:56:49","",""
"ESPRESSO","Ros","Point of Sale","1","1x 8oz/Small","520","2025-12-18 06:00:26","2025-12-18 06:09:06","",""
"ESPRESSO","Mitch","Point of Sale","1","1x 16oz/ICED MEDIUM","560","2025-12-18 06:04:59","2025-12-18 06:14:19","",""
"ESPRESSO","Black singlet blonde","Point of Sale","1","1x 16oz/ICED MEDIUM","667","2025-12-18 06:06:55","2025-12-18 06:18:02","",""
"ESPRESSO","Beard snd csap","Point of Sale","1","1x 16oz/ICED MEDIUM","622","2025-12-18 06:12:46","2025-12-18 06:23:08","",""
"ESPRESSO","Blue dress","Point of Sale","1","1x 8oz/Small","326","2025-12-18 06:17:43","2025-12-18 06:23:09","",""
"ESPRESSO","","Point of Sale","24","1x 8oz/Small; 1x 4oz/Pic, Esp, Dop; 1x 16oz/ICED MEDIUM; 1x 8oz/Small; 1x 20oz\ICED LARGE; 1x 12oz/Medium; 1x 8oz/Small; 2x 12oz/Medium; 1x 12oz/Medium; 1x 12oz/Medium; 1x 6oz; 1x 12oz/Medium; 2x 16oz/ICED MEDIUM; 1x 6oz; 1x 12oz/Medium; 1x 16oz/ICED MEDIUM; 1x 12oz/Medium; 1x 4oz/Pic, Esp, Dop; 1x 20oz\ICED LARGE; 1x 12oz/Medium; 1x 4oz/Pic, Esp, Dop; 1x 6oz","949","2025-12-18 07:03:25","2025-12-18 07:19:14","",""
"ESPRESSO","White tshirt glasses","Point of Sale","1","1x 16oz/ICED MEDIUM","754","2025-12-18 07:08:56","2025-12-18 07:21:30","",""
"ESPRESSO","Aussie christmws shirt","Point of Sale","1","1x 12oz/Medium","333","2025-12-18 07:27:58","2025-12-18 07:33:31","",""
"ESPRESSO","Aussie christmas shirt pt 2","Point of Sale","2","1x 16oz/Large; 1x 8oz/Small","301","2025-12-18 07:28:30","2025-12-18 07:33:31","",""
"ESPRESSO","Black tshirt","Point of Sale","1","1x 20oz\ICED LARGE","277","2025-12-18 07:28:54","2025-12-18 07:33:31","",""
"ESPRESSO","Black tshirt snd mo","Point of Sale","1","1x 12oz/ICED SMALL","122","2025-12-18 07:31:30","2025-12-18 07:33:32","",""
"ESPRESSO","Adapt","Point of Sale","2","1x BUTTERBOY; 1x 12oz/ICED SMALL","236","2025-12-18 07:42:50","2025-12-18 07:46:46","",""
"ESPRESSO","","Point of Sale","2","1x 12oz/ICED SMALL; 1x 500g Beans","215","2025-12-18 07:43:11","2025-12-18 07:46:46","",""
"ESPRESSO","","Point of Sale","3","1x 12oz/ICED SMALL; 1x Babycino; 1x 20oz\ICED LARGE","271","2025-12-18 07:52:39","2025-12-18 07:57:10","",""
"ESPRESSO","","Point of Sale","1","1x 20oz\ICED LARGE","94","2025-12-18 07:55:38","2025-12-18 07:57:12","",""
"ESPRESSO","Couple","Point of Sale","2","1x 12oz/Medium; 1x 12oz/Medium","126","2025-12-18 08:05:49","2025-12-18 08:07:55","",""
"ESPRESSO","Prime","Point of Sale","8","1x 12oz/Medium; 1x 16oz/Large; 1x 8oz/Small; 1x 12oz/Medium; 2x Ham And Cheese Croissant; 1x 8oz/Small; 1x 8oz/Small","284","2025-12-18 08:21:00","2025-12-18 08:25:44","",""
"ESPRESSO","","Point of Sale","2","1x 16oz/Large; 1x 12oz/Medium","324","2025-12-18 08:44:42","2025-12-18 08:50:06","",""
"ESPRESSO","","Point of Sale","2","1x A Sweet Muffin; 1x 16oz/Large","149","2025-12-18 08:51:54","2025-12-18 08:54:23","",""
"ESPRESSO","","Point of Sale","2","1x 16oz/Large; 1x Ham And Cheese Croissant","399","2025-12-18 08:52:48","2025-12-18 08:59:27","",""
"ESPRESSO","","Point of Sale","1","1x 16oz/Large","137","2025-12-18 09:10:33","2025-12-18 09:12:50","",""
"ESPRESSO","","Point of Sale","1","1x 12oz/ICED SMALL","123","2025-12-18 09:10:47","2025-12-18 09:12:50","",""
"ESPRESSO","","Point of Sale","1","1x ","368","2025-12-18 09:27:54","2025-12-18 09:34:02","",""
"ESPRESSO","","Point of Sale","1","1x 12oz/ICED SMALL","71","2025-12-18 09:32:51","2025-12-18 09:34:02","",""
"ESPRESSO","Asian girl","Point of Sale","1","1x 16oz/ICED MEDIUM","160","2025-12-18 09:37:51","2025-12-18 09:40:31","",""
"ESPRESSO","","Point of Sale","1","1x 4oz/Pic, Esp, Dop","262","2025-12-18 09:40:29","2025-12-18 09:44:51","",""
"ESPRESSO","","Point of Sale","3","1x 8oz/Small; 1x Sweet Pastry; 1x 8oz/Small","193","2025-12-18 09:59:46","2025-12-18 10:02:59","",""
"ESPRESSO","","Point of Sale","1","1x 16oz/ICED MEDIUM","581","2025-12-18 10:10:37","2025-12-18 10:20:18","",""
"ESPRESSO","","Point of Sale","1","1x 12oz/Medium","568","2025-12-18 10:10:50","2025-12-18 10:20:18","",""
"ESPRESSO","","Point of Sale","1","1x 4oz/Pic, Esp, Dop","590","2025-12-18 10:41:20","2025-12-18 10:51:10","",""
"ESPRESSO","","Point of Sale","1","1x 16oz/ICED MEDIUM","423","2025-12-18 10:44:08","2025-12-18 10:51:11","",""
"ESPRESSO","","Point of Sale","3","1x 12oz/ICED SMALL; 1x A Sweet Muffin; 1x 12oz/ICED SMALL","268","2025-12-19 05:50:23","2025-12-19 05:54:51","",""
"ESPRESSO","","Point of Sale","1","1x 16oz/Large","241","2025-12-19 05:50:52","2025-12-19 05:54:53","",""
"ESPRESSO","Mini","Point of Sale","1","1x 4oz/Pic, Esp, Dop","263","2025-12-19 05:52:34","2025-12-19 05:56:57","",""
"ESPRESSO","Rach","Point of Sale","3","1x Ham And Cheese Croissant; 1x 16oz/ICED MEDIUM; 1x 16oz/ICED MEDIUM","378","2025-12-19 05:55:11","2025-12-19 06:01:29","",""
"ESPRESSO","","Point of Sale","1","1x 8oz/Small","315","2025-12-19 05:56:15","2025-12-19 06:01:30","",""
"ESPRESSO","Ros","Point of Sale","1","1x 8oz/Small","302","2025-12-19 06:02:07","2025-12-19 06:07:09","",""
"ESPRESSO","Alex","Point of Sale","1","1x 16oz/ICED MEDIUM","287","2025-12-19 06:02:22","2025-12-19 06:07:09","",""
"ESPRESSO","","Point of Sale","1","1x 12oz/Medium","225","2025-12-19 06:14:31","2025-12-19 06:18:16","",""
"ESPRESSO","","Point of Sale","1","1x 12oz/Medium","198","2025-12-19 06:16:31","2025-12-19 06:19:49","",""
"ESPRESSO","","Point of Sale","1","1x 12oz/Medium","191","2025-12-19 06:20:43","2025-12-19 06:23:54","",""
"ESPRESSO","Beard","Point of Sale","1","1x Sweet Pastry","101","2025-12-19 06:22:14","2025-12-19 06:23:55","",""
"ESPRESSO","Toby","Point of Sale","2","1x 12oz/ICED SMALL; 1x 12oz/ICED SMALL","300","2025-12-19 06:22:46","2025-12-19 06:27:46","",""
"ESPRESSO","","Point of Sale","1","1x 16oz/ICED MEDIUM","330","2025-12-19 06:24:17","2025-12-19 06:29:47","",""
"ESPRESSO","Rach","Point of Sale","1","1x Breakfast Wrap","383","2025-12-19 06:50:28","2025-12-19 06:56:51","",""
"ESPRESSO","","Point of Sale","1","1x 16oz/Large","97","2025-12-19 06:50:48","2025-12-19 06:52:25","",""
"ESPRESSO","","Point of Sale","2","1x 8oz/Small; 1x 8oz/Small","177","2025-12-19 06:53:55","2025-12-19 06:56:52","",""
"ESPRESSO","Judy","Point of Sale","1","1x Plain Croissant","28","2025-12-19 06:56:23","2025-12-19 06:56:51","",""
"ESPRESSO","","Point of Sale","1","1x 6oz","170","2025-12-19 07:21:55","2025-12-19 07:24:45","",""
"ESPRESSO","Michael","Point of Sale","2","1x 12oz/Medium; 1x 12oz/Medium","138","2025-12-19 07:22:28","2025-12-19 07:24:46","",""
"ESPRESSO","","Point of Sale","2","1x 12oz/Medium; 1x 8oz/Small","232","2025-12-19 07:36:14","2025-12-19 07:40:06","",""
"ESPRESSO","","Point of Sale","1","1x 8oz/Small","218","2025-12-19 07:36:28","2025-12-19 07:40:06","",""
"ESPRESSO","","Point of Sale","2","1x 12oz/ICED SMALL; 1x Sweet Pastry","245","2025-12-19 07:52:15","2025-12-19 07:56:20","",""
"ESPRESSO","","Point of Sale","2","1x 12oz/Medium; 1x 12oz/Medium","192","2025-12-19 08:12:34","2025-12-19 08:15:46","",""
"ESPRESSO","","Point of Sale","2","1x 20oz\ICED LARGE; 1x 500g Beans","487","2025-12-19 08:13:57","2025-12-19 08:22:04","",""
"ESPRESSO","","Point of Sale","2","1x TOASTIE; 1x 16oz/ICED MEDIUM","585","2025-12-19 08:20:29","2025-12-19 08:30:14","",""
"ESPRESSO","","Point of Sale","2","1x 4oz/Pic, Esp, Dop; 1x Breakfast Wrap","558","2025-12-19 08:20:57","2025-12-19 08:30:15","",""
"ESPRESSO","Old gym","Point of Sale","2","1x 16oz/Large; 1x 16oz/ICED MEDIUM","540","2025-12-19 08:21:26","2025-12-19 08:30:26","",""
"ESPRESSO","Billagonb","Point of Sale","1","1x 12oz/Medium","275","2025-12-19 08:35:58","2025-12-19 08:40:33","",""
"ESPRESSO","","Point of Sale","1","1x 12oz/ICED SMALL","157","2025-12-19 08:45:16","2025-12-19 08:47:53","",""
"ESPRESSO","","Point of Sale","1","1x 500g Beans","115","2025-12-19 08:45:57","2025-12-19 08:47:52","",""
"ESPRESSO","","Point of Sale","2","1x BUTTERBOY; 1x 12oz/ICED SMALL","686","2025-12-19 08:54:40","2025-12-19 09:06:06","",""
"ESPRESSO","","Point of Sale","1","1x 8oz/Small","503","2025-12-19 08:57:42","2025-12-19 09:06:05","",""
"ESPRESSO","","Point of Sale","1","1x 12oz/Medium","98","2025-12-19 09:04:28","2025-12-19 09:06:06","",""
"ESPRESSO","","Point of Sale","2","1x Sweet Pastry; 1x 12oz/Medium","179","2025-12-19 09:09:14","2025-12-19 09:12:13","",""
"ESPRESSO","","Point of Sale","1","1x 8oz/Small","160","2025-12-19 09:09:33","2025-12-19 09:12:13","",""
"ESPRESSO","","Point of Sale","1","1x 16oz/ICED MEDIUM","155","2025-12-19 09:17:41","2025-12-19 09:20:16","",""
"ESPRESSO","Mike","Point of Sale","2","1x 12oz/Medium; 1x A Savoury Muffin","220","2025-12-19 09:26:34","2025-12-19 09:30:14","",""
"ESPRESSO","","Point of Sale","1","1x 16oz/ICED MEDIUM","138","2025-12-19 09:27:56","2025-12-19 09:30:14","",""
"ESPRESSO","","Point of Sale","1","1x 12oz/Medium","99","2025-12-19 09:32:09","2025-12-19 09:33:48","",""
"ESPRESSO","","Point of Sale","2","1x 12oz/Medium; 1x 12oz/Medium","143","2025-12-19 09:35:29","2025-12-19 09:37:52","",""
"ESPRESSO","","Point of Sale","1","1x Fiji Water","9","2025-12-19 09:37:54","2025-12-19 09:38:03","",""
"ESPRESSO","","Point of Sale","1","1x 12oz/Medium","188","2025-12-19 09:57:41","2025-12-19 10:00:49","",""
"ESPRESSO","","Point of Sale","1","1x 12oz/ICED SMALL","168","2025-12-19 09:58:02","2025-12-19 10:00:50","",""
"ESPRESSO","","Point of Sale","1","1x 16oz/ICED MEDIUM","148","2025-12-19 09:58:23","2025-12-19 10:00:51","",""
"ESPRESSO","","Point of Sale","2","1x 16oz/ICED MEDIUM; 1x 6oz","290","2025-12-19 10:05:50","2025-12-19 10:10:40","",""
"ESPRESSO","","Point of Sale","1","1x 12oz/ICED SMALL","246","2025-12-19 10:06:34","2025-12-19 10:10:40","",""
"ESPRESSO","","Point of Sale","3","2x Babycino; 1x 12oz/Medium","168","2025-12-19 10:12:47","2025-12-19 10:15:35","",""
"ESPRESSO","","Point of Sale","4","1x 12oz/Medium; 3x Babycino","163","2025-12-19 10:15:13","2025-12-19 10:17:56","",""
"ESPRESSO","","Point of Sale","2","1x 12oz/Medium; 1x 12oz/Medium","134","2025-12-19 10:56:56","2025-12-19 10:59:10","",""
"ESPRESSO","","Point of Sale","2","1x 8oz/Small; 1x Pupacino","285","2025-12-19 11:28:19","2025-12-19 11:33:04","",""
"ESPRESSO","","Point of Sale","2","1x 12oz/Medium; 1x 12oz/Medium","304","2025-12-19 11:28:59","2025-12-19 11:34:03","",""
"ESPRESSO","","Point of Sale","1","1x 8oz/Small","284","2025-12-19 11:29:19","2025-12-19 11:34:03","",""
"ESPRESSO","","Point of Sale","1","1x 16oz/ICED MEDIUM","547","2025-12-19 11:30:47","2025-12-19 11:39:54","",""
"ESPRESSO","","Point of Sale","2","1x TOASTIE; 1x 16oz/ICED MEDIUM","635","2025-12-19 11:32:13","2025-12-19 11:42:48","",""
"ESPRESSO","","Point of Sale","1","1x 8oz/Small","275","2025-12-19 11:38:13","2025-12-19 11:42:48","",""
"ESPRESSO","","Point of Sale","1","1x 16oz/Large","129","2025-12-20 05:01:04","2025-12-20 05:03:13","",""
"ESPRESSO","","Point of Sale","4","1x 12oz/Medium; 1x 8oz/Small; 1x 12oz/Medium; 1x 12oz/Medium","138","2025-12-20 05:46:29","2025-12-20 05:48:47","",""
"ESPRESSO","","Point of Sale","1","1x 16oz/Large","157","2025-12-20 05:46:51","2025-12-20 05:49:28","",""
"ESPRESSO","","Point of Sale","1","1x 8oz/Small","123","2025-12-20 05:50:08","2025-12-20 05:52:11","",""
"ESPRESSO","","Point of Sale","2","1x Babycino; 1x 12oz/Medium","103","2025-12-20 05:50:29","2025-12-20 05:52:12","",""
"ESPRESSO","Logan","Point of Sale","1","1x 16oz/ICED MEDIUM","86","2025-12-20 06:05:59","2025-12-20 06:07:25","",""
"ESPRESSO","","Point of Sale","1","1x 16oz/Large","363","2025-12-20 06:17:32","2025-12-20 06:23:35","",""
"ESPRESSO","","Point of Sale","2","2x 12oz/Medium","6","2025-12-20 06:36:02","2025-12-20 06:36:08","",""
"ESPRESSO","","Point of Sale","3","1x 12oz/Medium; 2x 12oz/Medium","276","2025-12-20 06:36:40","2025-12-20 06:41:16","",""
"ESPRESSO","","Point of Sale","1","1x 12oz/Medium","134","2025-12-20 06:39:01","2025-12-20 06:41:15","",""
"ESPRESSO","","Point of Sale","1","1x 12oz/ICED SMALL","308","2025-12-20 06:46:56","2025-12-20 06:52:04","",""
"ESPRESSO","Highvis","Point of Sale","1","1x 6oz","199","2025-12-20 06:48:45","2025-12-20 06:52:04","",""
"ESPRESSO","","Point of Sale","3","1x 12oz/Medium; 2x A Sweet Muffin","186","2025-12-20 07:03:11","2025-12-20 07:06:17","",""
"ESPRESSO","","Point of Sale","2","1x BUTTERBOY; 1x Babycino","238","2025-12-20 07:05:27","2025-12-20 07:09:25","",""
"ESPRESSO","Amy","Point of Sale","4","1x 6oz; 1x 12oz/ICED SMALL; 1x Ham And Cheese Croissant; 1x Sweet Pastry","340","2025-12-20 07:11:22","2025-12-20 07:17:02","",""
"ESPRESSO","Damien","Point of Sale","2","1x 8oz/Small; 1x Breakfast Wrap","424","2025-12-20 07:16:25","2025-12-20 07:23:29","",""
"ESPRESSO","","Point of Sale","2","1x 500g Beans; 1x 6oz","275","2025-12-20 07:18:55","2025-12-20 07:23:30","",""
"ESPRESSO","","Point of Sale","2","1x 12oz/Medium; 1x 8oz/Small","234","2025-12-20 07:30:19","2025-12-20 07:34:13","",""
"ESPRESSO","Alex","Point of Sale","2","1x 16oz/ICED MEDIUM; 1x A Sweet Muffin","234","2025-12-20 07:54:59","2025-12-20 07:58:53","",""
"ESPRESSO","","Point of Sale","3","1x 12oz/ICED SMALL; 1x Babycino; 1x Babycino","184","2025-12-20 07:55:50","2025-12-20 07:58:54","",""
"ESPRESSO","","Point of Sale","1","1x 16oz/ICED MEDIUM","162","2025-12-20 07:56:13","2025-12-20 07:58:55","",""
"ESPRESSO","Kayla red shirt fitatop","Point of Sale","3","1x 6oz; 1x 12oz/ICED SMALL; 1x Babycino","274","2025-12-20 07:57:36","2025-12-20 08:02:10","",""
"ESPRESSO","Pink shirt fitstop","Point of Sale","2","1x 12oz/ICED SMALL; 1x 12oz/ICED SMALL","235","2025-12-20 07:58:22","2025-12-20 08:02:17","",""
"ESPRESSO","Rob","Point of Sale","2","1x 16oz/Large; 1x 12oz/Medium","296","2025-12-20 07:59:02","2025-12-20 08:03:58","",""
"ESPRESSO","Nick","Point of Sale","2","1x 16oz/ICED MEDIUM; 1x TOASTIE","534","2025-12-20 08:00:58","2025-12-20 08:09:52","",""
"ESPRESSO","Kate","Point of Sale","1","1x 16oz/ICED MEDIUM","520","2025-12-20 08:04:19","2025-12-20 08:12:59","",""
"ESPRESSO","Glenn","Point of Sale","2","2x 4oz/Pic, Esp, Dop","542","2025-12-20 08:04:39","2025-12-20 08:13:41","",""
"ESPRESSO","Dylan","Point of Sale","1","1x 12oz/Medium","518","2025-12-20 08:05:09","2025-12-20 08:13:47","",""
"ESPRESSO","","Point of Sale","1","1x Sweet Pastry","108","2025-12-20 08:06:16","2025-12-20 08:08:04","",""
"ESPRESSO","Man bun","Point of Sale","1","1x 16oz/ICED MEDIUM","404","2025-12-20 08:07:04","2025-12-20 08:13:48","",""
"ESPRESSO","Little kate","Point of Sale","1","1x 12oz/Medium","388","2025-12-20 08:07:22","2025-12-20 08:13:50","",""
"ESPRESSO","","Point of Sale","1","1x 12oz/Medium","12","2025-12-20 08:07:51","2025-12-20 08:08:03","",""
"ESPRESSO","Northwest","Point of Sale","4","1x 12oz/Medium; 1x 12oz/ICED SMALL; 1x Breakfast Wrap; 1x 12oz/Medium","565","2025-12-20 08:09:26","2025-12-20 08:18:51","","2025-12-19T22:18:49.000Z"
"ESPRESSO","Pink top lady","Point of Sale","2","1x 16oz/ICED MEDIUM; 1x 16oz/ICED MEDIUM","134","2025-12-20 08:37:41","2025-12-20 08:39:55","",""
"ESPRESSO","Pink shirtadapt ","Point of Sale","1","1x 8oz/Small","96","2025-12-20 08:38:20","2025-12-20 08:39:56","",""
"ESPRESSO","Blue white and red shirtt adapt","Point of Sale","1","1x 12oz/Medium","78","2025-12-20 08:38:38","2025-12-20 08:39:56","",""
"ESPRESSO","White shirt glasses ADSL","Point of Sale","1","1x 12oz/ICED SMALL","202","2025-12-20 08:38:59","2025-12-20 08:42:21","",""
"ESPRESSO","Maree adapt cyan shirt","Point of Sale","2","1x 12oz/ICED SMALL; 1x A Savoury Muffin","182","2025-12-20 08:39:25","2025-12-20 08:42:27","",""
"ESPRESSO","Blue top adapt","Point of Sale","1","1x 16oz/Large","163","2025-12-20 08:39:45","2025-12-20 08:42:28","",""
"ESPRESSO","Blue shuirt adapt","Point of Sale","1","1x 12oz/Medium","200","2025-12-20 08:40:05","2025-12-20 08:43:25","",""
"ESPRESSO","Red water bhottlw white top adapt","Point of Sale","1","1x 12oz/Medium","177","2025-12-20 08:40:28","2025-12-20 08:43:25","",""
"ESPRESSO","Dan adapt red shirt","Point of Sale","3","1x 12oz/Medium; 1x 12oz/Medium; 1x Fruit Juice","273","2025-12-20 08:41:06","2025-12-20 08:45:39","",""
"ESPRESSO","","Point of Sale","2","1x 6oz; 1x 6oz","226","2025-12-20 08:41:55","2025-12-20 08:45:41","",""
"ESPRESSO","Whote shirt","Point of Sale","2","1x Sweet Pastry; 1x 12oz/Medium","199","2025-12-20 08:42:34","2025-12-20 08:45:53","",""
"ESPRESSO","Dom balck shurt","Point of Sale","2","1x 20oz\ICED LARGE; 1x Breakfast Wrap","482","2025-12-20 08:43:18","2025-12-20 08:51:20","",""
"ESPRESSO","Cyan shjrt","Point of Sale","2","1x 20oz\ICED LARGE; 1x 20oz\ICED LARGE","438","2025-12-20 08:44:03","2025-12-20 08:51:21","",""
"ESPRESSO","White and black shirtt couple","Point of Sale","2","1x 16oz/ICED MEDIUM; 1x 16oz/ICED MEDIUM","215","2025-12-20 08:52:57","2025-12-20 08:56:32","",""
"ESPRESSO","Blue shirt","Point of Sale","1","1x 12oz/Medium","379","2025-12-20 08:54:01","2025-12-20 09:00:20","",""
"ESPRESSO","Blasvk lskd shirt","Point of Sale","1","1x 12oz/Medium","357","2025-12-20 08:54:23","2025-12-20 09:00:20","",""
"ESPRESSO","Brown shorts","Point of Sale","1","1x 8oz/Small","336","2025-12-20 08:54:46","2025-12-20 09:00:22","",""
"ESPRESSO","Green dress","Point of Sale","3","1x 16oz/ICED MEDIUM; 1x A Sweet Muffin; 1x 12oz/ICED SMALL","314","2025-12-20 08:58:23","2025-12-20 09:03:37","",""
"ESPRESSO","Black tshirt","Point of Sale","2","1x 16oz/ICED MEDIUM; 1x 16oz/ICED MEDIUM","182","2025-12-20 09:00:37","2025-12-20 09:03:39","",""
"ESPRESSO","","Point of Sale","1","1x Fruit Juice","108","2025-12-20 09:05:23","2025-12-20 09:07:11","",""
"ESPRESSO","","Point of Sale","2","1x 12oz/Medium; 1x Kombucha","85","2025-12-20 09:05:47","2025-12-20 09:07:12","",""
"ESPRESSO","","Point of Sale","1","1x 16oz/Large","189","2025-12-20 10:14:32","2025-12-20 10:17:41","",""
"ESPRESSO","","Point of Sale","1","1x 12oz/Medium","136","2025-12-20 10:15:26","2025-12-20 10:17:42","",""
"ESPRESSO","May","Point of Sale","1","1x 16oz/Large","218","2025-12-20 10:15:49","2025-12-20 10:19:27","",""
"ESPRESSO","Black shirt","Point of Sale","3","1x Sweet Pastry; 1x 12oz/Medium; 1x 8oz/Small","296","2025-12-20 10:17:19","2025-12-20 10:22:15","",""
"ESPRESSO","Sam","Point of Sale","3","2x 16oz/Large; 1x 12oz/Medium","265","2025-12-20 10:17:53","2025-12-20 10:22:18","",""
"ESPRESSO","Grey tshirt","Point of Sale","1","1x 12oz/Medium","185","2025-12-20 10:22:12","2025-12-20 10:25:17","",""
"ESPRESSO","","Point of Sale","1","1x 12oz/ICED SMALL","126","2025-12-20 10:23:11","2025-12-20 10:25:17","",""
"ESPRESSO","","Point of Sale","2","1x 16oz/Large; 1x 12oz/ICED SMALL","396","2025-12-20 10:30:40","2025-12-20 10:37:16","",""
"ESPRESSO","","Point of Sale","2","1x 8oz/Small; 1x Pupacino","151","2025-12-20 10:45:05","2025-12-20 10:47:36","",""
"ESPRESSO","","Point of Sale","2","2x 6oz","688","2025-12-21 05:21:19","2025-12-21 05:32:47","",""
"ESPRESSO","Rose","Point of Sale","1","1x 12oz/Medium","39","2025-12-21 05:45:03","2025-12-21 05:45:42","",""
"ESPRESSO","","Point of Sale","1","1x 20oz\ICED LARGE","17","2025-12-21 05:53:01","2025-12-21 05:53:18","",""
"ESPRESSO","","Point of Sale","1","1x 4oz/Pic, Esp, Dop","46","2025-12-21 05:54:34","2025-12-21 05:55:20","",""
"ESPRESSO","","Point of Sale","1","1x 12oz/Medium","48","2025-12-21 05:58:05","2025-12-21 05:58:53","",""
"ESPRESSO","","Point of Sale","1","1x 12oz/ICED SMALL","29","2025-12-21 06:01:22","2025-12-21 06:01:51","",""
"ESPRESSO","","Point of Sale","2","2x 12oz/Medium","129","2025-12-21 06:02:53","2025-12-21 06:05:02","",""
"ESPRESSO","","Point of Sale","1","1x 12oz/Medium","14","2025-12-21 06:06:19","2025-12-21 06:06:33","",""
"ESPRESSO","","Point of Sale","1","1x A Sweet Muffin","100","2025-12-21 06:08:32","2025-12-21 06:10:12","",""
"ESPRESSO","","Point of Sale","5","3x Pupacino; 1x 12oz/ICED SMALL; 1x 16oz/ICED MEDIUM","146","2025-12-21 06:10:10","2025-12-21 06:12:36","",""
"ESPRESSO","","Point of Sale","5","1x 8oz/Small; 2x Babycino; 1x 8oz/Small; 1x 8oz/Small","190","2025-12-21 06:11:18","2025-12-21 06:14:28","",""
"ESPRESSO","Kurt","Point of Sale","1","1x 16oz/Large","87","2025-12-21 06:13:49","2025-12-21 06:15:16","",""
"ESPRESSO","Eddie","Point of Sale","1","1x 16oz/Large","210","2025-12-21 06:21:38","2025-12-21 06:25:08","",""
"ESPRESSO","Darcy","Point of Sale","4","1x 8oz/Small; 2x Babycino; 1x 8oz/Small","157","2025-12-21 06:22:32","2025-12-21 06:25:09","",""
"ESPRESSO","Aden","Point of Sale","2","1x 12oz/ICED SMALL; 1x 4oz/Pic, Esp, Dop","382","2025-12-21 06:23:25","2025-12-21 06:29:47","",""
"ESPRESSO","Michelle","Point of Sale","1","1x 8oz/Small","137","2025-12-21 06:28:51","2025-12-21 06:31:08","",""
"ESPRESSO","","Point of Sale","1","1x Fiji Water","25","2025-12-21 06:31:06","2025-12-21 06:31:31","",""
"ESPRESSO","Kellie","Point of Sale","1","1x 16oz/ICED MEDIUM","82","2025-12-21 06:32:55","2025-12-21 06:34:17","",""
"ESPRESSO","Paddy","Point of Sale","2","1x 16oz/ICED MEDIUM; 1x Babycino","347","2025-12-21 06:35:00","2025-12-21 06:40:47","",""
"ESPRESSO","Ed","Point of Sale","3","2x A Sweet Muffin; 1x 6oz","219","2025-12-21 06:37:06","2025-12-21 06:40:45","",""
"ESPRESSO","Aden","Point of Sale","1","1x A Sweet Muffin","176","2025-12-21 06:37:49","2025-12-21 06:40:45","",""
"ESPRESSO","Jez","Point of Sale","2","1x 12oz/Medium; 1x 20oz\ICED LARGE","237","2025-12-21 06:40:40","2025-12-21 06:44:37","",""
"ESPRESSO","Sam","Point of Sale","2","1x 8oz/Small; 1x 12oz/ICED SMALL","257","2025-12-21 06:41:42","2025-12-21 06:45:59","",""
"ESPRESSO","Nathan","Point of Sale","1","1x 12oz/Medium","155","2025-12-21 06:48:49","2025-12-21 06:51:24","",""
"ESPRESSO","Lovely","Point of Sale","1","1x 16oz/Large","109","2025-12-21 06:53:21","2025-12-21 06:55:10","",""
"ESPRESSO","","Point of Sale","1","1x 6oz","8","2025-12-21 07:00:32","2025-12-21 07:00:40","",""
"ESPRESSO","Heemaine","Point of Sale","1","1x 12oz/Medium","133","2025-12-21 07:02:46","2025-12-21 07:04:59","",""
"ESPRESSO","","Point of Sale","2","1x 16oz/Large; 1x Babycino","120","2025-12-21 07:03:18","2025-12-21 07:05:18","",""
"ESPRESSO","Darcy","Point of Sale","2","1x 8oz/Small; 1x 6oz","107","2025-12-21 07:11:03","2025-12-21 07:12:50","",""
"ESPRESSO","Kristine","Point of Sale","1","1x 16oz/Large","80","2025-12-21 07:11:30","2025-12-21 07:12:50","",""
"ESPRESSO","Mijchelle","Point of Sale","1","1x 16oz/Large","180","2025-12-21 07:13:12","2025-12-21 07:16:12","",""
"ESPRESSO","","Point of Sale","1","1x 12oz/Medium","86","2025-12-21 07:14:59","2025-12-21 07:16:25","",""
"ESPRESSO","","Point of Sale","1","1x 16oz/ICED MEDIUM","103","2025-12-21 07:16:12","2025-12-21 07:17:55","",""
"ESPRESSO","Damo","Point of Sale","1","1x 16oz/ICED MEDIUM","241","2025-12-21 07:17:09","2025-12-21 07:21:10","",""
"ESPRESSO","Amie","Point of Sale","3","1x Ham And Cheese Croissant; 1x 16oz/ICED MEDIUM; 1x 16oz/ICED MEDIUM","140","2025-12-21 07:19:31","2025-12-21 07:21:51","",""
"ESPRESSO","Dom","Point of Sale","1","1x 8oz/Small","120","2025-12-21 07:20:14","2025-12-21 07:22:14","",""
"ESPRESSO","Shaun","Point of Sale","2","1x A Sweet Muffin; 1x 8oz/Small","313","2025-12-21 07:24:18","2025-12-21 07:29:31","",""
"ESPRESSO","Tom","Point of Sale","2","2x 12oz/Medium","245","2025-12-21 07:25:27","2025-12-21 07:29:32","",""
"ESPRESSO","Glenn","Point of Sale","1","1x 4oz/Pic, Esp, Dop","191","2025-12-21 07:26:25","2025-12-21 07:29:36","",""
"ESPRESSO","Micheal","Point of Sale","2","1x 8oz/Small; 1x 16oz/ICED MEDIUM","311","2025-12-21 07:27:05","2025-12-21 07:32:16","",""
"ESPRESSO","Mike","Point of Sale","2","2x 12oz/Medium","244","2025-12-21 07:28:13","2025-12-21 07:32:17","",""
"ESPRESSO","Bronte","Point of Sale","2","1x Babycino; 1x 12oz/ICED SMALL","233","2025-12-21 07:29:14","2025-12-21 07:33:07","",""
"ESPRESSO","Mark","Point of Sale","2","1x 12oz/ICED SMALL; 1x 16oz/ICED MEDIUM","68","2025-12-21 07:34:39","2025-12-21 07:35:47","",""
"ESPRESSO","Cyclist shaun","Point of Sale","2","1x 12oz/Medium; 1x 12oz/Medium","492","2025-12-21 07:40:36","2025-12-21 07:48:48","",""
"ESPRESSO","Bec","Point of Sale","1","1x 12oz/ICED SMALL","499","2025-12-21 07:40:59","2025-12-21 07:49:18","",""
"ESPRESSO","Meg","Point of Sale","4","1x 16oz/ICED MEDIUM; 1x Babycino; 1x Sweet Pastry; 1x Sweet Pastry","480","2025-12-21 07:43:50","2025-12-21 07:51:50","",""
"ESPRESSO","Old girls","Point of Sale","2","1x 8oz/Small; 1x 8oz/Small","406","2025-12-21 07:45:47","2025-12-21 07:52:33","",""
"ESPRESSO","Meg","Point of Sale","3","1x 16oz/ICED MEDIUM; 1x Sweet Pastry; 1x TOASTIE","295","2025-12-21 07:55:15","2025-12-21 08:00:10","",""
"ESPRESSO","Nate","Point of Sale","4","1x 8oz/Small; 2x 8oz/Small; 1x 8oz/Small","375","2025-12-21 07:58:09","2025-12-21 08:04:24","",""
"ESPRESSO","Chelsea","Point of Sale","2","1x 16oz/ICED MEDIUM; 1x 16oz/ICED MEDIUM","316","2025-12-21 07:59:08","2025-12-21 08:04:24","",""
"ESPRESSO","Gingam top","Point of Sale","2","1x 16oz/ICED MEDIUM; 1x Breakfast Wrap","409","2025-12-21 08:00:09","2025-12-21 08:06:58","",""
"ESPRESSO","","Point of Sale","1","1x BUTTERBOY","253","2025-12-21 08:02:46","2025-12-21 08:06:59","",""
"ESPRESSO","","Point of Sale","2","1x 12oz/ICED SMALL; 1x 8oz/Small","415","2025-12-21 08:03:25","2025-12-21 08:10:20","",""
"ESPRESSO","Lauren and trent","Point of Sale","4","1x 20oz\ICED LARGE; 1x 12oz/ICED SMALL; 1x A Sweet Muffin; 1x Babycino","282","2025-12-21 08:05:39","2025-12-21 08:10:21","",""
"ESPRESSO","Green shjrt white cap","Point of Sale","4","1x 16oz/ICED MEDIUM; 1x 16oz/ICED MEDIUM; 2x Pupacino","397","2025-12-21 08:06:37","2025-12-21 08:13:14","",""
"ESPRESSO","Kelsey","Point of Sale","1","1x 12oz/ICED SMALL","263","2025-12-21 08:08:53","2025-12-21 08:13:16","",""
"ESPRESSO","","Point of Sale","1","1x Fruit Juice","136","2025-12-21 08:09:14","2025-12-21 08:11:30","",""
"ESPRESSO","Floral dress","Point of Sale","2","2x 12oz/Medium","211","2025-12-21 08:09:59","2025-12-21 08:13:30","",""
"ESPRESSO","Whie singlwt","Point of Sale","1","1x Breakfast Wrap","316","2025-12-21 08:11:25","2025-12-21 08:16:41","",""
"ESPRESSO","Npc","Point of Sale","1","1x 16oz/Large","202","2025-12-21 08:13:19","2025-12-21 08:16:41","",""
"ESPRESSO","Ros","Point of Sale","1","1x 8oz/Small","199","2025-12-21 08:19:59","2025-12-21 08:23:18","",""
"ESPRESSO","Dave","Point of Sale","1","1x 12oz/Medium","310","2025-12-21 08:22:21","2025-12-21 08:27:31","",""
"ESPRESSO","Finn","Point of Sale","3","1x 16oz/ICED MEDIUM; 2x 16oz/ICED MEDIUM","174","2025-12-21 08:24:38","2025-12-21 08:27:32","",""
"ESPRESSO","Josh","Point of Sale","2","2x 20oz\ICED LARGE","119","2025-12-21 08:27:49","2025-12-21 08:29:48","",""
"ESPRESSO","Phillip","Point of Sale","2","1x 12oz/ICED SMALL; 1x 12oz/ICED SMALL","80","2025-12-21 08:29:14","2025-12-21 08:30:34","",""
"ESPRESSO","","Point of Sale","1","1x 12oz/ICED SMALL","87","2025-12-21 08:32:42","2025-12-21 08:34:09","",""
"ESPRESSO","","Point of Sale","2","1x 12oz/ICED SMALL; 1x Ham And Cheese Croissant","261","2025-12-21 08:38:18","2025-12-21 08:42:39","",""
"ESPRESSO","White tshirt","Point of Sale","1","1x 16oz/Large","110","2025-12-21 08:39:41","2025-12-21 08:41:31","",""
"ESPRESSO","Maroon top","Point of Sale","4","1x 12oz/Medium; 1x 16oz/Large; 2x Babycino","264","2025-12-21 08:47:12","2025-12-21 08:51:36","",""
"ESPRESSO","Bieber shirt","Point of Sale","3","2x TOASTIE; 1x 16oz/ICED MEDIUM","59","2025-12-21 08:50:35","2025-12-21 08:51:34","",""
"ESPRESSO","Sam","Point of Sale","2","1x 12oz/ICED SMALL; 1x 6oz","124","2025-12-21 08:55:14","2025-12-21 08:57:18","",""
"ESPRESSO","Francis","Point of Sale","2","1x 500g Beans; 1x 8oz/Small","54","2025-12-21 08:56:23","2025-12-21 08:57:17","",""
"ESPRESSO","Elkie","Point of Sale","1","1x 20oz\ICED LARGE","122","2025-12-21 09:00:37","2025-12-21 09:02:39","",""
"ESPRESSO","Marcus","Point of Sale","2","1x 16oz/Large; 1x 16oz/Large","306","2025-12-21 09:01:03","2025-12-21 09:06:09","",""
"ESPRESSO","","Point of Sale","1","1x ","330","2025-12-21 09:09:37","2025-12-21 09:15:07","",""
"ESPRESSO","Sue","Point of Sale","2","1x 12oz/Medium; 1x Pupacino","305","2025-12-21 09:14:39","2025-12-21 09:19:44","",""
"ESPRESSO","James","Point of Sale","1","1x 6oz","265","2025-12-21 09:15:19","2025-12-21 09:19:44","",""
"ESPRESSO","Sam","Point of Sale","1","1x 16oz/ICED MEDIUM","213","2025-12-21 09:16:11","2025-12-21 09:19:44","",""
"ESPRESSO","Rach","Point of Sale","4","2x Pupacino; 1x 12oz/ICED SMALL; 1x 12oz/ICED SMALL","186","2025-12-21 09:32:51","2025-12-21 09:35:57","",""
"ESPRESSO","1130578276","Square Online","2","1x 6oz; 1x 12oz/ICED SMALL","353","2025-12-21 09:35:05","2025-12-21 09:40:58","2025-12-21 09:35:01",""
"ESPRESSO","Aimee","Point of Sale","1","1x 16oz/ICED MEDIUM","145","2025-12-21 09:38:25","2025-12-21 09:40:50","",""
"ESPRESSO","Locklan","Point of Sale","4","1x 12oz/Medium; 1x 500g Beans; 2x 16oz/ICED MEDIUM","238","2025-12-21 09:40:32","2025-12-21 09:44:30","",""
"ESPRESSO","Loz","Point of Sale","2","1x 12oz/ICED SMALL; 1x 12oz/ICED SMALL","334","2025-12-21 09:41:45","2025-12-21 09:47:19","",""
"ESPRESSO","Bikash","Point of Sale","2","1x A Sweet Muffin; 1x 12oz/Medium","244","2025-12-21 09:43:16","2025-12-21 09:47:20","",""
"ESPRESSO","Adam","Point of Sale","2","1x 16oz/Large; 1x A Sweet Muffin","398","2025-12-21 09:47:40","2025-12-21 09:54:18","",""
"ESPRESSO","","Point of Sale","2","1x 12oz/Medium; 1x ","250","2025-12-21 09:49:16","2025-12-21 09:53:26","",""
"ESPRESSO","Hannah","Point of Sale","3","2x 12oz/ICED SMALL; 1x A Sweet Muffin","521","2025-12-21 09:50:24","2025-12-21 09:59:05","",""
"ESPRESSO","Young kid","Point of Sale","1","1x 16oz/ICED MEDIUM","426","2025-12-21 09:52:01","2025-12-21 09:59:07","",""
"ESPRESSO","Adhley","Point of Sale","4","2x 16oz/Large; 1x TOASTIE; 1x TOASTIE","397","2025-12-21 09:57:33","2025-12-21 10:04:10","",""
"ESPRESSO","Green shirt","Point of Sale","1","1x 12oz/Medium","211","2025-12-21 10:00:41","2025-12-21 10:04:12","",""
"ESPRESSO","Blue ansd white strioes","Point of Sale","1","1x 12oz/ICED SMALL","167","2025-12-21 10:01:24","2025-12-21 10:04:11","",""
"ESPRESSO","","Point of Sale","1","1x Fruit Juice","9","2025-12-21 10:02:09","2025-12-21 10:02:18","",""
"ESPRESSO","Jarred","Point of Sale","1","1x 16oz/ICED MEDIUM","62","2025-12-21 10:05:59","2025-12-21 10:07:01","",""
"ESPRESSO","Loz","Point of Sale","1","1x TOASTIE","444","2025-12-21 10:12:37","2025-12-21 10:20:01","",""
"ESPRESSO","Rachel","Point of Sale","1","1x 20oz\ICED LARGE","417","2025-12-21 10:13:04","2025-12-21 10:20:01","",""
"ESPRESSO","Geoff","Point of Sale","1","1x 16oz/Large","352","2025-12-21 10:14:14","2025-12-21 10:20:06","",""
"ESPRESSO","","Point of Sale","1","1x 12oz/Medium","72","2025-12-21 10:27:27","2025-12-21 10:28:39","",""
"ESPRESSO","","Point of Sale","3","1x 16oz/ICED MEDIUM; 1x 12oz/Medium; 1x 12oz/Medium","369","2025-12-21 10:42:09","2025-12-21 10:48:18","",""
"ESPRESSO","","Point of Sale","2","1x 12oz/Medium; 1x 8oz/Small","555","2025-12-21 10:44:00","2025-12-21 10:53:15","",""
"ESPRESSO","","Point of Sale","2","1x 6oz; 1x 500g Beans","698","2025-12-21 10:44:30","2025-12-21 10:56:08","",""
"ESPRESSO","","Point of Sale","2","1x 16oz/ICED MEDIUM; 1x 16oz/ICED MEDIUM","567","2025-12-21 10:46:41","2025-12-21 10:56:08","",""
"ESPRESSO","","Point of Sale","1","1x 12oz/Medium","381","2025-12-21 10:50:21","2025-12-21 10:56:42","",""
"ESPRESSO","","Point of Sale","2","1x Kombucha; 1x 8oz/Small","301","2025-12-21 10:51:42","2025-12-21 10:56:43","",""
"ESPRESSO","","Point of Sale","1","1x Kombucha","234","2025-12-21 10:52:49","2025-12-21 10:56:43","",""
"ESPRESSO","","Point of Sale","1","1x 16oz/Large","474","2025-12-22 05:19:05","2025-12-22 05:26:59","",""
"ESPRESSO","","Point of Sale","1","1x Kombucha","381","2025-12-22 05:20:38","2025-12-22 05:26:59","",""
"ESPRESSO","","Point of Sale","1","1x 8oz/Small","342","2025-12-22 05:21:18","2025-12-22 05:27:00","",""
"ESPRESSO","","Point of Sale","1","1x 8oz/Small","327","2025-12-22 05:21:33","2025-12-22 05:27:00","",""
"ESPRESSO","","Point of Sale","2","1x 12oz/Medium; 1x Fruit Juice","510","2025-12-22 05:21:55","2025-12-22 05:30:25","",""
"ESPRESSO","","Point of Sale","1","1x 4oz/Pic, Esp, Dop","230","2025-12-22 05:26:35","2025-12-22 05:30:25","",""
"ESPRESSO","","Point of Sale","1","1x 6oz","473","2025-12-22 05:41:07","2025-12-22 05:49:00","",""
"ESPRESSO","","Point of Sale","2","1x Fiji Water; 1x 12oz/Medium","423","2025-12-22 05:41:56","2025-12-22 05:48:59","",""
"ESPRESSO","","Point of Sale","1","1x 12oz/Medium","345","2025-12-22 05:43:13","2025-12-22 05:48:58","",""
"ESPRESSO","","Point of Sale","2","1x 12oz/Medium; 1x 12oz/Medium","234","2025-12-22 05:45:04","2025-12-22 05:48:58","",""
"ESPRESSO","","Point of Sale","2","1x 12oz/Medium; 1x 16oz/ICED MEDIUM","433","2025-12-22 05:48:57","2025-12-22 05:56:10","",""
"ESPRESSO","","Point of Sale","2","1x 12oz/Medium; 1x 12oz/Medium","363","2025-12-22 05:50:07","2025-12-22 05:56:10","",""
"ESPRESSO","","Point of Sale","2","1x 16oz/ICED MEDIUM; 1x 16oz/Large","388","2025-12-22 05:51:42","2025-12-22 05:58:10","",""
"ESPRESSO","","Point of Sale","1","1x 4oz/Pic, Esp, Dop","235","2025-12-22 05:54:16","2025-12-22 05:58:11","",""
"ESPRESSO","","Point of Sale","1","1x 16oz/Large","271","2025-12-22 06:10:48","2025-12-22 06:15:19","",""
"ESPRESSO","","Point of Sale","1","1x 8oz/Small","161","2025-12-22 06:12:38","2025-12-22 06:15:19","",""
"ESPRESSO","","Point of Sale","1","1x 20oz\ICED LARGE","147","2025-12-22 06:12:53","2025-12-22 06:15:20","",""
"ESPRESSO","","Point of Sale","1","1x 16oz/ICED MEDIUM","132","2025-12-22 06:15:09","2025-12-22 06:17:21","",""
"ESPRESSO","","Point of Sale","1","1x 12oz/Medium","285","2025-12-22 06:20:01","2025-12-22 06:24:46","",""
"ESPRESSO","","Point of Sale","1","1x 16oz/Large","265","2025-12-22 06:20:21","2025-12-22 06:24:46","",""
"ESPRESSO","","Point of Sale","1","1x 12oz/Medium","254","2025-12-22 06:20:33","2025-12-22 06:24:47","",""
"ESPRESSO","","Point of Sale","1","1x 12oz/ICED SMALL","239","2025-12-22 06:20:49","2025-12-22 06:24:48","",""
"ESPRESSO","","Point of Sale","1","1x TOASTIE","361","2025-12-22 06:31:32","2025-12-22 06:37:33","",""
"ESPRESSO","","Point of Sale","1","1x 4oz/Pic, Esp, Dop","212","2025-12-22 06:34:02","2025-12-22 06:37:34","",""
"ESPRESSO","","Point of Sale","1","1x 16oz/ICED MEDIUM","321","2025-12-22 06:34:40","2025-12-22 06:40:01","",""
"ESPRESSO","","Point of Sale","1","1x 16oz/ICED MEDIUM","296","2025-12-22 06:35:05","2025-12-22 06:40:01","",""
"ESPRESSO","","Point of Sale","1","1x 12oz/Medium","868","2025-12-22 06:36:02","2025-12-22 06:50:30","",""
"ESPRESSO","","Point of Sale","1","1x Kombucha","83","2025-12-22 06:36:18","2025-12-22 06:37:41","",""
"ESPRESSO","","Point of Sale","2","1x 16oz/ICED MEDIUM; 1x 6oz","683","2025-12-22 06:39:06","2025-12-22 06:50:29","",""
"ESPRESSO","","Point of Sale","1","1x 8oz/Small","526","2025-12-22 06:50:19","2025-12-22 06:59:05","",""
"ESPRESSO","","Point of Sale","3","2x 16oz/ICED MEDIUM; 1x Babycino","241","2025-12-22 06:55:06","2025-12-22 06:59:07","",""
"ESPRESSO","","Point of Sale","1","1x 12oz/ICED SMALL","304","2025-12-22 06:55:38","2025-12-22 07:00:42","",""
"ESPRESSO","","Point of Sale","1","1x 12oz/ICED SMALL","282","2025-12-22 06:56:01","2025-12-22 07:00:43","",""
"ESPRESSO","","Point of Sale","1","1x 12oz/Medium","579","2025-12-22 06:57:03","2025-12-22 07:06:42","",""
"ESPRESSO","","Point of Sale","1","1x 16oz/ICED MEDIUM","522","2025-12-22 06:57:59","2025-12-22 07:06:41","",""
"ESPRESSO","","Point of Sale","2","1x 8oz/Small; 1x 12oz/ICED SMALL","643","2025-12-22 06:58:27","2025-12-22 07:09:10","",""
"ESPRESSO","","Point of Sale","1","1x 16oz/ICED MEDIUM","6","2025-12-22 06:58:36","2025-12-22 06:58:42","",""
"ESPRESSO","","Point of Sale","1","1x 16oz/Large","644","2025-12-22 06:59:01","2025-12-22 07:09:45","",""
"ESPRESSO","","Point of Sale","2","1x 16oz/Large; 1x Babycino","613","2025-12-22 07:02:41","2025-12-22 07:12:54","",""
"ESPRESSO","","Point of Sale","2","1x 12oz/ICED SMALL; 1x 12oz/Medium","521","2025-12-22 07:06:35","2025-12-22 07:15:16","",""
"ESPRESSO","","Point of Sale","2","1x 12oz/Medium; 1x Pupacino","558","2025-12-22 07:08:43","2025-12-22 07:18:01","",""
"ESPRESSO","","Point of Sale","4","1x Plain Croissant; 1x Babycino; 2x 6oz","452","2025-12-22 07:10:29","2025-12-22 07:18:01","",""
"ESPRESSO","","Point of Sale","2","2x 16oz/ICED MEDIUM","437","2025-12-22 07:13:07","2025-12-22 07:20:24","",""
"ESPRESSO","","Point of Sale","1","1x 12oz/Medium","403","2025-12-22 07:13:41","2025-12-22 07:20:24","",""
"ESPRESSO","","Point of Sale","1","1x 6oz","287","2025-12-22 07:19:28","2025-12-22 07:24:15","",""
"ESPRESSO","","Point of Sale","1","1x 12oz/Medium","267","2025-12-22 07:19:49","2025-12-22 07:24:16","",""
"ESPRESSO","","Point of Sale","1","1x 16oz/ICED MEDIUM","105","2025-12-22 07:22:31","2025-12-22 07:24:16","",""
"ESPRESSO","","Point of Sale","1","1x 12oz/Medium","669","2025-12-22 07:23:57","2025-12-22 07:35:06","",""
"ESPRESSO","","Point of Sale","2","1x 12oz/Medium; 1x 6oz","412","2025-12-22 07:28:15","2025-12-22 07:35:07","",""
"ESPRESSO","","Point of Sale","1","1x 6oz","508","2025-12-22 07:35:32","2025-12-22 07:44:00","",""
"ESPRESSO","","Point of Sale","1","1x 20oz\ICED LARGE","266","2025-12-22 07:39:32","2025-12-22 07:43:58","",""
"ESPRESSO","354170069","Square Online","2","1x 16oz/ICED MEDIUM; 1x 12oz/ICED SMALL","278","2025-12-22 07:43:34","2025-12-22 07:48:12","2025-12-22 07:43:29",""
"ESPRESSO","","Point of Sale","1","1x 8oz/Small","182","2025-12-22 07:45:26","2025-12-22 07:48:28","",""
"ESPRESSO","","Point of Sale","1","1x 16oz/Large","295","2025-12-22 07:46:38","2025-12-22 07:51:33","",""
"ESPRESSO","","Point of Sale","1","1x 6oz","341","2025-12-22 07:52:47","2025-12-22 07:58:28","",""
"ESPRESSO","","Point of Sale","1","1x 12oz/Medium","304","2025-12-22 07:53:27","2025-12-22 07:58:31","",""
"ESPRESSO","","Point of Sale","1","1x 12oz/Medium","601","2025-12-22 07:53:45","2025-12-22 08:03:46","",""
"ESPRESSO","","Point of Sale","3","1x 12oz/Medium; 1x Pupacino; 1x 12oz/ICED SMALL","537","2025-12-22 07:54:48","2025-12-22 08:03:45","",""
"ESPRESSO","","Point of Sale","1","1x 12oz/Medium","631","2025-12-22 07:55:04","2025-12-22 08:05:35","",""
"ESPRESSO","","Point of Sale","2","1x Sweet Pastry; 1x 12oz/ICED SMALL","514","2025-12-22 07:55:20","2025-12-22 08:03:54","",""
"ESPRESSO","","Point of Sale","1","1x 8oz/Small","585","2025-12-22 07:55:51","2025-12-22 08:05:36","",""
"ESPRESSO","","Point of Sale","1","1x 6oz","541","2025-12-22 07:57:25","2025-12-22 08:06:26","",""
"ESPRESSO","","Point of Sale","1","1x 12oz/Medium","531","2025-12-22 07:57:35","2025-12-22 08:06:26","",""
"ESPRESSO","","Point of Sale","2","1x 250g Beans; 1x 16oz/ICED MEDIUM","720","2025-12-22 08:03:26","2025-12-22 08:15:26","",""
"ESPRESSO","","Point of Sale","1","1x Breakfast Wrap","704","2025-12-22 08:03:43","2025-12-22 08:15:27","",""
"ESPRESSO","","Point of Sale","2","1x 12oz/ICED SMALL; 1x Sweet Pastry","741","2025-12-22 08:11:19","2025-12-22 08:23:40","",""
"ESPRESSO","","Point of Sale","1","1x 12oz/Medium","523","2025-12-22 08:14:56","2025-12-22 08:23:39","",""
"ESPRESSO","","Point of Sale","1","1x 16oz/Large","124","2025-12-22 08:21:37","2025-12-22 08:23:41","",""
"ESPRESSO","","Point of Sale","1","1x 20oz\ICED LARGE","323","2025-12-22 08:25:02","2025-12-22 08:30:25","",""
"ESPRESSO","","Point of Sale","1","1x 12oz/Medium","265","2025-12-22 08:25:59","2025-12-22 08:30:24","",""
"ESPRESSO","","Point of Sale","2","1x 20oz\ICED LARGE; 1x 16oz/ICED MEDIUM","359","2025-12-22 08:55:46","2025-12-22 09:01:45","",""
"ESPRESSO","","Point of Sale","1","1x 12oz/ICED SMALL","275","2025-12-22 08:57:08","2025-12-22 09:01:43","",""
"ESPRESSO","","Point of Sale","1","1x 12oz/ICED SMALL","455","2025-12-22 09:01:33","2025-12-22 09:09:08","",""
"ESPRESSO","","Point of Sale","3","1x Fruit Juice; 1x A Sweet Muffin; 1x 12oz/ICED SMALL","400","2025-12-22 09:02:29","2025-12-22 09:09:09","",""
"ESPRESSO","","Point of Sale","2","1x 4oz/Pic, Esp, Dop; 1x 12oz/Medium","941","2025-12-22 09:04:32","2025-12-22 09:20:13","",""
"ESPRESSO","","Point of Sale","2","1x 12oz/ICED SMALL; 1x 12oz/ICED SMALL","301","2025-12-22 09:15:14","2025-12-22 09:20:15","",""
"ESPRESSO","","Point of Sale","2","1x Breakfast Wrap; 1x 16oz/ICED MEDIUM","327","2025-12-22 09:17:26","2025-12-22 09:22:53","",""
"ESPRESSO","","Point of Sale","1","1x ","77","2025-12-22 09:19:06","2025-12-22 09:20:23","",""
"ESPRESSO","","Point of Sale","1","1x 12oz/ICED SMALL","326","2025-12-22 09:24:08","2025-12-22 09:29:34","",""
"ESPRESSO","","Point of Sale","1","1x 20oz\ICED LARGE","551","2025-12-22 09:32:03","2025-12-22 09:41:14","",""
"ESPRESSO","","Point of Sale","2","1x 16oz/ICED MEDIUM; 1x 12oz/ICED SMALL","364","2025-12-22 09:35:09","2025-12-22 09:41:13","",""
"ESPRESSO","","Point of Sale","1","1x 8oz/Small","202","2025-12-22 09:37:52","2025-12-22 09:41:14","",""
"ESPRESSO","","Point of Sale","1","1x Breakfast Wrap","355","2025-12-22 09:44:20","2025-12-22 09:50:15","",""
"ESPRESSO","","Point of Sale","1","1x 16oz/ICED MEDIUM","257","2025-12-22 09:45:58","2025-12-22 09:50:15","",""
"ESPRESSO","","Point of Sale","1","1x 12oz/Medium","208","2025-12-22 09:46:48","2025-12-22 09:50:16","",""
"ESPRESSO","","Point of Sale","1","1x 16oz/ICED MEDIUM","290","2025-12-22 09:50:58","2025-12-22 09:55:48","",""
"ESPRESSO","","Point of Sale","1","1x 8oz/Small","442","2025-12-22 10:01:42","2025-12-22 10:09:04","",""
"ESPRESSO","","Point of Sale","2","1x 12oz/ICED SMALL; 1x 500g Beans","95","2025-12-22 10:02:58","2025-12-22 10:04:33","",""
"ESPRESSO","","Point of Sale","1","1x 12oz/Medium","336","2025-12-22 10:03:29","2025-12-22 10:09:05","",""
"ESPRESSO","","Point of Sale","1","1x 12oz/ICED SMALL","257","2025-12-22 10:08:40","2025-12-22 10:12:57","",""
"ESPRESSO","","Point of Sale","2","1x 12oz/Medium; 1x Babycino","754","2025-12-22 10:11:09","2025-12-22 10:23:43","",""
"ESPRESSO","","Point of Sale","2","1x 16oz/ICED MEDIUM; 1x 16oz/ICED MEDIUM","235","2025-12-22 10:19:49","2025-12-22 10:23:44","",""
"ESPRESSO","","Point of Sale","1","1x 4oz/Pic, Esp, Dop","217","2025-12-22 10:25:48","2025-12-22 10:29:25","",""
"ESPRESSO","","Point of Sale","3","1x BUTTERBOY; 1x 12oz/ICED SMALL; 1x 6oz","290","2025-12-22 10:27:38","2025-12-22 10:32:28","",""
"ESPRESSO","","Point of Sale","1","1x 8oz/Small","268","2025-12-22 10:53:45","2025-12-22 10:58:13","",""
"ESPRESSO","","Point of Sale","1","1x 16oz/Large","202","2025-12-22 10:54:51","2025-12-22 10:58:13","",""
"ESPRESSO","","Point of Sale","2","1x Plain Croissant; 1x 8oz/Small","381","2025-12-22 10:55:31","2025-12-22 11:01:52","",""
"ESPRESSO","","Point of Sale","5","1x Sweet Pastry; 1x 4oz/Pic, Esp, Dop; 2x Pupacino; 1x 12oz/ICED SMALL","349","2025-12-22 10:56:03","2025-12-22 11:01:52","",""
"ESPRESSO","","Point of Sale","3","2x 16oz/ICED MEDIUM; 1x Babycino","672","2025-12-22 10:57:33","2025-12-22 11:08:45","",""
"ESPRESSO","","Point of Sale","1","1x Fruit Juice","287","2025-12-22 10:57:51","2025-12-22 11:02:38","",""
"ESPRESSO","","Point of Sale","1","1x 12oz/Medium","528","2025-12-22 10:59:57","2025-12-22 11:08:45","",""
"ESPRESSO","","Point of Sale","1","1x A Sweet Muffin","86","2025-12-22 11:01:14","2025-12-22 11:02:40","",""
"ESPRESSO","","Point of Sale","2","1x 6oz; 1x 8oz/Small","902","2025-12-22 11:08:48","2025-12-22 11:23:50","",""
"ESPRESSO","","Point of Sale","1","1x 16oz/Large","878","2025-12-22 11:09:13","2025-12-22 11:23:51","",""
"ESPRESSO","","Point of Sale","3","1x 20oz\ICED LARGE; 1x 12oz/Medium; 1x 12oz/Medium","600","2025-12-23 05:18:50","2025-12-23 05:28:50","",""
"ESPRESSO","","Point of Sale","1","1x 8oz/Small","413","2025-12-23 05:21:58","2025-12-23 05:28:51","",""
"ESPRESSO","","Point of Sale","1","1x 16oz/Large","170","2025-12-23 05:28:46","2025-12-23 05:31:36","",""
"ESPRESSO","","Point of Sale","2","1x 12oz/ICED SMALL; 1x 6oz","224","2025-12-23 05:34:53","2025-12-23 05:38:37","",""
"ESPRESSO","","Point of Sale","1","1x 4oz/Pic, Esp, Dop","210","2025-12-23 05:35:07","2025-12-23 05:38:37","",""
"ESPRESSO","","Point of Sale","2","1x 12oz/Medium; 1x 500g Beans","165","2025-12-23 05:37:59","2025-12-23 05:40:44","",""
"ESPRESSO","","Point of Sale","2","1x 12oz/Medium; 1x 12oz/Medium","368","2025-12-23 05:41:53","2025-12-23 05:48:01","",""
"ESPRESSO","","Point of Sale","2","2x 16oz/Large","191","2025-12-23 05:44:51","2025-12-23 05:48:02","",""
"ESPRESSO","","Point of Sale","1","1x 12oz/Medium","308","2025-12-23 05:45:07","2025-12-23 05:50:15","",""
"ESPRESSO","","Point of Sale","1","1x 12oz/Medium","296","2025-12-23 05:49:36","2025-12-23 05:54:32","",""
"ESPRESSO","","Point of Sale","1","1x 8oz/Small","141","2025-12-23 05:52:11","2025-12-23 05:54:32","",""
"ESPRESSO","","Point of Sale","2","1x Ham And Cheese Croissant; 1x 16oz/ICED MEDIUM","507","2025-12-23 05:59:03","2025-12-23 06:07:30","",""
"ESPRESSO","","Point of Sale","2","1x 16oz/Large; 1x 16oz/Large","220","2025-12-23 06:03:51","2025-12-23 06:07:31","",""
"ESPRESSO","","Point of Sale","1","1x 8oz/Small","351","2025-12-23 06:05:27","2025-12-23 06:11:18","",""
"ESPRESSO","","Point of Sale","2","1x 4oz/Pic, Esp, Dop; 1x 16oz/ICED MEDIUM","335","2025-12-23 06:05:43","2025-12-23 06:11:18","",""
"ESPRESSO","","Point of Sale","1","1x 20oz\ICED LARGE","144","2025-12-23 06:08:55","2025-12-23 06:11:19","",""
"ESPRESSO","","Point of Sale","1","1x 16oz/Large","464","2025-12-23 06:09:20","2025-12-23 06:17:04","",""
"ESPRESSO","","Point of Sale","1","1x 20oz\ICED LARGE","88","2025-12-23 06:10:22","2025-12-23 06:11:50","",""
"ESPRESSO","","Point of Sale","2","2x 16oz/Large","364","2025-12-23 06:11:01","2025-12-23 06:17:05","",""
"ESPRESSO","","Point of Sale","1","1x 16oz/ICED MEDIUM","297","2025-12-23 06:16:22","2025-12-23 06:21:19","",""
"ESPRESSO","","Point of Sale","1","1x 12oz/ICED SMALL","284","2025-12-23 06:16:36","2025-12-23 06:21:20","",""
"ESPRESSO","","Point of Sale","1","1x 6oz","368","2025-12-23 06:16:51","2025-12-23 06:22:59","",""
"ESPRESSO","","Point of Sale","1","1x 8oz/Small","355","2025-12-23 06:17:04","2025-12-23 06:22:59","",""
"ESPRESSO","","Point of Sale","1","1x 12oz/Medium","214","2025-12-23 06:19:26","2025-12-23 06:23:00","",""
"ESPRESSO","","Point of Sale","2","1x 8oz/Small; 1x 6oz","234","2025-12-23 06:23:44","2025-12-23 06:27:38","",""
"ESPRESSO","Caitlin","Point of Sale","1","1x 12oz/ICED SMALL","662","2025-12-23 06:25:55","2025-12-23 06:36:57","",""
"ESPRESSO","Blaxk singlet","Point of Sale","1","1x 6oz","637","2025-12-23 06:26:20","2025-12-23 06:36:57","",""
"ESPRESSO","Beige toip","Point of Sale","1","1x 8oz/Small","598","2025-12-23 06:26:59","2025-12-23 06:36:57","",""
"ESPRESSO","Black and yellow","Point of Sale","1","1x 12oz/Medium","651","2025-12-23 06:29:37","2025-12-23 06:40:28","",""
"ESPRESSO","","Point of Sale","2","1x Famous Soda; 1x 16oz/ICED MEDIUM","321","2025-12-23 06:35:08","2025-12-23 06:40:29","",""
"ESPRESSO","Mapel","Point of Sale","1","1x 12oz/Medium","381","2025-12-23 06:35:52","2025-12-23 06:42:13","",""
"ESPRESSO","Michael","Point of Sale","3","1x 12oz/Medium; 1x 8oz/Small; 1x A Savoury Muffin","457","2025-12-23 06:38:47","2025-12-23 06:46:24","",""
"ESPRESSO","","Point of Sale","1","1x 12oz/ICED SMALL","421","2025-12-23 06:39:23","2025-12-23 06:46:24","",""
"ESPRESSO","","Point of Sale","1","1x 8oz/Small","336","2025-12-23 06:51:32","2025-12-23 06:57:08","",""
"ESPRESSO","","Point of Sale","2","2x 16oz/ICED MEDIUM","145","2025-12-23 06:54:45","2025-12-23 06:57:10","",""
"ESPRESSO","","Point of Sale","2","2x 4oz/Pic, Esp, Dop","319","2025-12-23 06:55:47","2025-12-23 07:01:06","",""
"ESPRESSO","Ray","Point of Sale","1","1x 16oz/ICED MEDIUM","544","2025-12-23 06:56:54","2025-12-23 07:05:58","",""
"ESPRESSO","Energy qld","Point of Sale","1","1x 12oz/Medium","444","2025-12-23 06:58:34","2025-12-23 07:05:58","",""
"ESPRESSO","","Point of Sale","2","2x 20oz\ICED LARGE","281","2025-12-23 07:10:45","2025-12-23 07:15:26","",""
"ESPRESSO","","Point of Sale","1","1x 16oz/ICED MEDIUM","248","2025-12-23 07:11:18","2025-12-23 07:15:26","",""
"ESPRESSO","","Point of Sale","1","1x 8oz/Small","74","2025-12-23 07:15:22","2025-12-23 07:16:36","",""
"ESPRESSO","","Point of Sale","3","1x 16oz/Large; 1x 8oz/Small; 1x Babycino","335","2025-12-23 07:17:22","2025-12-23 07:22:57","",""
"ESPRESSO","Glen","Point of Sale","1","1x 16oz/Large","305","2025-12-23 07:17:53","2025-12-23 07:22:58","",""
"ESPRESSO","","Point of Sale","2","1x 8oz/Small; 1x 16oz/Large","560","2025-12-23 07:18:31","2025-12-23 07:27:51","",""
"ESPRESSO","","Point of Sale","1","1x 6oz","408","2025-12-23 07:21:02","2025-12-23 07:27:50","",""
"ESPRESSO","","Point of Sale","1","1x 12oz/Medium","320","2025-12-23 07:22:32","2025-12-23 07:27:52","",""
"ESPRESSO","","Point of Sale","2","1x 12oz/Medium; 1x 12oz/Medium","225","2025-12-23 07:28:51","2025-12-23 07:32:36","",""
"ESPRESSO","","Point of Sale","1","1x 16oz/ICED MEDIUM","447","2025-12-23 07:37:31","2025-12-23 07:44:58","",""
"ESPRESSO","","Point of Sale","1","1x 16oz/Large","338","2025-12-23 07:39:21","2025-12-23 07:44:59","",""
"ESPRESSO","","Point of Sale","1","1x 8oz/Small","309","2025-12-23 07:39:50","2025-12-23 07:44:59","",""
"ESPRESSO","","Point of Sale","2","1x Sweet Pastry; 1x 12oz/Medium","131","2025-12-23 07:54:58","2025-12-23 07:57:09","",""
"ESPRESSO","","Point of Sale","1","1x 12oz/Medium","81","2025-12-23 07:55:48","2025-12-23 07:57:09","",""
"ESPRESSO","","Point of Sale","1","1x 12oz/Medium","170","2025-12-23 08:07:13","2025-12-23 08:10:03","",""
"ESPRESSO","","Point of Sale","2","1x 12oz/Medium; 1x 12oz/Medium","124","2025-12-23 08:08:00","2025-12-23 08:10:04","",""
"ESPRESSO","","Point of Sale","1","1x 12oz/ICED SMALL","142","2025-12-23 08:08:39","2025-12-23 08:11:01","",""
"ESPRESSO","","Point of Sale","1","1x 12oz/Medium","170","2025-12-23 08:09:58","2025-12-23 08:12:48","",""
"ESPRESSO","","Point of Sale","1","1x 20oz\ICED LARGE","83","2025-12-23 08:11:25","2025-12-23 08:12:48","",""
"ESPRESSO","","Point of Sale","1","1x 12oz/Medium","198","2025-12-23 08:13:51","2025-12-23 08:17:09","",""
"ESPRESSO","","Point of Sale","1","1x 16oz/ICED MEDIUM","164","2025-12-23 08:14:25","2025-12-23 08:17:09","",""
"ESPRESSO","","Point of Sale","1","1x 12oz/Medium","272","2025-12-23 08:14:49","2025-12-23 08:19:21","",""
"ESPRESSO","","Point of Sale","1","1x 12oz/Medium","152","2025-12-23 08:16:50","2025-12-23 08:19:22","",""
"ESPRESSO","","Point of Sale","1","1x 12oz/ICED SMALL","139","2025-12-23 08:17:39","2025-12-23 08:19:58","",""
"ESPRESSO","","Point of Sale","1","1x 16oz/ICED MEDIUM","90","2025-12-23 08:18:30","2025-12-23 08:20:00","",""
"ESPRESSO","","Point of Sale","1","1x 12oz/ICED SMALL","207","2025-12-23 08:19:20","2025-12-23 08:22:47","",""
"ESPRESSO","","Point of Sale","1","1x 12oz/Medium","193","2025-12-23 08:19:35","2025-12-23 08:22:48","",""
"ESPRESSO","","Point of Sale","1","1x 16oz/Large","139","2025-12-23 08:20:28","2025-12-23 08:22:47","",""
"ESPRESSO","","Point of Sale","3","1x Babycino; 1x 16oz/ICED MEDIUM; 1x 12oz/Medium","479","2025-12-23 08:23:17","2025-12-23 08:31:16","",""
"ESPRESSO","","Point of Sale","2","1x A Savoury Muffin; 1x 12oz/Medium","366","2025-12-23 08:25:11","2025-12-23 08:31:17","",""
"ESPRESSO","","Point of Sale","1","1x 20oz\ICED LARGE","282","2025-12-23 08:26:35","2025-12-23 08:31:17","",""
"ESPRESSO","","Point of Sale","1","1x 12oz/ICED SMALL","76","2025-12-23 08:30:02","2025-12-23 08:31:18","",""
"ESPRESSO","","Point of Sale","4","1x 20oz\ICED LARGE; 2x 16oz/Large; 1x 12oz/Medium","375","2025-12-23 08:31:33","2025-12-23 08:37:48","",""
"ESPRESSO","","Point of Sale","2","1x Sweet Pastry; 1x 8oz/Small","338","2025-12-23 08:31:57","2025-12-23 08:37:35","",""
"ESPRESSO","Whiyte granit","Point of Sale","1","1x 12oz/Medium","309","2025-12-23 08:33:19","2025-12-23 08:38:28","",""
"ESPRESSO","","Point of Sale","1","1x 4oz/Pic, Esp, Dop","267","2025-12-23 08:34:03","2025-12-23 08:38:30","",""
"ESPRESSO","","Point of Sale","2","1x 500g Beans; 1x 8oz/Small","303","2025-12-23 08:35:32","2025-12-23 08:40:35","",""
"ESPRESSO","","Point of Sale","1","1x 12oz/ICED SMALL","382","2025-12-23 08:36:37","2025-12-23 08:42:59","",""
"ESPRESSO","","Point of Sale","3","1x A Sweet Muffin; 1x Fruit Juice; 1x 12oz/Medium","331","2025-12-23 08:37:29","2025-12-23 08:43:00","",""
"ESPRESSO","","Point of Sale","1","1x 16oz/Large","255","2025-12-23 08:38:46","2025-12-23 08:43:01","",""
"ESPRESSO","","Point of Sale","1","1x 16oz/Large","188","2025-12-23 08:41:27","2025-12-23 08:44:35","",""
"ESPRESSO","","Point of Sale","1","1x 12oz/Medium","108","2025-12-23 08:42:47","2025-12-23 08:44:35","",""
"ESPRESSO","","Point of Sale","1","1x 16oz/Large","199","2025-12-23 08:44:18","2025-12-23 08:47:37","",""
"ESPRESSO","","Point of Sale","2","1x 20oz\ICED LARGE; 1x 16oz/ICED MEDIUM","137","2025-12-23 08:47:34","2025-12-23 08:49:51","",""
"ESPRESSO","","Point of Sale","3","2x Sweet Pastry; 1x Famous Soda","10","2025-12-23 08:49:41","2025-12-23 08:49:51","",""
"ESPRESSO","","Point of Sale","2","1x Breakfast Wrap; 1x 12oz/ICED SMALL","437","2025-12-23 08:50:36","2025-12-23 08:57:53","",""
"ESPRESSO","","Point of Sale","3","1x 12oz/Medium; 2x 12oz/Medium","410","2025-12-23 08:51:03","2025-12-23 08:57:53","",""
"ESPRESSO","","Point of Sale","1","1x 16oz/ICED MEDIUM","187","2025-12-23 08:56:37","2025-12-23 08:59:44","",""
"ESPRESSO","","Point of Sale","2","1x Plain Croissant; 1x 16oz/ICED MEDIUM","161","2025-12-23 08:57:04","2025-12-23 08:59:45","",""
"ESPRESSO","","Point of Sale","1","1x 16oz/ICED MEDIUM","244","2025-12-23 08:57:36","2025-12-23 09:01:40","",""
"ESPRESSO","","Point of Sale","1","1x 12oz/Medium","194","2025-12-23 08:58:25","2025-12-23 09:01:39","",""
"ESPRESSO","","Point of Sale","2","1x BUTTERBOY; 1x 12oz/Medium","293","2025-12-23 09:00:22","2025-12-23 09:05:15","",""
"ESPRESSO","","Point of Sale","1","1x 16oz/ICED MEDIUM","262","2025-12-23 09:00:54","2025-12-23 09:05:16","",""
"ESPRESSO","","Point of Sale","2","1x 12oz/ICED SMALL; 1x 12oz/ICED SMALL","131","2025-12-23 09:04:40","2025-12-23 09:06:51","",""
"ESPRESSO","","Point of Sale","1","1x 12oz/ICED SMALL","361","2025-12-23 09:04:51","2025-12-23 09:10:52","",""
"ESPRESSO","","Point of Sale","4","1x 4oz/Pic, Esp, Dop; 2x Pupacino; 1x 12oz/ICED SMALL","289","2025-12-23 09:06:03","2025-12-23 09:10:52","",""
"ESPRESSO","","Point of Sale","1","1x 8oz/Small","921","2025-12-24 05:08:35","2025-12-24 05:23:56","",""
"ESPRESSO","","Point of Sale","1","1x 16oz/Large","678","2025-12-24 05:19:12","2025-12-24 05:30:30","",""
"ESPRESSO","","Point of Sale","1","1x 16oz/ICED MEDIUM","653","2025-12-24 05:19:38","2025-12-24 05:30:31","",""
"ESPRESSO","","Point of Sale","1","1x 16oz/ICED MEDIUM","640","2025-12-24 05:19:51","2025-12-24 05:30:31","",""
"ESPRESSO","","Point of Sale","2","1x 16oz/Large; 1x 12oz/ICED SMALL","445","2025-12-24 05:26:32","2025-12-24 05:33:57","",""
"ESPRESSO","","Point of Sale","2","2x 12oz/Medium","337","2025-12-24 05:28:19","2025-12-24 05:33:56","",""
"ESPRESSO","","Point of Sale","1","1x 12oz/Medium","226","2025-12-24 05:30:11","2025-12-24 05:33:57","",""
"ESPRESSO","","Point of Sale","2","1x 16oz/Large; 1x 16oz/Large","395","2025-12-24 05:32:13","2025-12-24 05:38:48","",""
"ESPRESSO","Girl","Point of Sale","1","1x 8oz/Small","377","2025-12-24 05:32:31","2025-12-24 05:38:48","",""
"ESPRESSO","Half ha","Point of Sale","1","1x 12oz/Medium","110","2025-12-24 05:37:17","2025-12-24 05:39:07","",""
"ESPRESSO","","Point of Sale","2","2x 16oz/Large","237","2025-12-24 05:42:09","2025-12-24 05:46:06","",""
"ESPRESSO","Cocnut wtaer","Point of Sale","1","1x 16oz/ICED MEDIUM","213","2025-12-24 05:42:31","2025-12-24 05:46:04","",""
"ESPRESSO","","Point of Sale","1","1x 20oz\ICED LARGE","73","2025-12-24 05:42:47","2025-12-24 05:44:00","",""
"ESPRESSO","","Point of Sale","2","1x 1kg Beans; 1x 12oz/Medium","49","2025-12-24 05:46:34","2025-12-24 05:47:23","",""
"ESPRESSO","","Point of Sale","1","1x 20oz\ICED LARGE","122","2025-12-24 05:47:52","2025-12-24 05:49:54","",""
"ESPRESSO","","Point of Sale","1","1x 8oz/Small","138","2025-12-24 05:48:20","2025-12-24 05:50:38","",""
"ESPRESSO","Keep","Point of Sale","1","1x 8oz/Small","192","2025-12-24 05:48:44","2025-12-24 05:51:56","",""
"ESPRESSO","","Point of Sale","1","1x Sweet Pastry","400","2025-12-24 05:54:28","2025-12-24 06:01:08","",""
"ESPRESSO","","Point of Sale","4","1x 16oz/ICED MEDIUM; 3x 16oz/ICED MEDIUM","275","2025-12-24 05:56:34","2025-12-24 06:01:09","",""
"ESPRESSO","Milos","Point of Sale","1","1x 16oz/ICED MEDIUM","466","2025-12-24 05:58:21","2025-12-24 06:06:07","",""
"ESPRESSO","Anne dine in","Point of Sale","1","1x 6oz","378","2025-12-24 05:59:51","2025-12-24 06:06:09","",""
"ESPRESSO","","Point of Sale","1","1x 16oz/ICED MEDIUM","247","2025-12-24 06:05:41","2025-12-24 06:09:48","",""
"ESPRESSO","Randolph","Point of Sale","1","1x 16oz/ICED MEDIUM","308","2025-12-24 06:06:04","2025-12-24 06:11:12","",""
"ESPRESSO","Old dude","Point of Sale","1","1x 12oz/Medium","590","2025-12-24 06:10:43","2025-12-24 06:20:33","",""
"ESPRESSO","","Point of Sale","1","1x 8oz/Small","340","2025-12-24 06:24:57","2025-12-24 06:30:37","",""
"ESPRESSO","","Point of Sale","1","1x Plain Croissant","207","2025-12-24 06:27:18","2025-12-24 06:30:45","",""
"ESPRESSO","Grey shirt old ddue","Point of Sale","1","1x 16oz/ICED MEDIUM","402","2025-12-24 06:29:50","2025-12-24 06:36:32","",""
"ESPRESSO","Camo hat","Point of Sale","2","2x 4oz/Pic, Esp, Dop","253","2025-12-24 06:49:47","2025-12-24 06:54:00","",""
"ESPRESSO","","Point of Sale","2","1x 16oz/Large; 1x 16oz/Large","236","2025-12-24 06:50:05","2025-12-24 06:54:01","",""
"ESPRESSO","Beard","Point of Sale","1","1x 20oz\ICED LARGE","144","2025-12-24 06:59:19","2025-12-24 07:01:43","",""
"ESPRESSO","","Point of Sale","1","1x Fiji Water","269","2025-12-24 06:59:44","2025-12-24 07:04:13","",""
"ESPRESSO","Greenbhat","Point of Sale","2","1x 8oz/Small; 1x 8oz/Small","717","2025-12-24 07:09:47","2025-12-24 07:21:44","",""
"ESPRESSO","","Point of Sale","1","1x 12oz/Medium","111","2025-12-24 07:43:13","2025-12-24 07:45:04","",""
"ESPRESSO","","Point of Sale","1","1x 16oz/ICED MEDIUM","177","2025-12-24 07:51:39","2025-12-24 07:54:36","",""
"ESPRESSO","Gucci","Point of Sale","1","1x 12oz/Medium","154","2025-12-24 07:52:02","2025-12-24 07:54:36","",""
"ESPRESSO","","Point of Sale","1","1x 12oz/Medium","201","2025-12-24 07:52:26","2025-12-24 07:55:47","",""
"ESPRESSO","","Point of Sale","2","1x TOASTIE; 1x 8oz/Small","537","2025-12-24 07:53:11","2025-12-24 08:02:08","",""
"ESPRESSO","","Point of Sale","1","1x 16oz/ICED MEDIUM","496","2025-12-24 07:53:55","2025-12-24 08:02:11","",""
"ESPRESSO","Hat","Point of Sale","1","1x 16oz/Large","444","2025-12-24 07:54:50","2025-12-24 08:02:14","",""
"ESPRESSO","","Point of Sale","3","1x Babycino; 2x 16oz/ICED MEDIUM","468","2025-12-24 07:56:09","2025-12-24 08:03:57","",""
"ESPRESSO","Americano","Point of Sale","1","1x 16oz/Large","379","2025-12-24 07:59:00","2025-12-24 08:05:19","",""
"ESPRESSO","Granny","Point of Sale","1","1x 8oz/Small","430","2025-12-24 07:59:57","2025-12-24 08:07:07","",""
"ESPRESSO","","Point of Sale","1","1x 16oz/Large","330","2025-12-24 08:01:39","2025-12-24 08:07:09","",""
"ESPRESSO","Asian","Point of Sale","1","1x 12oz/Medium","311","2025-12-24 08:01:55","2025-12-24 08:07:06","",""
"ESPRESSO","Fizz","Point of Sale","1","1x 12oz/Medium","300","2025-12-24 08:02:10","2025-12-24 08:07:10","",""
"ESPRESSO","Chriamaa ahirt","Point of Sale","1","1x 16oz/ICED MEDIUM","297","2025-12-24 08:04:52","2025-12-24 08:09:49","",""
"ESPRESSO","","Point of Sale","1","1x 500g Beans","279","2025-12-24 08:05:09","2025-12-24 08:09:48","",""
"ESPRESSO","","Point of Sale","1","1x 12oz/Medium","626","2025-12-24 08:09:46","2025-12-24 08:20:12","",""
"ESPRESSO","","Point of Sale","1","1x 16oz/ICED MEDIUM","483","2025-12-24 08:12:09","2025-12-24 08:20:12","",""
"ESPRESSO","","Point of Sale","2","1x 12oz/Medium; 1x 12oz/Medium","357","2025-12-24 08:14:16","2025-12-24 08:20:13","",""
"ESPRESSO","","Point of Sale","3","1x Sweet Pastry; 1x 16oz/ICED MEDIUM; 1x 12oz/Medium","386","2025-12-24 08:15:00","2025-12-24 08:21:26","",""
"ESPRESSO","","Point of Sale","1","1x 16oz/Large","178","2025-12-24 08:18:27","2025-12-24 08:21:25","",""
"ESPRESSO","","Point of Sale","1","1x 12oz/Medium","276","2025-12-24 08:19:57","2025-12-24 08:24:33","",""
"ESPRESSO","Kieran","Point of Sale","1","1x 12oz/Medium","243","2025-12-24 08:20:30","2025-12-24 08:24:33","",""
"ESPRESSO","","Point of Sale","1","1x 16oz/ICED MEDIUM","426","2025-12-24 08:22:19","2025-12-24 08:29:25","",""
"ESPRESSO","","Point of Sale","1","1x 12oz/Medium","394","2025-12-24 08:22:50","2025-12-24 08:29:24","",""
"ESPRESSO","","Point of Sale","1","1x 20oz\ICED LARGE","304","2025-12-24 08:24:21","2025-12-24 08:29:25","",""
"ESPRESSO","","Point of Sale","2","1x 12oz/ICED SMALL; 1x 12oz/Medium","360","2025-12-24 08:26:40","2025-12-24 08:32:40","",""
"ESPRESSO","Girkl","Point of Sale","1","1x 8oz/Small","295","2025-12-24 08:27:46","2025-12-24 08:32:41","",""
"ESPRESSO","","Point of Sale","1","1x 16oz/Large","286","2025-12-24 08:29:52","2025-12-24 08:34:38","",""
"ESPRESSO","","Point of Sale","1","1x 8oz/Small","109","2025-12-24 08:34:25","2025-12-24 08:36:14","",""
"ESPRESSO","","Point of Sale","3","1x Plain Croissant; 1x Sweet Pastry; 1x Kombucha","118","2025-12-24 08:35:48","2025-12-24 08:37:46","",""
"ESPRESSO","","Point of Sale","3","1x 12oz/ICED SMALL; 2x 12oz/ICED SMALL","708","2025-12-24 08:38:11","2025-12-24 08:49:59","",""
"ESPRESSO","","Point of Sale","2","1x 12oz/ICED SMALL; 1x 12oz/ICED SMALL","308","2025-12-24 08:44:50","2025-12-24 08:49:58","",""
"ESPRESSO","","Point of Sale","2","1x 500g Beans; 1x 16oz/ICED MEDIUM","410","2025-12-24 08:46:50","2025-12-24 08:53:40","",""
"ESPRESSO","","Point of Sale","1","1x 16oz/ICED MEDIUM","319","2025-12-24 08:48:23","2025-12-24 08:53:42","",""
"ESPRESSO","","Point of Sale","1","1x 12oz/Medium","302","2025-12-24 08:48:41","2025-12-24 08:53:43","",""
"ESPRESSO","","Point of Sale","2","2x Breakfast Wrap","347","2025-12-24 08:50:58","2025-12-24 08:56:45","",""
"ESPRESSO","","Point of Sale","1","1x 16oz/Large","794","2025-12-30 06:23:01","2025-12-30 06:36:15","",""
"ESPRESSO","","Point of Sale","2","1x 250g Beans; 1x 12oz/Medium","606","2025-12-30 06:26:08","2025-12-30 06:36:14","",""
"ESPRESSO","","Point of Sale","2","1x 12oz/ICED SMALL; 1x 8oz/Small","361","2025-12-30 06:32:30","2025-12-30 06:38:31","",""
"ESPRESSO","","Point of Sale","1","1x 16oz/Large","218","2025-12-30 06:34:54","2025-12-30 06:38:32","",""
"ESPRESSO","Georga","Point of Sale","1","1x 12oz/ICED SMALL","143","2025-12-30 06:36:11","2025-12-30 06:38:34","",""
"ESPRESSO","","Point of Sale","2","1x 12oz/Medium; 1x 6oz","459","2025-12-30 06:42:20","2025-12-30 06:49:59","",""
"ESPRESSO","","Point of Sale","3","2x 12oz/Medium; 1x 12oz/Medium","578","2025-12-30 06:48:07","2025-12-30 06:57:45","",""
"ESPRESSO","Renee","Point of Sale","3","1x 12oz/ICED SMALL; 1x 12oz/ICED SMALL; 1x 16oz/Large","532","2025-12-30 06:48:54","2025-12-30 06:57:46","",""
"ESPRESSO","Helen","Point of Sale","5","1x 12oz/Medium; 1x 12oz/Medium; 1x 16oz/ICED MEDIUM; 2x Babycino","435","2025-12-30 06:52:09","2025-12-30 06:59:24","",""
"ESPRESSO","Tom","Point of Sale","1","1x 8oz/Small","466","2025-12-30 06:52:34","2025-12-30 07:00:20","",""
"ESPRESSO","Whiteblskd","Point of Sale","1","1x 8oz/Small","129","2025-12-30 07:49:58","2025-12-30 07:52:07","",""
"ESPRESSO","Puma lady","Point of Sale","1","1x 16oz/Large","40","2025-12-30 07:51:25","2025-12-30 07:52:05","",""
"ESPRESSO","","Point of Sale","1","1x Fiji Water","8","2025-12-30 07:51:57","2025-12-30 07:52:05","",""
"ESPRESSO","Baby","Point of Sale","1","1x 16oz/Large","549","2025-12-30 07:52:30","2025-12-30 08:01:39","",""
"ESPRESSO","Couple","Point of Sale","2","1x 12oz/ICED SMALL; 1x 16oz/Large","124","2025-12-30 07:59:33","2025-12-30 08:01:37","",""
"ESPRESSO","","Point of Sale","1","1x 12oz/Medium","68","2025-12-30 08:00:29","2025-12-30 08:01:37","",""
"ESPRESSO","","Point of Sale","2","2x 1kg Beans","39","2025-12-30 08:00:59","2025-12-30 08:01:38","",""
"ESPRESSO","Lskd whiute","Point of Sale","3","1x 6oz; 1x Babycino; 1x 12oz/ICED SMALL","244","2025-12-30 08:28:29","2025-12-30 08:32:33","",""
"ESPRESSO","","Point of Sale","1","1x 16oz/Large","420","2025-12-30 09:06:04","2025-12-30 09:13:04","",""
"ESPRESSO","","Point of Sale","2","1x TOASTIE; 1x 16oz/ICED MEDIUM","1136","2025-12-30 09:06:55","2025-12-30 09:25:51","",""
"ESPRESSO","","Point of Sale","1","1x 12oz/Medium","1063","2025-12-30 09:08:07","2025-12-30 09:25:50","",""
"ESPRESSO","","Point of Sale","1","1x 12oz/Medium","792","2025-12-30 09:12:37","2025-12-30 09:25:49","",""
"ESPRESSO","","Point of Sale","1","1x 12oz/Medium","579","2025-12-30 09:16:09","2025-12-30 09:25:48","",""
"ESPRESSO","","Point of Sale","2","1x Plain Croissant; 1x 12oz/ICED SMALL","750","2025-12-30 09:19:53","2025-12-30 09:32:23","",""
"ESPRESSO","","Point of Sale","2","1x 16oz/ICED MEDIUM; 1x 16oz/ICED MEDIUM","625","2025-12-30 09:21:57","2025-12-30 09:32:22","",""
"ESPRESSO","","Point of Sale","1","1x 12oz/Medium","565","2025-12-30 09:22:56","2025-12-30 09:32:21","",""
"ESPRESSO","","Point of Sale","2","1x 12oz/Medium; 1x 12oz/Medium","541","2025-12-30 09:23:24","2025-12-30 09:32:25","",""
"ESPRESSO","","Point of Sale","1","1x 12oz/Medium","517","2025-12-30 09:42:24","2025-12-30 09:51:01","",""
"ESPRESSO","","Point of Sale","1","1x 8oz/Small","480","2025-12-30 09:43:02","2025-12-30 09:51:02","",""
"ESPRESSO","","Point of Sale","1","1x 12oz/Medium","660","2025-12-30 10:03:06","2025-12-30 10:14:06","",""
"ESPRESSO","","Point of Sale","2","1x 12oz/Medium; 1x 4oz/Pic, Esp, Dop","509","2025-12-30 10:05:36","2025-12-30 10:14:05","",""
"ESPRESSO","","Point of Sale","1","1x 12oz/Medium","483","2025-12-30 10:06:02","2025-12-30 10:14:05","",""
"ESPRESSO","","Point of Sale","1","1x 16oz/ICED MEDIUM","1099","2025-12-30 10:39:40","2025-12-30 10:57:59","",""
"ESPRESSO","","Point of Sale","1","1x 12oz/ICED SMALL","1076","2025-12-30 10:40:02","2025-12-30 10:57:58","",""
"ESPRESSO","","Point of Sale","1","1x 1kg Beans","1121","2025-12-30 10:44:22","2025-12-30 11:03:03","",""
"ESPRESSO","","Point of Sale","2","1x 12oz/ICED SMALL; 1x 16oz/ICED MEDIUM","807","2025-12-30 10:49:35","2025-12-30 11:03:02","",""
"ESPRESSO","","Point of Sale","1","1x 16oz/ICED MEDIUM","534","2025-12-30 10:54:03","2025-12-30 11:02:57","",""
"ESPRESSO","","Point of Sale","2","1x 12oz/Medium; 1x 12oz/Medium","486","2025-12-30 10:54:55","2025-12-30 11:03:01","",""
"ESPRESSO","","Point of Sale","2","1x 12oz/Medium; 1x 12oz/Medium","2925","2025-12-30 11:04:27","2025-12-30 11:53:12","",""
"ESPRESSO","","Point of Sale","1","1x Plain Croissant","165","2025-12-31 05:16:11","2025-12-31 05:18:56","",""
"ESPRESSO","","Point of Sale","1","1x 12oz/Medium","6","2025-12-31 05:24:30","2025-12-31 05:24:36","",""
"ESPRESSO","","Point of Sale","2","2x Plain Croissant","11","2025-12-31 05:26:42","2025-12-31 05:26:53","",""
"ESPRESSO","","Point of Sale","1","1x 20oz\ICED LARGE","188","2025-12-31 05:33:55","2025-12-31 05:37:03","",""
"ESPRESSO","","Point of Sale","1","1x 8oz/Small","231","2025-12-31 05:34:22","2025-12-31 05:38:13","",""
"ESPRESSO","","Point of Sale","1","1x 16oz/ICED MEDIUM","217","2025-12-31 05:34:37","2025-12-31 05:38:14","",""
"ESPRESSO","","Point of Sale","2","1x 12oz/Medium; 1x 16oz/Large","134","2025-12-31 05:36:32","2025-12-31 05:38:46","",""
"ESPRESSO","","Point of Sale","1","1x 12oz/ICED SMALL","76","2025-12-31 05:41:14","2025-12-31 05:42:30","",""
"ESPRESSO","","Point of Sale","1","1x 16oz/Large","40","2025-12-31 05:41:55","2025-12-31 05:42:35","",""
"ESPRESSO","","Point of Sale","4","1x 12oz/Medium; 1x 8oz/Small; 1x TOASTIE; 1x Famous Soda","195","2025-12-31 05:47:44","2025-12-31 05:50:59","",""
"ESPRESSO","","Point of Sale","2","1x TOASTIE; 1x 8oz/Small","169","2025-12-31 05:48:15","2025-12-31 05:51:04","",""
"ESPRESSO","Rose","Point of Sale","1","1x 12oz/Medium","133","2025-12-31 05:54:51","2025-12-31 05:57:04","",""
"ESPRESSO","Jake","Point of Sale","1","1x 16oz/Large","167","2025-12-31 05:57:50","2025-12-31 06:00:37","",""
"ESPRESSO","","Point of Sale","3","3x 12oz/Medium","356","2025-12-31 05:59:01","2025-12-31 06:04:57","",""
"ESPRESSO","Nathan","Point of Sale","1","1x 12oz/Medium","176","2025-12-31 06:01:59","2025-12-31 06:04:55","",""
"ESPRESSO","","Point of Sale","2","1x 12oz/Medium; 1x 12oz/Medium","126","2025-12-31 06:04:55","2025-12-31 06:07:01","",""
"ESPRESSO","Chris","Point of Sale","2","1x 16oz/Large; 1x 16oz/Large","92","2025-12-31 06:05:31","2025-12-31 06:07:03","",""
"ESPRESSO","","Point of Sale","1","1x 16oz/ICED MEDIUM","51","2025-12-31 06:13:42","2025-12-31 06:14:33","",""
"ESPRESSO","Rach","Point of Sale","1","1x 12oz/Medium","173","2025-12-31 06:17:49","2025-12-31 06:20:42","",""
"ESPRESSO","Jason","Point of Sale","2","2x 12oz/Medium","141","2025-12-31 06:18:22","2025-12-31 06:20:43","",""
"ESPRESSO","Nash","Point of Sale","2","1x Fruit Juice; 1x TOASTIE","290","2025-12-31 06:18:47","2025-12-31 06:23:37","",""
"ESPRESSO","Rach","Point of Sale","2","1x Fiji Water; 1x 12oz/Medium","68","2025-12-31 06:19:42","2025-12-31 06:20:50","",""
"ESPRESSO","","Point of Sale","1","1x 12oz/Medium","212","2025-12-31 06:20:03","2025-12-31 06:23:35","",""
"ESPRESSO","Karen","Point of Sale","2","1x 12oz/Medium; 1x 8oz/Small","229","2025-12-31 06:21:33","2025-12-31 06:25:22","",""
"ESPRESSO","Mel","Point of Sale","1","1x 12oz/ICED SMALL","183","2025-12-31 06:22:09","2025-12-31 06:25:12","",""
"ESPRESSO","Lou","Point of Sale","1","1x Kombucha","164","2025-12-31 06:22:33","2025-12-31 06:25:17","",""
"ESPRESSO","Anthony","Point of Sale","1","1x 6oz","238","2025-12-31 06:27:16","2025-12-31 06:31:14","",""
"ESPRESSO","Sam","Point of Sale","1","1x 20oz\ICED LARGE","207","2025-12-31 06:27:50","2025-12-31 06:31:17","",""
"ESPRESSO","Matt","Point of Sale","1","1x 16oz/Large","261","2025-12-31 06:28:07","2025-12-31 06:32:28","",""
"ESPRESSO","Soph","Point of Sale","1","1x 12oz/Medium","80","2025-12-31 06:31:09","2025-12-31 06:32:29","",""
"ESPRESSO","","Point of Sale","1","1x 12oz/Medium","111","2025-12-31 06:35:43","2025-12-31 06:37:34","",""
"ESPRESSO","Kate","Point of Sale","1","1x 8oz/Small","451","2025-12-31 06:40:02","2025-12-31 06:47:33","",""
"ESPRESSO","Luke","Point of Sale","3","1x Babycino; 1x 12oz/Medium; 1x 8oz/Small","132","2025-12-31 06:45:21","2025-12-31 06:47:33","",""
"ESPRESSO","Corey","Point of Sale","1","1x 16oz/Large","102","2025-12-31 06:45:52","2025-12-31 06:47:34","",""
"ESPRESSO","Loz","Point of Sale","2","1x 8oz/Small; 1x Babycino","131","2025-12-31 06:46:57","2025-12-31 06:49:08","",""
"ESPRESSO","Alex","Point of Sale","3","1x Babycino; 2x 6oz","70","2025-12-31 06:51:32","2025-12-31 06:52:42","",""
"ESPRESSO","Jess","Point of Sale","1","1x 12oz/Medium","166","2025-12-31 06:55:46","2025-12-31 06:58:32","",""
"ESPRESSO","Jasmes","Point of Sale","3","1x 16oz/Large; 2x Babycino","126","2025-12-31 06:56:26","2025-12-31 06:58:32","",""
"ESPRESSO","Gym facialnhair ","Point of Sale","3","2x 12oz/Medium; 1x A Sweet Muffin","563","2025-12-31 07:19:08","2025-12-31 07:28:31","",""
"ESPRESSO","Mitch","Point of Sale","1","1x 16oz/ICED MEDIUM","259","2025-12-31 07:24:11","2025-12-31 07:28:30","",""
"ESPRESSO","Red hat","Point of Sale","1","1x 8oz/Small","213","2025-12-31 07:24:57","2025-12-31 07:28:30","",""
"ESPRESSO","Black tank top","Point of Sale","1","1x 16oz/ICED MEDIUM","107","2025-12-31 07:31:22","2025-12-31 07:33:09","",""
"ESPRESSO","Glen","Point of Sale","2","2x 4oz/Pic, Esp, Dop","550","2025-12-31 07:38:56","2025-12-31 07:48:06","",""
"ESPRESSO","Khakiandd cream singlet","Point of Sale","2","1x 12oz/ICED SMALL; 1x 8oz/Small","354","2025-12-31 07:42:12","2025-12-31 07:48:06","",""
"ESPRESSO","Bianca","Point of Sale","1","1x 12oz/Medium","285","2025-12-31 07:43:22","2025-12-31 07:48:07","",""
"ESPRESSO","Boack snnies hat","Point of Sale","1","1x 12oz/Medium","701","2025-12-31 07:59:59","2025-12-31 08:11:40","",""
"ESPRESSO","Ae shirt","Point of Sale","2","2x 16oz/Large","782","2025-12-31 08:01:44","2025-12-31 08:14:46","",""
"ESPRESSO","Adapt blue","Point of Sale","2","1x 12oz/Medium; 1x 12oz/Medium","990","2025-12-31 08:07:17","2025-12-31 08:23:47","",""
"ESPRESSO","Curlt hair","Point of Sale","2","1x 12oz/Medium; 1x Breakfast Wrap","937","2025-12-31 08:17:06","2025-12-31 08:32:43","",""
"ESPRESSO","Nike","Point of Sale","2","1x 8oz/Small; 1x 12oz/Medium","975","2025-12-31 08:20:30","2025-12-31 08:36:45","",""
"ESPRESSO","Lskd ","Point of Sale","1","1x Ham And Cheese Croissant","857","2025-12-31 08:22:35","2025-12-31 08:36:52","",""
"ESPRESSO","Gym white tshirt yeti drink bottle","Point of Sale","1","1x 16oz/ICED MEDIUM","1040","2025-12-31 08:29:05","2025-12-31 08:46:25","",""
"ESPRESSO","Black crop glasses head","Point of Sale","1","1x 12oz/Medium","965","2025-12-31 08:30:16","2025-12-31 08:46:21","",""
"ESPRESSO","Grey molttley shirt","Point of Sale","1","1x 12oz/Medium","481","2025-12-31 08:45:30","2025-12-31 08:53:31","",""
"ESPRESSO","Aje stripped ahirt","Point of Sale","1","1x 8oz/Small","365","2025-12-31 08:47:25","2025-12-31 08:53:30","",""
"ESPRESSO","Black tshirr rangers western","Point of Sale","1","1x 12oz/Medium","314","2025-12-31 08:48:15","2025-12-31 08:53:29","",""
"ESPRESSO","Ralph nlauren polo","Point of Sale","1","1x 12oz/Medium","329","2025-12-31 08:48:50","2025-12-31 08:54:19","",""
"ESPRESSO","Brown tahirt cap","Point of Sale","2","1x A Sweet Muffin; 1x 8oz/Small","279","2025-12-31 08:49:41","2025-12-31 08:54:20","",""
"ESPRESSO","Coule greem tshirt man","Point of Sale","4","2x 6oz; 1x A Savoury Muffin; 1x TOASTIE","510","2025-12-31 08:56:44","2025-12-31 09:05:14","",""
"ESPRESSO","","Point of Sale","1","1x 20oz\ICED LARGE","420","2025-12-31 08:58:14","2025-12-31 09:05:14","",""
"ESPRESSO","Pale pink tshirt","Point of Sale","1","1x 12oz/Medium","83","2025-12-31 09:03:50","2025-12-31 09:05:13","",""
"ESPRESSO","White strapless","Point of Sale","1","1x 12oz/Medium","838","2025-12-31 09:06:31","2025-12-31 09:20:29","",""
"ESPRESSO","M hat","Point of Sale","1","1x 16oz/Large","283","2025-12-31 09:15:47","2025-12-31 09:20:30","",""
"ESPRESSO","Grey tshirt","Point of Sale","1","1x 12oz/Medium","121","2025-12-31 09:18:30","2025-12-31 09:20:31","",""
"ESPRESSO","Tall","Point of Sale","1","1x 8oz/Small","73","2025-12-31 09:19:19","2025-12-31 09:20:32","",""
"ESPRESSO","Rachel","Point of Sale","3","1x 12oz/Medium; 1x 16oz/ICED MEDIUM; 1x Sweet Pastry","594","2025-12-31 09:21:46","2025-12-31 09:31:40","",""
"ESPRESSO","Black r tshirt","Point of Sale","2","1x Breakfast Wrap; 1x 8oz/Small","563","2025-12-31 09:22:16","2025-12-31 09:31:39","",""
"ESPRESSO","Proper twelve cap","Point of Sale","2","1x 12oz/Medium; 1x Fiji Water","527","2025-12-31 09:22:51","2025-12-31 09:31:38","",""
"ESPRESSO","","Point of Sale","2","1x 8oz/Small; 1x 8oz/Small","2007","2025-12-31 09:29:56","2025-12-31 10:03:23","",""
"ESPRESSO","","Point of Sale","1","1x 16oz/ICED MEDIUM","1668","2025-12-31 09:35:34","2025-12-31 10:03:22","",""
"ESPRESSO","","Point of Sale","1","1x 16oz/ICED MEDIUM","1622","2025-12-31 09:36:20","2025-12-31 10:03:22","",""
"ESPRESSO","","Point of Sale","1","1x 4oz/Pic, Esp, Dop","1511","2025-12-31 09:38:12","2025-12-31 10:03:23","",""
"ESPRESSO","","Point of Sale","1","1x ","705","2025-12-31 10:15:19","2025-12-31 10:27:04","",""
"ESPRESSO","","Point of Sale","1","1x TOASTIE","626","2025-12-31 10:16:38","2025-12-31 10:27:04","",""
"ESPRESSO","","Point of Sale","1","1x 16oz/ICED MEDIUM","597","2025-12-31 10:17:08","2025-12-31 10:27:05","",""
"ESPRESSO","","Point of Sale","2","1x 16oz/ICED MEDIUM; 1x 16oz/ICED MEDIUM","687","2025-12-31 10:23:37","2025-12-31 10:35:04","",""
"ESPRESSO","","Point of Sale","2","1x 1kg Beans; 1x 12oz/Medium","1600","2025-12-31 10:24:17","2025-12-31 10:50:57","",""
"ESPRESSO","","Point of Sale","2","1x 12oz/ICED SMALL; 1x 16oz/ICED MEDIUM","991","2025-12-31 10:34:27","2025-12-31 10:50:58","",""
"ESPRESSO","","Point of Sale","1","1x Kombucha","468","2025-12-31 10:43:11","2025-12-31 10:50:59","",""
"ESPRESSO","","Point of Sale","1","1x 12oz/Medium","295","2025-12-31 10:46:04","2025-12-31 10:50:59","",""
"ESPRESSO","","Point of Sale","1","1x 8oz/Small","3453","2025-12-31 10:50:02","2025-12-31 11:47:35","",""
"ESPRESSO","","Point of Sale","1","1x 12oz/ICED SMALL","3199","2025-12-31 10:54:16","2025-12-31 11:47:35","",""
"ESPRESSO","","Point of Sale","1","1x 12oz/Medium","2653","2025-12-31 11:03:23","2025-12-31 11:47:36","",""
"ESPRESSO","","Point of Sale","1","1x 12oz/Medium","2221","2025-12-31 11:10:35","2025-12-31 11:47:36","",""
"MILK","","Point of Sale","1","1x 8oz/Small","221","2025-12-01 04:33:02","2025-12-01 04:36:43","",""
"MILK","","Point of Sale","2","2x 4oz/Pic, Esp, Dop","1810","2025-12-01 04:53:33","2025-12-01 05:23:43","",""
"MILK","","Point of Sale","2","1x 16oz/ICED MEDIUM; 1x 4oz/Pic, Esp, Dop","1172","2025-12-01 05:04:12","2025-12-01 05:23:44","",""
"MILK","","Point of Sale","1","1x 12oz/Medium","1022","2025-12-01 05:06:43","2025-12-01 05:23:45","",""
"MILK","","Point of Sale","1","1x Ham And Cheese Croissant","958","2025-12-01 05:07:47","2025-12-01 05:23:45","",""
"MILK","","Point of Sale","1","1x 4oz/Pic, Esp, Dop","851","2025-12-01 05:09:33","2025-12-01 05:23:44","",""
"MILK","","Point of Sale","1","1x 16oz/ICED MEDIUM","478","2025-12-01 05:15:49","2025-12-01 05:23:47","",""
"MILK","","Point of Sale","1","1x 12oz/Medium","415","2025-12-01 05:16:52","2025-12-01 05:23:47","",""
"MILK","","Point of Sale","1","1x 8oz/Small","220","2025-12-01 05:20:08","2025-12-01 05:23:48","",""
"MILK","","Point of Sale","2","1x 12oz/Medium; 1x 8oz/Small","1112","2025-12-01 05:21:35","2025-12-01 05:40:07","",""
"MILK","","Point of Sale","1","1x 12oz/Medium","1081","2025-12-01 05:22:04","2025-12-01 05:40:05","",""
"MILK","","Point of Sale","3","3x 6oz","711","2025-12-01 05:28:16","2025-12-01 05:40:07","",""
"MILK","","Point of Sale","1","1x 12oz/Medium","455","2025-12-01 05:32:32","2025-12-01 05:40:07","",""
"MILK","","Point of Sale","1","1x 12oz/Medium","357","2025-12-01 05:34:11","2025-12-01 05:40:08","",""
"MILK","","Point of Sale","1","1x 16oz/Large","511","2025-12-01 05:40:59","2025-12-01 05:49:30","",""
"MILK","","Point of Sale","1","1x 12oz/Medium","313","2025-12-01 05:44:17","2025-12-01 05:49:30","",""
"MILK","","Point of Sale","1","1x 6oz","297","2025-12-01 05:44:34","2025-12-01 05:49:31","",""
"MILK","","Point of Sale","1","1x 12oz/Medium","257","2025-12-01 05:45:15","2025-12-01 05:49:32","",""
"MILK","","Point of Sale","1","1x 6oz","243","2025-12-01 05:45:28","2025-12-01 05:49:31","",""
"MILK","","Point of Sale","2","1x 6oz; 1x 12oz/Medium","195","2025-12-01 05:47:51","2025-12-01 05:51:06","",""
"MILK","","Point of Sale","2","2x 8oz/Small","173","2025-12-01 05:48:13","2025-12-01 05:51:06","",""
"MILK","","Point of Sale","3","1x BUTTERBOY; 1x 12oz/Medium; 1x 12oz/Medium","298","2025-12-01 05:48:55","2025-12-01 05:53:53","",""
"MILK","","Point of Sale","1","1x 6oz","394","2025-12-01 05:49:12","2025-12-01 05:55:46","",""
"MILK","","Point of Sale","2","1x 16oz/Large; 1x 16oz/Large","460","2025-12-01 05:49:54","2025-12-01 05:57:34","",""
"MILK","","Point of Sale","1","1x 12oz/Medium","509","2025-12-01 05:50:23","2025-12-01 05:58:52","",""
"MILK","Green","Point of Sale","1","1x 16oz/Large","478","2025-12-01 05:50:56","2025-12-01 05:58:54","",""
"MILK","Keep","Point of Sale","2","1x 16oz/Large; 1x 16oz/Large","669","2025-12-01 05:52:48","2025-12-01 06:03:57","",""
"MILK","","Point of Sale","1","1x ","73","2025-12-01 05:56:04","2025-12-01 05:57:17","",""
"MILK","Ella","Point of Sale","1","1x 8oz/Small","134","2025-12-01 05:56:40","2025-12-01 05:58:54","",""
"MILK","","Point of Sale","2","2x 12oz/Medium","353","2025-12-01 05:58:03","2025-12-01 06:03:56","",""
"MILK","Ray","Point of Sale","1","1x 16oz/Large","340","2025-12-01 05:58:17","2025-12-01 06:03:57","",""
"MILK","","Point of Sale","2","2x 4oz/Pic, Esp, Dop","734","2025-12-01 05:58:29","2025-12-01 06:10:43","",""
"MILK","","Point of Sale","2","1x 12oz/Medium; 1x 16oz/ICED MEDIUM","360","2025-12-01 06:04:46","2025-12-01 06:10:46","",""
"MILK","","Point of Sale","1","1x 20oz\ICED LARGE","314","2025-12-01 06:05:32","2025-12-01 06:10:46","",""
"MILK","","Point of Sale","1","1x 16oz/ICED MEDIUM","198","2025-12-01 06:07:29","2025-12-01 06:10:47","",""
"MILK","","Point of Sale","3","1x 16oz/ICED MEDIUM; 1x 16oz/ICED MEDIUM; 1x 12oz/Medium","316","2025-12-01 06:09:46","2025-12-01 06:15:02","",""
"MILK","Crcbnplumbjg","Point of Sale","1","1x 12oz/ICED SMALL","299","2025-12-01 06:10:06","2025-12-01 06:15:05","",""
"MILK","","Point of Sale","1","1x 16oz/ICED MEDIUM","258","2025-12-01 06:10:46","2025-12-01 06:15:04","",""
"MILK","Nurse","Point of Sale","1","1x 12oz/ICED SMALL","135","2025-12-01 06:12:49","2025-12-01 06:15:04","",""
"MILK","","Point of Sale","1","1x 8oz/Small","345","2025-12-01 06:13:33","2025-12-01 06:19:18","",""
"MILK","","Point of Sale","1","1x 12oz/Medium","240","2025-12-01 06:15:17","2025-12-01 06:19:17","",""
"MILK","","Point of Sale","1","1x 16oz/ICED MEDIUM","107","2025-12-01 06:17:30","2025-12-01 06:19:17","",""
"MILK","","Point of Sale","1","1x 8oz/Small","78","2025-12-01 06:17:58","2025-12-01 06:19:16","",""
"MILK","","Point of Sale","1","1x 16oz/ICED MEDIUM","169","2025-12-01 06:18:26","2025-12-01 06:21:15","",""
"MILK","","Point of Sale","1","1x 8oz/Small","151","2025-12-01 06:18:44","2025-12-01 06:21:15","",""
"MILK","Tradie","Point of Sale","3","1x 16oz/Large; 1x 16oz/ICED MEDIUM; 1x Babycino","492","2025-12-01 06:19:33","2025-12-01 06:27:45","",""
"MILK","","Point of Sale","1","1x 12oz/Medium","478","2025-12-01 06:19:47","2025-12-01 06:27:45","",""
"MILK","","Point of Sale","1","1x 12oz/ICED SMALL","456","2025-12-01 06:20:10","2025-12-01 06:27:46","",""
"MILK","","Point of Sale","1","1x 12oz/Medium","267","2025-12-01 06:23:19","2025-12-01 06:27:46","",""
"MILK","","Point of Sale","2","1x Babycino; 1x 8oz/Small","246","2025-12-01 06:23:42","2025-12-01 06:27:48","",""
"MILK","","Point of Sale","1","1x ","339","2025-12-01 06:27:30","2025-12-01 06:33:09","",""
"MILK","","Point of Sale","2","1x 16oz/ICED MEDIUM; 1x Pupacino","317","2025-12-01 06:27:53","2025-12-01 06:33:10","",""
"MILK","","Point of Sale","1","1x 16oz/Large","306","2025-12-01 06:28:04","2025-12-01 06:33:10","",""
"MILK","","Point of Sale","1","1x 12oz/ICED SMALL","371","2025-12-01 06:30:05","2025-12-01 06:36:16","",""
"MILK","Rozy","Point of Sale","1","1x 6oz","338","2025-12-01 06:30:39","2025-12-01 06:36:17","",""
"MILK","Tradie","Point of Sale","1","1x 16oz/Large","301","2025-12-01 06:31:16","2025-12-01 06:36:17","",""
"MILK","Younf teadie","Point of Sale","2","1x 16oz/Large; 1x 12oz/Medium","415","2025-12-01 06:31:38","2025-12-01 06:38:33","",""
"MILK","","Point of Sale","1","1x 12oz/ICED SMALL","1163","2025-12-01 06:31:54","2025-12-01 06:51:17","",""
"MILK","Mqrc","Point of Sale","1","1x 12oz/Medium","455","2025-12-01 06:34:26","2025-12-01 06:42:01","",""
"MILK","","Point of Sale","2","1x 12oz/Medium; 1x 16oz/ICED MEDIUM","348","2025-12-01 06:36:11","2025-12-01 06:41:59","",""
"MILK","Go one. Lre","Point of Sale","1","1x 16oz/ICED MEDIUM","828","2025-12-01 06:37:30","2025-12-01 06:51:18","",""
"MILK","","Point of Sale","1","1x Breakfast Wrap","228","2025-12-01 06:47:31","2025-12-01 06:51:19","",""
"MILK","","Point of Sale","1","1x 12oz/Medium","533","2025-12-01 06:47:51","2025-12-01 06:56:44","",""
"MILK","","Point of Sale","1","1x 16oz/Large","167","2025-12-01 06:48:32","2025-12-01 06:51:19","",""
"MILK","","Point of Sale","1","1x Ham And Cheese Croissant","476","2025-12-01 06:48:48","2025-12-01 06:56:44","",""
"MILK","","Point of Sale","1","1x 8oz/Small","323","2025-12-01 06:51:22","2025-12-01 06:56:45","",""
"MILK","","Point of Sale","1","1x 16oz/ICED MEDIUM","170","2025-12-01 06:53:56","2025-12-01 06:56:46","",""
"MILK","","Point of Sale","2","2x 12oz/Medium","705","2025-12-01 06:54:23","2025-12-01 07:06:08","",""
"MILK","Oasis","Point of Sale","1","1x 8oz/Small","594","2025-12-01 06:56:13","2025-12-01 07:06:07","",""
"MILK","","Point of Sale","1","1x 6oz","440","2025-12-01 06:58:47","2025-12-01 07:06:07","",""
"MILK","","Point of Sale","1","1x 12oz/ICED SMALL","428","2025-12-01 06:58:58","2025-12-01 07:06:06","",""
"MILK","","Point of Sale","1","1x 8oz/Small","395","2025-12-01 06:59:30","2025-12-01 07:06:05","",""
"MILK","","Point of Sale","4","3x Pupacino; 1x 12oz/ICED SMALL","337","2025-12-01 07:02:20","2025-12-01 07:07:57","",""
"MILK","","Point of Sale","1","1x 8oz/Small","194","2025-12-01 07:04:20","2025-12-01 07:07:34","",""
"MILK","","Point of Sale","1","1x 16oz/Large","154","2025-12-01 07:05:01","2025-12-01 07:07:35","",""
"MILK","","Point of Sale","2","1x 8oz/Small; 1x 16oz/Large","409","2025-12-01 07:05:24","2025-12-01 07:12:13","",""
"MILK","","Point of Sale","1","1x 8oz/Small","347","2025-12-01 07:06:26","2025-12-01 07:12:13","",""
"MILK","Nurse","Point of Sale","1","1x 20oz\ICED LARGE","320","2025-12-01 07:06:52","2025-12-01 07:12:12","",""
"MILK","","Point of Sale","1","1x 8oz/Small","118","2025-12-01 07:10:14","2025-12-01 07:12:12","",""
"MILK","","Point of Sale","3","1x 12oz/Medium; 1x 16oz/ICED MEDIUM; 1x 12oz/ICED SMALL","327","2025-12-01 07:11:41","2025-12-01 07:17:08","",""
"MILK","","Point of Sale","1","1x Breakfast Wrap","317","2025-12-01 07:11:51","2025-12-01 07:17:08","",""
"MILK","","Point of Sale","1","1x 12oz/ICED SMALL","591","2025-12-01 07:13:16","2025-12-01 07:23:07","",""
"MILK","","Point of Sale","1","1x 4oz/Pic, Esp, Dop","570","2025-12-01 07:13:37","2025-12-01 07:23:07","",""
"MILK","","Point of Sale","2","1x 16oz/Large; 1x Ham And Cheese Croissant","405","2025-12-01 07:16:20","2025-12-01 07:23:05","",""
"MILK","","Point of Sale","1","1x 12oz/Medium","121","2025-12-01 07:21:05","2025-12-01 07:23:06","",""
"MILK","","Point of Sale","2","1x 12oz/Medium; 1x 12oz/Medium","187","2025-12-01 07:22:26","2025-12-01 07:25:33","",""
"MILK","","Point of Sale","2","1x 12oz/Medium; 1x 8oz/Small","602","2025-12-01 07:24:55","2025-12-01 07:34:57","",""
"MILK","","Point of Sale","1","1x 16oz/Large","551","2025-12-01 07:25:46","2025-12-01 07:34:57","",""
"MILK","","Point of Sale","1","1x 16oz/Large","509","2025-12-01 07:26:28","2025-12-01 07:34:57","",""
"MILK","","Point of Sale","1","1x 6oz","340","2025-12-01 07:29:19","2025-12-01 07:34:59","",""
"MILK","","Point of Sale","1","1x 6oz","318","2025-12-01 07:29:41","2025-12-01 07:34:59","",""
"MILK","","Point of Sale","1","1x 12oz/Medium","952","2025-12-01 07:33:10","2025-12-01 07:49:02","",""
"MILK","","Point of Sale","1","1x 16oz/ICED MEDIUM","828","2025-12-01 07:35:14","2025-12-01 07:49:02","",""
"MILK","","Point of Sale","1","1x 16oz/Large","786","2025-12-01 07:35:57","2025-12-01 07:49:03","",""
"MILK","","Point of Sale","1","1x 6oz","669","2025-12-01 07:37:54","2025-12-01 07:49:03","",""
"MILK","","Point of Sale","1","1x 12oz/Medium","632","2025-12-01 07:41:18","2025-12-01 07:51:50","",""
"MILK","","Point of Sale","1","1x 16oz/Large","341","2025-12-01 07:46:09","2025-12-01 07:51:50","",""
"MILK","","Point of Sale","1","1x 12oz/Medium","188","2025-12-01 07:48:41","2025-12-01 07:51:49","",""
"MILK","","Point of Sale","1","1x 16oz/Large","174","2025-12-01 07:48:54","2025-12-01 07:51:48","",""
"MILK","","Point of Sale","1","1x 12oz/ICED SMALL","614","2025-12-01 07:49:11","2025-12-01 07:59:25","",""
"MILK","588397998","Square Online","2","1x 16oz/ICED MEDIUM; 1x 8oz/Small","649","2025-12-01 07:50:09","2025-12-01 08:00:58","2025-12-01 07:50:04",""
"MILK","","Point of Sale","1","1x 16oz/ICED MEDIUM","299","2025-12-01 07:54:29","2025-12-01 07:59:28","",""
"MILK","","Point of Sale","3","1x 12oz/ICED SMALL; 1x A Sweet Muffin; 1x 12oz/ICED SMALL","346","2025-12-01 07:55:11","2025-12-01 08:00:57","",""
"MILK","","Point of Sale","1","1x 8oz/Small","316","2025-12-01 07:55:42","2025-12-01 08:00:58","",""
"MILK","","Point of Sale","1","1x Fiji Water","304","2025-12-01 07:56:22","2025-12-01 08:01:26","",""
"MILK","","Point of Sale","1","1x 12oz/Medium","293","2025-12-01 07:58:22","2025-12-01 08:03:15","",""
"MILK","","Point of Sale","1","1x 16oz/Large","280","2025-12-01 07:58:35","2025-12-01 08:03:15","",""
"MILK","","Point of Sale","1","1x 12oz/Medium","596","2025-12-01 07:58:53","2025-12-01 08:08:49","",""
"MILK","","Point of Sale","1","1x 8oz/Small","584","2025-12-01 07:59:05","2025-12-01 08:08:49","",""
"MILK","","Point of Sale","2","1x A Sweet Muffin; 1x 12oz/Medium","568","2025-12-01 07:59:22","2025-12-01 08:08:50","",""
"MILK","Amjadsyaid","Point of Sale","1","1x 12oz/Medium","551","2025-12-01 07:59:40","2025-12-01 08:08:51","",""
"MILK","","Point of Sale","1","1x Ham And Cheese Croissant","893","2025-12-01 07:59:53","2025-12-01 08:14:46","",""
"MILK","","Point of Sale","2","1x 6oz; 1x Ham And Cheese Croissant","474","2025-12-01 08:06:53","2025-12-01 08:14:47","",""
"MILK","","Point of Sale","1","1x 8oz/Small","387","2025-12-01 08:08:23","2025-12-01 08:14:50","",""
"MILK","","Point of Sale","1","1x 16oz/ICED MEDIUM","177","2025-12-01 08:11:52","2025-12-01 08:14:49","",""
"MILK","","Point of Sale","1","1x 12oz/Medium","427","2025-12-01 08:12:50","2025-12-01 08:19:57","",""
"MILK","","Point of Sale","2","1x 16oz/ICED MEDIUM; 1x 16oz/ICED MEDIUM","284","2025-12-01 08:15:14","2025-12-01 08:19:58","",""
"MILK","","Point of Sale","1","1x 16oz/ICED MEDIUM","175","2025-12-01 08:17:03","2025-12-01 08:19:58","",""
"MILK","","Point of Sale","1","1x 16oz/Large","140","2025-12-01 08:17:39","2025-12-01 08:19:59","",""
"MILK","","Point of Sale","1","1x 6oz","707","2025-12-01 08:18:07","2025-12-01 08:29:54","",""
"MILK","","Point of Sale","2","1x TOASTIE; 1x 12oz/Medium","297","2025-12-01 08:24:56","2025-12-01 08:29:53","",""
"MILK","","Point of Sale","1","1x 16oz/ICED MEDIUM","245","2025-12-01 08:25:48","2025-12-01 08:29:53","",""
"MILK","3 quar full","Point of Sale","1","1x 12oz/Medium","172","2025-12-01 08:26:12","2025-12-01 08:29:04","",""
"MILK","Elise","Point of Sale","2","1x 12oz/ICED SMALL; 1x Fruit Juice","690","2025-12-01 08:28:21","2025-12-01 08:39:51","",""
"MILK","","Point of Sale","1","1x 6oz","672","2025-12-01 08:28:39","2025-12-01 08:39:51","",""
"MILK","","Point of Sale","1","1x 6oz","459","2025-12-01 08:32:13","2025-12-01 08:39:52","",""
"MILK","","Point of Sale","1","1x 16oz/ICED MEDIUM","225","2025-12-01 08:36:08","2025-12-01 08:39:53","",""
"MILK","","Point of Sale","1","1x 8oz/Small","51","2025-12-01 08:39:02","2025-12-01 08:39:53","",""
"MILK","","Point of Sale","2","2x 8oz/Small","173","2025-12-01 08:39:17","2025-12-01 08:42:10","",""
"MILK","","Point of Sale","1","1x 6oz","114","2025-12-01 08:40:17","2025-12-01 08:42:11","",""
"MILK","","Point of Sale","1","1x Famous Soda","32","2025-12-01 08:41:39","2025-12-01 08:42:11","",""
"MILK","","Point of Sale","1","1x 12oz/Medium","483","2025-12-01 08:41:58","2025-12-01 08:50:01","",""
"MILK","","Point of Sale","1","1x 16oz/Large","281","2025-12-01 08:45:21","2025-12-01 08:50:02","",""
"MILK","","Point of Sale","2","1x A Sweet Muffin; 1x 12oz/ICED SMALL","217","2025-12-01 08:46:25","2025-12-01 08:50:02","",""
"MILK","","Point of Sale","3","1x Breakfast Wrap; 1x 8oz/Small; 1x 8oz/Small","862","2025-12-01 08:46:53","2025-12-01 09:01:15","",""
"MILK","","Point of Sale","2","1x 20oz\ICED LARGE; 1x 16oz/Large","550","2025-12-01 08:52:06","2025-12-01 09:01:16","",""
"MILK","","Point of Sale","1","1x 12oz/ICED SMALL","179","2025-12-01 08:58:26","2025-12-01 09:01:25","",""
"MILK","","Point of Sale","2","1x A Savoury Muffin; 1x 12oz/ICED SMALL","678","2025-12-01 08:59:39","2025-12-01 09:10:57","",""
"MILK","","Point of Sale","1","1x 12oz/ICED SMALL","79","2025-12-01 09:00:00","2025-12-01 09:01:19","",""
"MILK","","Point of Sale","1","1x 12oz/Medium","594","2025-12-01 09:00:12","2025-12-01 09:10:06","",""
"MILK","","Point of Sale","2","1x 12oz/Medium; 1x 20oz\ICED LARGE","568","2025-12-01 09:00:37","2025-12-01 09:10:05","",""
"MILK","Stdipesz","Point of Sale","1","1x 16oz/Large","364","2025-12-01 09:04:00","2025-12-01 09:10:04","",""
"MILK","","Point of Sale","3","1x Plain Croissant; 1x 12oz/ICED SMALL; 1x 12oz/ICED SMALL","318","2025-12-01 09:04:46","2025-12-01 09:10:04","",""
"MILK","","Point of Sale","3","1x 16oz/ICED MEDIUM; 2x 16oz/Large","1432","2025-12-01 09:10:04","2025-12-01 09:33:56","",""
"MILK","","Point of Sale","5","1x 16oz/Large; 1x 12oz/Medium; 2x 16oz/ICED MEDIUM; 1x 16oz/ICED MEDIUM","639","2025-12-01 09:14:35","2025-12-01 09:25:14","",""
"MILK","","Point of Sale","2","1x TOASTIE; 1x 12oz/Medium","722","2025-12-01 09:21:54","2025-12-01 09:33:56","",""
"MILK","","Point of Sale","1","1x 12oz/Medium","575","2025-12-01 09:24:22","2025-12-01 09:33:57","",""
"MILK","","Point of Sale","2","1x Babycino; 1x 12oz/Medium","242","2025-12-01 09:29:59","2025-12-01 09:34:01","",""
"MILK","","Point of Sale","2","1x Sweet Pastry; 1x 8oz/Small","892","2025-12-01 09:31:24","2025-12-01 09:46:16","",""
"MILK","","Point of Sale","1","1x 8oz/Small","874","2025-12-01 09:31:42","2025-12-01 09:46:16","",""
"MILK","","Point of Sale","3","1x Fiji Water; 1x 12oz/Medium; 1x TOASTIE","563","2025-12-01 09:36:54","2025-12-01 09:46:17","",""
"MILK","","Point of Sale","1","1x 12oz/Medium","397","2025-12-01 09:39:40","2025-12-01 09:46:17","",""
"MILK","","Point of Sale","1","1x 16oz/ICED MEDIUM","299","2025-12-01 09:41:17","2025-12-01 09:46:16","",""
"MILK","","Point of Sale","1","1x 16oz/ICED MEDIUM","1641","2025-12-01 09:46:17","2025-12-01 10:13:38","",""
"MILK","","Point of Sale","1","1x 12oz/ICED SMALL","1526","2025-12-01 09:48:13","2025-12-01 10:13:39","",""
"MILK","","Point of Sale","2","1x 16oz/ICED MEDIUM; 1x TOASTIE","1063","2025-12-01 09:55:57","2025-12-01 10:13:40","",""
"MILK","","Point of Sale","2","1x A Sweet Muffin; 1x 16oz/ICED MEDIUM","1034","2025-12-01 09:56:26","2025-12-01 10:13:40","",""
"MILK","","Point of Sale","1","1x 12oz/Medium","848","2025-12-01 09:59:32","2025-12-01 10:13:40","",""
"MILK","","Point of Sale","2","1x 12oz/ICED SMALL; 1x 12oz/ICED SMALL","387","2025-12-01 10:07:15","2025-12-01 10:13:42","",""
"MILK","","Point of Sale","1","1x 16oz/Large","909","2025-12-01 10:21:06","2025-12-01 10:36:15","",""
"MILK","","Point of Sale","1","1x 12oz/ICED SMALL","281","2025-12-01 10:31:34","2025-12-01 10:36:15","",""
"MILK","","Point of Sale","1","1x 12oz/ICED SMALL","181","2025-12-01 10:33:15","2025-12-01 10:36:16","",""
"MILK","","Point of Sale","2","1x 8oz/Small; 1x TOASTIE","792","2025-12-01 10:34:02","2025-12-01 10:47:14","",""
"MILK","","Point of Sale","2","1x 500g Beans; 1x 20oz\ICED LARGE","769","2025-12-01 10:34:26","2025-12-01 10:47:15","",""
"MILK","","Point of Sale","1","1x 8oz/Small","367","2025-12-01 10:43:04","2025-12-01 10:49:11","",""
"MILK","","Point of Sale","2","1x 12oz/ICED SMALL; 1x 12oz/ICED SMALL","348","2025-12-01 10:43:24","2025-12-01 10:49:12","",""
"MILK","","Point of Sale","1","1x 12oz/ICED SMALL","247","2025-12-01 10:45:06","2025-12-01 10:49:13","",""
"MILK","","Point of Sale","1","1x 8oz/Small","614","2025-12-01 10:46:15","2025-12-01 10:56:29","",""
"MILK","","Point of Sale","1","1x 12oz/Medium","595","2025-12-01 10:46:35","2025-12-01 10:56:30","",""
"MILK","","Point of Sale","1","1x 16oz/ICED MEDIUM","577","2025-12-01 10:46:54","2025-12-01 10:56:31","",""
"MILK","","Point of Sale","2","1x 16oz/ICED MEDIUM; 1x 16oz/ICED MEDIUM","492","2025-12-01 10:48:19","2025-12-01 10:56:31","",""
"MILK","","Point of Sale","1","1x 12oz/Medium","379","2025-12-01 10:50:11","2025-12-01 10:56:30","",""
"MILK","","Point of Sale","2","1x 8oz/Small; 1x TOASTIE","3006","2025-12-01 10:55:54","2025-12-01 11:46:00","",""
"MILK","","Point of Sale","2","1x 12oz/ICED SMALL; 1x BUTTERBOY","2810","2025-12-01 10:59:11","2025-12-01 11:46:01","",""
"MILK","","Point of Sale","1","1x 12oz/ICED SMALL","2494","2025-12-01 11:04:26","2025-12-01 11:46:00","",""
"MILK","","Point of Sale","1","1x 20oz\ICED LARGE","2058","2025-12-01 11:11:42","2025-12-01 11:46:00","",""
"MILK","","Point of Sale","1","1x 12oz/Medium","1330","2025-12-01 11:23:51","2025-12-01 11:46:01","",""
"MILK","","Point of Sale","1","1x A Sweet Muffin","1505","2025-12-01 11:24:21","2025-12-01 11:49:26","",""
"MILK","","Point of Sale","2","1x A Sweet Muffin; 1x 12oz/Medium","1240","2025-12-01 11:28:46","2025-12-01 11:49:26","",""
"MILK","","Point of Sale","1","1x 4oz/Pic, Esp, Dop","285","2025-12-01 11:44:41","2025-12-01 11:49:26","",""
"MILK","","Point of Sale","1","1x TOASTIE","61151","2025-12-01 12:09:14","2025-12-02 05:08:25","",""
"MILK","","Point of Sale","1","1x 12oz/Medium","59576","2025-12-01 12:35:30","2025-12-02 05:08:26","",""
"MILK","","Point of Sale","1","1x 12oz/Medium","59096","2025-12-01 12:43:31","2025-12-02 05:08:27","",""
"MILK","","Point of Sale","1","1x 8oz/Small","1236","2025-12-02 04:47:51","2025-12-02 05:08:27","",""
"MILK","","Point of Sale","2","2x 4oz/Pic, Esp, Dop","1090","2025-12-02 04:50:17","2025-12-02 05:08:27","",""
"MILK","","Point of Sale","1","1x 12oz/Medium","723","2025-12-02 04:56:33","2025-12-02 05:08:36","",""
"MILK","","Point of Sale","1","1x 12oz/Medium","381","2025-12-02 05:02:15","2025-12-02 05:08:36","",""
"MILK","","Point of Sale","1","1x 4oz/Pic, Esp, Dop","579","2025-12-02 05:04:55","2025-12-02 05:14:34","",""
"MILK","","Point of Sale","1","1x 16oz/Large","544","2025-12-02 05:05:30","2025-12-02 05:14:34","",""
"MILK","","Point of Sale","2","1x Ham And Cheese Croissant; 1x 16oz/Large","843","2025-12-02 05:05:59","2025-12-02 05:20:02","",""
"MILK","","Point of Sale","2","1x 4oz/Pic, Esp, Dop; 1x 16oz/ICED MEDIUM","815","2025-12-02 05:06:27","2025-12-02 05:20:02","",""
"MILK","","Point of Sale","3","2x 12oz/Medium; 1x Ham And Cheese Croissant","768","2025-12-02 05:07:15","2025-12-02 05:20:03","",""
"MILK","","Point of Sale","2","1x Ham And Cheese Croissant; 1x 20oz\ICED LARGE","712","2025-12-02 05:08:12","2025-12-02 05:20:04","",""
"MILK","","Point of Sale","1","1x 6oz","1118","2025-12-02 05:10:04","2025-12-02 05:28:42","",""
"MILK","Half","Point of Sale","1","1x 12oz/Medium","991","2025-12-02 05:12:12","2025-12-02 05:28:43","",""
"MILK","","Point of Sale","1","1x 16oz/ICED MEDIUM","707","2025-12-02 05:16:54","2025-12-02 05:28:41","",""
"MILK","1196813354","Square Online","3","2x 8oz/Small; 1x 4oz/Pic, Esp, Dop","588","2025-12-02 05:18:53","2025-12-02 05:28:41","2025-12-02 05:18:48",""
"MILK","","Point of Sale","2","2x 12oz/Medium","635","2025-12-02 05:22:11","2025-12-02 05:32:46","",""
"MILK","","Point of Sale","2","1x 6oz; 1x 4oz/Pic, Esp, Dop","600","2025-12-02 05:22:47","2025-12-02 05:32:47","",""
"MILK","","Point of Sale","1","1x 16oz/Large","375","2025-12-02 05:26:32","2025-12-02 05:32:47","",""
"MILK","","Point of Sale","1","1x 16oz/ICED MEDIUM","360","2025-12-02 05:26:47","2025-12-02 05:32:47","",""
"MILK","","Point of Sale","1","1x 8oz/Small","520","2025-12-02 05:28:50","2025-12-02 05:37:30","",""
"MILK","","Point of Sale","1","1x 12oz/Medium","442","2025-12-02 05:30:09","2025-12-02 05:37:31","",""
"MILK","","Point of Sale","1","1x 12oz/Medium","335","2025-12-02 05:33:31","2025-12-02 05:39:06","",""
"MILK","","Point of Sale","1","1x 12oz/Medium","274","2025-12-02 05:34:33","2025-12-02 05:39:07","",""
"MILK","","Point of Sale","2","1x 16oz/Large; 1x 12oz/Medium","376","2025-12-02 05:36:16","2025-12-02 05:42:32","",""
"MILK","","Point of Sale","1","1x 12oz/ICED SMALL","227","2025-12-02 05:38:46","2025-12-02 05:42:33","",""
"MILK","","Point of Sale","1","1x 16oz/Large","463","2025-12-02 05:41:10","2025-12-02 05:48:53","",""
"MILK","","Point of Sale","3","3x 6oz","442","2025-12-02 05:41:32","2025-12-02 05:48:54","",""
"MILK","","Point of Sale","1","1x 12oz/Medium","67","2025-12-02 05:41:51","2025-12-02 05:42:58","",""
"MILK","","Point of Sale","3","1x Sweet Pastry; 1x 12oz/Medium; 1x 12oz/Medium","225","2025-12-02 05:45:09","2025-12-02 05:48:54","",""
"MILK","","Point of Sale","1","1x 16oz/ICED MEDIUM","685","2025-12-02 05:46:00","2025-12-02 05:57:25","",""
"MILK","","Point of Sale","3","1x 12oz/Medium; 1x BUTTERBOY; 1x 12oz/Medium","573","2025-12-02 05:47:52","2025-12-02 05:57:25","",""
"MILK","","Point of Sale","1","1x 8oz/Small","487","2025-12-02 05:49:20","2025-12-02 05:57:27","",""
"MILK","","Point of Sale","1","1x 16oz/Large","148","2025-12-02 05:54:58","2025-12-02 05:57:26","",""
"MILK","","Point of Sale","1","1x 16oz/Large","130","2025-12-02 05:55:17","2025-12-02 05:57:27","",""
"MILK","","Point of Sale","2","1x 16oz/Large; 1x 16oz/Large","245","2025-12-02 05:56:10","2025-12-02 06:00:15","",""
"MILK","Kelly","Point of Sale","2","1x 12oz/Medium; 1x BUTTERBOY","208","2025-12-02 05:56:46","2025-12-02 06:00:14","",""
"MILK","","Point of Sale","2","1x 8oz/Small; 1x 16oz/Large","393","2025-12-02 05:57:37","2025-12-02 06:04:10","",""
"MILK","","Point of Sale","1","1x 16oz/ICED MEDIUM","514","2025-12-02 05:58:28","2025-12-02 06:07:02","",""
"MILK","","Point of Sale","1","1x 12oz/Medium","496","2025-12-02 05:58:46","2025-12-02 06:07:02","",""
"MILK","","Point of Sale","1","1x 12oz/Medium","484","2025-12-02 05:58:57","2025-12-02 06:07:01","",""
"MILK","","Point of Sale","1","1x 8oz/Small","590","2025-12-02 05:59:13","2025-12-02 06:09:03","",""
"MILK","","Point of Sale","1","1x 4oz/Pic, Esp, Dop","579","2025-12-02 05:59:24","2025-12-02 06:09:03","",""
"MILK","Ray","Point of Sale","1","1x 16oz/ICED MEDIUM","566","2025-12-02 05:59:38","2025-12-02 06:09:04","",""
"MILK","Orabge","Point of Sale","2","1x 20oz\ICED LARGE; 1x 12oz/Medium","639","2025-12-02 06:00:35","2025-12-02 06:11:14","",""
"MILK","","Point of Sale","1","1x 16oz/ICED MEDIUM","625","2025-12-02 06:00:48","2025-12-02 06:11:13","",""
"MILK","","Point of Sale","2","1x 16oz/ICED MEDIUM; 1x 16oz/ICED MEDIUM","684","2025-12-02 06:03:09","2025-12-02 06:14:33","",""
"MILK","","Point of Sale","1","1x 12oz/Medium","671","2025-12-02 06:03:22","2025-12-02 06:14:33","",""
"MILK","Sunnies kn nead","Point of Sale","1","1x 12oz/Medium","854","2025-12-02 06:03:47","2025-12-02 06:18:01","",""
"MILK","","Point of Sale","2","2x 16oz/ICED MEDIUM","454","2025-12-02 06:09:45","2025-12-02 06:17:19","",""
"MILK","","Point of Sale","1","1x 12oz/Medium","444","2025-12-02 06:09:56","2025-12-02 06:17:20","",""
"MILK","Maroon","Point of Sale","1","1x 8oz/Small","329","2025-12-02 06:12:32","2025-12-02 06:18:01","",""
"MILK","Energex","Point of Sale","1","1x 12oz/Medium","370","2025-12-02 06:12:45","2025-12-02 06:18:55","",""
"MILK","","Point of Sale","1","1x 12oz/Medium","561","2025-12-02 06:13:36","2025-12-02 06:22:57","",""
"MILK","","Point of Sale","2","1x Babycino; 1x 8oz/Small","457","2025-12-02 06:15:20","2025-12-02 06:22:57","",""
"MILK","","Point of Sale","1","1x 12oz/ICED SMALL","371","2025-12-02 06:16:45","2025-12-02 06:22:56","",""
"MILK","Karen","Point of Sale","2","1x 12oz/Medium; 1x 12oz/ICED SMALL","411","2025-12-02 06:20:06","2025-12-02 06:26:57","",""
"MILK","Ryan","Point of Sale","1","1x 20oz\ICED LARGE","393","2025-12-02 06:20:23","2025-12-02 06:26:56","",""
"MILK","","Point of Sale","3","1x 8oz/Small; 2x 12oz/Medium","357","2025-12-02 06:20:59","2025-12-02 06:26:56","",""
"MILK","Fringe","Point of Sale","1","1x 8oz/Small","674","2025-12-02 06:21:16","2025-12-02 06:32:30","",""
"MILK","Energex","Point of Sale","2","1x 16oz/Large; 1x Ham And Cheese Croissant","610","2025-12-02 06:22:19","2025-12-02 06:32:29","",""
"MILK","","Point of Sale","1","1x 16oz/Large","582","2025-12-02 06:22:47","2025-12-02 06:32:29","",""
"MILK","","Point of Sale","2","1x 16oz/Large; 1x 16oz/Large","505","2025-12-02 06:24:03","2025-12-02 06:32:28","",""
"MILK","Brown top","Point of Sale","2","1x 8oz/Small; 1x 12oz/Medium","734","2025-12-02 06:26:33","2025-12-02 06:38:47","",""
"MILK","","Point of Sale","2","1x 12oz/ICED SMALL; 1x Pupacino","542","2025-12-02 06:29:45","2025-12-02 06:38:47","",""
"MILK","","Point of Sale","2","1x 12oz/Medium; 1x Ham And Cheese Croissant","382","2025-12-02 06:32:24","2025-12-02 06:38:46","",""
"MILK","","Point of Sale","1","1x 8oz/Small","297","2025-12-02 06:33:49","2025-12-02 06:38:46","",""
"MILK","","Point of Sale","1","1x 12oz/Medium","494","2025-12-02 06:35:37","2025-12-02 06:43:51","",""
"MILK","","Point of Sale","2","1x TOASTIE; 1x 20oz\ICED LARGE","428","2025-12-02 06:36:44","2025-12-02 06:43:52","",""
"MILK","Mafroon","Point of Sale","1","1x 20oz\ICED LARGE","408","2025-12-02 06:40:19","2025-12-02 06:47:07","",""
"MILK","Blue tshirt","Point of Sale","1","1x 20oz\ICED LARGE","378","2025-12-02 06:40:49","2025-12-02 06:47:07","",""
"MILK","Orange","Point of Sale","1","1x 16oz/Large","446","2025-12-02 06:41:46","2025-12-02 06:49:12","",""
"MILK","","Point of Sale","1","1x 16oz/ICED MEDIUM","425","2025-12-02 06:42:07","2025-12-02 06:49:12","",""
"MILK","Orange","Point of Sale","2","1x 12oz/Medium; 1x 16oz/Large","925","2025-12-02 06:42:25","2025-12-02 06:57:50","",""
"MILK","Mzn bun","Point of Sale","2","1x Ham And Cheese Croissant; 1x 12oz/Medium","909","2025-12-02 06:42:42","2025-12-02 06:57:51","",""
"MILK","Yellow","Point of Sale","3","1x 16oz/Large; 1x Babycino; 1x 16oz/ICED MEDIUM","703","2025-12-02 06:46:08","2025-12-02 06:57:51","",""
"MILK","","Point of Sale","1","1x 12oz/Medium","421","2025-12-02 06:50:51","2025-12-02 06:57:52","",""
"MILK","","Point of Sale","3","1x Babycino; 2x 16oz/ICED MEDIUM","787","2025-12-02 06:54:37","2025-12-02 07:07:44","",""
"MILK","","Point of Sale","4","3x Pupacino; 1x 12oz/ICED SMALL","333","2025-12-02 06:56:53","2025-12-02 07:02:26","",""
"MILK","","Point of Sale","1","1x 12oz/ICED SMALL","241","2025-12-02 06:58:24","2025-12-02 07:02:25","",""
"MILK","2008030152","Square Online","1","1x 12oz/Medium","232","2025-12-02 06:58:33","2025-12-02 07:02:25","2025-12-02 06:58:28",""
"MILK","","Point of Sale","1","1x 12oz/Medium","573","2025-12-02 07:01:50","2025-12-02 07:11:23","",""
"MILK","","Point of Sale","2","1x 12oz/ICED SMALL; 1x 8oz/Small","271","2025-12-02 07:03:15","2025-12-02 07:07:46","",""
"MILK","","Point of Sale","1","1x 16oz/ICED MEDIUM","204","2025-12-02 07:04:21","2025-12-02 07:07:45","",""
"MILK","","Point of Sale","1","1x 12oz/ICED SMALL","162","2025-12-02 07:05:04","2025-12-02 07:07:46","",""
"MILK","Rob","Point of Sale","2","1x 12oz/Medium; 1x 16oz/Large","297","2025-12-02 07:06:25","2025-12-02 07:11:22","",""
"MILK","","Point of Sale","2","1x 12oz/ICED SMALL; 1x Ham And Cheese Croissant","270","2025-12-02 07:06:54","2025-12-02 07:11:24","",""
"MILK","","Point of Sale","1","1x 4oz/Pic, Esp, Dop","265","2025-12-02 07:07:02","2025-12-02 07:11:27","",""
"MILK","928642288","Square Online","2","1x 6oz; 1x 16oz/ICED MEDIUM","382","2025-12-02 07:11:04","2025-12-02 07:17:26","2025-12-02 07:11:00",""
"MILK","","Point of Sale","1","1x 4oz/Pic, Esp, Dop","332","2025-12-02 07:11:54","2025-12-02 07:17:26","",""
"MILK","","Point of Sale","2","1x 8oz/Small; 1x Pupacino","261","2025-12-02 07:13:04","2025-12-02 07:17:25","",""
"MILK","Homekess","Point of Sale","1","1x 12oz/Medium","192","2025-12-02 07:14:12","2025-12-02 07:17:24","",""
"MILK","","Point of Sale","1","1x 16oz/ICED MEDIUM","179","2025-12-02 07:14:28","2025-12-02 07:17:27","",""
"MILK","","Point of Sale","1","1x Ham And Cheese Croissant","129","2025-12-02 07:16:29","2025-12-02 07:18:38","",""
"MILK","","Point of Sale","1","1x 12oz/Medium","310","2025-12-02 07:22:00","2025-12-02 07:27:10","",""
"MILK","","Point of Sale","1","1x 16oz/ICED MEDIUM","169","2025-12-02 07:24:22","2025-12-02 07:27:11","",""
"MILK","","Point of Sale","1","1x 16oz/Large","312","2025-12-02 07:27:25","2025-12-02 07:32:37","",""
"MILK","","Point of Sale","1","1x 12oz/Medium","278","2025-12-02 07:27:59","2025-12-02 07:32:37","",""
"MILK","Rach","Point of Sale","3","1x 12oz/Medium; 1x 12oz/ICED SMALL; 1x Pupacino","341","2025-12-02 07:29:01","2025-12-02 07:34:42","",""
"MILK","","Point of Sale","2","1x Babycino; 1x 8oz/Small","303","2025-12-02 07:29:40","2025-12-02 07:34:43","",""
"MILK","","Point of Sale","1","1x 12oz/Medium","29","2025-12-02 07:32:10","2025-12-02 07:32:39","",""
"MILK","","Point of Sale","1","1x 6oz","75","2025-12-02 07:33:27","2025-12-02 07:34:42","",""
"MILK","","Point of Sale","1","1x 12oz/Medium","283","2025-12-02 07:34:51","2025-12-02 07:39:34","",""
"MILK","","Point of Sale","1","1x 12oz/Medium","181","2025-12-02 07:36:34","2025-12-02 07:39:35","",""
"MILK","","Point of Sale","2","1x 12oz/ICED SMALL; 1x Fruit Juice","163","2025-12-02 07:36:53","2025-12-02 07:39:36","",""
"MILK","","Point of Sale","2","1x 20oz\ICED LARGE; 1x 12oz/ICED SMALL","141","2025-12-02 07:37:15","2025-12-02 07:39:36","",""
"MILK","","Point of Sale","1","1x Sweet Pastry","274","2025-12-02 07:37:27","2025-12-02 07:42:01","",""
"MILK","","Point of Sale","2","2x 12oz/ICED SMALL","235","2025-12-02 07:38:05","2025-12-02 07:42:00","",""
"MILK","","Point of Sale","1","1x 12oz/Medium","498","2025-12-02 07:38:25","2025-12-02 07:46:43","",""
"MILK","137387064","Square Online","2","1x 16oz/ICED MEDIUM; 1x 8oz/Small","408","2025-12-02 07:39:56","2025-12-02 07:46:44","2025-12-02 07:39:51",""
"MILK","","Point of Sale","3","2x 12oz/Medium; 1x 12oz/Medium","583","2025-12-02 07:48:54","2025-12-02 07:58:37","",""
"MILK","","Point of Sale","2","1x Plain Croissant; 1x 8oz/Small","450","2025-12-02 07:51:24","2025-12-02 07:58:54","",""
"MILK","","Point of Sale","1","1x 12oz/Medium","440","2025-12-02 07:59:13","2025-12-02 08:06:33","",""
"MILK","","Point of Sale","1","1x 12oz/Medium","423","2025-12-02 07:59:30","2025-12-02 08:06:33","",""
"MILK","","Point of Sale","1","1x 12oz/Medium","411","2025-12-02 07:59:42","2025-12-02 08:06:33","",""
"MILK","","Point of Sale","1","1x 16oz/Large","396","2025-12-02 07:59:58","2025-12-02 08:06:34","",""
"MILK","","Point of Sale","1","1x 16oz/ICED MEDIUM","558","2025-12-02 08:00:15","2025-12-02 08:09:33","",""
"MILK","DI E IN","Point of Sale","2","1x 12oz/Medium; 1x 8oz/Small","390","2025-12-02 08:03:03","2025-12-02 08:09:33","",""
"MILK","","Point of Sale","1","1x 16oz/Large","392","2025-12-02 08:03:27","2025-12-02 08:09:59","",""
"MILK","LUC","Point of Sale","1","1x 6oz","297","2025-12-02 08:05:02","2025-12-02 08:09:59","",""
"MILK","","Point of Sale","1","1x 20oz\ICED LARGE","423","2025-12-02 08:05:21","2025-12-02 08:12:24","",""
"MILK","Pink hair","Point of Sale","1","1x 16oz/ICED MEDIUM","401","2025-12-02 08:05:43","2025-12-02 08:12:24","",""
"MILK","","Point of Sale","1","1x 8oz/Small","382","2025-12-02 08:06:03","2025-12-02 08:12:25","",""
"MILK","","Point of Sale","1","1x 16oz/ICED MEDIUM","314","2025-12-02 08:14:18","2025-12-02 08:19:32","",""
"MILK","","Point of Sale","3","1x ; 1x BUTTERBOY; 1x 12oz/Medium","186","2025-12-02 08:16:29","2025-12-02 08:19:35","",""
"MILK","","Point of Sale","1","1x 6oz","166","2025-12-02 08:16:47","2025-12-02 08:19:33","",""
"MILK","","Point of Sale","3","1x 12oz/Medium; 1x Babycino; 1x 16oz/Large","413","2025-12-02 08:17:10","2025-12-02 08:24:03","",""
"MILK","","Point of Sale","1","1x 8oz/Small","336","2025-12-02 08:18:27","2025-12-02 08:24:03","",""
"MILK","","Point of Sale","1","1x 12oz/Medium","68","2025-12-02 08:22:56","2025-12-02 08:24:04","",""
"MILK","","Point of Sale","1","1x 12oz/Medium","331","2025-12-02 08:28:34","2025-12-02 08:34:05","",""
"MILK","","Point of Sale","1","1x 12oz/Medium","248","2025-12-02 08:29:57","2025-12-02 08:34:05","",""
"MILK","","Point of Sale","2","1x 6oz; 1x 6oz","143","2025-12-02 08:31:42","2025-12-02 08:34:05","",""
"MILK","","Point of Sale","2","1x 12oz/Medium; 1x Ham And Cheese Croissant","337","2025-12-02 08:36:04","2025-12-02 08:41:41","",""
"MILK","","Point of Sale","1","1x 16oz/ICED MEDIUM","322","2025-12-02 08:36:19","2025-12-02 08:41:41","",""
"MILK","","Point of Sale","1","1x 12oz/ICED SMALL","290","2025-12-02 08:36:51","2025-12-02 08:41:41","",""
"MILK","","Point of Sale","1","1x 12oz/Medium","653","2025-12-02 08:37:08","2025-12-02 08:48:01","",""
"MILK","","Point of Sale","2","2x 16oz/Large","520","2025-12-02 08:39:20","2025-12-02 08:48:00","",""
"MILK","","Point of Sale","1","1x 6oz","457","2025-12-02 08:40:23","2025-12-02 08:48:00","",""
"MILK","","Point of Sale","2","1x 12oz/Medium; 1x Fruit Juice","398","2025-12-02 08:41:22","2025-12-02 08:48:00","",""
"MILK","","Point of Sale","2","1x Sweet Pastry; 1x 12oz/Medium","272","2025-12-02 08:43:27","2025-12-02 08:47:59","",""
"MILK","","Point of Sale","2","1x 8oz/Small; 1x Fruit Juice","662","2025-12-02 08:44:30","2025-12-02 08:55:32","",""
"MILK","","Point of Sale","1","1x 8oz/Small","627","2025-12-02 08:45:05","2025-12-02 08:55:32","",""
"MILK","","Point of Sale","1","1x 16oz/Large","534","2025-12-02 08:46:39","2025-12-02 08:55:33","",""
"MILK","","Point of Sale","1","1x 6oz","321","2025-12-02 08:53:35","2025-12-02 08:58:56","",""
"MILK","","Point of Sale","1","1x 8oz/Small","103","2025-12-02 08:53:51","2025-12-02 08:55:34","",""
"MILK","","Point of Sale","1","1x 16oz/ICED MEDIUM","649","2025-12-02 08:54:33","2025-12-02 09:05:22","",""
"MILK","","Point of Sale","2","1x Plain Croissant; 1x 12oz/Medium","461","2025-12-02 08:57:40","2025-12-02 09:05:21","",""
"MILK","","Point of Sale","3","1x Ham And Cheese Croissant; 1x Babycino; 1x 8oz/Small","422","2025-12-02 08:58:19","2025-12-02 09:05:21","",""
"MILK","","Point of Sale","1","1x 16oz/Large","57","2025-12-02 09:04:25","2025-12-02 09:05:22","",""
"MILK","","Point of Sale","1","1x 16oz/Large","164","2025-12-02 09:04:43","2025-12-02 09:07:27","",""
"MILK","","Point of Sale","1","1x 12oz/Medium","153","2025-12-02 09:04:54","2025-12-02 09:07:27","",""
"MILK","","Point of Sale","2","1x 12oz/Medium; 1x Sweet Pastry","118","2025-12-02 09:05:30","2025-12-02 09:07:28","",""
"MILK","","Point of Sale","2","1x 16oz/ICED MEDIUM; 1x 12oz/Medium","405","2025-12-02 09:07:39","2025-12-02 09:14:24","",""
"MILK","","Point of Sale","4","1x 12oz/Medium; 1x 8oz/Small; 2x 12oz/Medium","788","2025-12-02 09:12:53","2025-12-02 09:26:01","",""
"MILK","","Point of Sale","1","1x 16oz/Large","318","2025-12-02 09:26:31","2025-12-02 09:31:49","",""
"MILK","","Point of Sale","2","1x 16oz/Large; 1x Breakfast Wrap","218","2025-12-02 09:28:10","2025-12-02 09:31:48","",""
"MILK","","Point of Sale","1","1x 8oz/Small","136","2025-12-02 09:29:31","2025-12-02 09:31:47","",""
"MILK","","Point of Sale","2","1x 16oz/Large; 1x 16oz/Large","114","2025-12-02 09:29:53","2025-12-02 09:31:47","",""
"MILK","","Point of Sale","2","1x 8oz/Small; 1x 8oz/Small","236","2025-12-02 09:30:14","2025-12-02 09:34:10","",""
"MILK","","Point of Sale","1","1x 6oz","320","2025-12-02 09:35:00","2025-12-02 09:40:20","",""
"MILK","","Point of Sale","1","1x 12oz/Medium","274","2025-12-02 09:35:46","2025-12-02 09:40:20","",""
"MILK","","Point of Sale","1","1x 8oz/Small","217","2025-12-02 09:36:45","2025-12-02 09:40:22","",""
"MILK","","Point of Sale","1","1x Sweet Pastry","191","2025-12-02 09:37:12","2025-12-02 09:40:23","",""
"MILK","","Point of Sale","1","1x 16oz/ICED MEDIUM","249","2025-12-02 09:41:54","2025-12-02 09:46:03","",""
"MILK","","Point of Sale","5","1x 16oz/ICED MEDIUM; 1x 12oz/ICED SMALL; 1x 16oz/ICED MEDIUM; 1x A Sweet Muffin; 1x Sweet Pastry","198","2025-12-02 09:42:46","2025-12-02 09:46:04","",""
"MILK","","Point of Sale","1","1x 16oz/ICED MEDIUM","217","2025-12-02 09:52:20","2025-12-02 09:55:57","",""
"MILK","","Point of Sale","3","1x BUTTERBOY; 1x 16oz/Large; 1x 8oz/Small","423","2025-12-02 10:04:31","2025-12-02 10:11:34","",""
"MILK","","Point of Sale","2","1x TOASTIE; 1x 12oz/ICED SMALL","349","2025-12-02 10:05:45","2025-12-02 10:11:34","",""
"MILK","Jenna","Point of Sale","1","1x 12oz/ICED SMALL","303","2025-12-02 10:06:31","2025-12-02 10:11:34","",""
"MILK","","Point of Sale","2","1x A Savoury Muffin; 1x 12oz/ICED SMALL","259","2025-12-02 10:07:16","2025-12-02 10:11:35","",""
"MILK","","Point of Sale","1","1x 12oz/ICED SMALL","489","2025-12-02 10:07:49","2025-12-02 10:15:58","",""
"MILK","","Point of Sale","1","1x 16oz/Large","464","2025-12-02 10:08:15","2025-12-02 10:15:59","",""
"MILK","Matt","Point of Sale","1","1x 8oz/Small","322","2025-12-02 10:10:38","2025-12-02 10:16:00","",""
"MILK","","Point of Sale","1","1x 20oz\ICED LARGE","225","2025-12-02 10:12:15","2025-12-02 10:16:00","",""
"MILK","","Point of Sale","1","1x 16oz/ICED MEDIUM","242","2025-12-02 10:29:06","2025-12-02 10:33:08","",""
"MILK","","Point of Sale","2","1x Breakfast Wrap; 1x 8oz/Small","186","2025-12-02 10:30:02","2025-12-02 10:33:08","",""
"MILK","","Point of Sale","2","1x A Sweet Muffin; 1x 16oz/ICED MEDIUM","1061","2025-12-02 10:37:28","2025-12-02 10:55:09","",""
"MILK","Dine in","Point of Sale","1","1x 6oz","1030","2025-12-02 10:38:00","2025-12-02 10:55:10","",""
"MILK","","Point of Sale","1","1x 8oz/Small","312","2025-12-02 10:49:59","2025-12-02 10:55:11","",""
"MILK","","Point of Sale","1","1x 16oz/Large","184","2025-12-02 10:52:08","2025-12-02 10:55:12","",""
"MILK","","Point of Sale","3","1x 16oz/Large; 1x 8oz/Small; 1x 20oz\ICED LARGE","216","2025-12-02 10:53:06","2025-12-02 10:56:42","",""
"MILK","","Point of Sale","1","1x Plain Croissant","16","2025-12-02 10:56:26","2025-12-02 10:56:42","",""
"MILK","","Point of Sale","1","1x 6oz","515","2025-12-02 11:02:34","2025-12-02 11:11:09","",""
"MILK","","Point of Sale","1","1x 8oz/Small","339","2025-12-02 11:05:29","2025-12-02 11:11:08","",""
"MILK","","Point of Sale","1","1x 12oz/Medium","339","2025-12-02 11:15:18","2025-12-02 11:20:57","",""
"MILK","","Point of Sale","1","1x 8oz/Small","83","2025-12-02 11:19:35","2025-12-02 11:20:58","",""
"MILK","","Point of Sale","1","1x 12oz/Medium","282","2025-12-02 11:23:00","2025-12-02 11:27:42","",""
"MILK","","Point of Sale","1","1x 12oz/ICED SMALL","245","2025-12-02 11:23:36","2025-12-02 11:27:41","",""
"MILK","","Point of Sale","2","1x BUTTERBOY; 1x 6oz","609","2025-12-02 11:28:18","2025-12-02 11:38:27","",""
"MILK","","Point of Sale","1","1x Plain Croissant","344","2025-12-02 11:32:43","2025-12-02 11:38:27","",""
"MILK","","Point of Sale","1","1x 12oz/ICED SMALL","77","2025-12-02 11:39:44","2025-12-02 11:41:01","",""
"MILK","","Point of Sale","1","1x 12oz/Medium","72","2025-12-02 11:57:25","2025-12-02 11:58:37","",""
"MILK","","Point of Sale","1","1x 12oz/ICED SMALL","988","2025-12-02 12:05:26","2025-12-02 12:21:54","",""
"MILK","","Point of Sale","1","1x BUTTERBOY","465","2025-12-02 12:14:09","2025-12-02 12:21:54","",""
"MILK","","Point of Sale","1","1x 500g Beans","252","2025-12-02 12:17:43","2025-12-02 12:21:55","",""
"MILK","","Point of Sale","2","1x 8oz/Small; 1x Breakfast Wrap","1397","2025-12-02 12:35:12","2025-12-02 12:58:29","",""
"MILK","","Point of Sale","1","1x 8oz/Small","978","2025-12-02 12:42:13","2025-12-02 12:58:31","",""
"MILK","","Point of Sale","2","1x 12oz/Medium; 1x 8oz/Small","1006","2025-12-02 13:12:09","2025-12-02 13:28:55","",""
"MILK","","Point of Sale","1","1x 12oz/Medium","823","2025-12-02 13:15:11","2025-12-02 13:28:54","",""
"MILK","","Point of Sale","1","1x 8oz/Small","607","2025-12-02 13:18:49","2025-12-02 13:28:56","",""
"MILK","","Point of Sale","1","1x Sweet Pastry","101","2025-12-02 13:27:16","2025-12-02 13:28:57","",""
"MILK","","Point of Sale","1","1x Fruit Juice","48","2025-12-02 13:28:09","2025-12-02 13:28:57","",""
"MILK","","Point of Sale","1","1x 12oz/Medium","640","2025-12-03 04:55:16","2025-12-03 05:05:56","",""
"MILK","","Point of Sale","1","1x 16oz/Large","596","2025-12-03 04:56:01","2025-12-03 05:05:57","",""
"MILK","","Point of Sale","1","1x 12oz/Medium","536","2025-12-03 04:57:02","2025-12-03 05:05:58","",""
"MILK","","Point of Sale","1","1x 12oz/Medium","437","2025-12-03 04:58:41","2025-12-03 05:05:58","",""
"MILK","","Point of Sale","2","1x 16oz/Large; 1x 16oz/Large","427","2025-12-03 04:59:02","2025-12-03 05:06:09","",""
"MILK","","Point of Sale","2","1x 16oz/Large; 1x Ham And Cheese Croissant","970","2025-12-03 05:00:16","2025-12-03 05:16:26","",""
"MILK","","Point of Sale","1","1x 12oz/Medium","321","2025-12-03 05:00:48","2025-12-03 05:06:09","",""
"MILK","","Point of Sale","1","1x 4oz/Pic, Esp, Dop","805","2025-12-03 05:03:00","2025-12-03 05:16:25","",""
"MILK","","Point of Sale","2","1x Ham And Cheese Croissant; 1x 16oz/Large","696","2025-12-03 05:04:49","2025-12-03 05:16:25","",""
"MILK","","Point of Sale","1","1x 12oz/Medium","708","2025-12-03 05:07:28","2025-12-03 05:19:16","",""
"MILK","","Point of Sale","1","1x 12oz/Medium","691","2025-12-03 05:07:45","2025-12-03 05:19:16","",""
"MILK","","Point of Sale","1","1x 12oz/Medium","673","2025-12-03 05:08:05","2025-12-03 05:19:18","",""
"MILK","","Point of Sale","1","1x 6oz","661","2025-12-03 05:08:17","2025-12-03 05:19:18","",""
"MILK","","Point of Sale","3","1x 4oz/Pic, Esp, Dop; 1x 16oz/ICED MEDIUM; 1x 12oz/Medium","954","2025-12-03 05:09:12","2025-12-03 05:25:06","",""
"MILK","","Point of Sale","1","1x 12oz/Medium","1087","2025-12-03 05:11:12","2025-12-03 05:29:19","",""
"MILK","","Point of Sale","1","1x 6oz","983","2025-12-03 05:12:56","2025-12-03 05:29:19","",""
"MILK","","Point of Sale","1","1x 8oz/Small","963","2025-12-03 05:13:17","2025-12-03 05:29:20","",""
"MILK","","Point of Sale","1","1x 16oz/ICED MEDIUM","779","2025-12-03 05:16:21","2025-12-03 05:29:20","",""
"MILK","","Point of Sale","1","1x 16oz/ICED MEDIUM","637","2025-12-03 05:18:43","2025-12-03 05:29:20","",""
"MILK","","Point of Sale","1","1x 12oz/Medium","1126","2025-12-03 05:20:31","2025-12-03 05:39:17","",""
"MILK","","Point of Sale","1","1x 12oz/Medium","1106","2025-12-03 05:20:51","2025-12-03 05:39:17","",""
"MILK","","Point of Sale","1","1x 8oz/Small","761","2025-12-03 05:26:36","2025-12-03 05:39:17","",""
"MILK","","Point of Sale","1","1x 12oz/Medium","506","2025-12-03 05:30:52","2025-12-03 05:39:18","",""
"MILK","","Point of Sale","1","1x 16oz/Large","120","2025-12-03 05:37:19","2025-12-03 05:39:19","",""
"MILK","Extra","Point of Sale","1","1x 16oz/Large","375","2025-12-03 05:39:13","2025-12-03 05:45:28","",""
"MILK","","Point of Sale","1","1x 8oz/Small","266","2025-12-03 05:41:03","2025-12-03 05:45:29","",""
"MILK","","Point of Sale","1","1x 6oz","173","2025-12-03 05:42:36","2025-12-03 05:45:29","",""
"MILK","","Point of Sale","1","1x 16oz/ICED MEDIUM","99","2025-12-03 05:43:51","2025-12-03 05:45:30","",""
"MILK","","Point of Sale","1","1x 16oz/Large","81","2025-12-03 05:44:09","2025-12-03 05:45:30","",""
"MILK","","Point of Sale","1","1x 12oz/Medium","164","2025-12-03 05:46:47","2025-12-03 05:49:31","",""
"MILK","","Point of Sale","1","1x 16oz/Large","113","2025-12-03 05:47:38","2025-12-03 05:49:31","",""
"MILK","","Point of Sale","2","1x 8oz/Small; 1x 16oz/ICED MEDIUM","646","2025-12-03 05:48:07","2025-12-03 05:58:53","",""
"MILK","","Point of Sale","2","1x 4oz/Pic, Esp, Dop; 1x BUTTERBOY","319","2025-12-03 05:53:34","2025-12-03 05:58:53","",""
"MILK","","Point of Sale","2","1x 16oz/Large; 1x 16oz/Large","275","2025-12-03 05:54:20","2025-12-03 05:58:55","",""
"MILK","","Point of Sale","2","1x 16oz/Large; 1x 16oz/Large","666","2025-12-03 05:55:08","2025-12-03 06:06:14","",""
"MILK","","Point of Sale","1","1x 12oz/Medium","616","2025-12-03 05:55:59","2025-12-03 06:06:15","",""
"MILK","","Point of Sale","4","1x 12oz/ICED SMALL; 3x Pupacino","493","2025-12-03 05:58:03","2025-12-03 06:06:16","",""
"MILK","","Point of Sale","3","1x 16oz/Large; 1x 16oz/ICED MEDIUM; 1x Babycino","508","2025-12-03 05:58:23","2025-12-03 06:06:51","",""
"MILK","Blue shirt","Point of Sale","2","1x 8oz/Small; 1x 12oz/Medium","774","2025-12-03 05:58:44","2025-12-03 06:11:38","",""
"MILK","","Point of Sale","2","1x 16oz/ICED MEDIUM; 1x 8oz/Small","738","2025-12-03 05:59:20","2025-12-03 06:11:38","",""
"MILK","","Point of Sale","1","1x 4oz/Pic, Esp, Dop","726","2025-12-03 05:59:33","2025-12-03 06:11:39","",""
"MILK","","Point of Sale","2","1x 8oz/Small; 1x 8oz/Small","685","2025-12-03 06:00:15","2025-12-03 06:11:40","",""
"MILK","","Point of Sale","2","1x 16oz/ICED MEDIUM; 1x Sweet Pastry","631","2025-12-03 06:01:31","2025-12-03 06:12:02","",""
"MILK","","Point of Sale","1","1x 6oz","769","2025-12-03 06:01:53","2025-12-03 06:14:42","",""
"MILK","","Point of Sale","1","1x 20oz\ICED LARGE","682","2025-12-03 06:03:21","2025-12-03 06:14:43","",""
"MILK","Ua coupe","Point of Sale","2","1x 16oz/ICED MEDIUM; 1x 6oz","614","2025-12-03 06:04:29","2025-12-03 06:14:43","",""
"MILK","Tobi","Point of Sale","1","1x 12oz/ICED SMALL","750","2025-12-03 06:05:00","2025-12-03 06:17:30","",""
"MILK","Lady with hat","Point of Sale","1","1x 8oz/Small","676","2025-12-03 06:06:15","2025-12-03 06:17:31","",""
"MILK","New","Point of Sale","1","1x 12oz/ICED SMALL","831","2025-12-03 06:12:05","2025-12-03 06:25:56","",""
"MILK","","Point of Sale","2","1x 4oz/Pic, Esp, Dop; 1x 12oz/ICED SMALL","566","2025-12-03 06:12:30","2025-12-03 06:21:56","",""
"MILK","Kaz","Point of Sale","1","1x 12oz/Medium","366","2025-12-03 06:15:49","2025-12-03 06:21:55","",""
"MILK","Ice cube","Point of Sale","2","1x 1kg Beans; 1x 12oz/Medium","237","2025-12-03 06:17:57","2025-12-03 06:21:54","",""
"MILK","Mug","Point of Sale","1","1x 12oz/Medium","440","2025-12-03 06:18:37","2025-12-03 06:25:57","",""
"MILK","","Point of Sale","1","1x 12oz/Medium","337","2025-12-03 06:20:20","2025-12-03 06:25:57","",""
"MILK","","Point of Sale","1","1x 12oz/ICED SMALL","321","2025-12-03 06:20:37","2025-12-03 06:25:58","",""
"MILK","Sh","Point of Sale","1","1x 4oz/Pic, Esp, Dop","308","2025-12-03 06:20:50","2025-12-03 06:25:58","",""
"MILK","Rach","Point of Sale","2","1x Breakfast Wrap; 1x 16oz/ICED MEDIUM","652","2025-12-03 06:21:12","2025-12-03 06:32:04","",""
"MILK","Red hasir","Point of Sale","1","1x 20oz\ICED LARGE","613","2025-12-03 06:21:51","2025-12-03 06:32:04","",""
"MILK","","Point of Sale","2","1x Ham And Cheese Croissant; 1x 16oz/ICED MEDIUM","625","2025-12-03 06:22:13","2025-12-03 06:32:38","",""
"MILK","Maroon kid","Point of Sale","1","1x 12oz/ICED SMALL","607","2025-12-03 06:22:31","2025-12-03 06:32:38","",""
"MILK","Rach","Point of Sale","1","1x 12oz/Medium","767","2025-12-03 06:22:50","2025-12-03 06:35:37","",""
"MILK","","Point of Sale","1","1x 12oz/Medium","714","2025-12-03 06:23:43","2025-12-03 06:35:37","",""
"MILK","Bald","Point of Sale","1","1x 8oz/Small","591","2025-12-03 06:25:47","2025-12-03 06:35:38","",""
"MILK","Balcjnshirt galses","Point of Sale","1","1x 8oz/Small","731","2025-12-03 06:26:10","2025-12-03 06:38:21","",""
"MILK","Purpl lakd","Point of Sale","1","1x 12oz/Medium","624","2025-12-03 06:27:57","2025-12-03 06:38:21","",""
"MILK","Grey tyop","Point of Sale","1","1x 16oz/ICED MEDIUM","630","2025-12-03 06:29:07","2025-12-03 06:39:37","",""
"MILK","","Point of Sale","1","1x 16oz/Large","617","2025-12-03 06:29:20","2025-12-03 06:39:37","",""
"MILK","Half hald dyde","Point of Sale","2","1x 8oz/Small; 1x 12oz/Medium","827","2025-12-03 06:30:12","2025-12-03 06:43:59","",""
"MILK","","Point of Sale","1","1x 12oz/Medium","797","2025-12-03 06:30:43","2025-12-03 06:44:00","",""
"MILK","","Point of Sale","2","1x Breakfast Wrap; 1x 16oz/Large","779","2025-12-03 06:31:00","2025-12-03 06:43:59","",""
"MILK","","Point of Sale","1","1x 8oz/Small","625","2025-12-03 06:35:23","2025-12-03 06:45:48","",""
"MILK","","Point of Sale","2","1x 6oz; 1x 8oz/Small","336","2025-12-03 06:40:14","2025-12-03 06:45:50","",""
"MILK","","Point of Sale","2","1x 16oz/ICED MEDIUM; 1x 20oz\ICED LARGE","1542","2025-12-03 06:42:15","2025-12-03 07:07:57","",""
"MILK","","Point of Sale","1","1x 16oz/ICED MEDIUM","1108","2025-12-03 06:49:29","2025-12-03 07:07:57","",""
"MILK","","Point of Sale","2","1x Babycino; 1x 8oz/Small","969","2025-12-03 06:51:50","2025-12-03 07:07:59","",""
"MILK","","Point of Sale","1","1x 16oz/Large","609","2025-12-03 06:57:50","2025-12-03 07:07:59","",""
"MILK","","Point of Sale","1","1x 12oz/ICED SMALL","1062","2025-12-03 07:00:45","2025-12-03 07:18:27","",""
"MILK","","Point of Sale","2","1x 12oz/ICED SMALL; 1x TOASTIE","958","2025-12-03 07:02:30","2025-12-03 07:18:28","",""
"MILK","","Point of Sale","1","1x 16oz/ICED MEDIUM","893","2025-12-03 07:03:36","2025-12-03 07:18:29","",""
"MILK","","Point of Sale","1","1x 8oz/Small","846","2025-12-03 07:04:23","2025-12-03 07:18:29","",""
"MILK","1445550801","Square Online","1","1x 12oz/Medium","817","2025-12-03 07:04:52","2025-12-03 07:18:29","2025-12-03 07:04:48",""
"MILK","","Point of Sale","1","1x Breakfast Wrap","445","2025-12-03 07:04:54","2025-12-03 07:12:19","",""
"MILK","","Point of Sale","1","1x 16oz/ICED MEDIUM","359","2025-12-03 07:06:19","2025-12-03 07:12:18","",""
"MILK","","Point of Sale","2","1x Babycino; 1x 16oz/Large","340","2025-12-03 07:06:38","2025-12-03 07:12:18","",""
"MILK","","Point of Sale","1","1x 6oz","658","2025-12-03 07:07:22","2025-12-03 07:18:20","",""
"MILK","","Point of Sale","1","1x 16oz/Large","599","2025-12-03 07:08:20","2025-12-03 07:18:19","",""
"MILK","","Point of Sale","2","1x 12oz/Medium; 1x 12oz/Medium","467","2025-12-03 07:10:32","2025-12-03 07:18:19","",""
"MILK","","Point of Sale","1","1x Fiji Water","306","2025-12-03 07:13:14","2025-12-03 07:18:20","",""
"MILK","","Point of Sale","2","1x 16oz/ICED MEDIUM; 1x 16oz/ICED MEDIUM","226","2025-12-03 07:18:35","2025-12-03 07:22:21","",""
"MILK","","Point of Sale","1","1x 16oz/ICED MEDIUM","172","2025-12-03 07:19:30","2025-12-03 07:22:22","",""
"MILK","","Point of Sale","1","1x 12oz/Medium","166","2025-12-03 07:22:46","2025-12-03 07:25:32","",""
"MILK","","Point of Sale","1","1x 12oz/Medium","89","2025-12-03 07:24:04","2025-12-03 07:25:33","",""
"MILK","","Point of Sale","1","1x 12oz/ICED SMALL","255","2025-12-03 07:26:52","2025-12-03 07:31:07","",""
"MILK","","Point of Sale","1","1x 8oz/Small","235","2025-12-03 07:27:10","2025-12-03 07:31:05","",""
"MILK","2138066158","Square Online","2","1x 6oz; 1x 12oz/Medium","221","2025-12-03 07:27:23","2025-12-03 07:31:04","2025-12-03 07:27:17",""
"MILK","","Point of Sale","1","1x 12oz/Medium","195","2025-12-03 07:27:50","2025-12-03 07:31:05","",""
"MILK","","Point of Sale","1","1x 8oz/Small","399","2025-12-03 07:30:33","2025-12-03 07:37:12","",""
"MILK","","Point of Sale","2","1x 20oz\ICED LARGE; 1x 16oz/ICED MEDIUM","363","2025-12-03 07:31:10","2025-12-03 07:37:13","",""
"MILK","","Point of Sale","2","1x 12oz/Medium; 1x 500g Beans","305","2025-12-03 07:32:08","2025-12-03 07:37:13","",""
"MILK","Dind","Point of Sale","2","1x 12oz/Medium; 1x 12oz/Medium","335","2025-12-03 07:32:55","2025-12-03 07:38:30","",""
"MILK","Hi vis","Point of Sale","2","2x 12oz/Medium","501","2025-12-03 07:34:43","2025-12-03 07:43:04","",""
"MILK","","Point of Sale","2","1x 8oz/Small; 1x 16oz/Large","446","2025-12-03 07:35:39","2025-12-03 07:43:05","",""
"MILK","Bald","Point of Sale","1","1x 12oz/ICED SMALL","573","2025-12-03 07:36:20","2025-12-03 07:45:53","",""
"MILK","Akmond ","Point of Sale","2","1x 16oz/ICED MEDIUM; 1x Sweet Pastry","541","2025-12-03 07:36:54","2025-12-03 07:45:55","",""
"MILK","","Point of Sale","1","1x 12oz/Medium","830","2025-12-03 07:40:46","2025-12-03 07:54:36","",""
"MILK","Amne","Point of Sale","1","1x 6oz","809","2025-12-03 07:41:06","2025-12-03 07:54:35","",""
"MILK","","Point of Sale","1","1x 8oz/Small","721","2025-12-03 07:42:34","2025-12-03 07:54:35","",""
"MILK","","Point of Sale","3","2x 16oz/ICED MEDIUM; 1x 8oz/Small","430","2025-12-03 07:50:23","2025-12-03 07:57:33","",""
"MILK","","Point of Sale","5","2x Breakfast Wrap; 1x BUTTERBOY; 1x 12oz/ICED SMALL; 1x TOASTIE","739","2025-12-03 07:51:35","2025-12-03 08:03:54","",""
"MILK","","Point of Sale","3","1x 12oz/Medium; 1x Plain Croissant; 1x 12oz/ICED SMALL","655","2025-12-03 07:52:59","2025-12-03 08:03:54","",""
"MILK","Hraspghones","Point of Sale","1","1x 16oz/ICED MEDIUM","595","2025-12-03 07:53:58","2025-12-03 08:03:53","",""
"MILK","","Point of Sale","1","1x 16oz/Large","756","2025-12-03 07:54:14","2025-12-03 08:06:50","",""
"MILK","Glasses","Point of Sale","2","1x 12oz/Medium; 1x Breakfast Wrap","579","2025-12-03 07:57:11","2025-12-03 08:06:50","",""
"MILK","","Point of Sale","1","1x Fruit Juice","393","2025-12-03 07:57:26","2025-12-03 08:03:59","",""
"MILK","","Point of Sale","1","1x 8oz/Small","566","2025-12-03 07:59:00","2025-12-03 08:08:26","",""
"MILK","","Point of Sale","3","2x 16oz/ICED MEDIUM; 1x Babycino","542","2025-12-03 07:59:24","2025-12-03 08:08:26","",""
"MILK","Blonde","Point of Sale","3","1x 500g Beans; 1x 16oz/Large; 1x Babycino","506","2025-12-03 08:00:00","2025-12-03 08:08:26","",""
"MILK","Kieran","Point of Sale","1","1x 8oz/Small","460","2025-12-03 08:01:26","2025-12-03 08:09:06","",""
"MILK","Snell","Point of Sale","1","1x 12oz/Medium","549","2025-12-03 08:02:39","2025-12-03 08:11:48","",""
"MILK","Small bald","Point of Sale","1","1x 16oz/ICED MEDIUM","528","2025-12-03 08:03:00","2025-12-03 08:11:48","",""
"MILK","Dude ","Point of Sale","1","1x 12oz/Medium","329","2025-12-03 08:06:20","2025-12-03 08:11:49","",""
"MILK","","Point of Sale","2","1x 12oz/ICED SMALL; 1x Fruit Juice","229","2025-12-03 08:10:05","2025-12-03 08:13:54","",""
"MILK","Maiami","Point of Sale","1","1x 8oz/Small","87","2025-12-03 08:12:27","2025-12-03 08:13:54","",""
"MILK","","Point of Sale","1","1x 16oz/Large","424","2025-12-03 08:12:46","2025-12-03 08:19:50","",""
"MILK","Tradie","Point of Sale","1","1x 12oz/ICED SMALL","408","2025-12-03 08:13:03","2025-12-03 08:19:51","",""
"MILK","Tardie","Point of Sale","2","1x 16oz/Large; 1x TOASTIE","386","2025-12-03 08:13:25","2025-12-03 08:19:51","",""
"MILK","Tall","Point of Sale","2","2x 16oz/Large","366","2025-12-03 08:13:46","2025-12-03 08:19:52","",""
"MILK","Green","Point of Sale","1","1x 8oz/Small","385","2025-12-03 08:14:51","2025-12-03 08:21:16","",""
"MILK","Orange guy","Point of Sale","1","1x 12oz/Medium","386","2025-12-03 08:15:10","2025-12-03 08:21:36","",""
"MILK","Orange girkl","Point of Sale","1","1x 12oz/Medium","427","2025-12-03 08:15:37","2025-12-03 08:22:44","",""
"MILK","Prange girl","Point of Sale","1","1x 16oz/ICED MEDIUM","407","2025-12-03 08:15:58","2025-12-03 08:22:45","",""
"MILK","","Point of Sale","3","1x 6oz; 2x 6oz","675","2025-12-03 08:17:42","2025-12-03 08:28:57","",""
"MILK","","Point of Sale","4","1x 12oz/Medium; 1x 12oz/Medium; 1x 12oz/Medium; 1x 8oz/Small","578","2025-12-03 08:19:20","2025-12-03 08:28:58","",""
"MILK","Followmojt transport","Point of Sale","1","1x 12oz/Medium","592","2025-12-03 08:22:31","2025-12-03 08:32:23","",""
"MILK","","Point of Sale","2","1x 12oz/ICED SMALL; 1x 12oz/Medium","512","2025-12-03 08:26:41","2025-12-03 08:35:13","",""
"MILK","Luc","Point of Sale","1","1x 6oz","268","2025-12-03 08:27:54","2025-12-03 08:32:22","",""
"MILK","","Point of Sale","1","1x 8oz/Small","295","2025-12-03 08:30:19","2025-12-03 08:35:14","",""
"MILK","Gran","Point of Sale","1","1x 12oz/Medium","269","2025-12-03 08:30:45","2025-12-03 08:35:14","",""
"MILK","","Point of Sale","2","1x 16oz/Large; 1x TOASTIE","214","2025-12-03 08:31:41","2025-12-03 08:35:15","",""
"MILK","Gran","Point of Sale","1","1x 16oz/Large","602","2025-12-03 08:32:04","2025-12-03 08:42:06","",""
"MILK","","Point of Sale","1","1x 500g Beans","589","2025-12-03 08:32:16","2025-12-03 08:42:05","",""
"MILK","Gtan","Point of Sale","1","1x 12oz/Medium","537","2025-12-03 08:33:09","2025-12-03 08:42:06","",""
"MILK","","Point of Sale","2","2x 12oz/Medium","285","2025-12-03 08:37:20","2025-12-03 08:42:05","",""
"MILK","","Point of Sale","1","1x 6oz","171","2025-12-03 08:39:14","2025-12-03 08:42:05","",""
"MILK","","Point of Sale","2","1x 12oz/ICED SMALL; 1x 12oz/ICED SMALL","219","2025-12-03 08:48:32","2025-12-03 08:52:11","",""
"MILK","","Point of Sale","1","1x 12oz/ICED SMALL","186","2025-12-03 08:49:06","2025-12-03 08:52:12","",""
"MILK","","Point of Sale","1","1x 8oz/Small","107","2025-12-03 08:50:26","2025-12-03 08:52:13","",""
"MILK","","Point of Sale","1","1x 12oz/Medium","668","2025-12-03 08:50:46","2025-12-03 09:01:54","",""
"MILK","","Point of Sale","2","2x 16oz/Large","633","2025-12-03 08:51:22","2025-12-03 09:01:55","",""
"MILK","","Point of Sale","1","1x 12oz/ICED SMALL","532","2025-12-03 08:53:03","2025-12-03 09:01:55","",""
"MILK","","Point of Sale","1","1x TOASTIE","517","2025-12-03 08:53:20","2025-12-03 09:01:57","",""
"MILK","","Point of Sale","1","1x 16oz/Large","97","2025-12-03 09:00:19","2025-12-03 09:01:56","",""
"MILK","","Point of Sale","3","1x 8oz/Small; 1x 8oz/Small; 1x Babycino","620","2025-12-03 09:03:10","2025-12-03 09:13:30","",""
"MILK","","Point of Sale","1","1x 12oz/ICED SMALL","581","2025-12-03 09:03:50","2025-12-03 09:13:31","",""
"MILK","","Point of Sale","2","1x 8oz/Small; 1x 12oz/ICED SMALL","225","2025-12-03 09:09:47","2025-12-03 09:13:32","",""
"MILK","","Point of Sale","1","1x 8oz/Small","113","2025-12-03 09:11:40","2025-12-03 09:13:33","",""
"MILK","","Point of Sale","1","1x 12oz/ICED SMALL","908","2025-12-03 09:12:21","2025-12-03 09:27:29","",""
"MILK","","Point of Sale","1","1x 12oz/ICED SMALL","881","2025-12-03 09:12:49","2025-12-03 09:27:30","",""
"MILK","","Point of Sale","1","1x 8oz/Small","749","2025-12-03 09:15:01","2025-12-03 09:27:30","",""
"MILK","","Point of Sale","1","1x TOASTIE","365","2025-12-03 09:21:27","2025-12-03 09:27:32","",""
"MILK","","Point of Sale","2","1x 12oz/Medium; 1x 12oz/Medium","110","2025-12-03 09:25:42","2025-12-03 09:27:32","",""
"MILK","","Point of Sale","1","1x 8oz/Small","703","2025-12-03 09:30:10","2025-12-03 09:41:53","",""
"MILK","","Point of Sale","1","1x 12oz/ICED SMALL","1009","2025-12-03 09:38:30","2025-12-03 09:55:19","",""
"MILK","","Point of Sale","1","1x 12oz/Medium","57","2025-12-03 09:40:55","2025-12-03 09:41:52","",""
"MILK","","Point of Sale","1","1x 12oz/Medium","848","2025-12-03 09:41:11","2025-12-03 09:55:19","",""
"MILK","","Point of Sale","2","1x 8oz/Small; 1x BUTTERBOY","535","2025-12-03 09:46:26","2025-12-03 09:55:21","",""
"MILK","","Point of Sale","1","1x Plain Croissant","398","2025-12-03 09:48:44","2025-12-03 09:55:22","",""
"MILK","","Point of Sale","2","1x 12oz/Medium; 1x 500g Beans","976","2025-12-03 09:49:26","2025-12-03 10:05:42","",""
"MILK","","Point of Sale","1","1x 20oz\ICED LARGE","888","2025-12-03 09:50:54","2025-12-03 10:05:42","",""
"MILK","","Point of Sale","3","1x Babycino; 1x 12oz/ICED SMALL; 1x 20oz\ICED LARGE","641","2025-12-03 09:55:03","2025-12-03 10:05:44","",""
"MILK","","Point of Sale","1","1x Famous Soda","29","2025-12-03 10:05:15","2025-12-03 10:05:44","",""
"MILK","","Point of Sale","1","1x Kombucha","11","2025-12-03 10:05:34","2025-12-03 10:05:45","",""
"MILK","","Point of Sale","3","1x 12oz/Medium; 1x Babycino; 1x 6oz","620","2025-12-03 10:07:12","2025-12-03 10:17:32","",""
"MILK","","Point of Sale","1","1x Famous Soda","442","2025-12-03 10:10:11","2025-12-03 10:17:33","",""
"MILK","","Point of Sale","2","1x BUTTERBOY; 1x 16oz/ICED MEDIUM","374","2025-12-03 10:11:20","2025-12-03 10:17:34","",""
"MILK","","Point of Sale","1","1x TOASTIE","357","2025-12-03 10:11:37","2025-12-03 10:17:34","",""
"MILK","","Point of Sale","1","1x 16oz/Large","333","2025-12-03 10:12:01","2025-12-03 10:17:34","",""
"MILK","","Point of Sale","1","1x 4oz/Pic, Esp, Dop","532","2025-12-03 10:14:52","2025-12-03 10:23:44","",""
"MILK","","Point of Sale","1","1x 8oz/Small","201","2025-12-03 10:20:23","2025-12-03 10:23:44","",""
"MILK","","Point of Sale","1","1x 16oz/Large","589","2025-12-03 10:24:31","2025-12-03 10:34:20","",""
"MILK","","Point of Sale","3","1x Fiji Water; 1x 8oz/Small; 1x 16oz/Large","346","2025-12-03 10:28:35","2025-12-03 10:34:21","",""
"MILK","","Point of Sale","1","1x 16oz/Large","140","2025-12-03 10:32:01","2025-12-03 10:34:21","",""
"MILK","","Point of Sale","1","1x 12oz/Medium","927","2025-12-03 10:38:44","2025-12-03 10:54:11","",""
"MILK","","Point of Sale","1","1x 20oz\ICED LARGE","704","2025-12-03 10:42:27","2025-12-03 10:54:11","",""
"MILK","","Point of Sale","1","1x Kombucha","670","2025-12-03 10:43:01","2025-12-03 10:54:11","",""
"MILK","","Point of Sale","1","1x 12oz/Medium","633","2025-12-03 10:43:39","2025-12-03 10:54:12","",""
"MILK","","Point of Sale","1","1x 12oz/ICED SMALL","419","2025-12-03 10:55:45","2025-12-03 11:02:44","",""
"MILK","","Point of Sale","2","1x 12oz/Medium; 1x Sweet Pastry","243","2025-12-03 10:58:41","2025-12-03 11:02:44","",""
"MILK","","Point of Sale","1","1x TOASTIE","4628","2025-12-03 11:03:27","2025-12-03 12:20:35","",""
"MILK","","Point of Sale","1","1x 6oz","3756","2025-12-03 11:17:58","2025-12-03 12:20:34","",""
"MILK","","Point of Sale","1","1x 12oz/Medium","3564","2025-12-03 11:21:11","2025-12-03 12:20:35","",""
"MILK","","Point of Sale","2","1x BUTTERBOY; 1x 16oz/ICED MEDIUM","3146","2025-12-03 11:28:07","2025-12-03 12:20:33","",""
"MILK","","Point of Sale","1","1x BUTTERBOY","2877","2025-12-03 11:32:36","2025-12-03 12:20:33","",""
"MILK","","Point of Sale","3","1x Plain Croissant; 1x Famous Soda; 1x 12oz/Medium","2413","2025-12-03 11:40:23","2025-12-03 12:20:36","",""
"MILK","","Point of Sale","3","3x 12oz/Medium","1062","2025-12-03 12:02:54","2025-12-03 12:20:36","",""
"MILK","","Point of Sale","1","1x TOASTIE","362","2025-12-03 12:14:36","2025-12-03 12:20:38","",""
"MILK","","Point of Sale","1","1x 4oz/Pic, Esp, Dop","59073","2025-12-03 12:33:46","2025-12-04 04:58:19","",""
"MILK","","Point of Sale","1","1x TOASTIE","58973","2025-12-03 12:35:25","2025-12-04 04:58:18","",""
"MILK","","Point of Sale","1","1x 12oz/Medium","56784","2025-12-03 13:11:53","2025-12-04 04:58:17","",""
"MILK","","Point of Sale","1","1x 12oz/Medium","56000","2025-12-03 13:24:56","2025-12-04 04:58:16","",""
"MILK","","Point of Sale","2","2x 4oz/Pic, Esp, Dop","410","2025-12-04 04:51:30","2025-12-04 04:58:20","",""
"MILK","","Point of Sale","1","1x 12oz/Medium","614","2025-12-04 04:56:09","2025-12-04 05:06:23","",""
"MILK","","Point of Sale","1","1x 12oz/Medium","577","2025-12-04 04:56:18","2025-12-04 05:05:55","",""
"MILK","","Point of Sale","2","2x 16oz/Large","330","2025-12-04 05:00:25","2025-12-04 05:05:55","",""
"MILK","","Point of Sale","2","1x A Sweet Muffin; 1x 16oz/Large","334","2025-12-04 05:00:50","2025-12-04 05:06:24","",""
"MILK","","Point of Sale","1","1x 12oz/ICED SMALL","540","2025-12-04 05:01:28","2025-12-04 05:10:28","",""
"MILK","","Point of Sale","1","1x 8oz/Small","431","2025-12-04 05:03:18","2025-12-04 05:10:29","",""
"MILK","","Point of Sale","1","1x 16oz/Large","417","2025-12-04 05:03:33","2025-12-04 05:10:30","",""
"MILK","","Point of Sale","1","1x 4oz/Pic, Esp, Dop","381","2025-12-04 05:04:11","2025-12-04 05:10:32","",""
"MILK","","Point of Sale","2","2x 12oz/Medium","826","2025-12-04 05:04:37","2025-12-04 05:18:23","",""
"MILK","","Point of Sale","2","2x 16oz/Large","596","2025-12-04 05:08:28","2025-12-04 05:18:24","",""
"MILK","","Point of Sale","1","1x 8oz/Small","501","2025-12-04 05:10:03","2025-12-04 05:18:24","",""
"MILK","","Point of Sale","1","1x 12oz/Medium","420","2025-12-04 05:11:25","2025-12-04 05:18:25","",""
"MILK","","Point of Sale","2","2x 8oz/Small","438","2025-12-04 05:13:03","2025-12-04 05:20:21","",""
"MILK","","Point of Sale","1","1x 16oz/Large","687","2025-12-04 05:13:41","2025-12-04 05:25:08","",""
"MILK","","Point of Sale","1","1x 16oz/ICED MEDIUM","678","2025-12-04 05:13:51","2025-12-04 05:25:09","",""
"MILK","","Point of Sale","2","1x 12oz/Medium; 1x 8oz/Small","635","2025-12-04 05:14:36","2025-12-04 05:25:11","",""
"MILK","","Point of Sale","2","1x 6oz; 1x 6oz","527","2025-12-04 05:19:15","2025-12-04 05:28:02","",""
"MILK","","Point of Sale","1","1x 12oz/Medium","447","2025-12-04 05:20:33","2025-12-04 05:28:00","",""
"MILK","","Point of Sale","1","1x 12oz/Medium","361","2025-12-04 05:21:59","2025-12-04 05:28:00","",""
"MILK","","Point of Sale","2","1x 16oz/ICED MEDIUM; 1x Sweet Pastry","723","2025-12-04 05:24:27","2025-12-04 05:36:30","",""
"MILK","","Point of Sale","1","1x 12oz/Medium","379","2025-12-04 05:30:13","2025-12-04 05:36:32","",""
"MILK","","Point of Sale","3","3x 6oz","329","2025-12-04 05:31:04","2025-12-04 05:36:33","",""
"MILK","","Point of Sale","1","1x 12oz/Medium","302","2025-12-04 05:31:31","2025-12-04 05:36:33","",""
"MILK","","Point of Sale","1","1x 6oz","131","2025-12-04 05:34:23","2025-12-04 05:36:34","",""
"MILK","","Point of Sale","2","1x 16oz/ICED MEDIUM; 1x 8oz/Small","578","2025-12-04 05:36:24","2025-12-04 05:46:02","",""
"MILK","","Point of Sale","2","1x TOASTIE; 1x 8oz/Small","502","2025-12-04 05:37:39","2025-12-04 05:46:01","",""
"MILK","","Point of Sale","1","1x 16oz/Large","338","2025-12-04 05:40:21","2025-12-04 05:45:59","",""
"MILK","","Point of Sale","1","1x 16oz/Large","323","2025-12-04 05:40:37","2025-12-04 05:46:00","",""
"MILK","","Point of Sale","2","1x 20oz\ICED LARGE; 1x 16oz/Large","434","2025-12-04 05:42:30","2025-12-04 05:49:44","",""
"MILK","","Point of Sale","1","1x 16oz/Large","304","2025-12-04 05:44:41","2025-12-04 05:49:45","",""
"MILK","","Point of Sale","1","1x 6oz","239","2025-12-04 05:45:47","2025-12-04 05:49:46","",""
"MILK","","Point of Sale","1","1x 12oz/Medium","383","2025-12-04 05:47:04","2025-12-04 05:53:27","",""
"MILK","","Point of Sale","1","1x 12oz/Medium","65","2025-12-04 05:52:23","2025-12-04 05:53:28","",""
"MILK","","Point of Sale","3","1x 16oz/Large; 1x 16oz/ICED MEDIUM; 1x Babycino","351","2025-12-04 05:55:58","2025-12-04 06:01:49","",""
"MILK","856818752","Square Online","2","1x 12oz/Medium; 1x 12oz/Medium","265","2025-12-04 05:57:25","2025-12-04 06:01:50","2025-12-04 05:57:19",""
"MILK","","Point of Sale","1","1x 6oz","197","2025-12-04 05:58:30","2025-12-04 06:01:47","",""
"MILK","","Point of Sale","1","1x 12oz/Medium","182","2025-12-04 05:58:46","2025-12-04 06:01:48","",""
"MILK","Ros","Point of Sale","1","1x 8oz/Small","403","2025-12-04 06:00:12","2025-12-04 06:06:55","",""
"MILK","","Point of Sale","1","1x 16oz/ICED MEDIUM","382","2025-12-04 06:00:32","2025-12-04 06:06:54","",""
"MILK","","Point of Sale","2","2x 12oz/Medium","367","2025-12-04 06:00:46","2025-12-04 06:06:53","",""
"MILK","","Point of Sale","2","2x 4oz/Pic, Esp, Dop","356","2025-12-04 06:00:56","2025-12-04 06:06:52","",""
"MILK","","Point of Sale","2","1x 16oz/Large; 1x 16oz/Large","600","2025-12-04 06:02:46","2025-12-04 06:12:46","",""
"MILK","Miles","Point of Sale","1","1x 16oz/ICED MEDIUM","540","2025-12-04 06:03:44","2025-12-04 06:12:44","",""
"MILK","","Point of Sale","1","1x 20oz\ICED LARGE","297","2025-12-04 06:07:47","2025-12-04 06:12:44","",""
"MILK","","Point of Sale","2","1x 8oz/Small; 1x 8oz/Small","276","2025-12-04 06:08:07","2025-12-04 06:12:43","",""
"MILK","","Point of Sale","2","1x 20oz\ICED LARGE; 1x 16oz/Large","623","2025-12-04 06:10:57","2025-12-04 06:21:20","",""
"MILK","","Point of Sale","1","1x 12oz/ICED SMALL","607","2025-12-04 06:11:11","2025-12-04 06:21:18","",""
"MILK","","Point of Sale","2","1x 16oz/Large; 1x 16oz/Large","580","2025-12-04 06:11:39","2025-12-04 06:21:19","",""
"MILK","","Point of Sale","1","1x ","403","2025-12-04 06:14:35","2025-12-04 06:21:18","",""
"MILK","","Point of Sale","3","1x 12oz/Medium; 1x Babycino; 1x 8oz/Small","373","2025-12-04 06:15:07","2025-12-04 06:21:20","",""
"MILK","","Point of Sale","4","3x Pupacino; 1x 12oz/ICED SMALL","571","2025-12-04 06:15:51","2025-12-04 06:25:22","",""
"MILK","","Point of Sale","1","1x 8oz/Small","380","2025-12-04 06:19:01","2025-12-04 06:25:21","",""
"MILK","Rach","Point of Sale","2","1x Ham And Cheese Croissant; 1x 16oz/ICED MEDIUM","327","2025-12-04 06:19:56","2025-12-04 06:25:23","",""
"MILK","","Point of Sale","4","1x 4oz/Pic, Esp, Dop; 3x 8oz/Small","378","2025-12-04 06:22:49","2025-12-04 06:29:07","",""
"MILK","","Point of Sale","1","1x 16oz/ICED MEDIUM","266","2025-12-04 06:24:43","2025-12-04 06:29:09","",""
"MILK","Lyss","Point of Sale","1","1x 4oz/Pic, Esp, Dop","794","2025-12-04 06:25:41","2025-12-04 06:38:55","",""
"MILK","","Point of Sale","1","1x ","412","2025-12-04 06:32:03","2025-12-04 06:38:55","",""
"MILK","","Point of Sale","1","1x 8oz/Small","370","2025-12-04 06:32:46","2025-12-04 06:38:56","",""
"MILK","","Point of Sale","1","1x 12oz/ICED SMALL","281","2025-12-04 06:34:16","2025-12-04 06:38:57","",""
"MILK","","Point of Sale","1","1x 12oz/Medium","421","2025-12-04 06:39:29","2025-12-04 06:46:30","",""
"MILK","","Point of Sale","1","1x 12oz/Medium","294","2025-12-04 06:41:35","2025-12-04 06:46:29","",""
"MILK","","Point of Sale","1","1x 16oz/ICED MEDIUM","234","2025-12-04 06:42:34","2025-12-04 06:46:28","",""
"MILK","","Point of Sale","4","1x 12oz/ICED SMALL; 1x 12oz/Medium; 1x 12oz/Medium; 1x 8oz/Small","194","2025-12-04 06:43:13","2025-12-04 06:46:27","",""
"MILK","","Point of Sale","1","1x 8oz/Small","318","2025-12-04 06:45:52","2025-12-04 06:51:10","",""
"MILK","","Point of Sale","2","1x 16oz/Large; 1x 12oz/Medium","96","2025-12-04 06:49:35","2025-12-04 06:51:11","",""
"MILK","","Point of Sale","2","1x 16oz/ICED MEDIUM; 1x 16oz/Large","208","2025-12-04 06:50:05","2025-12-04 06:53:33","",""
"MILK","","Point of Sale","1","1x 16oz/ICED MEDIUM","118","2025-12-04 06:51:33","2025-12-04 06:53:31","",""
"MILK","","Point of Sale","1","1x 8oz/Small","329","2025-12-04 06:53:52","2025-12-04 06:59:21","",""
"MILK","","Point of Sale","2","1x 500g Beans; 1x 16oz/ICED MEDIUM","288","2025-12-04 06:54:35","2025-12-04 06:59:23","",""
"MILK","","Point of Sale","2","1x Pupacino; 1x 6oz","251","2025-12-04 06:55:12","2025-12-04 06:59:23","",""
"MILK","","Point of Sale","2","1x 16oz/ICED MEDIUM; 1x 12oz/ICED SMALL","443","2025-12-04 06:55:52","2025-12-04 07:03:15","",""
"MILK","","Point of Sale","2","1x 12oz/ICED SMALL; 1x TOASTIE","359","2025-12-04 06:57:16","2025-12-04 07:03:15","",""
"MILK","Donna","Point of Sale","1","1x 12oz/Medium","340","2025-12-04 06:57:34","2025-12-04 07:03:14","",""
"MILK","","Point of Sale","1","1x 16oz/ICED MEDIUM","400","2025-12-04 06:58:01","2025-12-04 07:04:41","",""
"MILK","","Point of Sale","1","1x 16oz/ICED MEDIUM","385","2025-12-04 06:58:15","2025-12-04 07:04:40","",""
"MILK","Not cyclist ","Point of Sale","1","1x 16oz/Large","430","2025-12-04 06:58:32","2025-12-04 07:05:42","",""
"MILK","","Point of Sale","1","1x 4oz/Pic, Esp, Dop","405","2025-12-04 06:58:58","2025-12-04 07:05:43","",""
"MILK","C","Point of Sale","1","1x 8oz/Small","498","2025-12-04 06:59:28","2025-12-04 07:07:46","",""
"MILK","C","Point of Sale","1","1x 16oz/ICED MEDIUM","487","2025-12-04 06:59:40","2025-12-04 07:07:47","",""
"MILK","C","Point of Sale","1","1x 12oz/Medium","501","2025-12-04 06:59:58","2025-12-04 07:08:19","",""
"MILK","Blong lady cyclist","Point of Sale","3","1x 12oz/Medium; 1x 16oz/ICED MEDIUM; 1x 12oz/Medium","571","2025-12-04 07:00:36","2025-12-04 07:10:07","",""
"MILK","","Point of Sale","1","1x 8oz/Small","561","2025-12-04 07:00:47","2025-12-04 07:10:08","",""
"MILK","","Point of Sale","1","1x 6oz","623","2025-12-04 07:01:01","2025-12-04 07:11:24","",""
"MILK","C","Point of Sale","1","1x 4oz/Pic, Esp, Dop","606","2025-12-04 07:01:17","2025-12-04 07:11:23","",""
"MILK","C","Point of Sale","1","1x 8oz/Small","525","2025-12-04 07:02:40","2025-12-04 07:11:25","",""
"MILK","Pink singlet","Point of Sale","2","1x 12oz/Medium; 1x 12oz/ICED SMALL","482","2025-12-04 07:05:16","2025-12-04 07:13:18","",""
"MILK","Green long sleeve white cap","Point of Sale","1","1x 8oz/Small","404","2025-12-04 07:06:40","2025-12-04 07:13:24","",""
"MILK","","Point of Sale","3","1x 16oz/ICED MEDIUM; 1x 16oz/ICED MEDIUM; 1x 16oz/ICED MEDIUM","355","2025-12-04 07:09:17","2025-12-04 07:15:12","",""
"MILK","Backpack","Point of Sale","1","1x 8oz/Small","402","2025-12-04 07:11:41","2025-12-04 07:18:23","",""
"MILK","","Point of Sale","1","1x 8oz/Small","66","2025-12-04 07:17:26","2025-12-04 07:18:32","",""
"MILK","","Point of Sale","2","1x 12oz/Medium; 1x 16oz/Large","317","2025-12-04 07:18:13","2025-12-04 07:23:30","",""
"MILK","","Point of Sale","2","1x 16oz/Large; 1x 8oz/Small","297","2025-12-04 07:18:32","2025-12-04 07:23:29","",""
"MILK","","Point of Sale","1","1x 8oz/Small","261","2025-12-04 07:19:07","2025-12-04 07:23:28","",""
"MILK","","Point of Sale","5","2x 6oz; 1x 16oz/ICED MEDIUM; 2x 4oz/Pic, Esp, Dop","278","2025-12-04 07:20:58","2025-12-04 07:25:36","",""
"MILK","","Point of Sale","1","1x Famous Soda","254","2025-12-04 07:21:21","2025-12-04 07:25:35","",""
"MILK","","Point of Sale","2","1x 12oz/Medium; 1x 12oz/Medium","300","2025-12-04 07:21:58","2025-12-04 07:26:58","",""
"MILK","2143772331","Square Online","2","1x 16oz/ICED MEDIUM; 1x 6oz","289","2025-12-04 07:22:10","2025-12-04 07:26:59","2025-12-04 07:22:06",""
"MILK","Striped shirt","Point of Sale","1","1x 12oz/Medium","385","2025-12-04 07:22:21","2025-12-04 07:28:46","",""
"MILK","All black outfit","Point of Sale","5","1x 16oz/ICED MEDIUM; 1x BUTTERBOY; 1x 16oz/ICED MEDIUM; 1x 16oz/ICED MEDIUM; 1x Plain Croissant","467","2025-12-04 07:23:29","2025-12-04 07:31:16","",""
"MILK","","Point of Sale","1","1x 12oz/Medium","742","2025-12-04 07:23:47","2025-12-04 07:36:09","",""
"MILK","Damien","Point of Sale","2","1x 16oz/Large; 1x Babycino","595","2025-12-04 07:26:14","2025-12-04 07:36:09","",""
"MILK","Anne","Point of Sale","1","1x 6oz","362","2025-12-04 07:30:08","2025-12-04 07:36:10","",""
"MILK","","Point of Sale","1","1x 4oz/Pic, Esp, Dop","186","2025-12-04 07:33:04","2025-12-04 07:36:10","",""
"MILK","","Point of Sale","2","1x Pupacino; 1x 12oz/ICED SMALL","66","2025-12-04 07:35:05","2025-12-04 07:36:11","",""
"MILK","","Point of Sale","2","1x 8oz/Small; 1x Babycino","447","2025-12-04 07:36:59","2025-12-04 07:44:26","",""
"MILK","Physio","Point of Sale","2","2x 12oz/Medium","162","2025-12-04 07:37:13","2025-12-04 07:39:55","",""
"MILK","","Point of Sale","4","1x 12oz/Medium; 1x 20oz\ICED LARGE; 2x A Savoury Muffin","590","2025-12-04 07:38:20","2025-12-04 07:48:10","",""
"MILK","","Point of Sale","4","1x 16oz/ICED MEDIUM; 1x A Sweet Muffin; 1x 12oz/Medium; 1x Sweet Pastry","523","2025-12-04 07:39:26","2025-12-04 07:48:09","","2025-12-03T21:45:45.000Z"
"MILK","","Point of Sale","1","1x 8oz/Small","162","2025-12-04 07:45:28","2025-12-04 07:48:10","",""
"MILK","","Point of Sale","1","1x 16oz/ICED MEDIUM","87","2025-12-04 07:47:57","2025-12-04 07:49:24","",""
"MILK","","Point of Sale","1","1x 16oz/Large","314","2025-12-04 07:51:24","2025-12-04 07:56:38","",""
"MILK","Dog","Point of Sale","1","1x 12oz/Medium","285","2025-12-04 07:51:52","2025-12-04 07:56:37","",""
"MILK","","Point of Sale","2","1x 12oz/Medium; 1x A Sweet Muffin","267","2025-12-04 07:52:09","2025-12-04 07:56:36","",""
"MILK","863810550","Square Online","1","1x 16oz/ICED MEDIUM","253","2025-12-04 07:52:22","2025-12-04 07:56:35","2025-12-04 07:52:18",""
"MILK","","Point of Sale","1","1x 16oz/ICED MEDIUM","180","2025-12-04 07:53:39","2025-12-04 07:56:39","",""
"MILK","","Point of Sale","1","1x 12oz/Medium","486","2025-12-04 07:54:07","2025-12-04 08:02:13","",""
"MILK","","Point of Sale","2","1x TOASTIE; 1x 8oz/Small","396","2025-12-04 07:55:37","2025-12-04 08:02:13","",""
"MILK","","Point of Sale","2","1x 12oz/ICED SMALL; 1x Babycino","172","2025-12-04 07:59:22","2025-12-04 08:02:14","",""
"MILK","","Point of Sale","1","1x 20oz\ICED LARGE","155","2025-12-04 07:59:40","2025-12-04 08:02:15","",""
"MILK","","Point of Sale","1","1x 12oz/Medium","131","2025-12-04 08:03:23","2025-12-04 08:05:34","",""
"MILK","","Point of Sale","2","1x 12oz/Medium; 1x ","99","2025-12-04 08:03:58","2025-12-04 08:05:37","",""
"MILK","","Point of Sale","1","1x 12oz/Medium","369","2025-12-04 08:04:12","2025-12-04 08:10:21","",""
"MILK","","Point of Sale","2","1x Sweet Pastry; 1x 12oz/ICED SMALL","216","2025-12-04 08:06:46","2025-12-04 08:10:22","",""
"MILK","","Point of Sale","1","1x 6oz","144","2025-12-04 08:07:59","2025-12-04 08:10:23","",""
"MILK","","Point of Sale","1","1x 8oz/Small","382","2025-12-04 08:08:16","2025-12-04 08:14:38","",""
"MILK","","Point of Sale","2","1x Sweet Pastry; 1x 8oz/Small","267","2025-12-04 08:10:06","2025-12-04 08:14:33","",""
"MILK","","Point of Sale","2","1x 20oz\ICED LARGE; 1x 20oz\ICED LARGE","193","2025-12-04 08:11:22","2025-12-04 08:14:35","",""
"MILK","","Point of Sale","1","1x 12oz/Medium","276","2025-12-04 08:12:13","2025-12-04 08:16:49","",""
"MILK","","Point of Sale","2","1x 16oz/ICED MEDIUM; 1x 4oz/Pic, Esp, Dop","177","2025-12-04 08:13:53","2025-12-04 08:16:50","",""
"MILK","","Point of Sale","2","1x A Sweet Muffin; 1x 6oz","259","2025-12-04 08:14:37","2025-12-04 08:18:56","",""
"MILK","","Point of Sale","3","2x 16oz/ICED MEDIUM; 1x A Sweet Muffin","235","2025-12-04 08:15:00","2025-12-04 08:18:55","",""
"MILK","","Point of Sale","1","1x 16oz/Large","327","2025-12-04 08:17:26","2025-12-04 08:22:53","",""
"MILK","","Point of Sale","1","1x 12oz/Medium","293","2025-12-04 08:17:56","2025-12-04 08:22:49","",""
"MILK","","Point of Sale","1","1x 8oz/Small","265","2025-12-04 08:18:24","2025-12-04 08:22:49","",""
"MILK","Grey knit ntop","Point of Sale","2","1x BUTTERBOY; 1x 16oz/ICED MEDIUM","183","2025-12-04 08:19:41","2025-12-04 08:22:44","",""
"MILK","Nb","Point of Sale","1","1x 12oz/Medium","234","2025-12-04 08:20:13","2025-12-04 08:24:07","",""
"MILK","Christmas shirt","Point of Sale","1","1x 8oz/Small","171","2025-12-04 08:21:18","2025-12-04 08:24:09","",""
"MILK","","Point of Sale","1","1x 12oz/Medium","356","2025-12-04 08:21:57","2025-12-04 08:27:53","",""
"MILK","Blue hat","Point of Sale","1","1x 12oz/ICED SMALL","330","2025-12-04 08:22:42","2025-12-04 08:28:12","",""
"MILK","","Point of Sale","1","1x 8oz/Small","221","2025-12-04 08:24:51","2025-12-04 08:28:32","",""
"MILK","","Point of Sale","2","1x A Savoury Muffin; 1x 16oz/Large","126","2025-12-04 08:26:27","2025-12-04 08:28:33","",""
"MILK","","Point of Sale","1","1x Plain Croissant","63","2025-12-04 08:26:51","2025-12-04 08:27:54","",""
"MILK","","Point of Sale","1","1x 6oz","672","2025-12-04 08:34:25","2025-12-04 08:45:37","",""
"MILK","","Point of Sale","2","1x 12oz/Medium; 1x 16oz/ICED MEDIUM","626","2025-12-04 08:35:02","2025-12-04 08:45:28","",""
"MILK","","Point of Sale","1","1x 12oz/Medium","489","2025-12-04 08:37:16","2025-12-04 08:45:25","",""
"MILK","","Point of Sale","2","1x 12oz/Medium; 1x Plain Croissant","203","2025-12-04 08:41:56","2025-12-04 08:45:19","",""
"MILK","","Point of Sale","1","1x Plain Croissant","69","2025-12-04 08:44:36","2025-12-04 08:45:45","",""
"MILK","","Point of Sale","1","1x 16oz/Large","311","2025-12-04 08:44:56","2025-12-04 08:50:07","",""
"MILK","","Point of Sale","1","1x 6oz","222","2025-12-04 08:46:24","2025-12-04 08:50:06","",""
"MILK","Purple hair","Point of Sale","1","1x 8oz/Small","191","2025-12-04 08:46:54","2025-12-04 08:50:05","",""
"MILK","Brasilrira","Point of Sale","2","1x 12oz/Medium; 1x 6oz","226","2025-12-04 08:48:15","2025-12-04 08:52:01","",""
"MILK","","Point of Sale","1","1x A Sweet Muffin","215","2025-12-04 08:48:29","2025-12-04 08:52:04","",""
"MILK","","Point of Sale","2","1x 12oz/ICED SMALL; 1x 8oz/Small","170","2025-12-04 08:49:12","2025-12-04 08:52:02","",""
"MILK","Orange polo","Point of Sale","1","1x 12oz/Medium","336","2025-12-04 08:49:58","2025-12-04 08:55:34","",""
"MILK","","Point of Sale","2","1x Breakfast Wrap; 1x 16oz/ICED MEDIUM","210","2025-12-04 08:56:06","2025-12-04 08:59:36","",""
"MILK","","Point of Sale","2","1x 12oz/Medium; 1x 20oz\ICED LARGE","365","2025-12-04 08:58:04","2025-12-04 09:04:09","",""
"MILK","","Point of Sale","2","1x TOASTIE; 1x 16oz/ICED MEDIUM","343","2025-12-04 08:58:28","2025-12-04 09:04:11","",""
"MILK","Blonde lady white top","Point of Sale","2","2x 12oz/Medium","292","2025-12-04 08:59:18","2025-12-04 09:04:10","",""
"MILK","","Point of Sale","2","1x 500g Beans; 1x 12oz/Medium","89","2025-12-04 09:05:55","2025-12-04 09:07:24","",""
"MILK","","Point of Sale","2","1x Kombucha; 1x TOASTIE","423","2025-12-04 09:07:22","2025-12-04 09:14:25","",""
"MILK","","Point of Sale","1","1x 12oz/Medium","230","2025-12-04 09:07:49","2025-12-04 09:11:39","",""
"MILK","","Point of Sale","1","1x 12oz/Medium","216","2025-12-04 09:08:04","2025-12-04 09:11:40","",""
"MILK","","Point of Sale","1","1x 12oz/ICED SMALL","195","2025-12-04 09:08:26","2025-12-04 09:11:41","",""
"MILK","","Point of Sale","3","1x 500g Beans; 1x 12oz/Medium; 1x 12oz/Medium","334","2025-12-04 09:08:50","2025-12-04 09:14:24","",""
"MILK","","Point of Sale","1","1x 8oz/Small","308","2025-12-04 09:09:16","2025-12-04 09:14:24","",""
"MILK","Short hair lady","Point of Sale","1","1x 6oz","128","2025-12-04 09:12:15","2025-12-04 09:14:23","",""
"MILK","Flower dress","Point of Sale","1","1x 8oz/Small","103","2025-12-04 09:12:40","2025-12-04 09:14:23","",""
"MILK","Paul","Point of Sale","3","1x A Savoury Muffin; 1x 12oz/Medium; 1x Pupacino","500","2025-12-04 09:14:29","2025-12-04 09:22:49","",""
"MILK","","Point of Sale","1","1x 12oz/Medium","415","2025-12-04 09:15:55","2025-12-04 09:22:50","",""
"MILK","","Point of Sale","2","1x BUTTERBOY; 1x 12oz/ICED SMALL","334","2025-12-04 09:17:16","2025-12-04 09:22:50","",""
"MILK","","Point of Sale","2","1x 16oz/ICED MEDIUM; 1x 16oz/Large","188","2025-12-04 09:24:12","2025-12-04 09:27:20","",""
"MILK","","Point of Sale","1","1x 12oz/ICED SMALL","165","2025-12-04 09:24:36","2025-12-04 09:27:21","",""
"MILK","","Point of Sale","1","1x 8oz/Small","516","2025-12-04 09:25:07","2025-12-04 09:33:43","",""
"MILK","","Point of Sale","2","1x 16oz/Large; 1x A Sweet Muffin","298","2025-12-04 09:28:46","2025-12-04 09:33:44","",""
"MILK","","Point of Sale","1","1x 8oz/Small","230","2025-12-04 09:29:52","2025-12-04 09:33:42","",""
"MILK","","Point of Sale","1","1x 20oz\ICED LARGE","99","2025-12-04 09:32:03","2025-12-04 09:33:42","",""
"MILK","","Point of Sale","1","1x 12oz/Medium","269","2025-12-04 09:32:39","2025-12-04 09:37:08","",""
"MILK","","Point of Sale","1","1x 12oz/ICED SMALL","223","2025-12-04 09:33:28","2025-12-04 09:37:11","",""
"MILK","","Point of Sale","2","1x Babycino; 1x 12oz/ICED SMALL","346","2025-12-04 09:34:29","2025-12-04 09:40:15","",""
"MILK","","Point of Sale","1","1x 12oz/Medium","323","2025-12-04 09:34:52","2025-12-04 09:40:15","",""
"MILK","","Point of Sale","1","1x 12oz/Medium","304","2025-12-04 09:35:11","2025-12-04 09:40:15","",""
"MILK","","Point of Sale","1","1x 6oz","81","2025-12-04 09:38:55","2025-12-04 09:40:16","",""
"MILK","Blue polo","Point of Sale","1","1x 12oz/Medium","64","2025-12-04 09:39:13","2025-12-04 09:40:17","",""
"MILK","","Point of Sale","1","1x 16oz/Large","188","2025-12-04 09:43:26","2025-12-04 09:46:34","",""
"MILK","","Point of Sale","1","1x 20oz\ICED LARGE","159","2025-12-04 09:48:30","2025-12-04 09:51:09","",""
"MILK","","Point of Sale","1","1x 12oz/Medium","240","2025-12-04 09:49:01","2025-12-04 09:53:01","",""
"MILK","","Point of Sale","2","1x A Sweet Muffin; 1x 12oz/Medium","107","2025-12-04 09:51:15","2025-12-04 09:53:02","",""
"MILK","","Point of Sale","1","1x 8oz/Small","95","2025-12-04 09:57:06","2025-12-04 09:58:41","",""
"MILK","","Point of Sale","3","1x 6oz; 1x 6oz; 1x 6oz","160","2025-12-04 10:02:26","2025-12-04 10:05:06","",""
"MILK","","Point of Sale","1","1x 16oz/ICED MEDIUM","142","2025-12-04 10:02:44","2025-12-04 10:05:06","",""
"MILK","","Point of Sale","1","1x Ham And Cheese Croissant","98","2025-12-04 10:05:37","2025-12-04 10:07:15","",""
"MILK","","Point of Sale","1","1x 12oz/Medium","36","2025-12-04 10:06:40","2025-12-04 10:07:16","",""
"MILK","","Point of Sale","1","1x 16oz/Large","265","2025-12-04 10:09:18","2025-12-04 10:13:43","",""
"MILK","","Point of Sale","4","2x Sweet Pastry; 1x 8oz/Small; 1x Plain Croissant","185","2025-12-04 10:10:37","2025-12-04 10:13:42","",""
"MILK","","Point of Sale","2","1x 16oz/ICED MEDIUM; 1x 16oz/ICED MEDIUM","4285","2025-12-04 10:18:08","2025-12-04 11:29:33","",""
"MILK","","Point of Sale","3","1x 16oz/ICED MEDIUM; 1x 16oz/ICED MEDIUM; 1x 16oz/ICED MEDIUM","614","2025-12-04 10:25:13","2025-12-04 10:35:27","",""
"MILK","","Point of Sale","2","1x 16oz/Large; 1x 16oz/ICED MEDIUM","294","2025-12-04 10:30:31","2025-12-04 10:35:25","",""
"MILK","","Point of Sale","2","1x 16oz/ICED MEDIUM; 1x 16oz/ICED MEDIUM","3330","2025-12-04 10:34:03","2025-12-04 11:29:33","",""
"MILK","","Point of Sale","1","1x 12oz/Medium","2195","2025-12-04 10:53:00","2025-12-04 11:29:35","",""
"MILK","","Point of Sale","1","1x 12oz/Medium","2125","2025-12-04 10:54:09","2025-12-04 11:29:34","",""
"MILK","","Point of Sale","1","1x 6oz","2107","2025-12-04 10:54:28","2025-12-04 11:29:35","",""
"MILK","","Point of Sale","1","1x A Cookie","2191","2025-12-04 10:54:46","2025-12-04 11:31:17","",""
"MILK","","Point of Sale","1","1x 16oz/ICED MEDIUM","2044","2025-12-04 10:57:13","2025-12-04 11:31:17","",""
"MILK","","Point of Sale","1","1x 12oz/ICED SMALL","1517","2025-12-04 11:06:01","2025-12-04 11:31:18","",""
"MILK","","Point of Sale","1","1x 8oz/Small","1487","2025-12-04 11:06:30","2025-12-04 11:31:17","",""
"MILK","","Point of Sale","1","1x 12oz/ICED SMALL","1016","2025-12-04 11:14:23","2025-12-04 11:31:19","",""
"MILK","","Point of Sale","1","1x 8oz/Small","2721","2025-12-04 11:25:18","2025-12-04 12:10:39","",""
"MILK","","Point of Sale","2","1x 16oz/Large; 1x A Sweet Muffin","2449","2025-12-04 11:29:51","2025-12-04 12:10:40","",""
"MILK","","Point of Sale","1","1x 6oz","2435","2025-12-04 11:30:05","2025-12-04 12:10:40","",""
"MILK","","Point of Sale","1","1x 6oz","2413","2025-12-04 11:30:26","2025-12-04 12:10:39","",""
"MILK","","Point of Sale","1","1x 8oz/Small","2350","2025-12-04 11:31:31","2025-12-04 12:10:41","",""
"MILK","","Point of Sale","2","1x 16oz/ICED MEDIUM; 1x A Cookie","1792","2025-12-04 11:40:49","2025-12-04 12:10:41","",""
"MILK","","Point of Sale","1","1x 16oz/Large","1540","2025-12-04 11:45:02","2025-12-04 12:10:42","",""
"MILK","","Point of Sale","1","1x Kombucha","888","2025-12-04 11:55:55","2025-12-04 12:10:43","",""
"MILK","","Point of Sale","1","1x 12oz/Medium","761","2025-12-04 11:58:03","2025-12-04 12:10:44","",""
"MILK","","Point of Sale","3","1x 8oz/Small; 1x 12oz/ICED SMALL; 1x 8oz/Small","2967","2025-12-04 12:03:09","2025-12-04 12:52:36","",""
"MILK","","Point of Sale","1","1x 8oz/Small","2532","2025-12-04 12:10:24","2025-12-04 12:52:36","",""
"MILK","","Point of Sale","1","1x 6oz","2167","2025-12-04 12:16:30","2025-12-04 12:52:37","",""
"MILK","","Point of Sale","1","1x 20oz\ICED LARGE","1140","2025-12-04 12:33:37","2025-12-04 12:52:37","",""
"MILK","","Point of Sale","1","1x 8oz/Small","1429","2025-12-04 12:38:38","2025-12-04 13:02:27","",""
"MILK","","Point of Sale","1","1x 250g Beans","1106","2025-12-04 12:44:00","2025-12-04 13:02:26","",""
"MILK","","Point of Sale","1","1x 12oz/Medium","618","2025-12-04 12:52:08","2025-12-04 13:02:26","",""
"MILK","","Point of Sale","1","1x Fiji Water","2435","2025-12-04 13:05:30","2025-12-04 13:46:05","",""
"MILK","","Point of Sale","1","1x 4oz/Pic, Esp, Dop","1933","2025-12-04 13:13:52","2025-12-04 13:46:05","",""
"MILK","","Point of Sale","1","1x Kombucha","1807","2025-12-04 13:15:59","2025-12-04 13:46:06","",""
"MILK","","Point of Sale","2","2x 4oz/Pic, Esp, Dop","1302","2025-12-05 04:52:03","2025-12-05 05:13:45","",""
"MILK","","Point of Sale","2","1x Ham And Cheese Croissant; 1x 16oz/Large","1005","2025-12-05 04:56:59","2025-12-05 05:13:44","",""
"MILK","","Point of Sale","1","1x 16oz/Large","730","2025-12-05 05:01:36","2025-12-05 05:13:46","",""
"MILK","","Point of Sale","1","1x 8oz/Small","603","2025-12-05 05:03:43","2025-12-05 05:13:46","",""
"MILK","","Point of Sale","1","1x 16oz/ICED MEDIUM","417","2025-12-05 05:06:55","2025-12-05 05:13:52","",""
"MILK","","Point of Sale","2","1x Ham And Cheese Croissant; 1x 20oz\ICED LARGE","402","2025-12-05 05:07:10","2025-12-05 05:13:52","",""
"MILK","","Point of Sale","1","1x 12oz/Medium","335","2025-12-05 05:08:18","2025-12-05 05:13:53","",""
"MILK","","Point of Sale","1","1x 4oz/Pic, Esp, Dop","295","2025-12-05 05:08:58","2025-12-05 05:13:53","",""
"MILK","","Point of Sale","1","1x Fiji Water","151","2025-12-05 05:11:20","2025-12-05 05:13:51","",""
"MILK","","Point of Sale","1","1x 16oz/ICED MEDIUM","481","2025-12-05 05:18:39","2025-12-05 05:26:40","",""
"MILK","","Point of Sale","1","1x 8oz/Small","348","2025-12-05 05:20:51","2025-12-05 05:26:39","",""
"MILK","","Point of Sale","1","1x 8oz/Small","280","2025-12-05 05:25:54","2025-12-05 05:30:34","",""
"MILK","","Point of Sale","1","1x 12oz/Medium","163","2025-12-05 05:27:49","2025-12-05 05:30:32","",""
"MILK","","Point of Sale","1","1x 8oz/Small","385","2025-12-05 05:28:38","2025-12-05 05:35:03","",""
"MILK","","Point of Sale","3","1x 12oz/Medium; 1x BUTTERBOY; 1x 12oz/Medium","358","2025-12-05 05:29:04","2025-12-05 05:35:02","",""
"MILK","","Point of Sale","1","1x Breakfast Wrap","342","2025-12-05 05:29:20","2025-12-05 05:35:02","",""
"MILK","Jim","Point of Sale","1","1x 16oz/Large","308","2025-12-05 05:29:53","2025-12-05 05:35:01","",""
"MILK","","Point of Sale","1","1x 16oz/Large","560","2025-12-05 05:33:37","2025-12-05 05:42:57","",""
"MILK","","Point of Sale","2","1x 16oz/Large; 1x BUTTERBOY","487","2025-12-05 05:34:50","2025-12-05 05:42:57","",""
"MILK","","Point of Sale","2","1x 12oz/Medium; 1x Famous Soda","427","2025-12-05 05:35:51","2025-12-05 05:42:58","",""
"MILK","","Point of Sale","3","1x 6oz; 1x Babycino; 1x 6oz","663","2025-12-05 05:36:15","2025-12-05 05:47:18","",""
"MILK","","Point of Sale","1","1x 12oz/Medium","396","2025-12-05 05:40:41","2025-12-05 05:47:17","",""
"MILK","","Point of Sale","2","1x 8oz/Small; 1x Babycino","367","2025-12-05 05:41:10","2025-12-05 05:47:17","",""
"MILK","","Point of Sale","2","1x 8oz/Small; 1x 12oz/ICED SMALL","117","2025-12-05 05:45:19","2025-12-05 05:47:16","",""
"MILK","","Point of Sale","2","1x 8oz/Small; 1x 8oz/Small","758","2025-12-05 05:45:45","2025-12-05 05:58:23","",""
"MILK","","Point of Sale","2","2x 16oz/Large","508","2025-12-05 05:49:41","2025-12-05 05:58:09","",""
"MILK","","Point of Sale","2","1x 20oz\ICED LARGE; 1x 16oz/Large","465","2025-12-05 05:50:39","2025-12-05 05:58:24","",""
"MILK","","Point of Sale","2","1x 8oz/Small; 1x Plain Croissant","305","2025-12-05 05:53:19","2025-12-05 05:58:24","",""
"MILK","","Point of Sale","2","1x 12oz/ICED SMALL; 1x 8oz/Small","304","2025-12-05 05:54:17","2025-12-05 05:59:21","",""
"MILK","","Point of Sale","1","1x 6oz","246","2025-12-05 05:55:15","2025-12-05 05:59:21","",""
"MILK","","Point of Sale","1","1x 6oz","437","2025-12-05 05:55:58","2025-12-05 06:03:15","",""
"MILK","","Point of Sale","1","1x 20oz\ICED LARGE","388","2025-12-05 05:56:47","2025-12-05 06:03:15","",""
"MILK","","Point of Sale","2","1x Plain Croissant; 1x 12oz/Medium","354","2025-12-05 05:57:20","2025-12-05 06:03:14","",""
"MILK","","Point of Sale","1","1x 16oz/ICED MEDIUM","313","2025-12-05 05:58:00","2025-12-05 06:03:13","",""
"MILK","","Point of Sale","1","1x 16oz/ICED MEDIUM","514","2025-12-05 05:58:20","2025-12-05 06:06:54","",""
"MILK","","Point of Sale","2","1x 6oz; 1x 6oz","428","2025-12-05 05:59:45","2025-12-05 06:06:53","",""
"MILK","","Point of Sale","2","2x 4oz/Pic, Esp, Dop","399","2025-12-05 06:00:14","2025-12-05 06:06:53","",""
"MILK","","Point of Sale","1","1x 12oz/Medium","577","2025-12-05 06:00:26","2025-12-05 06:10:03","",""
"MILK","","Point of Sale","1","1x 16oz/Large","559","2025-12-05 06:00:45","2025-12-05 06:10:04","",""
"MILK","","Point of Sale","1","1x 12oz/Medium","484","2025-12-05 06:02:01","2025-12-05 06:10:05","",""
"MILK","","Point of Sale","4","1x 8oz/Small; 1x 8oz/Small; 2x Babycino","606","2025-12-05 06:02:34","2025-12-05 06:12:40","",""
"MILK","Rach","Point of Sale","1","1x Ham And Cheese Croissant","560","2025-12-05 06:03:20","2025-12-05 06:12:40","",""
"MILK","Black tshirt","Point of Sale","1","1x 12oz/Medium","543","2025-12-05 06:03:36","2025-12-05 06:12:39","",""
"MILK","","Point of Sale","2","1x 16oz/Large; 1x 16oz/Large","706","2025-12-05 06:04:06","2025-12-05 06:15:52","",""
"MILK","Blzck cardi","Point of Sale","1","1x 8oz/Small","666","2025-12-05 06:04:47","2025-12-05 06:15:53","",""
"MILK","","Point of Sale","1","1x 12oz/Medium","766","2025-12-05 06:05:04","2025-12-05 06:17:50","",""
"MILK","Cas","Point of Sale","1","1x 12oz/Medium","710","2025-12-05 06:06:00","2025-12-05 06:17:50","",""
"MILK","Keiran","Point of Sale","1","1x 12oz/Medium","884","2025-12-05 06:06:28","2025-12-05 06:21:12","",""
"MILK","","Point of Sale","5","1x 12oz/ICED SMALL; 1x 16oz/ICED MEDIUM; 3x Pupacino","810","2025-12-05 06:07:43","2025-12-05 06:21:13","",""
"MILK","","Point of Sale","1","1x 8oz/Small","780","2025-12-05 06:08:14","2025-12-05 06:21:14","",""
"MILK","Cricket shirt","Point of Sale","1","1x 12oz/Medium","744","2025-12-05 06:08:50","2025-12-05 06:21:14","",""
"MILK","Grey singlet","Point of Sale","1","1x 8oz/Small","836","2025-12-05 06:13:49","2025-12-05 06:27:45","",""
"MILK","","Point of Sale","2","1x 16oz/ICED MEDIUM; 1x Sweet Pastry","578","2025-12-05 06:18:09","2025-12-05 06:27:47","",""
"MILK","","Point of Sale","1","1x 12oz/ICED SMALL","606","2025-12-05 06:20:16","2025-12-05 06:30:22","",""
"MILK","","Point of Sale","3","1x Babycino; 1x 12oz/Medium; 1x 8oz/Small","587","2025-12-05 06:20:37","2025-12-05 06:30:24","",""
"MILK","","Point of Sale","1","1x 12oz/ICED SMALL","286","2025-12-05 06:23:48","2025-12-05 06:28:34","",""
"MILK","","Point of Sale","2","1x 12oz/ICED SMALL; 1x Breakfast Wrap","332","2025-12-05 06:24:54","2025-12-05 06:30:26","",""
"MILK","","Point of Sale","2","2x Ham And Cheese Croissant","486","2025-12-05 06:25:17","2025-12-05 06:33:23","",""
"MILK","","Point of Sale","1","1x 8oz/Small","227","2025-12-05 06:26:42","2025-12-05 06:30:29","",""
"MILK","","Point of Sale","2","1x 12oz/Medium; 1x 12oz/Medium","355","2025-12-05 06:27:28","2025-12-05 06:33:23","",""
"MILK","","Point of Sale","1","1x 16oz/Large","243","2025-12-05 06:29:19","2025-12-05 06:33:22","",""
"MILK","","Point of Sale","1","1x 16oz/Large","392","2025-12-05 06:29:29","2025-12-05 06:36:01","",""
"MILK","","Point of Sale","2","1x 12oz/Medium; 1x 8oz/Small","364","2025-12-05 06:29:57","2025-12-05 06:36:01","",""
"MILK","","Point of Sale","1","1x 12oz/Medium","372","2025-12-05 06:31:40","2025-12-05 06:37:52","",""
"MILK","","Point of Sale","2","1x Pupacino; 1x 12oz/ICED SMALL","303","2025-12-05 06:32:50","2025-12-05 06:37:53","",""
"MILK","Yreej top ","Point of Sale","1","1x 8oz/Small","282","2025-12-05 06:33:11","2025-12-05 06:37:53","",""
"MILK","Msrc","Point of Sale","1","1x 12oz/Medium","214","2025-12-05 06:36:17","2025-12-05 06:39:51","",""
"MILK","","Point of Sale","3","1x Babycino; 1x 16oz/ICED MEDIUM; 1x 16oz/Large","297","2025-12-05 06:40:38","2025-12-05 06:45:35","",""
"MILK","","Point of Sale","1","1x 16oz/ICED MEDIUM","240","2025-12-05 06:41:35","2025-12-05 06:45:35","",""
"MILK","","Point of Sale","1","1x 8oz/Small","186","2025-12-05 06:44:04","2025-12-05 06:47:10","",""
"MILK","Hat dude","Point of Sale","1","1x 12oz/Medium","126","2025-12-05 06:45:03","2025-12-05 06:47:09","",""
"MILK","","Point of Sale","2","2x 8oz/Small","183","2025-12-05 06:46:18","2025-12-05 06:49:21","",""
"MILK","","Point of Sale","1","1x 12oz/ICED SMALL","163","2025-12-05 06:46:38","2025-12-05 06:49:21","",""
"MILK","","Point of Sale","1","1x 12oz/ICED SMALL","152","2025-12-05 06:46:50","2025-12-05 06:49:22","",""
"MILK","","Point of Sale","1","1x 8oz/Small","480","2025-12-05 06:48:37","2025-12-05 06:56:37","",""
"MILK","","Point of Sale","1","1x 16oz/ICED MEDIUM","158","2025-12-05 06:54:01","2025-12-05 06:56:39","",""
"MILK","","Point of Sale","1","1x ","473","2025-12-05 06:57:04","2025-12-05 07:04:57","",""
"MILK","","Point of Sale","1","1x 12oz/Medium","458","2025-12-05 06:57:20","2025-12-05 07:04:58","",""
"MILK","","Point of Sale","1","1x 12oz/ICED SMALL","436","2025-12-05 06:57:43","2025-12-05 07:04:59","",""
"MILK","","Point of Sale","2","1x 8oz/Small; 1x 8oz/Small","305","2025-12-05 06:59:55","2025-12-05 07:05:00","",""
"MILK","","Point of Sale","2","2x 12oz/Medium","388","2025-12-05 07:03:29","2025-12-05 07:09:57","",""
"MILK","","Point of Sale","1","1x 16oz/Large","713","2025-12-05 07:05:09","2025-12-05 07:17:02","",""
"MILK","","Point of Sale","1","1x 12oz/Medium","437","2025-12-05 07:09:46","2025-12-05 07:17:03","",""
"MILK","","Point of Sale","1","1x 8oz/Small","400","2025-12-05 07:10:23","2025-12-05 07:17:03","",""
"MILK","","Point of Sale","2","1x 8oz/Small; 1x 1kg Beans","268","2025-12-05 07:12:36","2025-12-05 07:17:04","",""
"MILK","","Point of Sale","1","1x 12oz/ICED SMALL","160","2025-12-05 07:14:33","2025-12-05 07:17:13","",""
"MILK","","Point of Sale","2","1x 16oz/Large; 1x 12oz/Medium","247","2025-12-05 07:17:26","2025-12-05 07:21:33","",""
"MILK","","Point of Sale","2","1x 1kg Beans; 1x 16oz/Large","400","2025-12-05 07:21:34","2025-12-05 07:28:14","",""
"MILK","","Point of Sale","2","1x 16oz/Large; 1x 8oz/Small","376","2025-12-05 07:21:58","2025-12-05 07:28:14","",""
"MILK","Dpg","Point of Sale","1","1x 12oz/ICED SMALL","276","2025-12-05 07:23:39","2025-12-05 07:28:15","",""
"MILK","","Point of Sale","3","1x 16oz/ICED MEDIUM; 1x 12oz/ICED SMALL; 1x TOASTIE","590","2025-12-05 07:27:26","2025-12-05 07:37:16","",""
"MILK","","Point of Sale","1","1x 12oz/Medium","549","2025-12-05 07:28:06","2025-12-05 07:37:15","",""
"MILK","","Point of Sale","5","1x Fruit Juice; 1x BUTTERBOY; 1x 16oz/ICED MEDIUM; 1x ; 1x 16oz/ICED MEDIUM","306","2025-12-05 07:32:08","2025-12-05 07:37:14","",""
"MILK","","Point of Sale","1","1x 6oz","272","2025-12-05 07:32:44","2025-12-05 07:37:16","",""
"MILK","","Point of Sale","1","1x 6oz","759","2025-12-05 07:32:56","2025-12-05 07:45:35","",""
"MILK","","Point of Sale","1","1x BUTTERBOY","534","2025-12-05 07:36:43","2025-12-05 07:45:37","",""
"MILK","","Point of Sale","2","1x 16oz/ICED MEDIUM; 1x 20oz\ICED LARGE","303","2025-12-05 07:40:34","2025-12-05 07:45:37","",""
"MILK","","Point of Sale","1","1x 12oz/Medium","239","2025-12-05 07:41:39","2025-12-05 07:45:38","",""
"MILK","","Point of Sale","2","1x 12oz/ICED SMALL; 1x Sweet Pastry","156","2025-12-05 07:43:02","2025-12-05 07:45:38","",""
"MILK","","Point of Sale","2","1x 16oz/Large; 1x 12oz/Medium","427","2025-12-05 07:43:25","2025-12-05 07:50:32","",""
"MILK","1532778233","Square Online","2","1x 16oz/ICED MEDIUM; 1x 8oz/Small","211","2025-12-05 07:47:02","2025-12-05 07:50:33","2025-12-05 07:46:57",""
"MILK","","Point of Sale","1","1x 12oz/ICED SMALL","422","2025-12-05 07:47:16","2025-12-05 07:54:18","",""
"MILK","1948606631","Square Online","1","1x 12oz/Medium","303","2025-12-05 07:48:11","2025-12-05 07:53:14","2025-12-05 07:48:06",""
"MILK","","Point of Sale","3","1x 12oz/ICED SMALL; 1x Kombucha; 1x Sweet Pastry","253","2025-12-05 07:49:01","2025-12-05 07:53:14","",""
"MILK","Tiny dash","Point of Sale","1","1x 20oz\ICED LARGE","197","2025-12-05 07:49:58","2025-12-05 07:53:15","",""
"MILK","","Point of Sale","1","1x 12oz/Medium","245","2025-12-05 07:50:14","2025-12-05 07:54:19","",""
"MILK","433840849","Square Online","1","1x 16oz/ICED MEDIUM","470","2025-12-05 07:50:44","2025-12-05 07:58:34","2025-12-05 07:50:39",""
"MILK","","Point of Sale","1","1x 16oz/ICED MEDIUM","369","2025-12-05 07:52:26","2025-12-05 07:58:35","",""
"MILK","","Point of Sale","1","1x 16oz/Large","386","2025-12-05 07:53:37","2025-12-05 08:00:03","",""
"MILK","","Point of Sale","2","1x A Sweet Muffin; 1x 12oz/Medium","418","2025-12-05 07:54:05","2025-12-05 08:01:03","",""
"MILK","","Point of Sale","1","1x 8oz/Small","357","2025-12-05 07:55:59","2025-12-05 08:01:56","",""
"MILK","","Point of Sale","2","1x Babycino; 1x 12oz/Medium","444","2025-12-05 07:56:52","2025-12-05 08:04:16","",""
"MILK","Blue lskd","Point of Sale","1","1x 8oz/Small","319","2025-12-05 07:58:59","2025-12-05 08:04:18","",""
"MILK","","Point of Sale","1","1x 8oz/Small","376","2025-12-05 07:59:20","2025-12-05 08:05:36","",""
"MILK","Quarter strenght","Point of Sale","1","1x 12oz/Medium","336","2025-12-05 08:00:00","2025-12-05 08:05:36","",""
"MILK","","Point of Sale","4","1x Ham And Cheese Croissant; 1x 6oz; 2x 16oz/ICED MEDIUM","551","2025-12-05 08:00:33","2025-12-05 08:09:44","",""
"MILK","Luc","Point of Sale","1","1x 6oz","530","2025-12-05 08:00:54","2025-12-05 08:09:44","",""
"MILK","Short hair","Point of Sale","1","1x 12oz/Medium","479","2025-12-05 08:01:46","2025-12-05 08:09:45","",""
"MILK","Tyler","Point of Sale","3","1x 4oz/Pic, Esp, Dop; 1x 12oz/Medium; 1x 12oz/Medium","482","2025-12-05 08:02:39","2025-12-05 08:10:41","",""
"MILK","Flick","Point of Sale","1","1x 12oz/Medium","412","2025-12-05 08:04:40","2025-12-05 08:11:32","",""
"MILK","All black","Point of Sale","1","1x 12oz/ICED SMALL","397","2025-12-05 08:04:55","2025-12-05 08:11:32","",""
"MILK","Grey singlwt","Point of Sale","1","1x 16oz/ICED MEDIUM","537","2025-12-05 08:05:11","2025-12-05 08:14:08","",""
"MILK","Same group","Point of Sale","1","1x 16oz/ICED MEDIUM","519","2025-12-05 08:05:28","2025-12-05 08:14:07","",""
"MILK","Red znd white tee","Point of Sale","2","1x 12oz/Medium; 1x TOASTIE","754","2025-12-05 08:06:04","2025-12-05 08:18:38","",""
"MILK","Npc","Point of Sale","1","1x 16oz/Large","582","2025-12-05 08:06:16","2025-12-05 08:15:58","",""
"MILK","","Point of Sale","1","1x 20oz\ICED LARGE","648","2025-12-05 08:06:37","2025-12-05 08:17:25","",""
"MILK","","Point of Sale","1","1x 8oz/Small","629","2025-12-05 08:06:56","2025-12-05 08:17:25","",""
"MILK","Asia","Point of Sale","1","1x 8oz/Small","373","2025-12-05 08:12:25","2025-12-05 08:18:38","",""
"MILK","Blasck sing","Point of Sale","1","1x 12oz/Medium","367","2025-12-05 08:13:35","2025-12-05 08:19:42","",""
"MILK","Mike and casrl","Point of Sale","2","1x 12oz/Medium; 1x 12oz/Medium","538","2025-12-05 08:13:53","2025-12-05 08:22:51","",""
"MILK","","Point of Sale","3","1x 12oz/Medium; 1x 12oz/Medium; 1x Pupacino","275","2025-12-05 08:18:17","2025-12-05 08:22:52","",""
"MILK","Gran","Point of Sale","1","1x 12oz/Medium","269","2025-12-05 08:19:12","2025-12-05 08:23:41","",""
"MILK","Grabd","Point of Sale","1","1x 8oz/Small","245","2025-12-05 08:19:36","2025-12-05 08:23:41","",""
"MILK","Tast firok","Point of Sale","1","1x 16oz/ICED MEDIUM","228","2025-12-05 08:20:23","2025-12-05 08:24:11","",""
"MILK","Sytridr","Point of Sale","1","1x 12oz/ICED SMALL","208","2025-12-05 08:20:42","2025-12-05 08:24:10","",""
"MILK","Prime","Point of Sale","7","1x 12oz/Medium; 1x Ham And Cheese Croissant; 1x 8oz/Small; 1x 16oz/Large; 1x 12oz/Medium; 1x 12oz/Medium; 1x 12oz/Medium","407","2025-12-05 08:21:39","2025-12-05 08:28:26","",""
"MILK","Hgranny","Point of Sale","1","1x 12oz/Medium","517","2025-12-05 08:22:00","2025-12-05 08:30:37","",""
"MILK","","Point of Sale","1","1x 6oz","369","2025-12-05 08:24:45","2025-12-05 08:30:54","",""
"MILK","Bec","Point of Sale","1","1x 12oz/ICED SMALL","191","2025-12-05 08:27:45","2025-12-05 08:30:56","",""
"MILK","","Point of Sale","2","2x 16oz/ICED MEDIUM","201","2025-12-05 08:32:08","2025-12-05 08:35:29","",""
"MILK","","Point of Sale","1","1x BUTTERBOY","174","2025-12-05 08:32:36","2025-12-05 08:35:30","",""
"MILK","","Point of Sale","1","1x 12oz/ICED SMALL","352","2025-12-05 08:35:22","2025-12-05 08:41:14","",""
"MILK","","Point of Sale","1","1x 12oz/Medium","315","2025-12-05 08:35:59","2025-12-05 08:41:14","",""
"MILK","","Point of Sale","2","1x Sweet Pastry; 1x 16oz/Large","245","2025-12-05 08:37:10","2025-12-05 08:41:15","",""
"MILK","","Point of Sale","1","1x 16oz/Large","430","2025-12-05 08:40:13","2025-12-05 08:47:23","",""
"MILK","","Point of Sale","1","1x 12oz/Medium","416","2025-12-05 08:40:28","2025-12-05 08:47:24","",""
"MILK","","Point of Sale","1","1x 8oz/Small","528","2025-12-05 08:43:38","2025-12-05 08:52:26","",""
"MILK","","Point of Sale","1","1x 16oz/ICED MEDIUM","481","2025-12-05 08:44:28","2025-12-05 08:52:29","",""
"MILK","","Point of Sale","2","1x 12oz/ICED SMALL; 1x 8oz/Small","360","2025-12-05 08:46:28","2025-12-05 08:52:28","",""
"MILK","","Point of Sale","2","1x 8oz/Small; 1x 6oz","319","2025-12-05 08:47:11","2025-12-05 08:52:30","",""
"MILK","","Point of Sale","1","1x 12oz/ICED SMALL","705","2025-12-05 08:51:51","2025-12-05 09:03:36","",""
"MILK","","Point of Sale","2","2x 12oz/Medium","337","2025-12-05 08:59:00","2025-12-05 09:04:37","",""
"MILK","","Point of Sale","3","1x 8oz/Small; 1x TOASTIE; 1x 8oz/Small","572","2025-12-05 08:59:25","2025-12-05 09:08:57","",""
"MILK","","Point of Sale","1","1x 6oz","299","2025-12-05 09:00:52","2025-12-05 09:05:51","",""
"MILK","","Point of Sale","1","1x 20oz\ICED LARGE","274","2025-12-05 09:04:24","2025-12-05 09:08:58","",""
"MILK","","Point of Sale","1","1x 8oz/Small","235","2025-12-05 09:06:03","2025-12-05 09:09:58","",""
"MILK","","Point of Sale","1","1x 8oz/Small","317","2025-12-05 09:06:52","2025-12-05 09:12:09","",""
"MILK","","Point of Sale","2","1x 16oz/Large; 1x A Sweet Muffin","259","2025-12-05 09:07:51","2025-12-05 09:12:10","",""
"MILK","","Point of Sale","2","2x 16oz/ICED MEDIUM","310","2025-12-05 09:08:34","2025-12-05 09:13:44","",""
"MILK","","Point of Sale","3","1x A Sweet Muffin; 1x 16oz/Large; 1x A Cookie","353","2025-12-05 09:09:40","2025-12-05 09:15:33","",""
"MILK","Dude","Point of Sale","2","1x 12oz/ICED SMALL; 1x Babycino","363","2025-12-05 09:11:27","2025-12-05 09:17:30","",""
"MILK","","Point of Sale","2","1x 16oz/ICED MEDIUM; 1x 12oz/Medium","330","2025-12-05 09:12:01","2025-12-05 09:17:31","",""
"MILK","","Point of Sale","2","1x Ham And Cheese Croissant; 1x 8oz/Small","310","2025-12-05 09:16:07","2025-12-05 09:21:17","",""
"MILK","","Point of Sale","1","1x 16oz/Large","229","2025-12-05 09:17:28","2025-12-05 09:21:17","",""
"MILK","Grey shuirt","Point of Sale","1","1x 12oz/Medium","272","2025-12-05 09:17:53","2025-12-05 09:22:25","",""
"MILK","","Point of Sale","1","1x 20oz\ICED LARGE","129","2025-12-05 09:20:16","2025-12-05 09:22:25","",""
"MILK","","Point of Sale","1","1x 16oz/ICED MEDIUM","274","2025-12-05 09:21:03","2025-12-05 09:25:37","",""
"MILK","","Point of Sale","2","1x 12oz/ICED SMALL; 1x A Sweet Muffin","178","2025-12-05 09:22:39","2025-12-05 09:25:37","",""
"MILK","","Point of Sale","2","1x 16oz/ICED MEDIUM; 1x 16oz/Large","422","2025-12-05 09:30:00","2025-12-05 09:37:02","",""
"MILK","","Point of Sale","2","1x 16oz/Large; 1x A Sweet Muffin","369","2025-12-05 09:30:52","2025-12-05 09:37:01","",""
"MILK","","Point of Sale","1","1x 12oz/Medium","331","2025-12-05 09:31:29","2025-12-05 09:37:00","",""
"MILK","","Point of Sale","2","1x 16oz/Large; 1x BUTTERBOY","179","2025-12-05 09:34:01","2025-12-05 09:37:00","",""
"MILK","","Point of Sale","1","1x 8oz/Small","139","2025-12-05 09:34:40","2025-12-05 09:36:59","",""
"MILK","","Point of Sale","1","1x 16oz/ICED MEDIUM","500","2025-12-05 09:36:49","2025-12-05 09:45:09","",""
"MILK","","Point of Sale","1","1x 16oz/Large","314","2025-12-05 09:39:55","2025-12-05 09:45:09","",""
"MILK","","Point of Sale","1","1x 20oz\ICED LARGE","261","2025-12-05 09:46:04","2025-12-05 09:50:25","",""
"MILK","","Point of Sale","1","1x 16oz/ICED MEDIUM","234","2025-12-05 09:46:33","2025-12-05 09:50:27","",""
"MILK","","Point of Sale","1","1x 12oz/ICED SMALL","334","2025-12-05 09:52:57","2025-12-05 09:58:31","",""
"MILK","","Point of Sale","1","1x 16oz/ICED MEDIUM","193","2025-12-05 09:55:18","2025-12-05 09:58:31","",""
"MILK","","Point of Sale","1","1x 12oz/ICED SMALL","152","2025-12-05 09:56:01","2025-12-05 09:58:33","",""
"MILK","","Point of Sale","1","1x 8oz/Small","104","2025-12-05 09:56:49","2025-12-05 09:58:33","",""
"MILK","","Point of Sale","2","2x Famous Soda","70","2025-12-05 09:57:24","2025-12-05 09:58:34","",""
"MILK","","Point of Sale","2","1x 12oz/Medium; 1x TOASTIE","548","2025-12-05 09:58:22","2025-12-05 10:07:30","",""
"MILK","","Point of Sale","1","1x 16oz/ICED MEDIUM","264","2025-12-05 10:03:04","2025-12-05 10:07:28","",""
"MILK","","Point of Sale","1","1x 16oz/ICED MEDIUM","249","2025-12-05 10:03:22","2025-12-05 10:07:31","",""
"MILK","","Point of Sale","1","1x 12oz/Medium","111","2025-12-05 10:05:41","2025-12-05 10:07:32","",""
"MILK","","Point of Sale","1","1x 6oz","544","2025-12-05 10:06:16","2025-12-05 10:15:20","",""
"MILK","","Point of Sale","2","1x 16oz/Large; 1x 12oz/Medium","395","2025-12-05 10:08:46","2025-12-05 10:15:21","",""
"MILK","","Point of Sale","1","1x 8oz/Small","757","2025-12-05 10:16:57","2025-12-05 10:29:34","",""
"MILK","","Point of Sale","2","1x A Sweet Muffin; 1x 12oz/ICED SMALL","676","2025-12-05 10:18:19","2025-12-05 10:29:35","",""
"MILK","","Point of Sale","1","1x 16oz/ICED MEDIUM","560","2025-12-05 10:20:15","2025-12-05 10:29:35","",""
"MILK","","Point of Sale","2","1x Breakfast Wrap; 1x 8oz/Small","537","2025-12-05 10:20:44","2025-12-05 10:29:41","",""
"MILK","","Point of Sale","2","1x 8oz/Small; 1x 12oz/Medium","496","2025-12-05 10:21:24","2025-12-05 10:29:40","",""
"MILK","","Point of Sale","1","1x 8oz/Small","549","2025-12-05 10:29:31","2025-12-05 10:38:40","",""
"MILK","","Point of Sale","2","1x 16oz/ICED MEDIUM; 1x 500g Beans","118","2025-12-05 10:36:43","2025-12-05 10:38:41","",""
"MILK","","Point of Sale","2","2x 20oz\ICED LARGE","405","2025-12-05 10:37:58","2025-12-05 10:44:43","",""
"MILK","","Point of Sale","1","1x 20oz\ICED LARGE","327","2025-12-05 10:39:17","2025-12-05 10:44:44","",""
"MILK","","Point of Sale","1","1x 16oz/Large","247","2025-12-05 10:40:37","2025-12-05 10:44:44","",""
"MILK","","Point of Sale","2","1x 8oz/Small; 1x Pupacino","172","2025-12-05 10:52:42","2025-12-05 10:55:34","",""
"MILK","","Point of Sale","1","1x BUTTERBOY","262","2025-12-05 10:57:24","2025-12-05 11:01:46","",""
"MILK","","Point of Sale","1","1x 20oz\ICED LARGE","171","2025-12-05 11:05:04","2025-12-05 11:07:55","",""
"MILK","","Point of Sale","1","1x 12oz/ICED SMALL","135","2025-12-05 11:05:39","2025-12-05 11:07:54","",""
"MILK","","Point of Sale","2","2x 16oz/Large","495","2025-12-05 11:09:54","2025-12-05 11:18:09","",""
"MILK","","Point of Sale","1","1x 8oz/Small","907","2025-12-05 11:18:00","2025-12-05 11:33:07","",""
"MILK","","Point of Sale","1","1x 1kg Beans","575","2025-12-05 11:23:31","2025-12-05 11:33:06","",""
"MILK","","Point of Sale","1","1x 12oz/Medium","2393","2025-12-05 11:40:05","2025-12-05 12:19:58","",""
"MILK","","Point of Sale","1","1x A Sweet Muffin","2051","2025-12-05 11:45:49","2025-12-05 12:20:00","",""
"MILK","","Point of Sale","1","1x 8oz/Small","153","2025-12-05 12:17:27","2025-12-05 12:20:00","",""
"MILK","","Point of Sale","1","1x 16oz/Large","373","2025-12-05 12:30:01","2025-12-05 12:36:14","",""
"MILK","","Point of Sale","2","1x A Sweet Muffin; 1x 16oz/Large","210","2025-12-05 12:32:45","2025-12-05 12:36:15","",""
"MILK","","Point of Sale","1","1x 6oz","167","2025-12-05 12:33:28","2025-12-05 12:36:15","",""
"MILK","","Point of Sale","1","1x 12oz/ICED SMALL","1977","2025-12-05 13:14:07","2025-12-05 13:47:04","",""
"MILK","","Point of Sale","1","1x 16oz/Large","3154","2025-12-06 04:58:49","2025-12-06 05:51:23","",""
"MILK","","Point of Sale","1","1x 12oz/Medium","2187","2025-12-06 05:14:57","2025-12-06 05:51:24","",""
"MILK","","Point of Sale","3","1x Babycino; 2x 6oz","1256","2025-12-06 05:30:28","2025-12-06 05:51:24","",""
"MILK","","Point of Sale","1","1x 12oz/ICED SMALL","1198","2025-12-06 05:31:28","2025-12-06 05:51:26","",""
"MILK","","Point of Sale","1","1x 16oz/Large","871","2025-12-06 05:36:54","2025-12-06 05:51:25","",""
"MILK","","Point of Sale","1","1x 12oz/Medium","949","2025-12-06 05:40:47","2025-12-06 05:56:36","",""
"MILK","","Point of Sale","1","1x 12oz/ICED SMALL","845","2025-12-06 05:42:31","2025-12-06 05:56:36","",""
"MILK","","Point of Sale","2","1x 8oz/Small; 1x 16oz/Large","585","2025-12-06 05:46:52","2025-12-06 05:56:37","",""
"MILK","","Point of Sale","1","1x 6oz","498","2025-12-06 05:48:19","2025-12-06 05:56:37","",""
"MILK","","Point of Sale","1","1x 8oz/Small","412","2025-12-06 05:49:46","2025-12-06 05:56:38","",""
"MILK","Glenn","Point of Sale","3","1x Sweet Pastry; 2x 4oz/Pic, Esp, Dop","634","2025-12-06 05:56:47","2025-12-06 06:07:21","",""
"MILK","","Point of Sale","2","1x A Cookie; 1x 16oz/Large","499","2025-12-06 05:59:04","2025-12-06 06:07:23","",""
"MILK","Kid","Point of Sale","1","1x 16oz/ICED MEDIUM","435","2025-12-06 06:00:07","2025-12-06 06:07:22","",""
"MILK","","Point of Sale","1","1x 12oz/Medium","273","2025-12-06 06:02:50","2025-12-06 06:07:23","",""
"MILK","","Point of Sale","1","1x 16oz/ICED MEDIUM","211","2025-12-06 06:03:51","2025-12-06 06:07:22","",""
"MILK","","Point of Sale","1","1x 12oz/Medium","152","2025-12-06 06:05:57","2025-12-06 06:08:29","",""
"MILK","Sean","Point of Sale","1","1x 8oz/Small","129","2025-12-06 06:10:47","2025-12-06 06:12:56","",""
"MILK","","Point of Sale","1","1x 12oz/Medium","118","2025-12-06 06:10:58","2025-12-06 06:12:56","",""
"MILK","","Point of Sale","1","1x Famous Soda","94","2025-12-06 06:11:23","2025-12-06 06:12:57","",""
"MILK","","Point of Sale","2","1x 16oz/ICED MEDIUM; 1x 16oz/ICED MEDIUM","655","2025-12-06 06:14:47","2025-12-06 06:25:42","",""
"MILK","","Point of Sale","1","1x 16oz/ICED MEDIUM","187","2025-12-06 06:22:37","2025-12-06 06:25:44","",""
"MILK","","Point of Sale","2","1x 12oz/Medium; 1x TOASTIE","418","2025-12-06 06:23:04","2025-12-06 06:30:02","",""
"MILK","","Point of Sale","2","1x 8oz/Small; 1x 8oz/Small","394","2025-12-06 06:23:27","2025-12-06 06:30:01","",""
"MILK","Green shirt","Point of Sale","1","1x 12oz/Medium","305","2025-12-06 06:24:55","2025-12-06 06:30:00","",""
"MILK","Dog","Point of Sale","1","1x 12oz/Medium","110","2025-12-06 06:28:10","2025-12-06 06:30:00","",""
"MILK","Sunnies","Point of Sale","1","1x 12oz/Medium","501","2025-12-06 06:28:27","2025-12-06 06:36:48","",""
"MILK","Kid","Point of Sale","1","1x 6oz","446","2025-12-06 06:29:23","2025-12-06 06:36:49","",""
"MILK","AJ","Point of Sale","1","1x 6oz","325","2025-12-06 06:31:31","2025-12-06 06:36:56","",""
"MILK","Alex","Point of Sale","3","1x 12oz/Medium; 1x Kombucha; 1x 20oz\ICED LARGE","246","2025-12-06 06:32:50","2025-12-06 06:36:56","",""
"MILK","","Point of Sale","2","1x 12oz/Medium; 1x Fiji Water","219","2025-12-06 06:34:15","2025-12-06 06:37:54","",""
"MILK","","Point of Sale","1","1x Breakfast Wrap","410","2025-12-06 06:34:58","2025-12-06 06:41:48","",""
"MILK","Orange red shirt","Point of Sale","2","2x 12oz/Medium","385","2025-12-06 06:35:22","2025-12-06 06:41:47","",""
"MILK","Mile","Point of Sale","5","3x Pupacino; 1x 16oz/ICED MEDIUM; 1x 12oz/ICED SMALL","340","2025-12-06 06:36:07","2025-12-06 06:41:47","",""
"MILK","Mario mustache","Point of Sale","1","1x 16oz/Large","320","2025-12-06 06:36:26","2025-12-06 06:41:46","",""
"MILK","Glenn","Point of Sale","1","1x 12oz/Medium","301","2025-12-06 06:36:45","2025-12-06 06:41:46","",""
"MILK","","Point of Sale","1","1x 12oz/Medium","250","2025-12-06 06:39:55","2025-12-06 06:44:05","",""
"MILK","","Point of Sale","2","1x Ham And Cheese Croissant; 1x 16oz/Large","114","2025-12-06 06:42:12","2025-12-06 06:44:06","",""
"MILK","Family","Point of Sale","3","2x 8oz/Small; 1x Babycino","244","2025-12-06 06:43:18","2025-12-06 06:47:22","",""
"MILK","","Point of Sale","1","1x 8oz/Small","221","2025-12-06 06:43:39","2025-12-06 06:47:20","",""
"MILK","","Point of Sale","1","1x 16oz/Large","286","2025-12-06 06:43:59","2025-12-06 06:48:45","",""
"MILK","","Point of Sale","1","1x 16oz/Large","556","2025-12-06 06:44:39","2025-12-06 06:53:55","",""
"MILK","James wife","Point of Sale","3","1x 16oz/Large; 1x Babycino; 1x 12oz/Medium","508","2025-12-06 06:45:28","2025-12-06 06:53:56","",""
"MILK","","Point of Sale","1","1x 12oz/Medium","489","2025-12-06 06:45:48","2025-12-06 06:53:57","",""
"MILK","Rosie","Point of Sale","1","1x 12oz/ICED SMALL","455","2025-12-06 06:46:21","2025-12-06 06:53:56","",""
"MILK","","Point of Sale","2","1x Ham And Cheese Croissant; 1x 16oz/ICED MEDIUM","378","2025-12-06 06:51:33","2025-12-06 06:57:51","",""
"MILK","","Point of Sale","3","1x 4oz/Pic, Esp, Dop; 1x A Sweet Muffin; 1x 8oz/Small","329","2025-12-06 06:52:22","2025-12-06 06:57:51","",""
"MILK","","Point of Sale","1","1x 12oz/Medium","323","2025-12-06 06:52:58","2025-12-06 06:58:21","",""
"MILK","","Point of Sale","2","1x A Sweet Muffin; 1x 20oz\ICED LARGE","568","2025-12-06 06:53:32","2025-12-06 07:03:00","",""
"MILK","","Point of Sale","2","1x Babycino; 1x 12oz/Medium","487","2025-12-06 06:54:53","2025-12-06 07:03:00","",""
"MILK","","Point of Sale","2","1x 12oz/Medium; 1x 12oz/Medium","547","2025-12-06 06:56:21","2025-12-06 07:05:28","",""
"MILK","","Point of Sale","3","1x Babycino; 1x 12oz/ICED SMALL; 1x 8oz/Small","525","2025-12-06 06:56:42","2025-12-06 07:05:27","",""
"MILK","","Point of Sale","1","1x 20oz\ICED LARGE","596","2025-12-06 06:57:53","2025-12-06 07:07:49","",""
"MILK","Green shirt","Point of Sale","1","1x 12oz/Medium","470","2025-12-06 06:59:59","2025-12-06 07:07:49","",""
"MILK","Mike","Point of Sale","2","1x 12oz/Medium; 1x 16oz/Large","531","2025-12-06 07:00:25","2025-12-06 07:09:16","",""
"MILK","Glasses","Point of Sale","1","1x 12oz/Medium","916","2025-12-06 07:00:40","2025-12-06 07:15:56","",""
"MILK","Wayne","Point of Sale","1","1x 12oz/ICED SMALL","372","2025-12-06 07:03:02","2025-12-06 07:09:14","",""
"MILK","Vans","Point of Sale","3","1x 8oz/Small; 1x TOASTIE; 1x 8oz/Small","718","2025-12-06 07:03:59","2025-12-06 07:15:57","",""
"MILK","","Point of Sale","3","1x 16oz/Large; 1x 12oz/Medium; 1x Babycino","542","2025-12-06 07:06:55","2025-12-06 07:15:57","",""
"MILK","Nathan","Point of Sale","2","1x TOASTIE; 1x 12oz/ICED SMALL","629","2025-12-06 07:08:39","2025-12-06 07:19:08","",""
"MILK","Maroon shirt hqat","Point of Sale","4","2x 16oz/ICED MEDIUM; 1x 16oz/Large; 1x 12oz/Medium","602","2025-12-06 07:09:06","2025-12-06 07:19:08","",""
"MILK","Blkue stripey shirt kids","Point of Sale","4","2x Babycino; 1x 12oz/Medium; 1x 12oz/Medium","716","2025-12-06 07:10:16","2025-12-06 07:22:12","",""
"MILK","Green shirt","Point of Sale","1","1x 16oz/ICED MEDIUM","625","2025-12-06 07:11:48","2025-12-06 07:22:13","",""
"MILK","","Point of Sale","1","1x 8oz/Small","610","2025-12-06 07:13:38","2025-12-06 07:23:48","",""
"MILK","Cyclist","Point of Sale","2","1x ; 1x 8oz/Small","493","2025-12-06 07:16:00","2025-12-06 07:24:13","",""
"MILK","Sean","Point of Sale","4","1x Breakfast Wrap; 1x 16oz/ICED MEDIUM; 1x TOASTIE; 1x 16oz/ICED MEDIUM","778","2025-12-06 07:16:46","2025-12-06 07:29:44","",""
"MILK","Toby","Point of Sale","2","1x 4oz/Pic, Esp, Dop; 1x Sweet Pastry","475","2025-12-06 07:19:05","2025-12-06 07:27:00","",""
"MILK","Blue hat","Point of Sale","1","1x 12oz/ICED SMALL","499","2025-12-06 07:19:57","2025-12-06 07:28:16","",""
"MILK","Maroon nor purple","Point of Sale","2","1x 16oz/ICED MEDIUM; 1x Breakfast Wrap","608","2025-12-06 07:20:20","2025-12-06 07:30:28","",""
"MILK","","Point of Sale","2","2x 12oz/Medium","578","2025-12-06 07:20:51","2025-12-06 07:30:29","",""
"MILK","Amy","Point of Sale","3","1x Kombucha; 1x Sweet Pastry; 1x 12oz/ICED SMALL","479","2025-12-06 07:24:10","2025-12-06 07:32:09","",""
"MILK","Blacfk outfit","Point of Sale","1","1x 20oz\ICED LARGE","493","2025-12-06 07:25:17","2025-12-06 07:33:30","",""
"MILK","Gray shirt hat snnies","Point of Sale","2","1x 12oz/Medium; 1x 8oz/Small","353","2025-12-06 07:27:36","2025-12-06 07:33:29","",""
"MILK","Damon","Point of Sale","2","2x 8oz/Small","518","2025-12-06 07:27:58","2025-12-06 07:36:36","",""
"MILK","Black shirt denim","Point of Sale","1","1x 16oz/ICED MEDIUM","498","2025-12-06 07:28:17","2025-12-06 07:36:35","",""
"MILK","Denim shorts gray shirt","Point of Sale","1","1x 20oz\ICED LARGE","1003","2025-12-06 07:29:01","2025-12-06 07:45:44","",""
"MILK","Brpown outfit kid","Point of Sale","2","1x 20oz\ICED LARGE; 1x Ham And Cheese Croissant","984","2025-12-06 07:29:21","2025-12-06 07:45:45","",""
"MILK","Ash","Point of Sale","1","1x 12oz/ICED SMALL","542","2025-12-06 07:36:44","2025-12-06 07:45:46","",""
"MILK","Blue shirt","Point of Sale","3","1x 8oz/Small; 1x 20oz\ICED LARGE; 1x A Sweet Muffin","483","2025-12-06 07:37:43","2025-12-06 07:45:46","",""
"MILK","","Point of Sale","2","2x 12oz/Medium","250","2025-12-06 07:41:37","2025-12-06 07:45:47","",""
"MILK","","Point of Sale","2","1x 12oz/ICED SMALL; 1x 8oz/Small","450","2025-12-06 07:51:09","2025-12-06 07:58:39","",""
"MILK","","Point of Sale","1","1x 12oz/Medium","403","2025-12-06 07:51:56","2025-12-06 07:58:39","",""
"MILK","","Point of Sale","2","1x 16oz/ICED MEDIUM; 1x Ham And Cheese Croissant","322","2025-12-06 07:53:18","2025-12-06 07:58:40","",""
"MILK","","Point of Sale","1","1x 12oz/ICED SMALL","328","2025-12-06 07:58:53","2025-12-06 08:04:21","",""
"MILK","Kelly","Point of Sale","3","1x Babycino; 1x 8oz/Small; 1x 12oz/ICED SMALL","264","2025-12-06 07:59:57","2025-12-06 08:04:21","",""
"MILK","","Point of Sale","1","1x Famous Soda","184","2025-12-06 08:01:18","2025-12-06 08:04:22","",""
"MILK","Rob","Point of Sale","2","1x 12oz/Medium; 1x 16oz/Large","103","2025-12-06 08:02:40","2025-12-06 08:04:23","",""
"MILK","","Point of Sale","1","1x 12oz/ICED SMALL","152","2025-12-06 08:03:06","2025-12-06 08:05:38","",""
"MILK","","Point of Sale","2","1x 8oz/Small; 1x 12oz/Medium","146","2025-12-06 08:03:29","2025-12-06 08:05:55","",""
"MILK","Kelly","Point of Sale","2","1x 12oz/Medium; 1x 8oz/Small","272","2025-12-06 08:04:22","2025-12-06 08:08:54","",""
"MILK","Ros","Point of Sale","1","1x 8oz/Small","206","2025-12-06 08:05:28","2025-12-06 08:08:54","",""
"MILK","","Point of Sale","1","1x 12oz/ICED SMALL","174","2025-12-06 08:05:59","2025-12-06 08:08:53","",""
"MILK","Blonde dog","Point of Sale","4","1x Pupacino; 1x 16oz/ICED MEDIUM; 1x 12oz/ICED SMALL; 1x Famous Soda","288","2025-12-06 08:07:25","2025-12-06 08:12:13","",""
"MILK","Adapt","Point of Sale","2","1x 12oz/ICED SMALL; 1x 12oz/ICED SMALL","262","2025-12-06 08:07:53","2025-12-06 08:12:15","",""
"MILK","Maree","Point of Sale","2","1x A Savoury Muffin; 1x 12oz/ICED SMALL","179","2025-12-06 08:09:17","2025-12-06 08:12:16","",""
"MILK","Adapt","Point of Sale","2","1x 16oz/Large; 1x Kombucha","266","2025-12-06 08:10:01","2025-12-06 08:14:27","",""
"MILK","Dan","Point of Sale","2","1x 12oz/Medium; 1x 16oz/Large","213","2025-12-06 08:10:54","2025-12-06 08:14:27","",""
"MILK","Yellow blonde adapt","Point of Sale","1","1x 16oz/ICED MEDIUM","448","2025-12-06 08:11:32","2025-12-06 08:19:00","",""
"MILK","Turrquoise adapt","Point of Sale","2","1x 12oz/Medium; 1x Fruit Juice","369","2025-12-06 08:11:53","2025-12-06 08:18:02","",""
"MILK","Felicity adapt ","Point of Sale","1","1x 12oz/Medium","342","2025-12-06 08:12:19","2025-12-06 08:18:01","",""
"MILK","Green shirt","Point of Sale","1","1x 6oz","328","2025-12-06 08:12:33","2025-12-06 08:18:01","",""
"MILK","Dylan","Point of Sale","2","1x 12oz/Medium; 1x 12oz/Medium","387","2025-12-06 08:13:01","2025-12-06 08:19:28","",""
"MILK","Bladkj ahurt","Point of Sale","2","1x 12oz/Medium; 1x 6oz","434","2025-12-06 08:13:32","2025-12-06 08:20:46","",""
"MILK","2097731585","Square Online","1","1x 12oz/Medium","449","2025-12-06 08:13:57","2025-12-06 08:21:26","2025-12-06 08:13:53",""
"MILK","","Point of Sale","4","1x 16oz/ICED MEDIUM; 2x Sweet Pastry; 1x 16oz/ICED MEDIUM","513","2025-12-06 08:14:29","2025-12-06 08:23:02","",""
"MILK","Kate yellow hat","Point of Sale","1","1x 12oz/Medium","503","2025-12-06 08:15:15","2025-12-06 08:23:38","",""
"MILK","Kate black hat","Point of Sale","1","1x 12oz/Medium","484","2025-12-06 08:15:35","2025-12-06 08:23:39","",""
"MILK","White shirt camo hat","Point of Sale","2","1x Fiji Water; 1x 12oz/Medium","622","2025-12-06 08:15:51","2025-12-06 08:26:13","",""
"MILK","Marcello","Point of Sale","1","1x 12oz/Medium","601","2025-12-06 08:16:13","2025-12-06 08:26:14","",""
"MILK","Adapt","Point of Sale","1","1x 12oz/ICED SMALL","742","2025-12-06 08:16:34","2025-12-06 08:28:56","",""
"MILK","Green shirt","Point of Sale","3","1x 12oz/Medium; 1x Kombucha; 1x 12oz/Medium","694","2025-12-06 08:17:23","2025-12-06 08:28:57","",""
"MILK","Family","Point of Sale","4","1x A Sweet Muffin; 1x 12oz/ICED SMALL; 1x 12oz/ICED SMALL; 1x 6oz","548","2025-12-06 08:22:17","2025-12-06 08:31:25","",""
"MILK","","Point of Sale","1","1x 12oz/Medium","463","2025-12-06 08:23:41","2025-12-06 08:31:24","",""
"MILK","","Point of Sale","1","1x Sweet Pastry","532","2025-12-06 08:24:30","2025-12-06 08:33:22","",""
"MILK","","Point of Sale","1","1x 16oz/Large","350","2025-12-06 08:25:36","2025-12-06 08:31:26","",""
"MILK","Sunnies","Point of Sale","2","1x 12oz/Medium; 1x A Cookie","342","2025-12-06 08:26:35","2025-12-06 08:32:17","",""
"MILK","1730470379","Square Online","3","1x 12oz/Medium; 1x 6oz; 1x 12oz/Medium","531","2025-12-06 08:28:36","2025-12-06 08:37:27","2025-12-06 08:28:31",""
"MILK","Yellow shirt","Point of Sale","1","1x 6oz","340","2025-12-06 08:28:57","2025-12-06 08:34:37","",""
"MILK","Couiple","Point of Sale","4","1x 12oz/Medium; 1x 12oz/Medium; 1x Sweet Pastry; 1x TOASTIE","462","2025-12-06 08:29:43","2025-12-06 08:37:25","",""
"MILK","White nlinen","Point of Sale","2","1x 12oz/Medium; 1x 12oz/Medium","370","2025-12-06 08:31:16","2025-12-06 08:37:26","",""
"MILK","Aiden","Point of Sale","1","1x 12oz/Medium","296","2025-12-06 08:36:42","2025-12-06 08:41:38","",""
"MILK","Mel","Point of Sale","2","2x 12oz/Medium","213","2025-12-06 08:37:52","2025-12-06 08:41:25","",""
"MILK","","Point of Sale","1","1x 12oz/Medium","137","2025-12-06 08:40:32","2025-12-06 08:42:49","",""
"MILK","Jemma","Point of Sale","2","2x 12oz/Medium","282","2025-12-06 08:41:44","2025-12-06 08:46:26","",""
"MILK","","Point of Sale","2","1x 12oz/ICED SMALL; 1x Plain Croissant","213","2025-12-06 08:43:02","2025-12-06 08:46:35","",""
"MILK","","Point of Sale","3","1x Sweet Pastry; 2x 12oz/Medium","290","2025-12-06 08:43:32","2025-12-06 08:48:22","",""
"MILK","","Point of Sale","1","1x 12oz/Medium","24","2025-12-06 08:44:31","2025-12-06 08:44:55","",""
"MILK","","Point of Sale","2","1x 16oz/ICED MEDIUM; 1x Babycino","199","2025-12-06 08:45:02","2025-12-06 08:48:21","",""
"MILK","","Point of Sale","2","1x 16oz/ICED MEDIUM; 1x 6oz","238","2025-12-06 08:49:07","2025-12-06 08:53:05","",""
"MILK","","Point of Sale","1","1x 16oz/Large","208","2025-12-06 08:49:37","2025-12-06 08:53:05","",""
"MILK","Demi","Point of Sale","2","1x TOASTIE; 1x 16oz/ICED MEDIUM","291","2025-12-06 08:50:53","2025-12-06 08:55:44","",""
"MILK","","Point of Sale","1","1x 16oz/Large","226","2025-12-06 08:51:59","2025-12-06 08:55:45","",""
"MILK","Pineapples","Point of Sale","2","1x 8oz/Small; 1x Breakfast Wrap","2440","2025-12-06 08:54:01","2025-12-06 09:34:41","",""
"MILK","Black shirt","Point of Sale","2","1x 16oz/ICED MEDIUM; 1x Breakfast Wrap","2403","2025-12-06 08:54:39","2025-12-06 09:34:42","",""
"MILK","Stormtrooper","Point of Sale","2","1x TOASTIE; 1x 12oz/Medium","2381","2025-12-06 08:55:01","2025-12-06 09:34:42","",""
"MILK","Graybshirt","Point of Sale","3","1x Fruit Juice; 1x TOASTIE; 1x 8oz/Small","2362","2025-12-06 08:55:20","2025-12-06 09:34:42","",""
"MILK","","Point of Sale","1","1x 12oz/ICED SMALL","2349","2025-12-06 08:55:34","2025-12-06 09:34:43","",""
"MILK","","Point of Sale","1","1x 12oz/Medium","297","2025-12-06 08:56:35","2025-12-06 09:01:32","",""
"MILK","","Point of Sale","4","1x 16oz/ICED MEDIUM; 1x A Sweet Muffin; 1x 8oz/Small; 1x TOASTIE","942","2025-12-06 08:58:48","2025-12-06 09:14:30","",""
"MILK","","Point of Sale","2","1x Pupacino; 1x 12oz/ICED SMALL","704","2025-12-06 09:02:46","2025-12-06 09:14:30","",""
"MILK","","Point of Sale","2","2x 16oz/Large","538","2025-12-06 09:05:30","2025-12-06 09:14:28","",""
"MILK","","Point of Sale","1","1x 16oz/ICED MEDIUM","154","2025-12-06 09:11:55","2025-12-06 09:14:29","",""
"MILK","","Point of Sale","1","1x 4oz/Pic, Esp, Dop","652","2025-12-06 09:12:56","2025-12-06 09:23:48","",""
"MILK","","Point of Sale","4","1x Breakfast Wrap; 1x 12oz/ICED SMALL; 1x A Sweet Muffin; 1x Kombucha","305","2025-12-06 09:14:18","2025-12-06 09:19:23","",""
"MILK","","Point of Sale","3","1x TOASTIE; 1x 8oz/Small; 1x 12oz/Medium","378","2025-12-06 09:17:30","2025-12-06 09:23:48","",""
"MILK","Michael","Point of Sale","2","1x 12oz/Medium; 1x 12oz/Medium","337","2025-12-06 09:18:10","2025-12-06 09:23:47","",""
"MILK","","Point of Sale","2","1x A Sweet Muffin; 1x 16oz/ICED MEDIUM","308","2025-12-06 09:18:39","2025-12-06 09:23:47","",""
"MILK","","Point of Sale","1","1x 8oz/Small","430","2025-12-06 09:19:38","2025-12-06 09:26:48","",""
"MILK","Man bun","Point of Sale","1","1x 16oz/ICED MEDIUM","298","2025-12-06 09:21:23","2025-12-06 09:26:21","",""
"MILK","Npc","Point of Sale","1","1x 16oz/Large","784","2025-12-06 09:21:39","2025-12-06 09:34:43","",""
"MILK","","Point of Sale","1","1x 20oz\ICED LARGE","650","2025-12-06 09:23:53","2025-12-06 09:34:43","",""
"MILK","Logan","Point of Sale","2","1x 16oz/ICED MEDIUM; 1x A Cookie","562","2025-12-06 09:25:22","2025-12-06 09:34:44","",""
"MILK","","Point of Sale","2","1x A Savoury Muffin; 1x 16oz/ICED MEDIUM","473","2025-12-06 09:26:52","2025-12-06 09:34:45","",""
"MILK","","Point of Sale","1","1x 12oz/ICED SMALL","601","2025-12-06 09:29:57","2025-12-06 09:39:58","",""
"MILK","","Point of Sale","2","1x 4oz/Pic, Esp, Dop; 1x 16oz/ICED MEDIUM","11","2025-12-06 09:34:34","2025-12-06 09:34:45","",""
"MILK","","Point of Sale","1","1x 8oz/Small","148","2025-12-06 09:37:29","2025-12-06 09:39:57","",""
"MILK","Pgary","Point of Sale","2","1x A Sweet Muffin; 1x 16oz/Large","123","2025-12-06 09:37:53","2025-12-06 09:39:56","",""
"MILK","","Point of Sale","2","1x 12oz/ICED SMALL; 1x 12oz/Medium","823","2025-12-06 09:38:14","2025-12-06 09:51:57","",""
"MILK","","Point of Sale","1","1x 20oz\ICED LARGE","400","2025-12-06 09:38:54","2025-12-06 09:45:34","",""
"MILK","","Point of Sale","1","1x 20oz\ICED LARGE","586","2025-12-06 09:42:13","2025-12-06 09:51:59","",""
"MILK","Green shirt","Point of Sale","2","1x 16oz/ICED MEDIUM; 1x 16oz/ICED MEDIUM","140","2025-12-06 09:43:19","2025-12-06 09:45:39","",""
"MILK","Rach","Point of Sale","7","1x 16oz/ICED MEDIUM; 1x ; 2x TOASTIE; 1x A Cookie; 2x 20oz\ICED LARGE","424","2025-12-06 09:44:54","2025-12-06 09:51:58","",""
"MILK","Orange","Point of Sale","1","1x 16oz/ICED MEDIUM","946","2025-12-06 09:46:23","2025-12-06 10:02:09","",""
"MILK","","Point of Sale","2","1x 20oz\ICED LARGE; 1x Ham And Cheese Croissant","925","2025-12-06 09:46:43","2025-12-06 10:02:08","",""
"MILK","","Point of Sale","1","1x 12oz/Medium","906","2025-12-06 09:47:02","2025-12-06 10:02:08","",""
"MILK","","Point of Sale","1","1x 16oz/Large","454","2025-12-06 09:54:33","2025-12-06 10:02:07","",""
"MILK","Hayden","Point of Sale","3","1x A Cookie; 1x 16oz/Large; 1x 16oz/Large","212","2025-12-06 09:58:38","2025-12-06 10:02:10","",""
"MILK","","Point of Sale","1","1x 6oz","1838","2025-12-06 09:59:35","2025-12-06 10:30:13","",""
"MILK","David","Point of Sale","1","1x 12oz/Medium","703","2025-12-06 09:59:55","2025-12-06 10:11:38","",""
"MILK","Sam","Point of Sale","3","1x 12oz/Medium; 2x 16oz/Large","603","2025-12-06 10:01:36","2025-12-06 10:11:39","",""
"MILK","Jody","Point of Sale","3","1x 16oz/ICED MEDIUM; 1x 4oz/Pic, Esp, Dop; 1x TOASTIE","474","2025-12-06 10:03:45","2025-12-06 10:11:39","",""
"MILK","Brwon shirt","Point of Sale","2","1x 16oz/Large; 1x 8oz/Small","415","2025-12-06 10:04:45","2025-12-06 10:11:40","",""
"MILK","","Point of Sale","1","1x 4oz/Pic, Esp, Dop","362","2025-12-06 10:24:11","2025-12-06 10:30:13","",""
"MILK","May","Point of Sale","1","1x 12oz/Medium","647","2025-12-06 10:24:26","2025-12-06 10:35:13","",""
"MILK","","Point of Sale","4","1x TOASTIE; 2x 16oz/ICED MEDIUM; 1x TOASTIE","596","2025-12-06 10:25:18","2025-12-06 10:35:14","",""
"MILK","","Point of Sale","1","1x 8oz/Small","572","2025-12-06 10:25:42","2025-12-06 10:35:14","",""
"MILK","","Point of Sale","3","1x Plain Croissant; 1x Fruit Juice; 1x 16oz/Large","638","2025-12-06 10:28:52","2025-12-06 10:39:30","",""
"MILK","Nerd emoji","Point of Sale","1","1x 16oz/ICED MEDIUM","613","2025-12-06 10:29:18","2025-12-06 10:39:31","",""
"MILK","Michael","Point of Sale","1","1x 12oz/Medium","339","2025-12-06 10:33:53","2025-12-06 10:39:32","",""
"MILK","","Point of Sale","1","1x 8oz/Small","267","2025-12-06 10:35:05","2025-12-06 10:39:32","",""
"MILK","","Point of Sale","2","1x 12oz/ICED SMALL; 1x 16oz/ICED MEDIUM","488","2025-12-06 10:42:49","2025-12-06 10:50:57","",""
"MILK","","Point of Sale","2","1x Sweet Pastry; 1x 12oz/ICED SMALL","387","2025-12-06 10:44:30","2025-12-06 10:50:57","",""
"MILK","","Point of Sale","2","1x Kombucha; 1x 12oz/ICED SMALL","364","2025-12-06 10:44:53","2025-12-06 10:50:57","",""
"MILK","","Point of Sale","1","1x 16oz/Large","276","2025-12-06 10:46:22","2025-12-06 10:50:58","",""
"MILK","","Point of Sale","1","1x 8oz/Small","154","2025-12-06 10:48:25","2025-12-06 10:50:59","",""
"MILK","","Point of Sale","1","1x 16oz/ICED MEDIUM","288","2025-12-06 10:50:29","2025-12-06 10:55:17","",""
"MILK","","Point of Sale","3","1x A Sweet Muffin; 2x 12oz/Medium","719","2025-12-06 10:53:06","2025-12-06 11:05:05","",""
"MILK","","Point of Sale","2","1x 16oz/Large; 1x A Sweet Muffin","674","2025-12-06 10:53:51","2025-12-06 11:05:05","",""
"MILK","Green shirt","Point of Sale","2","1x 16oz/ICED MEDIUM; 1x 16oz/ICED MEDIUM","606","2025-12-06 10:55:00","2025-12-06 11:05:06","",""
"MILK","","Point of Sale","1","1x 8oz/Small","432","2025-12-06 10:57:55","2025-12-06 11:05:07","",""
"MILK","","Point of Sale","3","1x 8oz/Small; 1x Fruit Juice; 1x 16oz/ICED MEDIUM","65361","2025-12-06 11:00:50","2025-12-07 05:10:11","",""
"MILK","Wayne","Point of Sale","2","1x 500g Beans; 1x 8oz/Small","65330","2025-12-06 11:01:21","2025-12-07 05:10:11","",""
"MILK","","Point of Sale","1","1x 12oz/ICED SMALL","65182","2025-12-06 11:03:51","2025-12-07 05:10:13","",""
"MILK","","Point of Sale","1","1x 12oz/Medium","125","2025-12-07 05:52:05","2025-12-07 05:54:10","",""
"MILK","Jim","Point of Sale","1","1x ","238","2025-12-07 05:54:16","2025-12-07 05:58:14","",""
"MILK","Rose","Point of Sale","1","1x 12oz/Medium","458","2025-12-07 05:58:11","2025-12-07 06:05:49","",""
"MILK","Neilson","Point of Sale","1","1x 16oz/Large","434","2025-12-07 05:58:35","2025-12-07 06:05:49","",""
"MILK","","Point of Sale","2","2x 12oz/Medium","155","2025-12-07 06:05:39","2025-12-07 06:08:14","",""
"MILK","Double magics","Point of Sale","2","2x 12oz/Medium","327","2025-12-07 06:08:36","2025-12-07 06:14:03","",""
"MILK","","Point of Sale","1","1x 6oz","271","2025-12-07 06:09:32","2025-12-07 06:14:03","",""
"MILK","Keep","Point of Sale","3","1x 12oz/Medium; 1x Babycino; 1x 8oz/Small","149","2025-12-07 06:13:13","2025-12-07 06:15:42","",""
"MILK","Gddeen","Point of Sale","2","1x 16oz/Large; 1x Ham And Cheese Croissant","200","2025-12-07 06:14:48","2025-12-07 06:18:08","",""
"MILK","Mug","Point of Sale","1","1x 12oz/Medium","291","2025-12-07 06:15:19","2025-12-07 06:20:10","",""
"MILK","1225161615","Square Online","1","1x 12oz/Medium","369","2025-12-07 06:17:09","2025-12-07 06:23:18","2025-12-07 06:17:04",""
"MILK","Camo","Point of Sale","2","1x 8oz/Small; 1x 12oz/ICED SMALL","152","2025-12-07 06:23:52","2025-12-07 06:26:24","",""
"MILK","","Point of Sale","1","1x 6oz","225","2025-12-07 06:24:16","2025-12-07 06:28:01","",""
"MILK","","Point of Sale","1","1x 12oz/ICED SMALL","168","2025-12-07 06:25:13","2025-12-07 06:28:01","",""
"MILK","Baby dad","Point of Sale","2","1x 12oz/Medium; 1x Babycino","215","2025-12-07 06:26:23","2025-12-07 06:29:58","",""
"MILK","Eddie","Point of Sale","1","1x 16oz/Large","229","2025-12-07 06:26:50","2025-12-07 06:30:39","",""
"MILK","Ryab","Point of Sale","1","1x 20oz\ICED LARGE","123","2025-12-07 06:28:03","2025-12-07 06:30:06","",""
"MILK","Anne","Point of Sale","1","1x 6oz","133","2025-12-07 06:28:47","2025-12-07 06:31:00","",""
"MILK","Judy","Point of Sale","3","1x 8oz/Small; 1x 16oz/Large; 1x Babycino","336","2025-12-07 06:33:52","2025-12-07 06:39:28","",""
"MILK","","Point of Sale","2","2x 8oz/Small","108","2025-12-07 06:48:32","2025-12-07 06:50:20","",""
"MILK","","Point of Sale","1","1x 4oz/Pic, Esp, Dop","58","2025-12-07 06:49:26","2025-12-07 06:50:24","",""
"MILK","Grey shirt","Point of Sale","5","1x 20oz\ICED LARGE; 1x 12oz/Medium; 1x 12oz/Medium; 1x A Sweet Muffin; 1x 8oz/Small","148","2025-12-07 06:50:15","2025-12-07 06:52:43","",""
"MILK","","Point of Sale","1","1x 12oz/Medium","115","2025-12-07 06:52:35","2025-12-07 06:54:30","",""
"MILK","","Point of Sale","1","1x 12oz/ICED SMALL","151","2025-12-07 06:56:48","2025-12-07 06:59:19","",""
"MILK","","Point of Sale","1","1x 12oz/Medium","241","2025-12-07 06:58:01","2025-12-07 07:02:02","",""
"MILK","Seana","Point of Sale","2","1x 20oz\ICED LARGE; 1x 12oz/ICED SMALL","210","2025-12-07 06:58:36","2025-12-07 07:02:06","",""
"MILK","Glazsses","Point of Sale","2","1x TOASTIE; 1x 20oz\ICED LARGE","655","2025-12-07 06:59:42","2025-12-07 07:10:37","",""
"MILK","Rvca singlet","Point of Sale","2","1x 6oz; 1x 16oz/ICED MEDIUM","237","2025-12-07 07:01:28","2025-12-07 07:05:25","",""
"MILK","Bewrd","Point of Sale","3","1x 16oz/Large; 1x 16oz/Large; 1x Babycino","311","2025-12-07 07:01:56","2025-12-07 07:07:07","",""
"MILK","Lady","Point of Sale","1","1x 6oz","337","2025-12-07 07:04:14","2025-12-07 07:09:51","",""
"MILK","","Point of Sale","1","1x 8oz/Small","206","2025-12-07 07:06:37","2025-12-07 07:10:03","",""
"MILK","","Point of Sale","1","1x 12oz/Medium","198","2025-12-07 07:07:48","2025-12-07 07:11:06","",""
"MILK","Marshmalllowes","Point of Sale","4","1x 12oz/Medium; 2x 4oz/Pic, Esp, Dop; 1x 12oz/Medium","318","2025-12-07 07:11:06","2025-12-07 07:16:24","",""
"MILK","","Point of Sale","1","1x 8oz/Small","116","2025-12-07 07:16:22","2025-12-07 07:18:18","",""
"MILK","Kele","Point of Sale","1","1x 12oz/Medium","125","2025-12-07 07:18:07","2025-12-07 07:20:12","",""
"MILK","Mitch","Point of Sale","1","1x 16oz/ICED MEDIUM","84","2025-12-07 07:18:49","2025-12-07 07:20:13","",""
"MILK","Patsy","Point of Sale","1","1x 12oz/Medium","189","2025-12-07 07:19:18","2025-12-07 07:22:27","",""
"MILK","Damo","Point of Sale","2","1x 16oz/Large; 1x Babycino","384","2025-12-07 07:20:15","2025-12-07 07:26:39","",""
"MILK","Chris","Point of Sale","5","2x A Sweet Muffin; 1x 4oz/Pic, Esp, Dop; 1x TOASTIE; 1x 16oz/Large","687","2025-12-07 07:21:44","2025-12-07 07:33:11","",""
"MILK","Melissa","Point of Sale","1","1x 12oz/ICED SMALL","396","2025-12-07 07:22:15","2025-12-07 07:28:51","",""
"MILK","Glass of water","Point of Sale","1","1x 16oz/ICED MEDIUM","266","2025-12-07 07:24:03","2025-12-07 07:28:29","",""
"MILK","Hat guy","Point of Sale","2","1x 16oz/ICED MEDIUM; 1x 16oz/ICED MEDIUM","232","2025-12-07 07:27:59","2025-12-07 07:31:51","",""
"MILK","Cycle","Point of Sale","2","1x 12oz/Medium; 1x A Sweet Muffin","315","2025-12-07 07:28:59","2025-12-07 07:34:14","",""
"MILK","Spikt cycle","Point of Sale","2","1x Breakfast Wrap; 1x 8oz/Small","288","2025-12-07 07:29:25","2025-12-07 07:34:13","",""
"MILK","Hlen","Point of Sale","2","2x 4oz/Pic, Esp, Dop","339","2025-12-07 07:30:05","2025-12-07 07:35:44","",""
"MILK","Visor hat lady","Point of Sale","3","1x Pupacino; 1x 12oz/ICED SMALL; 1x 8oz/Small","410","2025-12-07 07:30:32","2025-12-07 07:37:22","",""
"MILK","","Point of Sale","1","1x A Cookie","273","2025-12-07 07:31:20","2025-12-07 07:35:53","",""
"MILK","Michael","Point of Sale","1","1x 12oz/Medium","343","2025-12-07 07:31:41","2025-12-07 07:37:24","",""
"MILK","69071085","Square Online","1","1x 8oz/Small","331","2025-12-07 07:32:43","2025-12-07 07:38:14","2025-12-07 07:32:39",""
"MILK","Kaz ","Point of Sale","1","1x 12oz/Medium","172","2025-12-07 07:40:29","2025-12-07 07:43:21","",""
"MILK","","Point of Sale","1","1x 12oz/Medium","138","2025-12-07 07:45:47","2025-12-07 07:48:05","",""
"MILK","","Point of Sale","2","2x 12oz/Medium","130","2025-12-07 07:46:55","2025-12-07 07:49:05","",""
"MILK","","Point of Sale","1","1x 16oz/ICED MEDIUM","232","2025-12-07 07:47:40","2025-12-07 07:51:32","",""
"MILK","","Point of Sale","4","1x 16oz/ICED MEDIUM; 2x Fruit Juice; 1x 12oz/Medium","279","2025-12-07 07:48:24","2025-12-07 07:53:03","",""
"MILK","Half sufar","Point of Sale","1","1x 12oz/Medium","163","2025-12-07 07:50:42","2025-12-07 07:53:25","",""
"MILK","Marron signket","Point of Sale","3","1x 16oz/Large; 2x Babycino","205","2025-12-07 07:51:59","2025-12-07 07:55:24","",""
"MILK","","Point of Sale","2","1x 12oz/ICED SMALL; 1x Sweet Pastry","246","2025-12-07 07:52:52","2025-12-07 07:56:58","",""
"MILK","","Point of Sale","2","1x 12oz/ICED SMALL; 1x 6oz","130","2025-12-07 07:54:48","2025-12-07 07:56:58","",""
"MILK","","Point of Sale","1","1x 16oz/Large","128","2025-12-07 07:56:34","2025-12-07 07:58:42","",""
"MILK","","Point of Sale","2","1x 8oz/Small; 1x 8oz/Small","111","2025-12-07 08:05:39","2025-12-07 08:07:30","",""
"MILK","Christian","Point of Sale","2","1x 12oz/Medium; 1x Babycino","174","2025-12-07 08:06:01","2025-12-07 08:08:55","",""
"MILK","Lady","Point of Sale","1","1x 8oz/Small","215","2025-12-07 08:06:22","2025-12-07 08:09:57","",""
"MILK","Rvca","Point of Sale","2","1x 12oz/Medium; 1x 16oz/Large","162","2025-12-07 08:08:04","2025-12-07 08:10:46","",""
"MILK","","Point of Sale","4","1x 12oz/ICED SMALL; 3x Pupacino","53","2025-12-07 08:11:08","2025-12-07 08:12:01","",""
"MILK","","Point of Sale","2","1x 12oz/ICED SMALL; 1x Ham And Cheese Croissant","290","2025-12-07 08:12:22","2025-12-07 08:17:12","",""
"MILK","","Point of Sale","2","1x 12oz/ICED SMALL; 1x Ham And Cheese Croissant","271","2025-12-07 08:12:42","2025-12-07 08:17:13","",""
"MILK","Dave","Point of Sale","1","1x 12oz/Medium","113","2025-12-07 08:13:39","2025-12-07 08:15:32","",""
"MILK","","Point of Sale","2","1x 12oz/ICED SMALL; 1x 8oz/Small","182","2025-12-07 08:14:14","2025-12-07 08:17:16","",""
"MILK","","Point of Sale","2","1x 12oz/Medium; 1x 16oz/ICED MEDIUM","116","2025-12-07 08:17:21","2025-12-07 08:19:17","",""
"MILK","Beuneyte kady","Point of Sale","1","1x 8oz/Small","139","2025-12-07 08:17:40","2025-12-07 08:19:59","",""
"MILK","","Point of Sale","2","1x 4oz/Pic, Esp, Dop; 1x 8oz/Small","204","2025-12-07 08:18:58","2025-12-07 08:22:22","",""
"MILK","Plunged","Point of Sale","1","1x ","160","2025-12-07 08:19:43","2025-12-07 08:22:23","",""
"MILK","Bro","Point of Sale","3","1x 16oz/Large; 1x Babycino; 1x 16oz/ICED MEDIUM","276","2025-12-07 08:20:10","2025-12-07 08:24:46","",""
"MILK","","Point of Sale","1","1x 12oz/ICED SMALL","254","2025-12-07 08:20:34","2025-12-07 08:24:48","",""
"MILK","","Point of Sale","2","1x 8oz/Small; 1x 12oz/Medium","361","2025-12-07 08:23:38","2025-12-07 08:29:39","",""
"MILK","","Point of Sale","1","1x 12oz/Medium","88","2025-12-07 08:28:11","2025-12-07 08:29:39","",""
"MILK","","Point of Sale","2","1x TOASTIE; 1x 16oz/Large","442","2025-12-07 08:30:27","2025-12-07 08:37:49","",""
"MILK","Karen","Point of Sale","2","1x 16oz/ICED MEDIUM; 1x 20oz\ICED LARGE","209","2025-12-07 08:31:59","2025-12-07 08:35:28","",""
"MILK","","Point of Sale","2","1x 12oz/Medium; 1x 12oz/Medium","114","2025-12-07 08:34:32","2025-12-07 08:36:26","",""
"MILK","","Point of Sale","1","1x 12oz/Medium","98","2025-12-07 08:36:26","2025-12-07 08:38:04","",""
"MILK","","Point of Sale","1","1x 6oz","117","2025-12-07 08:37:45","2025-12-07 08:39:42","",""
"MILK","1 withb sugar","Point of Sale","2","2x 16oz/ICED MEDIUM","174","2025-12-07 08:39:53","2025-12-07 08:42:47","",""
"MILK","","Point of Sale","1","1x 8oz/Small","92","2025-12-07 08:42:45","2025-12-07 08:44:17","",""
"MILK","","Point of Sale","2","1x TOASTIE; 1x Famous Soda","10","2025-12-07 08:44:39","2025-12-07 08:44:49","",""
"MILK","","Point of Sale","2","1x 12oz/Medium; 1x 12oz/ICED SMALL","89","2025-12-07 08:45:05","2025-12-07 08:46:34","",""
"MILK","","Point of Sale","2","1x 12oz/Medium; 1x 12oz/Medium","198","2025-12-07 08:45:23","2025-12-07 08:48:41","",""
"MILK","","Point of Sale","1","1x 12oz/Medium","97","2025-12-07 08:47:28","2025-12-07 08:49:05","",""
"MILK","","Point of Sale","6","1x 12oz/Medium; 4x Sweet Pastry; 1x 12oz/Medium","114","2025-12-07 08:50:35","2025-12-07 08:52:29","",""
"MILK","","Point of Sale","1","1x 16oz/Large","91","2025-12-07 08:52:29","2025-12-07 08:54:00","",""
"MILK","Dine in","Point of Sale","2","1x 12oz/ICED SMALL; 1x 6oz","60","2025-12-07 08:57:08","2025-12-07 08:58:08","",""
"MILK","","Point of Sale","1","1x 12oz/Medium","141","2025-12-07 08:57:25","2025-12-07 08:59:46","",""
"MILK","","Point of Sale","1","1x 12oz/Medium","46","2025-12-07 08:59:01","2025-12-07 08:59:47","",""
"MILK","Beige","Point of Sale","1","1x 12oz/Medium","113","2025-12-07 09:00:38","2025-12-07 09:02:31","",""
"MILK","Dude and girl","Point of Sale","2","1x 8oz/Small; 1x 12oz/ICED SMALL","128","2025-12-07 09:01:37","2025-12-07 09:03:45","",""
"MILK","Anastaiao and rob","Point of Sale","2","1x 12oz/Medium; 1x 16oz/Large","133","2025-12-07 09:02:10","2025-12-07 09:04:23","",""
"MILK","","Point of Sale","9","3x Sweet Pastry; 2x Babycino; 2x 8oz/Small; 1x 12oz/Medium; 1x 8oz/Small","279","2025-12-07 09:03:20","2025-12-07 09:07:59","",""
"MILK","Lady grey shrit","Point of Sale","1","1x 12oz/ICED SMALL","219","2025-12-07 09:03:50","2025-12-07 09:07:29","",""
"MILK","","Point of Sale","2","1x 8oz/Small; 1x 8oz/Small","282","2025-12-07 09:04:31","2025-12-07 09:09:13","",""
"MILK","Dine in","Point of Sale","3","1x Ham And Cheese Croissant; 2x 20oz\ICED LARGE","307","2025-12-07 09:05:05","2025-12-07 09:10:12","",""
"MILK","Ginger hair","Point of Sale","1","1x 16oz/ICED MEDIUM","408","2025-12-07 09:05:51","2025-12-07 09:12:39","",""
"MILK","Dyulan","Point of Sale","2","1x 12oz/Medium; 1x 12oz/Medium","489","2025-12-07 09:06:19","2025-12-07 09:14:28","",""
"MILK","Patagonia hat","Point of Sale","1","1x 20oz\ICED LARGE","273","2025-12-07 09:08:05","2025-12-07 09:12:38","",""
"MILK","","Point of Sale","3","1x 16oz/ICED MEDIUM; 1x 8oz/Small; 1x 500g Beans","271","2025-12-07 09:13:27","2025-12-07 09:17:58","",""
"MILK","Underrarmour","Point of Sale","1","1x 16oz/ICED MEDIUM","196","2025-12-07 09:14:41","2025-12-07 09:17:57","",""
"MILK","Deus hats","Point of Sale","2","1x 12oz/Medium; 1x 8oz/Small","205","2025-12-07 09:15:21","2025-12-07 09:18:46","",""
"MILK","Hat lskd","Point of Sale","2","1x 6oz; 1x 16oz/ICED MEDIUM","163","2025-12-07 09:17:07","2025-12-07 09:19:50","",""
"MILK","Gym guy","Point of Sale","2","2x 16oz/Large","213","2025-12-07 09:18:01","2025-12-07 09:21:34","",""
"MILK","","Point of Sale","1","1x 500g Beans","8","2025-12-07 09:21:57","2025-12-07 09:22:05","",""
"MILK","","Point of Sale","2","1x 12oz/Medium; 1x ","81","2025-12-07 09:22:50","2025-12-07 09:24:11","",""
"MILK","","Point of Sale","2","1x Pupacino; 1x 8oz/Small","101","2025-12-07 09:23:58","2025-12-07 09:25:39","",""
"MILK","","Point of Sale","2","1x 500g Beans; 1x 12oz/Medium","97","2025-12-07 09:26:54","2025-12-07 09:28:31","",""
"MILK","","Point of Sale","1","1x 12oz/Medium","56","2025-12-07 09:29:44","2025-12-07 09:30:40","",""
"MILK","","Point of Sale","2","1x A Sweet Muffin; 1x 12oz/ICED SMALL","138","2025-12-07 09:35:07","2025-12-07 09:37:25","",""
"MILK","","Point of Sale","2","1x Pupacino; 1x 4oz/Pic, Esp, Dop","65","2025-12-07 09:39:04","2025-12-07 09:40:09","",""
"MILK","","Point of Sale","2","1x TOASTIE; 1x 16oz/Large","457","2025-12-07 09:43:23","2025-12-07 09:51:00","",""
"MILK","","Point of Sale","2","1x 12oz/Medium; 1x Sweet Pastry","153","2025-12-07 09:43:38","2025-12-07 09:46:11","",""
"MILK","","Point of Sale","1","1x 12oz/Medium","149","2025-12-07 09:44:33","2025-12-07 09:47:02","",""
"MILK","","Point of Sale","1","1x ","73","2025-12-07 09:45:49","2025-12-07 09:47:02","",""
"MILK","","Point of Sale","1","1x A Sweet Muffin","343","2025-12-07 09:53:41","2025-12-07 09:59:24","",""
"MILK","","Point of Sale","2","1x 4oz/Pic, Esp, Dop; 1x 16oz/ICED MEDIUM","130","2025-12-07 09:57:15","2025-12-07 09:59:25","",""
"MILK","","Point of Sale","2","1x 16oz/ICED MEDIUM; 1x 16oz/ICED MEDIUM","157","2025-12-07 09:57:45","2025-12-07 10:00:22","",""
"MILK","","Point of Sale","1","1x 16oz/ICED MEDIUM","126","2025-12-07 10:05:45","2025-12-07 10:07:51","",""
"MILK","","Point of Sale","1","1x 12oz/Medium","230","2025-12-07 10:07:19","2025-12-07 10:11:09","",""
"MILK","","Point of Sale","1","1x 12oz/Medium","53","2025-12-07 10:10:17","2025-12-07 10:11:10","",""
"MILK","","Point of Sale","3","1x ; 2x 12oz/Medium","257","2025-12-07 10:14:09","2025-12-07 10:18:26","",""
"MILK","Sam","Point of Sale","3","2x 16oz/Large; 1x 12oz/Medium","205","2025-12-07 10:15:02","2025-12-07 10:18:27","",""
"MILK","","Point of Sale","1","1x 12oz/ICED SMALL","120","2025-12-07 10:23:45","2025-12-07 10:25:45","",""
"MILK","","Point of Sale","1","1x 12oz/Medium","405","2025-12-07 10:25:52","2025-12-07 10:32:37","",""
"MILK","","Point of Sale","2","1x 12oz/ICED SMALL; 1x 4oz/Pic, Esp, Dop","375","2025-12-07 10:26:22","2025-12-07 10:32:37","",""
"MILK","Kieranj","Point of Sale","3","1x 8oz/Small; 1x A Sweet Muffin; 1x 8oz/Small","357","2025-12-07 10:34:20","2025-12-07 10:40:17","",""
"MILK","","Point of Sale","2","1x 8oz/Small; 1x 12oz/Medium","255","2025-12-07 10:36:03","2025-12-07 10:40:18","",""
"MILK","","Point of Sale","1","1x 16oz/Large","226","2025-12-07 10:36:33","2025-12-07 10:40:19","",""
"MILK","Trent","Point of Sale","1","1x 20oz\ICED LARGE","369","2025-12-07 10:39:25","2025-12-07 10:45:34","",""
"MILK","","Point of Sale","2","1x 16oz/ICED MEDIUM; 1x 12oz/Medium","340","2025-12-07 10:39:55","2025-12-07 10:45:35","",""
"MILK","","Point of Sale","1","1x ","124","2025-12-07 10:45:36","2025-12-07 10:47:40","",""
"MILK","","Point of Sale","2","1x A Sweet Muffin; 1x 16oz/Large","249","2025-12-07 10:51:45","2025-12-07 10:55:54","",""
"MILK","","Point of Sale","1","1x 16oz/ICED MEDIUM","141","2025-12-07 10:55:29","2025-12-07 10:57:50","",""
"MILK","","Point of Sale","1","1x 16oz/ICED MEDIUM","120","2025-12-07 10:55:50","2025-12-07 10:57:50","",""
"MILK","","Point of Sale","1","1x 8oz/Small","2975","2025-12-08 04:45:49","2025-12-08 05:35:24","",""
"MILK","","Point of Sale","2","2x 4oz/Pic, Esp, Dop","2471","2025-12-08 04:54:13","2025-12-08 05:35:24","",""
"MILK","","Point of Sale","2","1x 20oz\ICED LARGE; 1x Ham And Cheese Croissant","1903","2025-12-08 05:03:42","2025-12-08 05:35:25","",""
"MILK","","Point of Sale","1","1x 12oz/Medium","1846","2025-12-08 05:04:39","2025-12-08 05:35:25","",""
"MILK","","Point of Sale","2","1x Ham And Cheese Croissant; 1x 16oz/Large","1713","2025-12-08 05:06:52","2025-12-08 05:35:25","",""
"MILK","","Point of Sale","1","1x 12oz/Medium","1638","2025-12-08 05:08:09","2025-12-08 05:35:27","",""
"MILK","","Point of Sale","1","1x 12oz/Medium","1446","2025-12-08 05:11:22","2025-12-08 05:35:28","",""
"MILK","","Point of Sale","1","1x 16oz/ICED MEDIUM","1219","2025-12-08 05:15:09","2025-12-08 05:35:28","",""
"MILK","","Point of Sale","1","1x 16oz/Large","1064","2025-12-08 05:17:44","2025-12-08 05:35:28","",""
"MILK","","Point of Sale","1","1x 12oz/Medium","983","2025-12-08 05:19:06","2025-12-08 05:35:29","",""
"MILK","","Point of Sale","1","1x 12oz/Medium","3259","2025-12-08 05:20:20","2025-12-08 06:14:39","",""
"MILK","","Point of Sale","1","1x 12oz/Medium","3101","2025-12-08 05:22:58","2025-12-08 06:14:39","",""
"MILK","","Point of Sale","1","1x 16oz/ICED MEDIUM","2778","2025-12-08 05:28:21","2025-12-08 06:14:39","",""
"MILK","","Point of Sale","1","1x 16oz/Large","2750","2025-12-08 05:28:51","2025-12-08 06:14:41","",""
"MILK","","Point of Sale","1","1x 12oz/ICED SMALL","2620","2025-12-08 05:31:01","2025-12-08 06:14:41","",""
"MILK","","Point of Sale","3","1x 16oz/Large; 1x 16oz/Large; 1x Babycino","461","2025-12-08 05:31:47","2025-12-08 05:39:28","",""
"MILK","","Point of Sale","1","1x 8oz/Small","445","2025-12-08 05:32:03","2025-12-08 05:39:28","",""
"MILK","Lil girl","Point of Sale","1","1x 8oz/Small","402","2025-12-08 05:32:47","2025-12-08 05:39:29","",""
"MILK","","Point of Sale","2","1x 12oz/Medium; 1x 8oz/Small","428","2025-12-08 05:33:19","2025-12-08 05:40:27","",""
"MILK","","Point of Sale","3","1x 12oz/Medium; 1x 12oz/Medium; 1x 16oz/ICED MEDIUM","526","2025-12-08 05:33:56","2025-12-08 05:42:42","",""
"MILK","Hoodie","Point of Sale","1","1x 16oz/Large","513","2025-12-08 05:34:11","2025-12-08 05:42:44","",""
"MILK","","Point of Sale","1","1x 12oz/Medium","585","2025-12-08 05:34:23","2025-12-08 05:44:08","",""
"MILK","Trade","Point of Sale","1","1x 4oz/Pic, Esp, Dop","458","2025-12-08 05:36:31","2025-12-08 05:44:09","",""
"MILK","","Point of Sale","3","3x 6oz","747","2025-12-08 05:38:37","2025-12-08 05:51:04","",""
"MILK","Tradie beard","Point of Sale","2","1x 12oz/Medium; 1x 16oz/Large","691","2025-12-08 05:39:33","2025-12-08 05:51:04","",""
"MILK","","Point of Sale","1","1x 12oz/Medium","523","2025-12-08 05:42:22","2025-12-08 05:51:05","",""
"MILK","","Point of Sale","1","1x 4oz/Pic, Esp, Dop","189","2025-12-08 05:47:57","2025-12-08 05:51:06","",""
"MILK","","Point of Sale","1","1x 6oz","1031","2025-12-08 05:48:28","2025-12-08 06:05:39","",""
"MILK","","Point of Sale","3","2x Pupacino; 1x 6oz","983","2025-12-08 05:49:17","2025-12-08 06:05:40","",""
"MILK","","Point of Sale","1","1x 12oz/Medium","904","2025-12-08 05:50:36","2025-12-08 06:05:40","",""
"MILK","","Point of Sale","1","1x 6oz","739","2025-12-08 05:53:21","2025-12-08 06:05:40","",""
"MILK","","Point of Sale","2","1x 12oz/Medium; 1x 4oz/Pic, Esp, Dop","600","2025-12-08 05:55:42","2025-12-08 06:05:42","",""
"MILK","","Point of Sale","1","1x 8oz/Small","579","2025-12-08 05:56:03","2025-12-08 06:05:42","",""
"MILK","","Point of Sale","3","1x 8oz/Small; 1x 12oz/Medium; 1x 8oz/Small","410","2025-12-08 05:58:52","2025-12-08 06:05:42","",""
"MILK","","Point of Sale","2","1x 6oz; 1x 12oz/Medium","283","2025-12-08 06:05:21","2025-12-08 06:10:04","",""
"MILK","","Point of Sale","2","1x 12oz/Medium; 1x 12oz/Medium","414","2025-12-08 06:05:58","2025-12-08 06:12:52","",""
"MILK","Dlpiubke magics","Point of Sale","2","2x 12oz/Medium","380","2025-12-08 06:06:33","2025-12-08 06:12:53","",""
"MILK","","Point of Sale","3","1x 12oz/Medium; 1x 12oz/Medium; 1x 500g Beans","464","2025-12-08 06:06:54","2025-12-08 06:14:38","",""
"MILK","","Point of Sale","2","1x 8oz/Small; 1x TOASTIE","513","2025-12-08 06:08:29","2025-12-08 06:17:02","",""
"MILK","Pink ","Point of Sale","1","1x 16oz/ICED MEDIUM","399","2025-12-08 06:10:24","2025-12-08 06:17:03","",""
"MILK","Balck","Point of Sale","1","1x 8oz/Small","376","2025-12-08 06:10:47","2025-12-08 06:17:03","",""
"MILK","","Point of Sale","1","1x 16oz/Large","761","2025-12-08 06:11:13","2025-12-08 06:23:54","",""
"MILK","","Point of Sale","1","1x 8oz/Small","477","2025-12-08 06:15:58","2025-12-08 06:23:55","",""
"MILK","","Point of Sale","2","1x 16oz/Large; 1x 12oz/Medium","456","2025-12-08 06:16:19","2025-12-08 06:23:55","",""
"MILK","Kaeren","Point of Sale","1","1x 12oz/Medium","291","2025-12-08 06:19:05","2025-12-08 06:23:56","",""
"MILK","","Point of Sale","1","1x 12oz/ICED SMALL","268","2025-12-08 06:19:28","2025-12-08 06:23:56","",""
"MILK","","Point of Sale","1","1x 12oz/Medium","316","2025-12-08 06:23:21","2025-12-08 06:28:37","",""
"MILK","","Point of Sale","2","2x 8oz/Small","232","2025-12-08 06:24:45","2025-12-08 06:28:37","",""
"MILK","","Point of Sale","1","1x 12oz/Medium","237","2025-12-08 06:26:16","2025-12-08 06:30:13","",""
"MILK","","Point of Sale","2","1x 8oz/Small; 1x Babycino","814","2025-12-08 06:26:39","2025-12-08 06:40:13","",""
"MILK","","Point of Sale","1","1x 20oz\ICED LARGE","198","2025-12-08 06:26:55","2025-12-08 06:30:13","",""
"MILK","","Point of Sale","1","1x 6oz","738","2025-12-08 06:27:55","2025-12-08 06:40:13","",""
"MILK","","Point of Sale","1","1x 12oz/ICED SMALL","557","2025-12-08 06:30:55","2025-12-08 06:40:12","",""
"MILK","","Point of Sale","1","1x 8oz/Small","429","2025-12-08 06:33:02","2025-12-08 06:40:11","",""
"MILK","","Point of Sale","1","1x 8oz/Small","406","2025-12-08 06:33:25","2025-12-08 06:40:11","",""
"MILK","Ekliee","Point of Sale","1","1x 4oz/Pic, Esp, Dop","627","2025-12-08 06:34:32","2025-12-08 06:44:59","",""
"MILK","","Point of Sale","2","1x 8oz/Small; 1x A Sweet Muffin","282","2025-12-08 06:40:16","2025-12-08 06:44:58","",""
"MILK","","Point of Sale","1","1x 8oz/Small","219","2025-12-08 06:41:18","2025-12-08 06:44:57","",""
"MILK","","Point of Sale","1","1x 12oz/Medium","199","2025-12-08 06:41:37","2025-12-08 06:44:56","",""
"MILK","","Point of Sale","1","1x 16oz/ICED MEDIUM","177","2025-12-08 06:41:59","2025-12-08 06:44:56","",""
"MILK","","Point of Sale","1","1x ","484","2025-12-08 06:42:41","2025-12-08 06:50:45","",""
"MILK","Orange trade","Point of Sale","1","1x 16oz/Large","463","2025-12-08 06:43:03","2025-12-08 06:50:46","",""
"MILK","","Point of Sale","7","1x 12oz/Medium; 1x 12oz/Medium; 1x 8oz/Small; 1x A Sweet Muffin; 2x Babycino; 1x 20oz\ICED LARGE","421","2025-12-08 06:43:46","2025-12-08 06:50:47","",""
"MILK","","Point of Sale","1","1x 12oz/Medium","501","2025-12-08 06:44:26","2025-12-08 06:52:47","",""
"MILK","Milosd","Point of Sale","1","1x 16oz/ICED MEDIUM","504","2025-12-08 06:47:29","2025-12-08 06:55:53","",""
"MILK","","Point of Sale","2","1x 20oz\ICED LARGE; 1x 16oz/Large","474","2025-12-08 06:48:00","2025-12-08 06:55:54","",""
"MILK","Red hat girl","Point of Sale","2","1x 12oz/ICED SMALL; 1x 8oz/Small","531","2025-12-08 06:49:15","2025-12-08 06:58:06","",""
"MILK","","Point of Sale","4","1x 6oz; 1x 8oz/Small; 1x 16oz/Large; 1x Babycino","452","2025-12-08 06:52:21","2025-12-08 06:59:53","",""
"MILK","Blakcgyjmcwear","Point of Sale","2","2x 16oz/ICED MEDIUM","678","2025-12-08 06:52:42","2025-12-08 07:04:00","",""
"MILK","Blue keep","Point of Sale","1","1x 16oz/Large","663","2025-12-08 06:52:57","2025-12-08 07:04:00","",""
"MILK","Littlw bluew man","Point of Sale","1","1x 8oz/Small","759","2025-12-08 06:53:37","2025-12-08 07:06:16","",""
"MILK","Colour","Point of Sale","2","1x Breakfast Wrap; 1x 20oz\ICED LARGE","577","2025-12-08 06:56:39","2025-12-08 07:06:16","",""
"MILK","","Point of Sale","1","1x 12oz/Medium","527","2025-12-08 06:57:30","2025-12-08 07:06:17","",""
"MILK","","Point of Sale","1","1x 16oz/Large","820","2025-12-08 07:02:27","2025-12-08 07:16:07","",""
"MILK","","Point of Sale","1","1x 8oz/Small","772","2025-12-08 07:03:15","2025-12-08 07:16:07","",""
"MILK","","Point of Sale","2","1x 16oz/ICED MEDIUM; 1x 12oz/Medium","332","2025-12-08 07:10:37","2025-12-08 07:16:09","",""
"MILK","","Point of Sale","4","1x 12oz/ICED SMALL; 3x Pupacino","284","2025-12-08 07:11:25","2025-12-08 07:16:09","",""
"MILK","Damo","Point of Sale","2","1x 16oz/Large; 1x Babycino","401","2025-12-08 07:12:12","2025-12-08 07:18:53","",""
"MILK","","Point of Sale","1","1x 12oz/ICED SMALL","330","2025-12-08 07:13:24","2025-12-08 07:18:54","",""
"MILK","","Point of Sale","1","1x 8oz/Small","315","2025-12-08 07:13:39","2025-12-08 07:18:54","",""
"MILK","","Point of Sale","1","1x 16oz/Large","223","2025-12-08 07:15:12","2025-12-08 07:18:55","",""
"MILK","","Point of Sale","2","1x 12oz/Medium; 1x ","403","2025-12-08 07:20:03","2025-12-08 07:26:46","",""
"MILK","","Point of Sale","1","1x 4oz/Pic, Esp, Dop","387","2025-12-08 07:20:19","2025-12-08 07:26:46","",""
"MILK","","Point of Sale","1","1x 16oz/ICED MEDIUM","289","2025-12-08 07:21:57","2025-12-08 07:26:46","",""
"MILK","","Point of Sale","1","1x 16oz/Large","254","2025-12-08 07:22:34","2025-12-08 07:26:48","",""
"MILK","309081774","Square Online","2","1x 6oz; 1x 12oz/Medium","105","2025-12-08 07:25:02","2025-12-08 07:26:47","2025-12-08 07:24:58",""
"MILK","Marc","Point of Sale","1","1x 12oz/Medium","337","2025-12-08 07:25:51","2025-12-08 07:31:28","",""
"MILK","","Point of Sale","2","1x 8oz/Small; 1x 16oz/Large","314","2025-12-08 07:26:13","2025-12-08 07:31:27","",""
"MILK","Banff","Point of Sale","1","1x 12oz/Medium","291","2025-12-08 07:26:35","2025-12-08 07:31:26","",""
"MILK","Grweejn and blavk","Point of Sale","1","1x 6oz","492","2025-12-08 07:28:08","2025-12-08 07:36:20","",""
"MILK","","Point of Sale","1","1x 16oz/Large","472","2025-12-08 07:28:28","2025-12-08 07:36:20","",""
"MILK","","Point of Sale","1","1x 12oz/ICED SMALL","307","2025-12-08 07:31:13","2025-12-08 07:36:20","",""
"MILK","","Point of Sale","1","1x 12oz/Medium","92","2025-12-08 07:34:47","2025-12-08 07:36:19","",""
"MILK","","Point of Sale","2","1x 8oz/Small; 1x 12oz/Medium","464","2025-12-08 07:36:10","2025-12-08 07:43:54","",""
"MILK","","Point of Sale","1","1x 8oz/Small","453","2025-12-08 07:36:22","2025-12-08 07:43:55","",""
"MILK","","Point of Sale","1","1x 8oz/Small","240","2025-12-08 07:39:55","2025-12-08 07:43:55","",""
"MILK","","Point of Sale","1","1x 12oz/Medium","225","2025-12-08 07:40:10","2025-12-08 07:43:55","",""
"MILK","","Point of Sale","1","1x 16oz/Large","205","2025-12-08 07:40:31","2025-12-08 07:43:56","",""
"MILK","478399353","Square Online","2","1x 16oz/ICED MEDIUM; 1x 12oz/ICED SMALL","621","2025-12-08 07:45:40","2025-12-08 07:56:01","2025-12-08 07:45:35",""
"MILK","","Point of Sale","3","2x 6oz; 1x 16oz/ICED MEDIUM","547","2025-12-08 07:46:53","2025-12-08 07:56:00","",""
"MILK","","Point of Sale","1","1x 16oz/Large","511","2025-12-08 07:47:31","2025-12-08 07:56:02","",""
"MILK","","Point of Sale","1","1x 6oz","244","2025-12-08 07:51:56","2025-12-08 07:56:00","",""
"MILK","","Point of Sale","1","1x 12oz/Medium","426","2025-12-08 07:55:52","2025-12-08 08:02:58","",""
"MILK","","Point of Sale","1","1x 16oz/ICED MEDIUM","194","2025-12-08 07:59:45","2025-12-08 08:02:59","",""
"MILK","","Point of Sale","2","1x 12oz/ICED SMALL; 1x Pupacino","148","2025-12-08 08:00:31","2025-12-08 08:02:59","",""
"MILK","","Point of Sale","2","1x 16oz/Large; 1x 16oz/ICED MEDIUM","231","2025-12-08 08:01:11","2025-12-08 08:05:02","",""
"MILK","","Point of Sale","1","1x 12oz/Medium","287","2025-12-08 08:02:27","2025-12-08 08:07:14","",""
"MILK","","Point of Sale","1","1x 20oz\ICED LARGE","228","2025-12-08 08:03:27","2025-12-08 08:07:15","",""
"MILK","Luc","Point of Sale","1","1x 6oz","236","2025-12-08 08:04:06","2025-12-08 08:08:02","",""
"MILK","Marine","Point of Sale","1","1x 16oz/Large","301","2025-12-08 08:04:41","2025-12-08 08:09:42","",""
"MILK","Marine","Point of Sale","1","1x 12oz/Medium","709","2025-12-08 08:04:53","2025-12-08 08:16:42","",""
"MILK","","Point of Sale","1","1x 12oz/Medium","693","2025-12-08 08:05:11","2025-12-08 08:16:44","",""
"MILK","Mairnw","Point of Sale","1","1x 8oz/Small","679","2025-12-08 08:05:25","2025-12-08 08:16:44","",""
"MILK","","Point of Sale","3","1x Sweet Pastry; 1x 12oz/ICED SMALL; 1x Babycino","496","2025-12-08 08:08:29","2025-12-08 08:16:45","",""
"MILK","","Point of Sale","2","1x ; 1x 8oz/Small","109","2025-12-08 08:14:57","2025-12-08 08:16:46","",""
"MILK","","Point of Sale","1","1x 12oz/Medium","373","2025-12-08 08:16:28","2025-12-08 08:22:41","",""
"MILK","Mikwe ","Point of Sale","2","1x 12oz/Medium; 1x 12oz/Medium","351","2025-12-08 08:16:50","2025-12-08 08:22:41","",""
"MILK","","Point of Sale","1","1x 8oz/Small","170","2025-12-08 08:19:51","2025-12-08 08:22:41","",""
"MILK","Matythew","Point of Sale","1","1x 6oz","650","2025-12-08 08:23:15","2025-12-08 08:34:05","",""
"MILK","","Point of Sale","1","1x 8oz/Small","561","2025-12-08 08:24:45","2025-12-08 08:34:06","",""
"MILK","","Point of Sale","1","1x TOASTIE","1145","2025-12-08 08:30:17","2025-12-08 08:49:22","",""
"MILK","","Point of Sale","1","1x 12oz/Medium","62","2025-12-08 08:33:09","2025-12-08 08:34:11","",""
"MILK","","Point of Sale","1","1x 16oz/ICED MEDIUM","100","2025-12-08 08:33:32","2025-12-08 08:35:12","",""
"MILK","","Point of Sale","2","1x Sweet Pastry; 1x 20oz\ICED LARGE","928","2025-12-08 08:33:54","2025-12-08 08:49:22","",""
"MILK","","Point of Sale","2","1x 16oz/ICED MEDIUM; 1x A Sweet Muffin","686","2025-12-08 08:37:57","2025-12-08 08:49:23","",""
"MILK","","Point of Sale","1","1x 8oz/Small","673","2025-12-08 08:38:08","2025-12-08 08:49:21","",""
"MILK","","Point of Sale","1","1x 8oz/Small","326","2025-12-08 08:43:56","2025-12-08 08:49:22","",""
"MILK","","Point of Sale","2","1x 12oz/Medium; 1x A Sweet Muffin","220","2025-12-08 08:45:46","2025-12-08 08:49:26","",""
"MILK","","Point of Sale","1","1x 8oz/Small","391","2025-12-08 08:46:22","2025-12-08 08:52:53","",""
"MILK","","Point of Sale","2","1x 12oz/ICED SMALL; 1x 8oz/Small","238","2025-12-08 08:48:55","2025-12-08 08:52:53","",""
"MILK","","Point of Sale","1","1x 8oz/Small","142","2025-12-08 08:50:31","2025-12-08 08:52:53","",""
"MILK","","Point of Sale","1","1x 8oz/Small","410","2025-12-08 08:54:42","2025-12-08 09:01:32","",""
"MILK","","Point of Sale","1","1x 12oz/Medium","309","2025-12-08 08:56:23","2025-12-08 09:01:32","",""
"MILK","","Point of Sale","2","1x Pupacino; 1x 8oz/Small","364","2025-12-08 08:56:55","2025-12-08 09:02:59","",""
"MILK","","Point of Sale","2","1x 12oz/ICED SMALL; 1x 8oz/Small","295","2025-12-08 08:58:05","2025-12-08 09:03:00","",""
"MILK","","Point of Sale","2","1x Sweet Pastry; 1x 16oz/Large","250","2025-12-08 08:58:50","2025-12-08 09:03:00","",""
"MILK","","Point of Sale","2","1x 12oz/ICED SMALL; 1x Plain Croissant","289","2025-12-08 09:01:06","2025-12-08 09:05:55","",""
"MILK","Plus luc","Point of Sale","2","1x 6oz; 1x 12oz/ICED SMALL","206","2025-12-08 09:02:29","2025-12-08 09:05:55","",""
"MILK","","Point of Sale","1","1x 16oz/ICED MEDIUM","214","2025-12-08 09:04:05","2025-12-08 09:07:39","",""
"MILK","","Point of Sale","1","1x 12oz/Medium","1033","2025-12-08 09:04:34","2025-12-08 09:21:47","",""
"MILK","","Point of Sale","2","2x 12oz/Medium","228","2025-12-08 09:18:00","2025-12-08 09:21:48","",""
"MILK","","Point of Sale","1","1x 8oz/Small","78","2025-12-08 09:20:30","2025-12-08 09:21:48","",""
"MILK","","Point of Sale","1","1x 12oz/ICED SMALL","66","2025-12-08 09:20:44","2025-12-08 09:21:50","",""
"MILK","","Point of Sale","1","1x Kombucha","44","2025-12-08 09:21:05","2025-12-08 09:21:49","",""
"MILK","","Point of Sale","4","1x 16oz/ICED MEDIUM; 1x 16oz/ICED MEDIUM; 2x A Sweet Muffin","205","2025-12-08 09:22:42","2025-12-08 09:26:07","",""
"MILK","","Point of Sale","1","1x 12oz/Medium","583","2025-12-08 09:25:29","2025-12-08 09:35:12","",""
"MILK","","Point of Sale","1","1x A Cookie","505","2025-12-08 09:26:48","2025-12-08 09:35:13","",""
"MILK","","Point of Sale","1","1x 8oz/Small","242","2025-12-08 09:31:12","2025-12-08 09:35:14","",""
"MILK","","Point of Sale","1","1x 12oz/Medium","227","2025-12-08 09:31:27","2025-12-08 09:35:14","",""
"MILK","","Point of Sale","1","1x Breakfast Wrap","107","2025-12-08 09:33:28","2025-12-08 09:35:15","",""
"MILK","","Point of Sale","1","1x 8oz/Small","556","2025-12-08 09:34:59","2025-12-08 09:44:15","",""
"MILK","","Point of Sale","1","1x 12oz/Medium","539","2025-12-08 09:35:17","2025-12-08 09:44:16","",""
"MILK","","Point of Sale","3","1x 12oz/Medium; 1x 8oz/Small; 1x 12oz/Medium","350","2025-12-08 09:38:27","2025-12-08 09:44:17","",""
"MILK","","Point of Sale","1","1x 16oz/Large","173","2025-12-08 09:42:11","2025-12-08 09:45:04","",""
"MILK","","Point of Sale","2","1x Breakfast Wrap; 1x 16oz/ICED MEDIUM","389","2025-12-08 09:42:42","2025-12-08 09:49:11","",""
"MILK","","Point of Sale","2","1x A Savoury Muffin; 1x 8oz/Small","362","2025-12-08 09:43:10","2025-12-08 09:49:12","",""
"MILK","","Point of Sale","1","1x 12oz/Medium","321","2025-12-08 09:43:29","2025-12-08 09:48:50","",""
"MILK","","Point of Sale","2","1x Fiji Water; 1x 8oz/Small","539","2025-12-08 09:44:47","2025-12-08 09:53:46","",""
"MILK","Enfglad","Point of Sale","1","1x 12oz/ICED SMALL","495","2025-12-08 09:45:31","2025-12-08 09:53:46","",""
"MILK","","Point of Sale","3","1x TOASTIE; 1x Breakfast Wrap; 1x 16oz/Large","470","2025-12-08 09:45:56","2025-12-08 09:53:46","",""
"MILK","Wgit top","Point of Sale","1","1x 12oz/ICED SMALL","209","2025-12-08 09:51:50","2025-12-08 09:55:19","",""
"MILK","","Point of Sale","1","1x 8oz/Small","188","2025-12-08 09:52:11","2025-12-08 09:55:19","",""
"MILK","Brown","Point of Sale","1","1x 12oz/ICED SMALL","159","2025-12-08 09:52:41","2025-12-08 09:55:20","",""
"MILK","","Point of Sale","1","1x 12oz/ICED SMALL","145","2025-12-08 09:52:56","2025-12-08 09:55:21","",""
"MILK","","Point of Sale","1","1x 8oz/Small","182","2025-12-08 09:59:07","2025-12-08 10:02:09","",""
"MILK","","Point of Sale","1","1x 16oz/ICED MEDIUM","164","2025-12-08 09:59:26","2025-12-08 10:02:10","",""
"MILK","","Point of Sale","1","1x 12oz/ICED SMALL","135","2025-12-08 09:59:55","2025-12-08 10:02:10","",""
"MILK","Snowman","Point of Sale","3","1x 12oz/Medium; 1x 12oz/Medium; 1x 12oz/Medium","312","2025-12-08 10:00:29","2025-12-08 10:05:41","",""
"MILK","Grey","Point of Sale","1","1x 12oz/ICED SMALL","282","2025-12-08 10:01:01","2025-12-08 10:05:43","",""
"MILK","Yellow","Point of Sale","2","1x Plain Croissant; 1x 12oz/Medium","491","2025-12-08 10:01:30","2025-12-08 10:09:41","",""
"MILK","Frade","Point of Sale","2","1x TOASTIE; 1x 20oz\ICED LARGE","461","2025-12-08 10:02:01","2025-12-08 10:09:42","",""
"MILK","Moustache","Point of Sale","2","1x 16oz/ICED MEDIUM; 1x 12oz/Medium","484","2025-12-08 10:02:23","2025-12-08 10:10:27","",""
"MILK","","Point of Sale","1","1x 16oz/ICED MEDIUM","228","2025-12-08 10:06:41","2025-12-08 10:10:29","",""
"MILK","","Point of Sale","2","1x TOASTIE; 1x 12oz/ICED SMALL","1017","2025-12-08 10:07:20","2025-12-08 10:24:17","",""
"MILK","","Point of Sale","3","1x Sweet Pastry; 1x TOASTIE; 1x 8oz/Small","989","2025-12-08 10:07:49","2025-12-08 10:24:18","",""
"MILK","","Point of Sale","1","1x 12oz/ICED SMALL","506","2025-12-08 10:08:06","2025-12-08 10:16:32","",""
"MILK","Black lady","Point of Sale","1","1x 6oz","484","2025-12-08 10:08:27","2025-12-08 10:16:31","",""
"MILK","Plus glasses of water","Point of Sale","2","1x TOASTIE; 1x 12oz/ICED SMALL","914","2025-12-08 10:09:04","2025-12-08 10:24:18","",""
"MILK","","Point of Sale","3","1x Fiji Water; 1x 12oz/ICED SMALL; 1x TOASTIE","889","2025-12-08 10:09:29","2025-12-08 10:24:18","",""
"MILK","","Point of Sale","3","1x A Savoury Muffin; 1x A Cookie; 1x 16oz/ICED MEDIUM","848","2025-12-08 10:10:11","2025-12-08 10:24:19","",""
"MILK","Wgote shirt kady","Point of Sale","3","1x TOASTIE; 1x Fruit Juice; 1x 8oz/Small","821","2025-12-08 10:10:39","2025-12-08 10:24:20","",""
"MILK","Fi z","Point of Sale","1","1x 12oz/Medium","509","2025-12-08 10:15:52","2025-12-08 10:24:21","",""
"MILK","Lafy w basby","Point of Sale","1","1x 12oz/ICED SMALL","133","2025-12-08 10:19:48","2025-12-08 10:22:01","",""
"MILK","","Point of Sale","1","1x 16oz/ICED MEDIUM","780","2025-12-08 10:33:00","2025-12-08 10:46:00","",""
"MILK","","Point of Sale","1","1x 8oz/Small","611","2025-12-08 10:35:48","2025-12-08 10:45:59","",""
"MILK","","Point of Sale","2","1x 20oz\ICED LARGE; 1x A Sweet Muffin","1155","2025-12-08 10:49:58","2025-12-08 11:09:13","",""
"MILK","","Point of Sale","1","1x 16oz/ICED MEDIUM","1004","2025-12-08 10:52:29","2025-12-08 11:09:13","",""
"MILK","","Point of Sale","1","1x 16oz/Large","981","2025-12-08 10:52:53","2025-12-08 11:09:14","",""
"MILK","","Point of Sale","2","2x 6oz","727","2025-12-08 10:57:08","2025-12-08 11:09:15","",""
"MILK","","Point of Sale","2","1x Sweet Pastry; 1x 20oz\ICED LARGE","1187","2025-12-08 11:13:43","2025-12-08 11:33:30","",""
"MILK","","Point of Sale","1","1x 8oz/Small","999","2025-12-08 11:16:49","2025-12-08 11:33:28","",""
"MILK","","Point of Sale","2","1x 12oz/Medium; 1x 16oz/ICED MEDIUM","312","2025-12-08 11:28:18","2025-12-08 11:33:30","",""
"MILK","","Point of Sale","3","1x BUTTERBOY; 1x 16oz/Large; 1x 16oz/Large","3797","2025-12-08 11:33:45","2025-12-08 12:37:02","",""
"MILK","","Point of Sale","1","1x 12oz/Medium","3670","2025-12-08 11:35:53","2025-12-08 12:37:03","",""
"MILK","","Point of Sale","1","1x 12oz/Medium","3584","2025-12-08 11:37:21","2025-12-08 12:37:05","",""
"MILK","","Point of Sale","1","1x 6oz","3134","2025-12-08 11:44:50","2025-12-08 12:37:04","",""
"MILK","","Point of Sale","1","1x TOASTIE","2930","2025-12-08 11:48:15","2025-12-08 12:37:05","",""
"MILK","","Point of Sale","2","1x A Savoury Muffin; 1x 8oz/Small","2433","2025-12-08 11:56:33","2025-12-08 12:37:06","",""
"MILK","","Point of Sale","2","1x TOASTIE; 1x 12oz/Medium","1189","2025-12-08 12:17:18","2025-12-08 12:37:07","",""
"MILK","","Point of Sale","1","1x 8oz/Small","1006","2025-12-08 12:22:39","2025-12-08 12:39:25","",""
"MILK","","Point of Sale","3","1x Sweet Pastry; 1x 16oz/Large; 1x 20oz\ICED LARGE","756","2025-12-08 12:26:50","2025-12-08 12:39:26","",""
"MILK","","Point of Sale","3","1x TOASTIE; 1x TOASTIE; 1x 6oz","563","2025-12-08 12:30:03","2025-12-08 12:39:26","",""
"MILK","","Point of Sale","2","1x Fiji Water; 1x 20oz\ICED LARGE","307","2025-12-08 12:34:20","2025-12-08 12:39:27","",""
"MILK","","Point of Sale","2","1x TOASTIE; 1x 4oz/Pic, Esp, Dop","1358","2025-12-08 12:38:11","2025-12-08 13:00:49","",""
"MILK","","Point of Sale","2","1x TOASTIE; 1x 4oz/Pic, Esp, Dop","1308","2025-12-08 12:39:04","2025-12-08 13:00:52","",""
"MILK","","Point of Sale","2","1x TOASTIE; 1x 4oz/Pic, Esp, Dop","1272","2025-12-08 12:39:38","2025-12-08 13:00:50","",""
"MILK","","Point of Sale","1","1x 12oz/ICED SMALL","1231","2025-12-08 12:40:19","2025-12-08 13:00:50","",""
"MILK","","Point of Sale","1","1x 12oz/Medium","99","2025-12-08 12:59:15","2025-12-08 13:00:54","",""
"MILK","","Point of Sale","3","1x 16oz/ICED MEDIUM; 1x 16oz/ICED MEDIUM; 1x ","207","2025-12-08 13:23:20","2025-12-08 13:26:47","",""
"MILK","","Point of Sale","1","1x 12oz/Medium","55787","2025-12-08 13:35:49","2025-12-09 05:05:36","",""
"MILK","","Point of Sale","1","1x 8oz/Small","1810","2025-12-09 04:35:24","2025-12-09 05:05:34","",""
"MILK","","Point of Sale","1","1x 12oz/Medium","242","2025-12-09 05:01:31","2025-12-09 05:05:33","",""
"MILK","","Point of Sale","1","1x 12oz/Medium","185","2025-12-09 05:02:28","2025-12-09 05:05:33","",""
"MILK","","Point of Sale","2","1x A Sweet Muffin; 1x 16oz/Large","721","2025-12-09 05:04:28","2025-12-09 05:16:29","",""
"MILK","","Point of Sale","3","1x 12oz/Medium; 1x Ham And Cheese Croissant; 1x 12oz/Medium","400","2025-12-09 05:09:50","2025-12-09 05:16:30","",""
"MILK","","Point of Sale","1","1x 12oz/Medium","192","2025-12-09 05:13:18","2025-12-09 05:16:30","",""
"MILK","","Point of Sale","1","1x 12oz/Medium","174","2025-12-09 05:13:37","2025-12-09 05:16:31","",""
"MILK","","Point of Sale","1","1x 12oz/Medium","153","2025-12-09 05:13:59","2025-12-09 05:16:32","",""
"MILK","","Point of Sale","1","1x 16oz/ICED MEDIUM","897","2025-12-09 05:14:10","2025-12-09 05:29:07","",""
"MILK","","Point of Sale","2","2x 12oz/Medium","561","2025-12-09 05:19:44","2025-12-09 05:29:05","",""
"MILK","","Point of Sale","1","1x 12oz/Medium","238","2025-12-09 05:25:06","2025-12-09 05:29:04","",""
"MILK","","Point of Sale","1","1x 12oz/Medium","219","2025-12-09 05:25:26","2025-12-09 05:29:05","",""
"MILK","","Point of Sale","1","1x 16oz/Large","371","2025-12-09 05:25:44","2025-12-09 05:31:55","",""
"MILK","","Point of Sale","1","1x 12oz/Medium","236","2025-12-09 05:27:59","2025-12-09 05:31:55","",""
"MILK","","Point of Sale","2","1x 20oz\ICED LARGE; 1x Ham And Cheese Croissant","265","2025-12-09 05:30:14","2025-12-09 05:34:39","",""
"MILK","","Point of Sale","1","1x 4oz/Pic, Esp, Dop","242","2025-12-09 05:30:38","2025-12-09 05:34:40","",""
"MILK","","Point of Sale","1","1x 8oz/Small","208","2025-12-09 05:31:12","2025-12-09 05:34:40","",""
"MILK","","Point of Sale","1","1x 12oz/Medium","491","2025-12-09 05:31:56","2025-12-09 05:40:07","",""
"MILK","Dog","Point of Sale","2","2x 12oz/Medium","455","2025-12-09 05:32:33","2025-12-09 05:40:08","",""
"MILK","929397519","Square Online","3","1x 4oz/Pic, Esp, Dop; 2x 8oz/Small","441","2025-12-09 05:32:47","2025-12-09 05:40:08","2025-12-09 05:32:42",""
"MILK","Rugby jersey","Point of Sale","1","1x 8oz/Small","437","2025-12-09 05:32:51","2025-12-09 05:40:08","",""
"MILK","Grey shirt","Point of Sale","1","1x 6oz","383","2025-12-09 05:35:02","2025-12-09 05:41:25","",""
"MILK","","Point of Sale","3","3x 6oz","594","2025-12-09 05:35:24","2025-12-09 05:45:18","",""
"MILK","Rosie","Point of Sale","1","1x 6oz","559","2025-12-09 05:35:59","2025-12-09 05:45:18","",""
"MILK","All balck","Point of Sale","2","1x 12oz/Medium; 1x 12oz/Medium","426","2025-12-09 05:38:12","2025-12-09 05:45:18","",""
"MILK","Orange","Point of Sale","3","1x Plain Croissant; 1x 4oz/Pic, Esp, Dop; 1x Fruit Juice","381","2025-12-09 05:38:56","2025-12-09 05:45:17","",""
"MILK","Chestee","Point of Sale","3","1x 6oz; 2x Pupacino","556","2025-12-09 05:39:35","2025-12-09 05:48:51","",""
"MILK","Whkite tshirt","Point of Sale","2","2x 16oz/Large","538","2025-12-09 05:39:52","2025-12-09 05:48:50","",""
"MILK","Yellow","Point of Sale","1","1x 12oz/Medium","537","2025-12-09 05:41:05","2025-12-09 05:50:02","",""
"MILK","","Point of Sale","1","1x 12oz/Medium","317","2025-12-09 05:46:23","2025-12-09 05:51:40","",""
"MILK","Long haor","Point of Sale","1","1x 16oz/Large","219","2025-12-09 05:48:01","2025-12-09 05:51:40","",""
"MILK","","Point of Sale","1","1x 6oz","188","2025-12-09 05:50:35","2025-12-09 05:53:43","",""
"MILK","","Point of Sale","1","1x 16oz/ICED MEDIUM","174","2025-12-09 05:50:48","2025-12-09 05:53:42","",""
"MILK","","Point of Sale","2","1x 16oz/Large; 1x 16oz/Large","292","2025-12-09 05:51:25","2025-12-09 05:56:17","",""
"MILK","1074776404","Square Online","1","1x 12oz/Medium","454","2025-12-09 05:51:53","2025-12-09 05:59:27","2025-12-09 05:51:49",""
"MILK","","Point of Sale","3","1x 20oz\ICED LARGE; 1x Ham And Cheese Croissant; 1x 20oz\ICED LARGE","450","2025-12-09 05:51:58","2025-12-09 05:59:28","",""
"MILK","","Point of Sale","1","1x 12oz/Medium","497","2025-12-09 05:52:20","2025-12-09 06:00:37","",""
"MILK","Green cap","Point of Sale","1","1x 6oz","388","2025-12-09 05:54:11","2025-12-09 06:00:39","",""
"MILK","","Point of Sale","2","1x 8oz/Small; 1x 8oz/Small","468","2025-12-09 05:56:44","2025-12-09 06:04:32","",""
"MILK","","Point of Sale","2","2x 12oz/Medium","392","2025-12-09 05:58:00","2025-12-09 06:04:32","",""
"MILK","","Point of Sale","2","1x 12oz/Medium; 1x 4oz/Pic, Esp, Dop","461","2025-12-09 05:59:18","2025-12-09 06:06:59","",""
"MILK","","Point of Sale","2","1x 16oz/ICED MEDIUM; 1x 8oz/Small","541","2025-12-09 05:59:42","2025-12-09 06:08:43","",""
"MILK","Glen other","Point of Sale","1","1x 4oz/Pic, Esp, Dop","529","2025-12-09 05:59:55","2025-12-09 06:08:44","",""
"MILK","Rzy","Point of Sale","2","1x Ham And Cheese Croissant; 1x 16oz/Large","516","2025-12-09 06:00:08","2025-12-09 06:08:44","",""
"MILK","Bezrd","Point of Sale","1","1x 16oz/ICED MEDIUM","618","2025-12-09 06:00:26","2025-12-09 06:10:44","",""
"MILK","","Point of Sale","3","1x 12oz/Medium; 1x 12oz/Medium; 1x 12oz/Medium","563","2025-12-09 06:04:29","2025-12-09 06:13:52","",""
"MILK","Greeny shirt","Point of Sale","5","1x 16oz/ICED MEDIUM; 2x Babycino; 1x 12oz/Medium; 1x 8oz/Small","533","2025-12-09 06:05:00","2025-12-09 06:13:53","",""
"MILK","","Point of Sale","1","1x 12oz/Medium","759","2025-12-09 06:05:14","2025-12-09 06:17:53","",""
"MILK","Mitch","Point of Sale","1","1x 16oz/ICED MEDIUM","733","2025-12-09 06:05:39","2025-12-09 06:17:52","",""
"MILK","","Point of Sale","2","1x Babycino; 1x 8oz/Small","605","2025-12-09 06:07:47","2025-12-09 06:17:52","",""
"MILK","Iced soy keep","Point of Sale","1","1x 12oz/ICED SMALL","515","2025-12-09 06:09:19","2025-12-09 06:17:54","",""
"MILK","","Point of Sale","1","1x 20oz\ICED LARGE","410","2025-12-09 06:10:03","2025-12-09 06:16:53","",""
"MILK","Judy","Point of Sale","4","3x Pupacino; 1x 12oz/ICED SMALL","616","2025-12-09 06:12:04","2025-12-09 06:22:20","",""
"MILK","Marsh daughter","Point of Sale","2","1x 16oz/ICED MEDIUM; 1x 12oz/ICED SMALL","591","2025-12-09 06:12:28","2025-12-09 06:22:19","",""
"MILK","Pink xhirt","Point of Sale","4","1x 16oz/ICED MEDIUM; 1x 16oz/ICED MEDIUM; 2x Ham And Cheese Croissant","448","2025-12-09 06:17:55","2025-12-09 06:25:23","",""
"MILK","Blkue shirt","Point of Sale","2","1x TOASTIE; 1x 6oz","424","2025-12-09 06:18:17","2025-12-09 06:25:21","",""
"MILK","","Point of Sale","1","1x 16oz/Large","765","2025-12-09 06:19:29","2025-12-09 06:32:14","",""
"MILK","","Point of Sale","1","1x 12oz/Medium","699","2025-12-09 06:20:34","2025-12-09 06:32:13","",""
"MILK","","Point of Sale","1","1x 4oz/Pic, Esp, Dop","606","2025-12-09 06:22:06","2025-12-09 06:32:12","",""
"MILK","","Point of Sale","1","1x 6oz","550","2025-12-09 06:23:05","2025-12-09 06:32:15","",""
"MILK","Blzck polo","Point of Sale","1","1x 12oz/Medium","717","2025-12-09 06:24:36","2025-12-09 06:36:33","",""
"MILK","Dads group","Point of Sale","4","3x 8oz/Small; 1x 12oz/Medium","663","2025-12-09 06:25:30","2025-12-09 06:36:33","",""
"MILK","Other black polo","Point of Sale","1","1x 8oz/Small","642","2025-12-09 06:25:50","2025-12-09 06:36:32","",""
"MILK","Toby","Point of Sale","1","1x 12oz/ICED SMALL","958","2025-12-09 06:26:03","2025-12-09 06:42:01","",""
"MILK","Rach","Point of Sale","1","1x 16oz/ICED MEDIUM","923","2025-12-09 06:26:38","2025-12-09 06:42:01","",""
"MILK","","Point of Sale","2","1x 12oz/Medium; 1x 12oz/Medium","646","2025-12-09 06:31:15","2025-12-09 06:42:01","",""
"MILK","","Point of Sale","1","1x 8oz/Small","522","2025-12-09 06:33:17","2025-12-09 06:41:59","",""
"MILK","Kelly","Point of Sale","1","1x 12oz/Medium","1130","2025-12-09 06:39:29","2025-12-09 06:58:19","",""
"MILK","","Point of Sale","1","1x 8oz/Small","871","2025-12-09 06:43:49","2025-12-09 06:58:20","",""
"MILK","","Point of Sale","1","1x 16oz/ICED MEDIUM","765","2025-12-09 06:45:35","2025-12-09 06:58:20","",""
"MILK","","Point of Sale","1","1x 8oz/Small","249","2025-12-09 06:54:12","2025-12-09 06:58:21","",""
"MILK","","Point of Sale","1","1x 16oz/Large","206","2025-12-09 06:54:55","2025-12-09 06:58:21","",""
"MILK","","Point of Sale","2","2x 12oz/Medium","463","2025-12-09 06:56:08","2025-12-09 07:03:51","",""
"MILK","","Point of Sale","2","1x 12oz/ICED SMALL; 1x A Sweet Muffin","440","2025-12-09 06:56:32","2025-12-09 07:03:52","",""
"MILK","","Point of Sale","1","1x 12oz/ICED SMALL","428","2025-12-09 06:56:45","2025-12-09 07:03:53","",""
"MILK","","Point of Sale","3","1x 8oz/Small; 1x Babycino; 1x 6oz","278","2025-12-09 06:59:15","2025-12-09 07:03:53","",""
"MILK","","Point of Sale","2","1x 12oz/Medium; 1x 12oz/Medium","151","2025-12-09 07:02:08","2025-12-09 07:04:39","",""
"MILK","","Point of Sale","1","1x 12oz/ICED SMALL","110","2025-12-09 07:02:50","2025-12-09 07:04:40","",""
"MILK","","Point of Sale","3","1x Pupacino; 1x 12oz/Medium; 1x 12oz/ICED SMALL","309","2025-12-09 07:06:07","2025-12-09 07:11:16","",""
"MILK","1276004323","Square Online","2","1x 6oz; 1x 12oz/Medium","295","2025-12-09 07:06:22","2025-12-09 07:11:17","2025-12-09 07:06:17",""
"MILK","","Point of Sale","1","1x 16oz/Large","716","2025-12-09 07:14:38","2025-12-09 07:26:34","",""
"MILK","","Point of Sale","2","1x Babycino; 1x 16oz/Large","593","2025-12-09 07:15:57","2025-12-09 07:25:50","",""
"MILK","","Point of Sale","1","1x 12oz/Medium","556","2025-12-09 07:16:33","2025-12-09 07:25:49","",""
"MILK","","Point of Sale","1","1x 16oz/Large","462","2025-12-09 07:18:06","2025-12-09 07:25:48","",""
"MILK","","Point of Sale","1","1x 16oz/Large","339","2025-12-09 07:20:09","2025-12-09 07:25:48","",""
"MILK","","Point of Sale","2","1x 8oz/Small; 1x 16oz/Large","444","2025-12-09 07:24:59","2025-12-09 07:32:23","",""
"MILK","","Point of Sale","1","1x 12oz/Medium","227","2025-12-09 07:28:37","2025-12-09 07:32:24","",""
"MILK","","Point of Sale","2","2x 6oz","136","2025-12-09 07:30:08","2025-12-09 07:32:24","",""
"MILK","","Point of Sale","1","1x 16oz/ICED MEDIUM","97","2025-12-09 07:30:48","2025-12-09 07:32:25","",""
"MILK","","Point of Sale","2","1x 8oz/Small; 1x 8oz/Small","450","2025-12-09 07:36:10","2025-12-09 07:43:40","",""
"MILK","","Point of Sale","1","1x 16oz/Large","359","2025-12-09 07:37:41","2025-12-09 07:43:40","",""
"MILK","","Point of Sale","1","1x 12oz/Medium","343","2025-12-09 07:37:55","2025-12-09 07:43:38","",""
"MILK","","Point of Sale","1","1x 4oz/Pic, Esp, Dop","307","2025-12-09 07:38:30","2025-12-09 07:43:37","",""
"MILK","","Point of Sale","2","1x 8oz/Small; 1x 500g Beans","67","2025-12-09 07:42:31","2025-12-09 07:43:38","",""
"MILK","","Point of Sale","1","1x 12oz/Medium","128","2025-12-09 07:42:50","2025-12-09 07:44:58","",""
"MILK","","Point of Sale","1","1x 6oz","136","2025-12-09 07:43:32","2025-12-09 07:45:48","",""
"MILK","785801324","Square Online","2","1x 12oz/ICED SMALL; 1x 16oz/ICED MEDIUM","323","2025-12-09 07:47:05","2025-12-09 07:52:28","2025-12-09 07:47:01",""
"MILK","","Point of Sale","1","1x 8oz/Small","230","2025-12-09 07:50:53","2025-12-09 07:54:43","",""
"MILK","","Point of Sale","2","1x 8oz/Small; 1x A Sweet Muffin","102","2025-12-09 07:53:01","2025-12-09 07:54:43","",""
"MILK","","Point of Sale","2","1x 16oz/ICED MEDIUM; 1x Sweet Pastry","227","2025-12-09 07:55:46","2025-12-09 07:59:33","",""
"MILK","","Point of Sale","1","1x 16oz/ICED MEDIUM","199","2025-12-09 07:56:14","2025-12-09 07:59:33","",""
"MILK","","Point of Sale","3","2x 12oz/Medium; 1x 12oz/Medium","480","2025-12-09 07:57:01","2025-12-09 08:05:01","",""
"MILK","","Point of Sale","1","1x 12oz/Medium","257","2025-12-09 08:00:44","2025-12-09 08:05:01","",""
"MILK","","Point of Sale","1","1x 16oz/Large","242","2025-12-09 08:01:00","2025-12-09 08:05:02","",""
"MILK","","Point of Sale","1","1x 12oz/Medium","414","2025-12-09 08:02:41","2025-12-09 08:09:35","",""
"MILK","","Point of Sale","4","1x Kombucha; 1x 4oz/Pic, Esp, Dop; 1x Breakfast Wrap; 1x 16oz/ICED MEDIUM","375","2025-12-09 08:03:21","2025-12-09 08:09:36","",""
"MILK","Dav","Point of Sale","3","1x 8oz/Small; 1x Babycino; 1x 12oz/Medium","391","2025-12-09 08:03:59","2025-12-09 08:10:30","",""
"MILK","","Point of Sale","1","1x 16oz/Large","374","2025-12-09 08:04:17","2025-12-09 08:10:31","",""
"MILK","","Point of Sale","1","1x 12oz/Medium","489","2025-12-09 08:04:31","2025-12-09 08:12:40","",""
"MILK","","Point of Sale","1","1x 8oz/Small","476","2025-12-09 08:04:45","2025-12-09 08:12:41","",""
"MILK","","Point of Sale","1","1x 8oz/Small","625","2025-12-09 08:05:07","2025-12-09 08:15:32","",""
"MILK","","Point of Sale","2","1x Fruit Juice; 1x TOASTIE","582","2025-12-09 08:05:50","2025-12-09 08:15:32","",""
"MILK","","Point of Sale","2","2x 12oz/ICED SMALL","146","2025-12-09 08:13:07","2025-12-09 08:15:33","",""
"MILK","","Point of Sale","1","1x 12oz/ICED SMALL","486","2025-12-09 08:13:42","2025-12-09 08:21:48","",""
"MILK","","Point of Sale","1","1x 12oz/ICED SMALL","456","2025-12-09 08:14:11","2025-12-09 08:21:47","",""
"MILK","","Point of Sale","3","1x 16oz/ICED MEDIUM; 1x Pupacino; 1x 16oz/ICED MEDIUM","368","2025-12-09 08:15:39","2025-12-09 08:21:47","",""
"MILK","","Point of Sale","1","1x 12oz/Medium","633","2025-12-09 08:17:47","2025-12-09 08:28:20","",""
"MILK","LUC","Point of Sale","1","1x 6oz","614","2025-12-09 08:18:06","2025-12-09 08:28:20","",""
"MILK","","Point of Sale","1","1x 12oz/ICED SMALL","314","2025-12-09 08:23:05","2025-12-09 08:28:19","",""
"MILK","","Point of Sale","1","1x 6oz","256","2025-12-09 08:24:02","2025-12-09 08:28:18","",""
"MILK","","Point of Sale","2","1x 12oz/Medium; 1x 8oz/Small","113","2025-12-09 08:26:25","2025-12-09 08:28:18","",""
"MILK","","Point of Sale","3","1x 16oz/ICED MEDIUM; 1x Ham And Cheese Croissant; 1x 8oz/Small","628","2025-12-09 08:28:04","2025-12-09 08:38:32","",""
"MILK","","Point of Sale","2","1x 12oz/Medium; 1x Plain Croissant","470","2025-12-09 08:30:43","2025-12-09 08:38:33","",""
"MILK","","Point of Sale","1","1x 12oz/Medium","605","2025-12-09 08:39:36","2025-12-09 08:49:41","",""
"MILK","","Point of Sale","1","1x 12oz/ICED SMALL","459","2025-12-09 08:42:02","2025-12-09 08:49:41","",""
"MILK","","Point of Sale","2","1x 12oz/Medium; 1x Sweet Pastry","347","2025-12-09 08:43:53","2025-12-09 08:49:40","",""
"MILK","","Point of Sale","3","1x 16oz/Large; 1x Sweet Pastry; 1x TOASTIE","295","2025-12-09 08:44:44","2025-12-09 08:49:39","",""
"MILK","","Point of Sale","2","1x A Sweet Muffin; 1x 12oz/ICED SMALL","91","2025-12-09 08:48:07","2025-12-09 08:49:38","",""
"MILK","","Point of Sale","1","1x 6oz","824","2025-12-09 08:49:12","2025-12-09 09:02:56","",""
"MILK","","Point of Sale","1","1x 16oz/ICED MEDIUM","739","2025-12-09 08:50:37","2025-12-09 09:02:56","",""
"MILK","","Point of Sale","1","1x 12oz/Medium","605","2025-12-09 08:52:50","2025-12-09 09:02:55","",""
"MILK","","Point of Sale","1","1x 12oz/ICED SMALL","142","2025-12-09 09:00:33","2025-12-09 09:02:55","",""
"MILK","","Point of Sale","2","1x A Savoury Muffin; 1x 12oz/ICED SMALL","371","2025-12-09 09:03:25","2025-12-09 09:09:36","",""
"MILK","","Point of Sale","2","1x Pupacino; 1x 12oz/Medium","304","2025-12-09 09:04:31","2025-12-09 09:09:35","",""
"MILK","","Point of Sale","1","1x 12oz/Medium","271","2025-12-09 09:05:05","2025-12-09 09:09:36","",""
"MILK","","Point of Sale","1","1x 12oz/ICED SMALL","252","2025-12-09 09:05:25","2025-12-09 09:09:37","",""
"MILK","","Point of Sale","1","1x Fiji Water","62","2025-12-09 09:08:35","2025-12-09 09:09:37","",""
"MILK","","Point of Sale","4","1x Ham And Cheese Croissant; 1x 8oz/Small; 1x 16oz/ICED MEDIUM; 1x 6oz","571","2025-12-09 09:09:48","2025-12-09 09:19:19","",""
"MILK","","Point of Sale","2","1x 8oz/Small; 1x TOASTIE","539","2025-12-09 09:10:20","2025-12-09 09:19:19","",""
"MILK","","Point of Sale","1","1x 12oz/Medium","185","2025-12-09 09:16:15","2025-12-09 09:19:20","",""
"MILK","","Point of Sale","1","1x 12oz/Medium","370","2025-12-09 09:24:38","2025-12-09 09:30:48","",""
"MILK","","Point of Sale","1","1x 12oz/Medium","357","2025-12-09 09:24:52","2025-12-09 09:30:49","",""
"MILK","","Point of Sale","1","1x 12oz/Medium","341","2025-12-09 09:25:07","2025-12-09 09:30:48","",""
"MILK","","Point of Sale","2","1x Breakfast Wrap; 1x 16oz/ICED MEDIUM","305","2025-12-09 09:25:43","2025-12-09 09:30:48","",""
"MILK","","Point of Sale","1","1x Fruit Juice","281","2025-12-09 09:30:49","2025-12-09 09:35:30","",""
"MILK","","Point of Sale","1","1x Kombucha","235","2025-12-09 09:31:34","2025-12-09 09:35:29","",""
"MILK","","Point of Sale","1","1x 12oz/ICED SMALL","218","2025-12-09 09:31:52","2025-12-09 09:35:30","",""
"MILK","","Point of Sale","1","1x 12oz/ICED SMALL","183","2025-12-09 09:32:26","2025-12-09 09:35:29","",""
"MILK","","Point of Sale","1","1x 12oz/ICED SMALL","162","2025-12-09 09:32:46","2025-12-09 09:35:28","",""
"MILK","","Point of Sale","1","1x ","1047","2025-12-09 09:37:53","2025-12-09 09:55:20","",""
"MILK","","Point of Sale","2","1x 8oz/Small; 1x Fruit Juice","978","2025-12-09 09:39:02","2025-12-09 09:55:20","",""
"MILK","","Point of Sale","1","1x 16oz/Large","676","2025-12-09 09:44:04","2025-12-09 09:55:20","",""
"MILK","","Point of Sale","3","1x 12oz/ICED SMALL; 1x 16oz/ICED MEDIUM; 1x 12oz/Medium","587","2025-12-09 09:45:32","2025-12-09 09:55:19","",""
"MILK","","Point of Sale","3","1x 12oz/ICED SMALL; 1x Babycino; 1x 4oz/Pic, Esp, Dop","354","2025-12-09 09:55:29","2025-12-09 10:01:23","",""
"MILK","","Point of Sale","1","1x 16oz/Large","262","2025-12-09 09:57:02","2025-12-09 10:01:24","",""
"MILK","","Point of Sale","1","1x 8oz/Small","169","2025-12-09 09:58:35","2025-12-09 10:01:24","",""
"MILK","","Point of Sale","2","1x 12oz/ICED SMALL; 1x A Sweet Muffin","156","2025-12-09 09:58:49","2025-12-09 10:01:25","",""
"MILK","","Point of Sale","1","1x 12oz/ICED SMALL","66","2025-12-09 10:00:20","2025-12-09 10:01:26","",""
"MILK","","Point of Sale","1","1x 12oz/ICED SMALL","85","2025-12-09 10:02:13","2025-12-09 10:03:38","",""
"MILK","","Point of Sale","1","1x 16oz/ICED MEDIUM","92","2025-12-09 10:08:54","2025-12-09 10:10:26","",""
"MILK","","Point of Sale","1","1x 16oz/ICED MEDIUM","73","2025-12-09 10:12:18","2025-12-09 10:13:31","",""
"MILK","","Point of Sale","1","1x 8oz/Small","541","2025-12-09 10:22:02","2025-12-09 10:31:03","",""
"MILK","","Point of Sale","1","1x Ham And Cheese Croissant","7","2025-12-09 10:22:56","2025-12-09 10:23:03","",""
"MILK","","Point of Sale","1","1x 8oz/Small","357","2025-12-09 10:25:07","2025-12-09 10:31:04","",""
"MILK","","Point of Sale","1","1x 16oz/ICED MEDIUM","93","2025-12-09 10:29:31","2025-12-09 10:31:04","",""
"MILK","","Point of Sale","1","1x 6oz","164","2025-12-09 10:39:03","2025-12-09 10:41:47","",""
"MILK","","Point of Sale","1","1x 12oz/Medium","95","2025-12-09 10:40:12","2025-12-09 10:41:47","",""
"MILK","","Point of Sale","1","1x 8oz/Small","440","2025-12-09 10:47:19","2025-12-09 10:54:39","",""
"MILK","","Point of Sale","1","1x 16oz/ICED MEDIUM","331","2025-12-09 10:49:09","2025-12-09 10:54:40","",""
"MILK","","Point of Sale","1","1x 16oz/ICED MEDIUM","317","2025-12-09 10:49:23","2025-12-09 10:54:40","",""
"MILK","","Point of Sale","2","1x 16oz/ICED MEDIUM; 1x 12oz/ICED SMALL","185","2025-12-09 10:53:27","2025-12-09 10:56:32","",""
"MILK","","Point of Sale","2","1x 8oz/Small; 1x 12oz/Medium","199","2025-12-09 10:54:33","2025-12-09 10:57:52","",""
"MILK","","Point of Sale","9","2x 16oz/ICED MEDIUM; 1x 16oz/ICED MEDIUM; 1x 6oz; 1x 12oz/Medium; 1x 12oz/Medium; 1x 16oz/ICED MEDIUM; 2x 12oz/Medium","529","2025-12-09 10:55:56","2025-12-09 11:04:45","","2025-12-09T00:58:31.000Z"
"MILK","","Point of Sale","1","1x A Sweet Muffin","489","2025-12-09 10:56:37","2025-12-09 11:04:46","",""
"MILK","","Point of Sale","1","1x 16oz/Large","1107","2025-12-09 11:21:36","2025-12-09 11:40:03","",""
"MILK","","Point of Sale","1","1x 8oz/Small","45","2025-12-09 11:39:18","2025-12-09 11:40:03","",""
"MILK","","Point of Sale","1","1x 8oz/Small","461","2025-12-09 11:55:08","2025-12-09 12:02:49","",""
"MILK","","Point of Sale","1","1x 4oz/Pic, Esp, Dop","145","2025-12-09 12:00:23","2025-12-09 12:02:48","",""
"MILK","","Point of Sale","2","1x Sweet Pastry; 1x 16oz/ICED MEDIUM","171","2025-12-09 12:03:33","2025-12-09 12:06:24","",""
"MILK","","Point of Sale","2","1x A Sweet Muffin; 1x 12oz/ICED SMALL","167","2025-12-09 12:08:42","2025-12-09 12:11:29","",""
"MILK","","Point of Sale","1","1x 16oz/ICED MEDIUM","93","2025-12-09 12:16:11","2025-12-09 12:17:44","",""
"MILK","","Point of Sale","1","1x 500g Beans","22","2025-12-09 12:17:22","2025-12-09 12:17:44","",""
"MILK","","Point of Sale","1","1x 16oz/ICED MEDIUM","332","2025-12-09 12:29:30","2025-12-09 12:35:02","",""
"MILK","","Point of Sale","1","1x 12oz/ICED SMALL","302","2025-12-09 12:30:01","2025-12-09 12:35:03","",""
"MILK","","Point of Sale","1","1x 8oz/Small","228","2025-12-09 12:33:04","2025-12-09 12:36:52","",""
"MILK","","Point of Sale","2","1x A Sweet Muffin; 1x 16oz/Large","197","2025-12-09 12:38:51","2025-12-09 12:42:08","",""
"MILK","","Point of Sale","1","1x 16oz/Large","1018","2025-12-09 12:48:16","2025-12-09 13:05:14","",""
"MILK","","Point of Sale","1","1x 12oz/Medium","787","2025-12-09 12:52:07","2025-12-09 13:05:14","",""
"MILK","","Point of Sale","1","1x 8oz/Small","176","2025-12-09 13:04:37","2025-12-09 13:07:33","",""
"MILK","","Point of Sale","1","1x Fruit Juice","6","2025-12-09 13:07:26","2025-12-09 13:07:32","",""
"MILK","","Point of Sale","1","1x 12oz/Medium","94","2025-12-09 13:27:10","2025-12-09 13:28:44","",""
"MILK","","Point of Sale","1","1x 12oz/Medium","1506","2025-12-10 04:53:55","2025-12-10 05:19:01","",""
"MILK","","Point of Sale","1","1x 8oz/Small","1410","2025-12-10 04:55:31","2025-12-10 05:19:01","",""
"MILK","","Point of Sale","1","1x 12oz/Medium","1391","2025-12-10 04:55:51","2025-12-10 05:19:02","",""
"MILK","","Point of Sale","2","1x 20oz\ICED LARGE; 1x Ham And Cheese Croissant","890","2025-12-10 05:04:12","2025-12-10 05:19:02","",""
"MILK","","Point of Sale","2","1x 16oz/Large; 1x A Sweet Muffin","1070","2025-12-10 05:04:54","2025-12-10 05:22:44","",""
"MILK","","Point of Sale","1","1x 16oz/Large","1026","2025-12-10 05:05:38","2025-12-10 05:22:44","",""
"MILK","","Point of Sale","1","1x 12oz/Medium","955","2025-12-10 05:06:51","2025-12-10 05:22:46","",""
"MILK","","Point of Sale","1","1x 12oz/Medium","860","2025-12-10 05:08:26","2025-12-10 05:22:46","",""
"MILK","","Point of Sale","1","1x 4oz/Pic, Esp, Dop","807","2025-12-10 05:09:19","2025-12-10 05:22:46","",""
"MILK","","Point of Sale","1","1x 16oz/ICED MEDIUM","608","2025-12-10 05:12:40","2025-12-10 05:22:48","",""
"MILK","","Point of Sale","2","1x 20oz\ICED LARGE; 1x 16oz/Large","565","2025-12-10 05:13:22","2025-12-10 05:22:47","",""
"MILK","","Point of Sale","2","1x 12oz/Medium; 1x 8oz/Small","900","2025-12-10 05:14:18","2025-12-10 05:29:18","",""
"MILK","","Point of Sale","1","1x 6oz","881","2025-12-10 05:14:38","2025-12-10 05:29:19","",""
"MILK","","Point of Sale","1","1x 12oz/Medium","553","2025-12-10 05:20:06","2025-12-10 05:29:19","",""
"MILK","","Point of Sale","1","1x 8oz/Small","424","2025-12-10 05:22:16","2025-12-10 05:29:20","",""
"MILK","","Point of Sale","2","1x 6oz; 1x 12oz/Medium","609","2025-12-10 05:26:23","2025-12-10 05:36:32","",""
"MILK","","Point of Sale","1","1x 12oz/ICED SMALL","439","2025-12-10 05:26:40","2025-12-10 05:33:59","",""
"MILK","","Point of Sale","2","1x 12oz/ICED SMALL; 1x 500g Beans","349","2025-12-10 05:28:09","2025-12-10 05:33:58","",""
"MILK","","Point of Sale","2","1x 12oz/Medium; 1x ","299","2025-12-10 05:28:59","2025-12-10 05:33:58","",""
"MILK","","Point of Sale","2","1x 8oz/Small; 1x 8oz/Small","379","2025-12-10 05:30:15","2025-12-10 05:36:34","",""
"MILK","","Point of Sale","1","1x 20oz\ICED LARGE","326","2025-12-10 05:31:08","2025-12-10 05:36:34","",""
"MILK","","Point of Sale","1","1x 12oz/Medium","375","2025-12-10 05:32:19","2025-12-10 05:38:34","",""
"MILK","","Point of Sale","1","1x 12oz/Medium","322","2025-12-10 05:33:12","2025-12-10 05:38:34","",""
"MILK","","Point of Sale","3","1x ; 1x 6oz; 1x 6oz","671","2025-12-10 05:33:46","2025-12-10 05:44:57","",""
"MILK","","Point of Sale","2","2x 12oz/Medium","430","2025-12-10 05:35:10","2025-12-10 05:42:20","",""
"MILK","","Point of Sale","1","1x 12oz/Medium","516","2025-12-10 05:36:20","2025-12-10 05:44:56","",""
"MILK","","Point of Sale","1","1x 4oz/Pic, Esp, Dop","453","2025-12-10 05:37:22","2025-12-10 05:44:55","",""
"MILK","","Point of Sale","2","1x 8oz/Small; 1x Babycino","362","2025-12-10 05:38:55","2025-12-10 05:44:57","",""
"MILK","","Point of Sale","1","1x 8oz/Small","634","2025-12-10 05:39:19","2025-12-10 05:49:53","",""
"MILK","","Point of Sale","1","1x 12oz/Medium","480","2025-12-10 05:41:54","2025-12-10 05:49:54","",""
"MILK","","Point of Sale","4","1x 12oz/ICED SMALL; 3x Pupacino","395","2025-12-10 05:43:19","2025-12-10 05:49:54","",""
"MILK","","Point of Sale","3","1x Sweet Pastry; 1x 16oz/ICED MEDIUM; 1x 16oz/ICED MEDIUM","298","2025-12-10 05:44:57","2025-12-10 05:49:55","",""
"MILK","","Point of Sale","1","1x 16oz/Large","593","2025-12-10 05:46:57","2025-12-10 05:56:50","",""
"MILK","","Point of Sale","2","1x Babycino; 1x 8oz/Small","99","2025-12-10 05:55:11","2025-12-10 05:56:50","",""
"MILK","","Point of Sale","1","1x 12oz/ICED SMALL","361","2025-12-10 05:58:10","2025-12-10 06:04:11","",""
"MILK","","Point of Sale","1","1x 16oz/ICED MEDIUM","349","2025-12-10 05:58:22","2025-12-10 06:04:11","",""
"MILK","","Point of Sale","1","1x 8oz/Small","330","2025-12-10 05:58:42","2025-12-10 06:04:12","",""
"MILK","","Point of Sale","1","1x 6oz","314","2025-12-10 05:58:59","2025-12-10 06:04:13","",""
"MILK","","Point of Sale","4","2x 16oz/ICED MEDIUM; 1x 12oz/Medium; 1x TOASTIE","333","2025-12-10 06:00:30","2025-12-10 06:06:03","",""
"MILK","","Point of Sale","5","1x 12oz/Medium; 2x Babycino; 1x 20oz\ICED LARGE; 1x 12oz/Medium","454","2025-12-10 06:00:58","2025-12-10 06:08:32","",""
"MILK","","Point of Sale","1","1x 12oz/Medium","586","2025-12-10 06:03:15","2025-12-10 06:13:01","",""
"MILK","","Point of Sale","2","2x 4oz/Pic, Esp, Dop","577","2025-12-10 06:03:24","2025-12-10 06:13:01","",""
"MILK","","Point of Sale","3","1x Plain Croissant; 1x 16oz/ICED MEDIUM; 1x 16oz/ICED MEDIUM","449","2025-12-10 06:05:33","2025-12-10 06:13:02","",""
"MILK","","Point of Sale","1","1x 12oz/ICED SMALL","156","2025-12-10 06:10:26","2025-12-10 06:13:02","",""
"MILK","181849715","Square Online","1","1x 12oz/Medium","434","2025-12-10 06:13:28","2025-12-10 06:20:42","2025-12-10 06:13:23",""
"MILK","","Point of Sale","2","1x 12oz/Medium; 1x Ham And Cheese Croissant","512","2025-12-10 06:21:53","2025-12-10 06:30:25","",""
"MILK","Karen","Point of Sale","1","1x 12oz/Medium","493","2025-12-10 06:22:13","2025-12-10 06:30:26","",""
"MILK","","Point of Sale","1","1x 12oz/Medium","463","2025-12-10 06:22:44","2025-12-10 06:30:27","",""
"MILK","","Point of Sale","2","2x 16oz/Large","389","2025-12-10 06:23:59","2025-12-10 06:30:28","",""
"MILK","","Point of Sale","1","1x 8oz/Small","290","2025-12-10 06:25:38","2025-12-10 06:30:28","",""
"MILK","Rosie","Point of Sale","1","1x 6oz","367","2025-12-10 06:26:45","2025-12-10 06:32:52","",""
"MILK","Kelly","Point of Sale","1","1x 12oz/Medium","314","2025-12-10 06:27:39","2025-12-10 06:32:53","",""
"MILK","","Point of Sale","1","1x 12oz/Medium","528","2025-12-10 06:27:56","2025-12-10 06:36:44","",""
"MILK","","Point of Sale","1","1x 16oz/Large","515","2025-12-10 06:28:10","2025-12-10 06:36:45","",""
"MILK","Mel","Point of Sale","1","1x 12oz/ICED SMALL","496","2025-12-10 06:28:28","2025-12-10 06:36:44","",""
"MILK","","Point of Sale","1","1x 8oz/Small","443","2025-12-10 06:29:20","2025-12-10 06:36:43","",""
"MILK","","Point of Sale","1","1x 16oz/Large","293","2025-12-10 06:31:51","2025-12-10 06:36:44","",""
"MILK","","Point of Sale","1","1x 8oz/Small","408","2025-12-10 06:34:12","2025-12-10 06:41:00","",""
"MILK","","Point of Sale","1","1x 8oz/Small","384","2025-12-10 06:34:37","2025-12-10 06:41:01","",""
"MILK","","Point of Sale","1","1x 16oz/Large","240","2025-12-10 06:37:02","2025-12-10 06:41:02","",""
"MILK","","Point of Sale","1","1x 16oz/Large","420","2025-12-10 06:38:20","2025-12-10 06:45:20","",""
"MILK","Tats","Point of Sale","4","1x 20oz\ICED LARGE; 2x Ham And Cheese Croissant; 1x 20oz\ICED LARGE","351","2025-12-10 06:39:30","2025-12-10 06:45:21","",""
"MILK","Michelle","Point of Sale","1","1x 8oz/Small","809","2025-12-10 06:39:49","2025-12-10 06:53:18","",""
"MILK","","Point of Sale","2","1x 16oz/ICED MEDIUM; 1x 12oz/ICED SMALL","607","2025-12-10 06:43:10","2025-12-10 06:53:17","",""
"MILK","","Point of Sale","1","1x 16oz/ICED MEDIUM","560","2025-12-10 06:43:57","2025-12-10 06:53:17","",""
"MILK","","Point of Sale","1","1x 8oz/Small","543","2025-12-10 06:44:15","2025-12-10 06:53:18","",""
"MILK","","Point of Sale","2","1x 12oz/Medium; 1x 8oz/Small","511","2025-12-10 06:47:00","2025-12-10 06:55:31","",""
"MILK","","Point of Sale","1","1x 8oz/Small","512","2025-12-10 06:49:02","2025-12-10 06:57:34","",""
"MILK","","Point of Sale","2","1x 12oz/Medium; 1x 12oz/Medium","526","2025-12-10 06:49:36","2025-12-10 06:58:22","",""
"MILK","Trent","Point of Sale","1","1x 16oz/ICED MEDIUM","444","2025-12-10 06:50:10","2025-12-10 06:57:34","",""
"MILK","","Point of Sale","1","1x 20oz\ICED LARGE","476","2025-12-10 06:50:26","2025-12-10 06:58:22","",""
"MILK","","Point of Sale","1","1x Ham And Cheese Croissant","348","2025-12-10 06:51:34","2025-12-10 06:57:22","",""
"MILK","","Point of Sale","4","3x 6oz; 1x Babycino","1473","2025-12-10 06:52:11","2025-12-10 07:16:44","",""
"MILK","","Point of Sale","1","1x 8oz/Small","953","2025-12-10 06:55:31","2025-12-10 07:11:24","",""
"MILK","","Point of Sale","2","2x 12oz/ICED SMALL","897","2025-12-10 06:56:27","2025-12-10 07:11:24","",""
"MILK","","Point of Sale","2","1x 12oz/Medium; 1x Breakfast Wrap","567","2025-12-10 07:01:59","2025-12-10 07:11:26","",""
"MILK","","Point of Sale","1","1x 12oz/Medium","239","2025-12-10 07:07:27","2025-12-10 07:11:26","",""
"MILK","","Point of Sale","1","1x 12oz/Medium","408","2025-12-10 07:09:56","2025-12-10 07:16:44","",""
"MILK","","Point of Sale","1","1x 8oz/Small","249","2025-12-10 07:12:34","2025-12-10 07:16:43","",""
"MILK","","Point of Sale","2","1x A Sweet Muffin; 1x 12oz/Medium","505","2025-12-10 07:14:06","2025-12-10 07:22:31","",""
"MILK","","Point of Sale","2","1x 16oz/Large; 1x 12oz/ICED SMALL","475","2025-12-10 07:14:37","2025-12-10 07:22:32","",""
"MILK","","Point of Sale","1","1x 8oz/Small","438","2025-12-10 07:15:15","2025-12-10 07:22:33","",""
"MILK","","Point of Sale","2","1x 12oz/Medium; 1x 16oz/Large","229","2025-12-10 07:18:45","2025-12-10 07:22:34","",""
"MILK","Bianca","Point of Sale","1","1x 16oz/ICED MEDIUM","378","2025-12-10 07:19:09","2025-12-10 07:25:27","",""
"MILK","","Point of Sale","1","1x 12oz/Medium","272","2025-12-10 07:20:55","2025-12-10 07:25:27","",""
"MILK","","Point of Sale","1","1x Breakfast Wrap","357","2025-12-10 07:23:08","2025-12-10 07:29:05","",""
"MILK","","Point of Sale","1","1x 16oz/Large","347","2025-12-10 07:23:19","2025-12-10 07:29:06","",""
"MILK","","Point of Sale","1","1x 6oz","243","2025-12-10 07:25:04","2025-12-10 07:29:07","",""
"MILK","","Point of Sale","1","1x 8oz/Small","125","2025-12-10 07:27:03","2025-12-10 07:29:08","",""
"MILK","","Point of Sale","1","1x 16oz/ICED MEDIUM","136","2025-12-10 07:27:20","2025-12-10 07:29:36","",""
"MILK","","Point of Sale","1","1x 12oz/Medium","445","2025-12-10 07:28:07","2025-12-10 07:35:32","",""
"MILK","","Point of Sale","2","1x Babycino; 1x 16oz/Large","311","2025-12-10 07:30:21","2025-12-10 07:35:32","",""
"MILK","","Point of Sale","1","1x 4oz/Pic, Esp, Dop","295","2025-12-10 07:30:38","2025-12-10 07:35:33","",""
"MILK","","Point of Sale","2","1x 8oz/Small; 1x 12oz/Medium","1001","2025-12-10 07:31:10","2025-12-10 07:47:51","",""
"MILK","","Point of Sale","2","1x 16oz/ICED MEDIUM; 1x 4oz/Pic, Esp, Dop","523","2025-12-10 07:39:09","2025-12-10 07:47:52","",""
"MILK","","Point of Sale","1","1x 12oz/Medium","373","2025-12-10 07:41:39","2025-12-10 07:47:52","",""
"MILK","","Point of Sale","2","1x Babycino; 1x 16oz/ICED MEDIUM","312","2025-12-10 07:42:41","2025-12-10 07:47:53","",""
"MILK","","Point of Sale","1","1x Sweet Pastry","220","2025-12-10 07:44:13","2025-12-10 07:47:53","",""
"MILK","","Point of Sale","1","1x 16oz/Large","502","2025-12-10 07:44:53","2025-12-10 07:53:15","",""
"MILK","","Point of Sale","1","1x 16oz/ICED MEDIUM","425","2025-12-10 07:46:11","2025-12-10 07:53:16","",""
"MILK","","Point of Sale","1","1x 12oz/Medium","413","2025-12-10 07:46:24","2025-12-10 07:53:17","",""
"MILK","","Point of Sale","1","1x 16oz/Large","349","2025-12-10 07:47:28","2025-12-10 07:53:17","",""
"MILK","","Point of Sale","1","1x 12oz/Medium","204","2025-12-10 07:49:52","2025-12-10 07:53:16","",""
"MILK","","Point of Sale","1","1x 8oz/Small","540","2025-12-10 07:52:58","2025-12-10 08:01:58","",""
"MILK","","Point of Sale","1","1x 16oz/Large","510","2025-12-10 07:53:29","2025-12-10 08:01:59","",""
"MILK","","Point of Sale","2","1x Pupacino; 1x 12oz/ICED SMALL","406","2025-12-10 07:55:15","2025-12-10 08:02:01","",""
"MILK","","Point of Sale","3","1x Fiji Water; 1x TOASTIE; 1x 20oz\ICED LARGE","310","2025-12-10 07:56:51","2025-12-10 08:02:01","",""
"MILK","","Point of Sale","3","2x 16oz/ICED MEDIUM; 1x Babycino","420","2025-12-10 07:57:38","2025-12-10 08:04:38","",""
"MILK","","Point of Sale","2","1x 12oz/Medium; 1x 12oz/Medium","340","2025-12-10 07:58:59","2025-12-10 08:04:39","",""
"MILK","","Point of Sale","2","1x 12oz/Medium; 1x 12oz/Medium","247","2025-12-10 08:01:39","2025-12-10 08:05:46","",""
"MILK","","Point of Sale","1","1x 8oz/Small","316","2025-12-10 08:02:47","2025-12-10 08:08:03","",""
"MILK","","Point of Sale","2","1x 12oz/Medium; 1x 12oz/ICED SMALL","470","2025-12-10 08:03:25","2025-12-10 08:11:15","",""
"MILK","","Point of Sale","1","1x 20oz\ICED LARGE","457","2025-12-10 08:03:39","2025-12-10 08:11:16","",""
"MILK","","Point of Sale","1","1x 16oz/Large","363","2025-12-10 08:05:13","2025-12-10 08:11:16","",""
"MILK","","Point of Sale","1","1x 8oz/Small","352","2025-12-10 08:05:25","2025-12-10 08:11:17","",""
"MILK","","Point of Sale","1","1x 12oz/Medium","483","2025-12-10 08:05:41","2025-12-10 08:13:44","",""
"MILK","","Point of Sale","1","1x 12oz/ICED SMALL","467","2025-12-10 08:05:57","2025-12-10 08:13:44","",""
"MILK","","Point of Sale","1","1x 12oz/Medium","446","2025-12-10 08:06:19","2025-12-10 08:13:45","",""
"MILK","","Point of Sale","1","1x 16oz/ICED MEDIUM","421","2025-12-10 08:06:44","2025-12-10 08:13:45","",""
"MILK","","Point of Sale","1","1x 16oz/Large","758","2025-12-10 08:09:15","2025-12-10 08:21:53","",""
"MILK","","Point of Sale","1","1x 12oz/Medium","451","2025-12-10 08:14:23","2025-12-10 08:21:54","",""
"MILK","","Point of Sale","1","1x 16oz/Large","320","2025-12-10 08:16:35","2025-12-10 08:21:55","",""
"MILK","","Point of Sale","2","1x A Sweet Muffin; 1x 12oz/ICED SMALL","155","2025-12-10 08:19:20","2025-12-10 08:21:55","",""
"MILK","","Point of Sale","1","1x 12oz/Medium","482","2025-12-10 08:19:32","2025-12-10 08:27:34","",""
"MILK","","Point of Sale","2","1x 16oz/Large; 1x 16oz/ICED MEDIUM","461","2025-12-10 08:19:54","2025-12-10 08:27:35","",""
"MILK","","Point of Sale","1","1x A Savoury Muffin","440","2025-12-10 08:20:15","2025-12-10 08:27:35","",""
"MILK","","Point of Sale","2","1x 12oz/ICED SMALL; 1x Breakfast Wrap","414","2025-12-10 08:20:42","2025-12-10 08:27:36","",""
"MILK","","Point of Sale","2","1x TOASTIE; 1x 12oz/ICED SMALL","588","2025-12-10 08:21:23","2025-12-10 08:31:11","",""
"MILK","","Point of Sale","1","1x 12oz/Medium","505","2025-12-10 08:21:37","2025-12-10 08:30:02","",""
"MILK","","Point of Sale","1","1x 20oz\ICED LARGE","491","2025-12-10 08:21:52","2025-12-10 08:30:03","",""
"MILK","","Point of Sale","1","1x 6oz","514","2025-12-10 08:22:38","2025-12-10 08:31:12","",""
"MILK","MATT","Point of Sale","1","1x 8oz/Small","659","2025-12-10 08:23:27","2025-12-10 08:34:26","",""
"MILK","Yellow and black","Point of Sale","2","2x 12oz/Medium","608","2025-12-10 08:25:02","2025-12-10 08:35:10","",""
"MILK","Ryderwear top","Point of Sale","1","1x 8oz/Small","546","2025-12-10 08:26:04","2025-12-10 08:35:10","",""
"MILK","Orange sdress","Point of Sale","1","1x 16oz/ICED MEDIUM","529","2025-12-10 08:26:21","2025-12-10 08:35:10","",""
"MILK","","Point of Sale","7","1x 8oz/Small; 1x 16oz/Large; 2x Ham And Cheese Croissant; 1x 12oz/Medium; 1x 8oz/Small; 1x 12oz/Medium","724","2025-12-10 08:27:03","2025-12-10 08:39:07","",""
"MILK","Blue top","Point of Sale","1","1x 6oz","483","2025-12-10 08:32:48","2025-12-10 08:40:51","",""
"MILK","Black dress","Point of Sale","1","1x 8oz/Small","449","2025-12-10 08:33:22","2025-12-10 08:40:51","",""
"MILK","Brown top","Point of Sale","3","1x 8oz/Small; 1x Fruit Juice; 1x 12oz/ICED SMALL","582","2025-12-10 08:34:09","2025-12-10 08:43:51","",""
"MILK","","Point of Sale","1","1x 12oz/ICED SMALL","444","2025-12-10 08:36:28","2025-12-10 08:43:52","",""
"MILK","","Point of Sale","1","1x 12oz/Medium","366","2025-12-10 08:37:47","2025-12-10 08:43:53","",""
"MILK","","Point of Sale","2","1x 12oz/Medium; 1x 16oz/Large","790","2025-12-10 08:39:49","2025-12-10 08:52:59","",""
"MILK","","Point of Sale","1","1x 12oz/ICED SMALL","347","2025-12-10 08:47:13","2025-12-10 08:53:00","",""
"MILK","","Point of Sale","1","1x 12oz/Medium","477","2025-12-10 08:51:24","2025-12-10 08:59:21","",""
"MILK","","Point of Sale","1","1x 16oz/Large","181","2025-12-10 08:51:39","2025-12-10 08:54:40","",""
"MILK","","Point of Sale","1","1x 16oz/Large","171","2025-12-10 08:51:49","2025-12-10 08:54:40","",""
"MILK","","Point of Sale","1","1x 12oz/Medium","159","2025-12-10 08:52:00","2025-12-10 08:54:39","",""
"MILK","","Point of Sale","1","1x 12oz/ICED SMALL","427","2025-12-10 08:52:15","2025-12-10 08:59:22","",""
"MILK","","Point of Sale","1","1x 12oz/Medium","271","2025-12-10 08:54:52","2025-12-10 08:59:23","",""
"MILK","","Point of Sale","1","1x 16oz/Large","122","2025-12-10 08:57:22","2025-12-10 08:59:24","",""
"MILK","","Point of Sale","1","1x 6oz","348","2025-12-10 09:02:14","2025-12-10 09:08:02","",""
"MILK","","Point of Sale","1","1x 12oz/Medium","328","2025-12-10 09:02:35","2025-12-10 09:08:03","",""
"MILK","","Point of Sale","1","1x 16oz/ICED MEDIUM","311","2025-12-10 09:02:52","2025-12-10 09:08:03","",""
"MILK","","Point of Sale","1","1x 20oz\ICED LARGE","296","2025-12-10 09:03:08","2025-12-10 09:08:04","",""
"MILK","","Point of Sale","1","1x 16oz/ICED MEDIUM","220","2025-12-10 09:04:24","2025-12-10 09:08:04","",""
"MILK","","Point of Sale","1","1x Famous Soda","740","2025-12-10 09:04:37","2025-12-10 09:16:57","",""
"MILK","","Point of Sale","3","1x TOASTIE; 1x 16oz/Large; 1x 16oz/ICED MEDIUM","678","2025-12-10 09:06:10","2025-12-10 09:17:28","",""
"MILK","","Point of Sale","2","1x 12oz/ICED SMALL; 1x Ham And Cheese Croissant","649","2025-12-10 09:06:40","2025-12-10 09:17:29","",""
"MILK","","Point of Sale","2","2x 16oz/Large","264","2025-12-10 09:13:06","2025-12-10 09:17:30","",""
"MILK","Jess","Point of Sale","1","1x 12oz/ICED SMALL","493","2025-12-10 09:13:46","2025-12-10 09:21:59","",""
"MILK","Schlong","Point of Sale","1","1x 6oz","456","2025-12-10 09:14:24","2025-12-10 09:22:00","",""
"MILK","","Point of Sale","3","2x 1kg Beans; 1x 16oz/ICED MEDIUM","366","2025-12-10 09:15:55","2025-12-10 09:22:01","",""
"MILK","","Point of Sale","1","1x 4oz/Pic, Esp, Dop","347","2025-12-10 09:16:14","2025-12-10 09:22:01","",""
"MILK","LUC","Point of Sale","1","1x 6oz","452","2025-12-10 09:16:49","2025-12-10 09:24:21","",""
"MILK","","Point of Sale","1","1x 8oz/Small","437","2025-12-10 09:17:05","2025-12-10 09:24:22","",""
"MILK","","Point of Sale","1","1x 12oz/ICED SMALL","644","2025-12-10 09:17:26","2025-12-10 09:28:10","",""
"MILK","Bec","Point of Sale","1","1x 12oz/ICED SMALL","473","2025-12-10 09:20:18","2025-12-10 09:28:11","",""
"MILK","","Point of Sale","2","1x TOASTIE; 1x 20oz\ICED LARGE","451","2025-12-10 09:22:20","2025-12-10 09:29:51","",""
"MILK","","Point of Sale","1","1x 12oz/Medium","128","2025-12-10 09:27:43","2025-12-10 09:29:51","",""
"MILK","","Point of Sale","1","1x 12oz/ICED SMALL","189","2025-12-10 09:29:13","2025-12-10 09:32:22","",""
"MILK","","Point of Sale","1","1x 6oz","164","2025-12-10 09:29:38","2025-12-10 09:32:22","",""
"MILK","","Point of Sale","1","1x 12oz/ICED SMALL","239","2025-12-10 09:30:15","2025-12-10 09:34:14","",""
"MILK","","Point of Sale","1","1x 12oz/ICED SMALL","217","2025-12-10 09:30:38","2025-12-10 09:34:15","",""
"MILK","","Point of Sale","1","1x 12oz/ICED SMALL","327","2025-12-10 09:31:39","2025-12-10 09:37:06","",""
"MILK","White tshirt","Point of Sale","1","1x 20oz\ICED LARGE","302","2025-12-10 09:32:04","2025-12-10 09:37:06","",""
"MILK","","Point of Sale","2","1x 12oz/ICED SMALL; 1x 12oz/ICED SMALL","427","2025-12-10 09:32:41","2025-12-10 09:39:48","",""
"MILK","","Point of Sale","1","1x 12oz/ICED SMALL","409","2025-12-10 09:33:00","2025-12-10 09:39:49","",""
"MILK","","Point of Sale","1","1x 12oz/ICED SMALL","393","2025-12-10 09:33:16","2025-12-10 09:39:49","",""
"MILK","","Point of Sale","1","1x Plain Croissant","464","2025-12-10 09:43:22","2025-12-10 09:51:06","",""
"MILK","","Point of Sale","1","1x 16oz/ICED MEDIUM","439","2025-12-10 09:43:48","2025-12-10 09:51:07","",""
"MILK","","Point of Sale","2","1x 16oz/ICED MEDIUM; 1x A Sweet Muffin","321","2025-12-10 09:45:46","2025-12-10 09:51:07","",""
"MILK","","Point of Sale","1","1x 8oz/Small","774","2025-12-10 09:49:17","2025-12-10 10:02:11","",""
"MILK","","Point of Sale","2","1x 12oz/Medium; 1x 8oz/Small","746","2025-12-10 09:49:46","2025-12-10 10:02:12","",""
"MILK","","Point of Sale","1","1x 20oz\ICED LARGE","503","2025-12-10 09:53:52","2025-12-10 10:02:15","",""
"MILK","","Point of Sale","2","1x Babycino; 1x 6oz","408","2025-12-10 09:55:26","2025-12-10 10:02:14","",""
"MILK","","Point of Sale","1","1x 12oz/Medium","83","2025-12-10 10:00:51","2025-12-10 10:02:14","",""
"MILK","","Point of Sale","1","1x 16oz/ICED MEDIUM","840","2025-12-10 10:02:10","2025-12-10 10:16:10","",""
"MILK","","Point of Sale","2","1x 8oz/Small; 1x 8oz/Small","597","2025-12-10 10:06:12","2025-12-10 10:16:09","",""
"MILK","","Point of Sale","2","1x 16oz/ICED MEDIUM; 1x 16oz/ICED MEDIUM","395","2025-12-10 10:09:35","2025-12-10 10:16:10","",""
"MILK","","Point of Sale","3","1x 16oz/ICED MEDIUM; 1x 6oz; 1x Babycino","309","2025-12-10 10:11:02","2025-12-10 10:16:11","",""
"MILK","","Point of Sale","1","1x 12oz/Medium","238","2025-12-10 10:12:13","2025-12-10 10:16:11","",""
"MILK","","Point of Sale","1","1x 12oz/ICED SMALL","815","2025-12-10 10:14:26","2025-12-10 10:28:01","",""
"MILK","","Point of Sale","1","1x 16oz/ICED MEDIUM","688","2025-12-10 10:16:34","2025-12-10 10:28:02","",""
"MILK","","Point of Sale","1","1x 16oz/ICED MEDIUM","1280","2025-12-10 10:31:05","2025-12-10 10:52:25","",""
"MILK","","Point of Sale","1","1x 8oz/Small","1067","2025-12-10 10:34:39","2025-12-10 10:52:26","",""
"MILK","","Point of Sale","1","1x 8oz/Small","941","2025-12-10 10:36:45","2025-12-10 10:52:26","",""
"MILK","","Point of Sale","1","1x 12oz/Medium","679","2025-12-10 10:41:09","2025-12-10 10:52:28","",""
"MILK","","Point of Sale","1","1x 16oz/Large","566","2025-12-10 10:43:02","2025-12-10 10:52:28","",""
"MILK","","Point of Sale","1","1x 8oz/Small","264","2025-12-10 10:48:38","2025-12-10 10:53:02","",""
"MILK","","Point of Sale","1","1x 12oz/ICED SMALL","243","2025-12-10 10:49:00","2025-12-10 10:53:03","",""
"MILK","","Point of Sale","1","1x 8oz/Small","65285","2025-12-10 11:14:38","2025-12-11 05:22:43","",""
"MILK","","Point of Sale","1","1x 20oz\ICED LARGE","64748","2025-12-10 11:23:35","2025-12-11 05:22:43","",""
"MILK","","Point of Sale","2","1x 8oz/Small; 1x 4oz/Pic, Esp, Dop","64441","2025-12-10 11:28:43","2025-12-11 05:22:44","",""
"MILK","","Point of Sale","1","1x 8oz/Small","63196","2025-12-10 11:52:28","2025-12-11 05:25:44","",""
"MILK","","Point of Sale","1","1x 12oz/ICED SMALL","63004","2025-12-10 11:52:40","2025-12-11 05:22:44","",""
"MILK","","Point of Sale","1","1x 12oz/Medium","60613","2025-12-10 12:35:32","2025-12-11 05:25:45","",""
"MILK","","Point of Sale","1","1x 8oz/Small","60645","2025-12-10 12:35:49","2025-12-11 05:26:34","",""
"MILK","","Point of Sale","1","1x 16oz/ICED MEDIUM","60625","2025-12-10 12:36:10","2025-12-11 05:26:35","",""
"MILK","","Point of Sale","2","2x Famous Soda","58024","2025-12-10 13:19:32","2025-12-11 05:26:36","",""
"MILK","","Point of Sale","1","1x 8oz/Small","1965","2025-12-11 04:50:06","2025-12-11 05:22:51","",""
"MILK","","Point of Sale","1","1x 12oz/Medium","1940","2025-12-11 04:50:32","2025-12-11 05:22:52","",""
"MILK","","Point of Sale","1","1x 12oz/Medium","1913","2025-12-11 04:51:00","2025-12-11 05:22:53","",""
"MILK","","Point of Sale","2","2x 4oz/Pic, Esp, Dop","1721","2025-12-11 04:54:12","2025-12-11 05:22:53","",""
"MILK","","Point of Sale","1","1x 16oz/Large","1456","2025-12-11 04:58:37","2025-12-11 05:22:53","",""
"MILK","","Point of Sale","1","1x Ham And Cheese Croissant","1599","2025-12-11 04:58:53","2025-12-11 05:25:32","",""
"MILK","","Point of Sale","1","1x 16oz/Large","1332","2025-12-11 05:03:21","2025-12-11 05:25:33","",""
"MILK","","Point of Sale","2","1x Ham And Cheese Croissant; 1x 4oz/Pic, Esp, Dop","1128","2025-12-11 05:06:45","2025-12-11 05:25:33","",""
"MILK","","Point of Sale","1","1x 4oz/Pic, Esp, Dop","955","2025-12-11 05:09:38","2025-12-11 05:25:33","",""
"MILK","","Point of Sale","1","1x 12oz/Medium","943","2025-12-11 05:09:51","2025-12-11 05:25:34","",""
"MILK","","Point of Sale","1","1x 8oz/Small","915","2025-12-11 05:10:20","2025-12-11 05:25:35","",""
"MILK","","Point of Sale","1","1x 4oz/Pic, Esp, Dop","767","2025-12-11 05:12:49","2025-12-11 05:25:36","",""
"MILK","","Point of Sale","1","1x 16oz/ICED MEDIUM","625","2025-12-11 05:15:11","2025-12-11 05:25:36","",""
"MILK","","Point of Sale","1","1x 12oz/Medium","941","2025-12-11 05:19:58","2025-12-11 05:35:39","",""
"MILK","","Point of Sale","1","1x 12oz/Medium","625","2025-12-11 05:20:30","2025-12-11 05:30:55","",""
"MILK","","Point of Sale","1","1x 16oz/Large","601","2025-12-11 05:20:54","2025-12-11 05:30:55","",""
"MILK","","Point of Sale","1","1x 16oz/Large","366","2025-12-11 05:24:48","2025-12-11 05:30:54","",""
"MILK","","Point of Sale","1","1x 4oz/Pic, Esp, Dop","567","2025-12-11 05:26:11","2025-12-11 05:35:38","",""
"MILK","","Point of Sale","2","2x 16oz/Large","480","2025-12-11 05:27:38","2025-12-11 05:35:38","",""
"MILK","","Point of Sale","1","1x 12oz/Medium","243","2025-12-11 05:31:34","2025-12-11 05:35:37","",""
"MILK","","Point of Sale","1","1x 12oz/ICED SMALL","521","2025-12-11 05:31:48","2025-12-11 05:40:29","",""
"MILK","","Point of Sale","1","1x 4oz/Pic, Esp, Dop","511","2025-12-11 05:31:59","2025-12-11 05:40:30","",""
"MILK","","Point of Sale","3","3x 6oz","424","2025-12-11 05:33:27","2025-12-11 05:40:31","",""
"MILK","","Point of Sale","1","1x 16oz/Large","452","2025-12-11 05:35:04","2025-12-11 05:42:36","",""
"MILK","","Point of Sale","1","1x 16oz/Large","581","2025-12-11 05:35:56","2025-12-11 05:45:37","",""
"MILK","","Point of Sale","1","1x 12oz/Medium","506","2025-12-11 05:37:11","2025-12-11 05:45:37","",""
"MILK","","Point of Sale","1","1x 6oz","411","2025-12-11 05:38:47","2025-12-11 05:45:38","",""
"MILK","James","Point of Sale","2","1x 16oz/Large; 1x 12oz/Medium","709","2025-12-11 05:41:00","2025-12-11 05:52:49","",""
"MILK","Ryan","Point of Sale","1","1x 20oz\ICED LARGE","659","2025-12-11 05:41:52","2025-12-11 05:52:51","",""
"MILK","","Point of Sale","5","1x ; 3x Pupacino; 1x 12oz/ICED SMALL","462","2025-12-11 05:45:09","2025-12-11 05:52:51","",""
"MILK","Nwthan","Point of Sale","3","3x 6oz","307","2025-12-11 05:47:50","2025-12-11 05:52:57","",""
"MILK","Dylan","Point of Sale","1","1x 8oz/Small","910","2025-12-11 05:48:24","2025-12-11 06:03:34","",""
"MILK","","Point of Sale","3","1x 12oz/ICED SMALL; 1x 8oz/Small; 1x 12oz/ICED SMALL","400","2025-12-11 05:56:54","2025-12-11 06:03:34","",""
"MILK","Shaun","Point of Sale","4","1x Babycino; 1x 1kg Beans; 1x 16oz/Large; 1x 16oz/Large","311","2025-12-11 05:58:24","2025-12-11 06:03:35","",""
"MILK","Christian","Point of Sale","2","1x 4oz/Pic, Esp, Dop; 1x 500g Beans","444","2025-12-11 05:59:27","2025-12-11 06:06:51","",""
"MILK","Karen","Point of Sale","1","1x 12oz/Medium","507","2025-12-11 06:00:02","2025-12-11 06:08:29","",""
"MILK","Mel","Point of Sale","1","1x 12oz/ICED SMALL","485","2025-12-11 06:00:26","2025-12-11 06:08:31","",""
"MILK","Ray","Point of Sale","1","1x 16oz/ICED MEDIUM","461","2025-12-11 06:00:50","2025-12-11 06:08:31","",""
"MILK","Gemma","Point of Sale","2","2x 12oz/Medium","424","2025-12-11 06:01:28","2025-12-11 06:08:32","",""
"MILK","Roz","Point of Sale","1","1x 12oz/ICED SMALL","557","2025-12-11 06:01:53","2025-12-11 06:11:10","",""
"MILK","Alex","Point of Sale","1","1x 16oz/ICED MEDIUM","539","2025-12-11 06:02:12","2025-12-11 06:11:11","",""
"MILK","Shannon","Point of Sale","1","1x 12oz/Medium","701","2025-12-11 06:02:30","2025-12-11 06:14:11","",""
"MILK","Bronte","Point of Sale","3","1x BUTTERBOY; 1x Babycino; 1x 8oz/Small","387","2025-12-11 06:04:44","2025-12-11 06:11:11","",""
"MILK","Mike","Point of Sale","1","1x 12oz/Medium","537","2025-12-11 06:05:14","2025-12-11 06:14:11","",""
"MILK","Daniel","Point of Sale","1","1x 8oz/Small","244","2025-12-11 06:10:08","2025-12-11 06:14:12","",""
"MILK","Rixky","Point of Sale","2","1x Fruit Juice; 1x 16oz/ICED MEDIUM","224","2025-12-11 06:10:29","2025-12-11 06:14:13","",""
"MILK","","Point of Sale","1","1x 8oz/Small","226","2025-12-11 06:11:51","2025-12-11 06:15:37","",""
"MILK","","Point of Sale","1","1x 12oz/Medium","176","2025-12-11 06:12:40","2025-12-11 06:15:36","",""
"MILK","","Point of Sale","2","1x 16oz/Large; 1x 16oz/Large","907","2025-12-11 06:15:13","2025-12-11 06:30:20","",""
"MILK","Me","Point of Sale","1","1x Sweet Pastry","814","2025-12-11 06:16:46","2025-12-11 06:30:20","",""
"MILK","","Point of Sale","2","1x 12oz/Medium; 1x 6oz","454","2025-12-11 06:22:47","2025-12-11 06:30:21","",""
"MILK","","Point of Sale","4","4x 8oz/Small","342","2025-12-11 06:24:39","2025-12-11 06:30:21","",""
"MILK","","Point of Sale","2","1x 12oz/ICED SMALL; 1x 8oz/Small","214","2025-12-11 06:26:47","2025-12-11 06:30:21","",""
"MILK","","Point of Sale","1","1x 8oz/Small","618","2025-12-11 06:29:21","2025-12-11 06:39:39","",""
"MILK","","Point of Sale","1","1x 20oz\ICED LARGE","590","2025-12-11 06:29:50","2025-12-11 06:39:40","",""
"MILK","","Point of Sale","2","1x 8oz/Small; 1x TOASTIE","343","2025-12-11 06:33:59","2025-12-11 06:39:42","",""
"MILK","","Point of Sale","1","1x 12oz/Medium","222","2025-12-11 06:35:59","2025-12-11 06:39:41","",""
"MILK","","Point of Sale","1","1x 16oz/Large","600","2025-12-11 06:39:02","2025-12-11 06:49:02","",""
"MILK","","Point of Sale","1","1x 16oz/ICED MEDIUM","449","2025-12-11 06:41:33","2025-12-11 06:49:02","",""
"MILK","","Point of Sale","1","1x 12oz/ICED SMALL","335","2025-12-11 06:43:29","2025-12-11 06:49:04","",""
"MILK","","Point of Sale","1","1x 12oz/Medium","313","2025-12-11 06:43:51","2025-12-11 06:49:04","",""
"MILK","","Point of Sale","2","1x 12oz/Medium; 1x 12oz/Medium","479","2025-12-11 06:47:05","2025-12-11 06:55:04","",""
"MILK","","Point of Sale","2","1x 8oz/Small; 1x 12oz/Medium","435","2025-12-11 06:47:47","2025-12-11 06:55:02","",""
"MILK","","Point of Sale","1","1x 12oz/Medium","356","2025-12-11 06:49:07","2025-12-11 06:55:03","",""
"MILK","","Point of Sale","1","1x 16oz/Large","472","2025-12-11 06:49:16","2025-12-11 06:57:08","",""
"MILK","","Point of Sale","1","1x 16oz/ICED MEDIUM","345","2025-12-11 06:51:23","2025-12-11 06:57:08","",""
"MILK","","Point of Sale","2","2x 12oz/ICED SMALL","368","2025-12-11 06:51:48","2025-12-11 06:57:56","",""
"MILK","","Point of Sale","4","1x 16oz/ICED MEDIUM; 1x 16oz/ICED MEDIUM; 1x TOASTIE; 1x Fruit Juice","356","2025-12-11 06:54:54","2025-12-11 07:00:50","",""
"MILK","","Point of Sale","1","1x ","584","2025-12-11 06:55:51","2025-12-11 07:05:35","",""
"MILK","","Point of Sale","2","1x 12oz/ICED SMALL; 1x 4oz/Pic, Esp, Dop","558","2025-12-11 06:56:17","2025-12-11 07:05:35","",""
"MILK","","Point of Sale","1","1x 20oz\ICED LARGE","538","2025-12-11 06:56:35","2025-12-11 07:05:33","",""
"MILK","","Point of Sale","2","1x 16oz/Large; 1x 20oz\ICED LARGE","520","2025-12-11 06:56:54","2025-12-11 07:05:34","",""
"MILK","","Point of Sale","1","1x 6oz","543","2025-12-11 06:57:09","2025-12-11 07:06:12","",""
"MILK","","Point of Sale","1","1x 16oz/ICED MEDIUM","664","2025-12-11 06:57:26","2025-12-11 07:08:30","",""
"MILK","","Point of Sale","1","1x 12oz/Medium","650","2025-12-11 06:57:40","2025-12-11 07:08:30","",""
"MILK","","Point of Sale","1","1x 16oz/ICED MEDIUM","629","2025-12-11 06:58:02","2025-12-11 07:08:31","",""
"MILK","","Point of Sale","1","1x 4oz/Pic, Esp, Dop","687","2025-12-11 06:58:18","2025-12-11 07:09:45","",""
"MILK","","Point of Sale","1","1x 12oz/Medium","667","2025-12-11 06:58:38","2025-12-11 07:09:45","",""
"MILK","","Point of Sale","2","1x 12oz/ICED SMALL; 1x 12oz/Medium","1489","2025-12-11 06:59:03","2025-12-11 07:23:52","",""
"MILK","","Point of Sale","1","1x 12oz/Medium","1322","2025-12-11 07:01:50","2025-12-11 07:23:52","",""
"MILK","","Point of Sale","1","1x 8oz/Small","1078","2025-12-11 07:05:56","2025-12-11 07:23:54","",""
"MILK","","Point of Sale","2","1x Pupacino; 1x 12oz/ICED SMALL","613","2025-12-11 07:13:41","2025-12-11 07:23:54","",""
"MILK","","Point of Sale","1","1x 12oz/Medium","474","2025-12-11 07:16:01","2025-12-11 07:23:55","",""
"MILK","","Point of Sale","1","1x 6oz","383","2025-12-11 07:17:37","2025-12-11 07:24:00","",""
"MILK","","Point of Sale","1","1x 16oz/Large","366","2025-12-11 07:17:55","2025-12-11 07:24:01","",""
"MILK","","Point of Sale","1","1x 4oz/Pic, Esp, Dop","240","2025-12-11 07:20:02","2025-12-11 07:24:02","",""
"MILK","","Point of Sale","1","1x 12oz/Medium","226","2025-12-11 07:20:16","2025-12-11 07:24:02","",""
"MILK","","Point of Sale","2","1x TOASTIE; 1x 20oz\ICED LARGE","506","2025-12-11 07:23:19","2025-12-11 07:31:45","",""
"MILK","","Point of Sale","1","1x 20oz\ICED LARGE","373","2025-12-11 07:25:33","2025-12-11 07:31:46","",""
"MILK","","Point of Sale","2","2x 16oz/Large","358","2025-12-11 07:25:46","2025-12-11 07:31:44","",""
"MILK","","Point of Sale","1","1x 16oz/Large","337","2025-12-11 07:26:07","2025-12-11 07:31:44","",""
"MILK","","Point of Sale","2","1x 6oz; 1x 6oz","220","2025-12-11 07:28:03","2025-12-11 07:31:43","",""
"MILK","","Point of Sale","1","1x 12oz/Medium","404","2025-12-11 07:29:20","2025-12-11 07:36:04","",""
"MILK","","Point of Sale","2","1x 16oz/Large; 1x 8oz/Small","350","2025-12-11 07:30:14","2025-12-11 07:36:04","",""
"MILK","","Point of Sale","1","1x 12oz/Medium","326","2025-12-11 07:30:39","2025-12-11 07:36:05","",""
"MILK","","Point of Sale","1","1x 12oz/Medium","884","2025-12-11 07:31:48","2025-12-11 07:46:32","",""
"MILK","","Point of Sale","1","1x 16oz/Large","773","2025-12-11 07:33:39","2025-12-11 07:46:32","",""
"MILK","","Point of Sale","2","1x 20oz\ICED LARGE; 1x TOASTIE","623","2025-12-11 07:36:10","2025-12-11 07:46:33","",""
"MILK","","Point of Sale","3","1x 12oz/ICED SMALL; 1x 16oz/Large; 1x Babycino","459","2025-12-11 07:40:42","2025-12-11 07:48:21","",""
"MILK","","Point of Sale","3","1x Babycino; 1x 12oz/Medium; 1x Breakfast Wrap","393","2025-12-11 07:41:47","2025-12-11 07:48:20","",""
"MILK","","Point of Sale","1","1x 6oz","263","2025-12-11 07:43:58","2025-12-11 07:48:21","",""
"MILK","","Point of Sale","2","1x 12oz/Medium; 1x 500g Beans","538","2025-12-11 07:44:30","2025-12-11 07:53:28","",""
"MILK","","Point of Sale","1","1x 16oz/ICED MEDIUM","522","2025-12-11 07:44:47","2025-12-11 07:53:29","",""
"MILK","","Point of Sale","1","1x Sweet Pastry","360","2025-12-11 07:47:30","2025-12-11 07:53:30","",""
"MILK","","Point of Sale","1","1x 12oz/Medium","134","2025-12-11 07:51:16","2025-12-11 07:53:30","",""
"MILK","","Point of Sale","1","1x 12oz/Medium","121","2025-12-11 07:53:20","2025-12-11 07:55:21","",""
"MILK","","Point of Sale","1","1x 12oz/Medium","128","2025-12-11 07:54:53","2025-12-11 07:57:01","",""
"MILK","","Point of Sale","2","1x Breakfast Wrap; 1x 12oz/Medium","243","2025-12-11 07:55:28","2025-12-11 07:59:31","",""
"MILK","Lasuren","Point of Sale","4","1x 20oz\ICED LARGE; 1x 8oz/Small; 1x Babycino; 1x 12oz/ICED SMALL","173","2025-12-11 07:56:39","2025-12-11 07:59:32","",""
"MILK","Matt","Point of Sale","4","1x 6oz; 2x 16oz/ICED MEDIUM; 1x 16oz/Large","346","2025-12-11 07:57:32","2025-12-11 08:03:18","",""
"MILK","Green hat lady","Point of Sale","1","1x 8oz/Small","314","2025-12-11 07:58:04","2025-12-11 08:03:18","",""
"MILK","","Point of Sale","1","1x 8oz/Small","278","2025-12-11 07:58:41","2025-12-11 08:03:19","",""
"MILK","","Point of Sale","1","1x 12oz/Medium","213","2025-12-11 08:02:54","2025-12-11 08:06:27","",""
"MILK","","Point of Sale","2","1x 16oz/ICED MEDIUM; 1x 4oz/Pic, Esp, Dop","939","2025-12-11 08:06:09","2025-12-11 08:21:48","",""
"MILK","","Point of Sale","1","1x Ham And Cheese Croissant","764","2025-12-11 08:09:05","2025-12-11 08:21:49","",""
"MILK","","Point of Sale","1","1x 16oz/ICED MEDIUM","460","2025-12-11 08:14:08","2025-12-11 08:21:48","",""
"MILK","","Point of Sale","1","1x 12oz/ICED SMALL","171","2025-12-11 08:18:58","2025-12-11 08:21:49","",""
"MILK","","Point of Sale","1","1x 8oz/Small","136","2025-12-11 08:19:34","2025-12-11 08:21:50","",""
"MILK","","Point of Sale","1","1x 12oz/Medium","478","2025-12-11 08:20:17","2025-12-11 08:28:15","",""
"MILK","","Point of Sale","1","1x 6oz","430","2025-12-11 08:21:05","2025-12-11 08:28:15","",""
"MILK","","Point of Sale","1","1x 1kg Beans","402","2025-12-11 08:21:32","2025-12-11 08:28:14","",""
"MILK","","Point of Sale","1","1x 16oz/ICED MEDIUM","348","2025-12-11 08:22:26","2025-12-11 08:28:14","",""
"MILK","","Point of Sale","1","1x 12oz/Medium","684","2025-12-11 08:23:14","2025-12-11 08:34:38","",""
"MILK","","Point of Sale","2","1x Pupacino; 1x 12oz/ICED SMALL","487","2025-12-11 08:26:32","2025-12-11 08:34:39","",""
"MILK","","Point of Sale","1","1x 16oz/Large","458","2025-12-11 08:27:01","2025-12-11 08:34:39","",""
"MILK","","Point of Sale","1","1x 6oz","223","2025-12-11 08:30:57","2025-12-11 08:34:40","",""
"MILK","","Point of Sale","2","1x TOASTIE; 1x 16oz/ICED MEDIUM","484","2025-12-11 08:34:00","2025-12-11 08:42:04","",""
"MILK","","Point of Sale","1","1x TOASTIE","464","2025-12-11 08:34:19","2025-12-11 08:42:03","",""
"MILK","","Point of Sale","1","1x 8oz/Small","370","2025-12-11 08:35:53","2025-12-11 08:42:03","",""
"MILK","","Point of Sale","1","1x 20oz\ICED LARGE","342","2025-12-11 08:36:20","2025-12-11 08:42:02","",""
"MILK","","Point of Sale","1","1x 16oz/ICED MEDIUM","116","2025-12-11 08:40:05","2025-12-11 08:42:01","",""
"MILK","","Point of Sale","1","1x 12oz/Medium","585","2025-12-11 08:40:19","2025-12-11 08:50:04","",""
"MILK","","Point of Sale","1","1x 16oz/ICED MEDIUM","244","2025-12-11 08:46:01","2025-12-11 08:50:05","",""
"MILK","","Point of Sale","1","1x 12oz/Medium","228","2025-12-11 08:46:17","2025-12-11 08:50:05","",""
"MILK","","Point of Sale","1","1x 16oz/Large","206","2025-12-11 08:46:40","2025-12-11 08:50:06","",""
"MILK","","Point of Sale","1","1x 12oz/Medium","194","2025-12-11 08:46:53","2025-12-11 08:50:07","",""
"MILK","","Point of Sale","1","1x 8oz/Small","635","2025-12-11 08:47:24","2025-12-11 08:57:59","",""
"MILK","","Point of Sale","1","1x 16oz/Large","483","2025-12-11 08:49:52","2025-12-11 08:57:55","",""
"MILK","","Point of Sale","2","1x 12oz/ICED SMALL; 1x 8oz/Small","397","2025-12-11 08:51:21","2025-12-11 08:57:58","",""
"MILK","","Point of Sale","1","1x Fiji Water","209","2025-12-11 08:54:29","2025-12-11 08:57:58","",""
"MILK","","Point of Sale","3","1x Ham And Cheese Croissant; 1x Fiji Water; 1x 12oz/Medium","613","2025-12-11 08:59:10","2025-12-11 09:09:23","",""
"MILK","","Point of Sale","2","1x 16oz/Large; 1x BUTTERBOY","465","2025-12-11 09:01:39","2025-12-11 09:09:24","",""
"MILK","","Point of Sale","2","1x A Savoury Muffin; 1x 8oz/Small","434","2025-12-11 09:02:10","2025-12-11 09:09:24","",""
"MILK","","Point of Sale","2","1x 12oz/ICED SMALL; 1x 12oz/Medium","410","2025-12-11 09:02:35","2025-12-11 09:09:25","",""
"MILK","","Point of Sale","1","1x 6oz","386","2025-12-11 09:02:59","2025-12-11 09:09:25","",""
"MILK","","Point of Sale","3","2x 6oz; 1x Babycino","614","2025-12-11 09:05:28","2025-12-11 09:15:42","",""
"MILK","","Point of Sale","2","1x 12oz/Medium; 1x Plain Croissant","543","2025-12-11 09:06:39","2025-12-11 09:15:42","",""
"MILK","","Point of Sale","1","1x 12oz/Medium","522","2025-12-11 09:07:01","2025-12-11 09:15:43","",""
"MILK","","Point of Sale","1","1x 8oz/Small","691","2025-12-11 09:09:14","2025-12-11 09:20:45","",""
"MILK","","Point of Sale","2","1x Breakfast Wrap; 1x 8oz/Small","549","2025-12-11 09:11:35","2025-12-11 09:20:44","",""
"MILK","","Point of Sale","1","1x 12oz/Medium","447","2025-12-11 09:13:16","2025-12-11 09:20:43","",""
"MILK","","Point of Sale","1","1x 6oz","333","2025-12-11 09:15:10","2025-12-11 09:20:43","",""
"MILK","","Point of Sale","2","1x 16oz/Large; 1x 8oz/Small","166","2025-12-11 09:17:56","2025-12-11 09:20:42","",""
"MILK","","Point of Sale","1","1x 12oz/ICED SMALL","673","2025-12-11 09:20:10","2025-12-11 09:31:23","",""
"MILK","","Point of Sale","1","1x 12oz/Medium","587","2025-12-11 09:21:36","2025-12-11 09:31:23","",""
"MILK","","Point of Sale","2","1x 16oz/ICED MEDIUM; 1x Plain Croissant","280","2025-12-11 09:26:42","2025-12-11 09:31:22","",""
"MILK","","Point of Sale","2","1x Sweet Pastry; 1x 16oz/Large","259","2025-12-11 09:27:03","2025-12-11 09:31:22","",""
"MILK","","Point of Sale","3","2x Babycino; 1x 12oz/ICED SMALL","1346","2025-12-11 09:29:29","2025-12-11 09:51:55","",""
"MILK","","Point of Sale","1","1x 12oz/Medium","1305","2025-12-11 09:30:09","2025-12-11 09:51:54","",""
"MILK","","Point of Sale","1","1x 8oz/Small","1037","2025-12-11 09:34:39","2025-12-11 09:51:56","",""
"MILK","","Point of Sale","1","1x 8oz/Small","631","2025-12-11 09:41:24","2025-12-11 09:51:55","",""
"MILK","","Point of Sale","1","1x 16oz/ICED MEDIUM","243","2025-12-11 09:47:53","2025-12-11 09:51:56","",""
"MILK","","Point of Sale","2","1x 4oz/Pic, Esp, Dop; 1x 12oz/ICED SMALL","200","2025-12-11 09:48:41","2025-12-11 09:52:01","",""
"MILK","","Point of Sale","1","1x 20oz\ICED LARGE","1225","2025-12-11 09:57:15","2025-12-11 10:17:40","",""
"MILK","","Point of Sale","2","1x 16oz/ICED MEDIUM; 1x Breakfast Wrap","986","2025-12-11 09:59:59","2025-12-11 10:16:25","",""
"MILK","","Point of Sale","2","1x 12oz/Medium; 1x 16oz/Large","973","2025-12-11 10:00:12","2025-12-11 10:16:25","",""
"MILK","","Point of Sale","1","1x 12oz/ICED SMALL","938","2025-12-11 10:00:46","2025-12-11 10:16:24","",""
"MILK","","Point of Sale","1","1x 8oz/Small","416","2025-12-11 10:09:28","2025-12-11 10:16:24","",""
"MILK","","Point of Sale","1","1x 8oz/Small","476","2025-12-11 10:09:45","2025-12-11 10:17:41","",""
"MILK","","Point of Sale","2","1x BUTTERBOY; 1x 12oz/Medium","406","2025-12-11 10:10:56","2025-12-11 10:17:42","",""
"MILK","","Point of Sale","1","1x 12oz/ICED SMALL","338","2025-12-11 10:12:04","2025-12-11 10:17:42","",""
"MILK","Physio","Point of Sale","2","1x 12oz/Medium; 1x TOASTIE","193","2025-12-11 10:14:30","2025-12-11 10:17:43","",""
"MILK","","Point of Sale","1","1x 8oz/Small","488","2025-12-11 10:14:51","2025-12-11 10:22:59","",""
"MILK","Budiness dfude","Point of Sale","1","1x 8oz/Small","437","2025-12-11 10:15:43","2025-12-11 10:23:00","",""
"MILK","","Point of Sale","1","1x 16oz/Large","310","2025-12-11 10:17:50","2025-12-11 10:23:00","",""
"MILK","","Point of Sale","3","1x 12oz/Medium; 2x 12oz/Medium","642","2025-12-11 10:24:12","2025-12-11 10:34:54","",""
"MILK","","Point of Sale","1","1x 16oz/ICED MEDIUM","329","2025-12-11 10:29:26","2025-12-11 10:34:55","",""
"MILK","","Point of Sale","1","1x 12oz/Medium","303","2025-12-11 10:29:52","2025-12-11 10:34:55","",""
"MILK","","Point of Sale","1","1x 12oz/ICED SMALL","276","2025-12-11 10:30:21","2025-12-11 10:34:57","",""
"MILK","","Point of Sale","1","1x 12oz/Medium","869","2025-12-11 10:38:15","2025-12-11 10:52:44","",""
"MILK","","Point of Sale","1","1x 16oz/ICED MEDIUM","655","2025-12-11 10:41:49","2025-12-11 10:52:44","",""
"MILK","","Point of Sale","2","1x Plain Croissant; 1x 12oz/Medium","463","2025-12-11 10:45:02","2025-12-11 10:52:45","",""
"MILK","","Point of Sale","1","1x 250g Beans","226","2025-12-11 10:48:59","2025-12-11 10:52:45","",""
"MILK","","Point of Sale","1","1x 12oz/ICED SMALL","192","2025-12-11 10:49:35","2025-12-11 10:52:47","",""
"MILK","","Point of Sale","1","1x 12oz/ICED SMALL","735","2025-12-11 10:56:14","2025-12-11 11:08:29","",""
"MILK","","Point of Sale","1","1x 12oz/ICED SMALL","3259","2025-12-11 10:56:37","2025-12-11 11:50:56","",""
"MILK","","Point of Sale","1","1x 8oz/Small","3238","2025-12-11 10:56:57","2025-12-11 11:50:55","",""
"MILK","","Point of Sale","1","1x Kombucha","2911","2025-12-11 11:02:24","2025-12-11 11:50:55","",""
"MILK","","Point of Sale","1","1x 6oz","2824","2025-12-11 11:03:49","2025-12-11 11:50:53","",""
"MILK","","Point of Sale","1","1x 8oz/Small","2809","2025-12-11 11:04:05","2025-12-11 11:50:54","",""
"MILK","","Point of Sale","1","1x 12oz/Medium","2513","2025-12-11 11:09:05","2025-12-11 11:50:58","",""
"MILK","","Point of Sale","2","1x Pupacino; 1x 8oz/Small","2208","2025-12-11 11:14:09","2025-12-11 11:50:57","",""
"MILK","","Point of Sale","1","1x 16oz/Large","2044","2025-12-11 11:16:55","2025-12-11 11:50:59","",""
"MILK","","Point of Sale","1","1x 12oz/Medium","1697","2025-12-11 11:22:42","2025-12-11 11:50:59","",""
"MILK","","Point of Sale","1","1x 16oz/Large","1680","2025-12-11 11:23:00","2025-12-11 11:51:00","",""
"MILK","","Point of Sale","1","1x 6oz","1633","2025-12-11 11:29:35","2025-12-11 11:56:48","",""
"MILK","","Point of Sale","1","1x 12oz/ICED SMALL","1112","2025-12-11 11:32:29","2025-12-11 11:51:01","",""
"MILK","","Point of Sale","1","1x BUTTERBOY","995","2025-12-11 11:34:25","2025-12-11 11:51:00","",""
"MILK","","Point of Sale","1","1x 16oz/ICED MEDIUM","368","2025-12-11 11:50:41","2025-12-11 11:56:49","",""
"MILK","","Point of Sale","3","1x BUTTERBOY; 1x 20oz\ICED LARGE; 1x 12oz/Medium","285","2025-12-11 11:52:05","2025-12-11 11:56:50","",""
"MILK","","Point of Sale","1","1x 8oz/Small","4809","2025-12-11 11:58:19","2025-12-11 13:18:28","",""
"MILK","","Point of Sale","2","1x 20oz\ICED LARGE; 1x 8oz/Small","4675","2025-12-11 12:00:33","2025-12-11 13:18:28","",""
"MILK","","Point of Sale","2","1x 16oz/ICED MEDIUM; 1x 8oz/Small","3006","2025-12-11 12:28:22","2025-12-11 13:18:28","",""
"MILK","","Point of Sale","2","1x 12oz/Medium; 1x 16oz/ICED MEDIUM","1347","2025-12-11 13:17:20","2025-12-11 13:39:47","",""
"MILK","","Point of Sale","1","1x 8oz/Small","1018","2025-12-11 13:22:49","2025-12-11 13:39:47","",""
"MILK","","Point of Sale","1","1x 4oz/Pic, Esp, Dop","1168","2025-12-12 04:50:55","2025-12-12 05:10:23","",""
"MILK","","Point of Sale","2","1x 16oz/Large; 1x A Sweet Muffin","612","2025-12-12 05:00:09","2025-12-12 05:10:21","",""
"MILK","","Point of Sale","2","1x Ham And Cheese Croissant; 1x 16oz/Large","588","2025-12-12 05:00:35","2025-12-12 05:10:23","",""
"MILK","","Point of Sale","1","1x 12oz/Medium","308","2025-12-12 05:05:17","2025-12-12 05:10:25","",""
"MILK","","Point of Sale","1","1x 16oz/Large","205","2025-12-12 05:07:05","2025-12-12 05:10:30","",""
"MILK","Logan","Point of Sale","1","1x 16oz/ICED MEDIUM","894","2025-12-12 05:14:47","2025-12-12 05:29:41","",""
"MILK","Darcy","Point of Sale","2","1x 12oz/Medium; 1x 8oz/Small","618","2025-12-12 05:19:23","2025-12-12 05:29:41","",""
"MILK","","Point of Sale","1","1x 12oz/ICED SMALL","412","2025-12-12 05:22:48","2025-12-12 05:29:40","",""
"MILK","","Point of Sale","1","1x 4oz/Pic, Esp, Dop","319","2025-12-12 05:24:20","2025-12-12 05:29:39","",""
"MILK","","Point of Sale","2","1x 16oz/Large; 1x 12oz/Medium","2618","2025-12-12 05:25:43","2025-12-12 06:09:21","",""
"MILK","Damon","Point of Sale","5","1x 12oz/Medium; 1x Breakfast Wrap; 1x 8oz/Small; 2x Ham And Cheese Croissant","2577","2025-12-12 05:26:25","2025-12-12 06:09:22","",""
"MILK","Blue dress","Point of Sale","1","1x 12oz/Medium","2510","2025-12-12 05:27:35","2025-12-12 06:09:25","",""
"MILK","","Point of Sale","1","1x 12oz/Medium","2486","2025-12-12 05:27:58","2025-12-12 06:09:24","",""
"MILK","Rose","Point of Sale","1","1x 12oz/Medium","491","2025-12-12 05:28:43","2025-12-12 05:36:54","",""
"MILK","","Point of Sale","1","1x 12oz/ICED SMALL","107","2025-12-12 05:35:07","2025-12-12 05:36:54","",""
"MILK","","Point of Sale","1","1x 12oz/Medium","107","2025-12-12 05:35:07","2025-12-12 05:36:54","",""
"MILK","","Point of Sale","1","1x 12oz/Medium","363","2025-12-12 05:35:23","2025-12-12 05:41:26","",""
"MILK","Bianca","Point of Sale","1","1x 12oz/Medium","263","2025-12-12 05:37:03","2025-12-12 05:41:26","",""
"MILK","Dog","Point of Sale","1","1x 8oz/Small","246","2025-12-12 05:37:19","2025-12-12 05:41:25","",""
"MILK","","Point of Sale","2","1x 12oz/Medium; 1x 12oz/Medium","146","2025-12-12 05:39:01","2025-12-12 05:41:27","",""
"MILK","Ryan","Point of Sale","1","1x 20oz\ICED LARGE","37","2025-12-12 05:40:47","2025-12-12 05:41:24","",""
"MILK","","Point of Sale","1","1x 16oz/Large","407","2025-12-12 05:41:10","2025-12-12 05:47:57","",""
"MILK","James","Point of Sale","2","1x 16oz/Large; 1x 12oz/Medium","379","2025-12-12 05:41:39","2025-12-12 05:47:58","",""
"MILK","","Point of Sale","1","1x 16oz/Large","126","2025-12-12 05:46:13","2025-12-12 05:48:19","",""
"MILK","","Point of Sale","1","1x 16oz/Large","141","2025-12-12 05:47:17","2025-12-12 05:49:38","",""
"MILK","","Point of Sale","1","1x 4oz/Pic, Esp, Dop","340","2025-12-12 05:47:42","2025-12-12 05:53:22","",""
"MILK","","Point of Sale","2","1x 20oz\ICED LARGE; 1x 16oz/Large","284","2025-12-12 05:48:38","2025-12-12 05:53:22","",""
"MILK","Highvis","Point of Sale","3","1x 16oz/Large; 1x 16oz/ICED MEDIUM; 1x Babycino","195","2025-12-12 05:50:47","2025-12-12 05:54:02","",""
"MILK","","Point of Sale","2","1x 8oz/Small; 1x 16oz/ICED MEDIUM","341","2025-12-12 05:51:14","2025-12-12 05:56:55","",""
"MILK","Brad","Point of Sale","2","1x 12oz/Medium; 1x 12oz/Medium","321","2025-12-12 05:55:51","2025-12-12 06:01:12","",""
"MILK","","Point of Sale","2","1x 12oz/Medium; 1x Sweet Pastry","297","2025-12-12 05:56:15","2025-12-12 06:01:12","",""
"MILK","Misty","Point of Sale","2","1x 12oz/Medium; 1x 6oz","202","2025-12-12 05:57:51","2025-12-12 06:01:13","",""
"MILK","Elf shirt","Point of Sale","1","1x 12oz/Medium","264","2025-12-12 05:58:10","2025-12-12 06:02:34","",""
"MILK","","Point of Sale","1","1x 12oz/Medium","250","2025-12-12 05:58:26","2025-12-12 06:02:36","",""
"MILK","","Point of Sale","1","1x 12oz/Medium","222","2025-12-12 05:58:52","2025-12-12 06:02:34","",""
"MILK","Mini shirt","Point of Sale","1","1x 4oz/Pic, Esp, Dop","201","2025-12-12 05:59:12","2025-12-12 06:02:33","",""
"MILK","","Point of Sale","1","1x BUTTERBOY","169","2025-12-12 06:00:16","2025-12-12 06:03:05","",""
"MILK","Glenn","Point of Sale","2","2x 4oz/Pic, Esp, Dop","418","2025-12-12 06:00:47","2025-12-12 06:07:45","",""
"MILK","Ray","Point of Sale","1","1x 16oz/Large","400","2025-12-12 06:01:04","2025-12-12 06:07:44","",""
"MILK","","Point of Sale","2","2x 12oz/Medium","369","2025-12-12 06:01:35","2025-12-12 06:07:44","",""
"MILK","Alex","Point of Sale","1","1x 16oz/ICED MEDIUM","314","2025-12-12 06:02:30","2025-12-12 06:07:44","",""
"MILK","Ros","Point of Sale","1","1x 8oz/Small","328","2025-12-12 06:02:47","2025-12-12 06:08:15","",""
"MILK","","Point of Sale","1","1x Fiji Water","312","2025-12-12 06:03:03","2025-12-12 06:08:15","",""
"MILK","Jemma and nick","Point of Sale","2","2x 12oz/Medium","429","2025-12-12 06:03:34","2025-12-12 06:10:43","",""
"MILK","","Point of Sale","2","1x 12oz/Medium; 1x 16oz/ICED MEDIUM","524","2025-12-12 06:04:03","2025-12-12 06:12:47","",""
"MILK","Lskd shirt","Point of Sale","1","1x 8oz/Small","675","2025-12-12 06:04:25","2025-12-12 06:15:40","",""
"MILK","","Point of Sale","1","1x 6oz","599","2025-12-12 06:05:04","2025-12-12 06:15:03","",""
"MILK","","Point of Sale","2","1x 16oz/Large; 1x 16oz/Large","693","2025-12-12 06:05:22","2025-12-12 06:16:55","",""
"MILK","","Point of Sale","2","2x 16oz/Large","749","2025-12-12 06:06:08","2025-12-12 06:18:37","",""
"MILK","Bucket hat","Point of Sale","1","1x 12oz/ICED SMALL","623","2025-12-12 06:07:08","2025-12-12 06:17:31","",""
"MILK","3 ladies","Point of Sale","3","1x 12oz/Medium; 1x 12oz/Medium; 1x 12oz/Medium","710","2025-12-12 06:07:56","2025-12-12 06:19:46","",""
"MILK","","Point of Sale","1","1x 12oz/Medium","615","2025-12-12 06:12:12","2025-12-12 06:22:27","",""
"MILK","Brown shirt","Point of Sale","1","1x 16oz/Large","490","2025-12-12 06:14:09","2025-12-12 06:22:19","",""
"MILK","Dav","Point of Sale","1","1x 12oz/Medium","442","2025-12-12 06:14:56","2025-12-12 06:22:18","",""
"MILK","Blend tshirt","Point of Sale","2","1x 8oz/Small; 1x Breakfast Wrap","246","2025-12-12 06:18:20","2025-12-12 06:22:26","",""
"MILK","Toby","Point of Sale","1","1x 12oz/ICED SMALL","252","2025-12-12 06:21:12","2025-12-12 06:25:24","",""
"MILK","Blue asics","Point of Sale","2","1x 12oz/Medium; 1x 12oz/Medium","178","2025-12-12 06:22:25","2025-12-12 06:25:23","",""
"MILK","High vis","Point of Sale","1","1x 12oz/Medium","104","2025-12-12 06:23:41","2025-12-12 06:25:25","",""
"MILK","Woolworths","Point of Sale","1","1x 8oz/Small","271","2025-12-12 06:26:02","2025-12-12 06:30:33","",""
"MILK","","Point of Sale","2","1x 12oz/Medium; 1x Sweet Pastry","230","2025-12-12 06:26:43","2025-12-12 06:30:33","",""
"MILK","Nqthan","Point of Sale","1","1x Plain Croissant","12","2025-12-12 06:27:40","2025-12-12 06:27:52","",""
"MILK","Pinmk","Point of Sale","1","1x 8oz/Small","154","2025-12-12 06:28:00","2025-12-12 06:30:34","",""
"MILK","Kele","Point of Sale","1","1x 12oz/Medium","352","2025-12-12 06:30:02","2025-12-12 06:35:54","",""
"MILK","Mitch","Point of Sale","2","1x 16oz/ICED MEDIUM; 1x 16oz/ICED MEDIUM","318","2025-12-12 06:30:36","2025-12-12 06:35:54","",""
"MILK","Micvhael","Point of Sale","1","1x 12oz/Medium","252","2025-12-12 06:31:41","2025-12-12 06:35:53","",""
"MILK","Gaylia","Point of Sale","1","1x 6oz","340","2025-12-12 06:32:37","2025-12-12 06:38:17","",""
"MILK","A hat","Point of Sale","1","1x 8oz/Small","282","2025-12-12 06:33:55","2025-12-12 06:38:37","",""
"MILK","Glasss","Point of Sale","1","1x 16oz/ICED MEDIUM","270","2025-12-12 06:34:09","2025-12-12 06:38:39","",""
"MILK","Marchello","Point of Sale","1","1x 12oz/Medium","477","2025-12-12 06:34:41","2025-12-12 06:42:38","",""
"MILK","","Point of Sale","2","2x 6oz","435","2025-12-12 06:35:24","2025-12-12 06:42:39","",""
"MILK","Pink shirt","Point of Sale","1","1x 8oz/Small","409","2025-12-12 06:35:50","2025-12-12 06:42:39","",""
"MILK","Rach","Point of Sale","2","1x Pupacino; 1x 12oz/ICED SMALL","383","2025-12-12 06:36:16","2025-12-12 06:42:39","",""
"MILK","","Point of Sale","1","1x Plain Croissant","153","2025-12-12 06:40:21","2025-12-12 06:42:54","",""
"MILK","Lis","Point of Sale","1","1x 12oz/ICED SMALL","204","2025-12-12 06:41:06","2025-12-12 06:44:30","",""
"MILK","Green dres","Point of Sale","1","1x 8oz/Small","503","2025-12-12 06:41:52","2025-12-12 06:50:15","",""
"MILK","Brad","Point of Sale","2","1x 8oz/Small; 1x 12oz/Medium","446","2025-12-12 06:42:49","2025-12-12 06:50:15","",""
"MILK","Tom","Point of Sale","2","1x Ham And Cheese Croissant; 1x 20oz\ICED LARGE","371","2025-12-12 06:44:05","2025-12-12 06:50:16","",""
"MILK","Judy","Point of Sale","1","1x 12oz/ICED SMALL","376","2025-12-12 06:48:09","2025-12-12 06:54:25","",""
"MILK","","Point of Sale","3","1x Famous Soda; 1x 16oz/ICED MEDIUM; 1x 16oz/ICED MEDIUM","339","2025-12-12 06:48:47","2025-12-12 06:54:26","",""
"MILK","","Point of Sale","1","1x 12oz/Medium","260","2025-12-12 06:54:35","2025-12-12 06:58:55","",""
"MILK","","Point of Sale","1","1x 16oz/Large","142","2025-12-12 06:56:31","2025-12-12 06:58:53","",""
"MILK","","Point of Sale","2","1x 16oz/ICED MEDIUM; 1x BUTTERBOY","114","2025-12-12 06:57:00","2025-12-12 06:58:54","",""
"MILK","","Point of Sale","1","1x 12oz/Medium","242","2025-12-12 06:57:16","2025-12-12 07:01:18","",""
"MILK","","Point of Sale","2","2x 12oz/Medium","169","2025-12-12 06:58:29","2025-12-12 07:01:18","",""
"MILK","","Point of Sale","1","1x 8oz/Small","383","2025-12-12 07:04:52","2025-12-12 07:11:15","",""
"MILK","","Point of Sale","2","1x 8oz/Small; 1x 8oz/Small","358","2025-12-12 07:05:18","2025-12-12 07:11:16","",""
"MILK","","Point of Sale","5","2x Babycino; 1x 12oz/Medium; 1x 12oz/Medium; 1x 4oz/Pic, Esp, Dop","285","2025-12-12 07:06:48","2025-12-12 07:11:33","",""
"MILK","Blue singlwt","Point of Sale","3","1x Babycino; 1x Breakfast Wrap; 1x 8oz/Small","413","2025-12-12 07:07:20","2025-12-12 07:14:13","",""
"MILK","","Point of Sale","2","1x 16oz/ICED MEDIUM; 1x 16oz/ICED MEDIUM","369","2025-12-12 07:08:03","2025-12-12 07:14:12","",""
"MILK","","Point of Sale","2","1x Breakfast Wrap; 1x 12oz/Medium","344","2025-12-12 07:08:28","2025-12-12 07:14:12","",""
"MILK","Gold set","Point of Sale","1","1x 20oz\ICED LARGE","644","2025-12-12 07:09:02","2025-12-12 07:19:46","",""
"MILK","","Point of Sale","1","1x 12oz/Medium","832","2025-12-12 07:10:51","2025-12-12 07:24:43","",""
"MILK","","Point of Sale","1","1x 16oz/Large","110","2025-12-12 07:17:57","2025-12-12 07:19:47","",""
"MILK","","Point of Sale","1","1x 12oz/ICED SMALL","301","2025-12-12 07:19:41","2025-12-12 07:24:42","",""
"MILK","","Point of Sale","1","1x 12oz/Medium","271","2025-12-12 07:20:10","2025-12-12 07:24:41","",""
"MILK","","Point of Sale","1","1x 12oz/Medium","123","2025-12-12 07:22:38","2025-12-12 07:24:41","",""
"MILK","","Point of Sale","1","1x 12oz/Medium","145","2025-12-12 07:23:18","2025-12-12 07:25:43","",""
"MILK","","Point of Sale","1","1x 12oz/Medium","129","2025-12-12 07:23:35","2025-12-12 07:25:44","",""
"MILK","","Point of Sale","1","1x 12oz/Medium","56","2025-12-12 07:24:48","2025-12-12 07:25:44","",""
"MILK","","Point of Sale","1","1x 12oz/Medium","1028","2025-12-12 07:26:31","2025-12-12 07:43:39","",""
"MILK","","Point of Sale","1","1x 16oz/ICED MEDIUM","578","2025-12-12 07:27:41","2025-12-12 07:37:19","",""
"MILK","","Point of Sale","1","1x 8oz/Small","165","2025-12-12 07:34:33","2025-12-12 07:37:18","",""
"MILK","","Point of Sale","2","1x 16oz/Large; 1x Plain Croissant","58","2025-12-12 07:36:20","2025-12-12 07:37:18","",""
"MILK","Northwest","Point of Sale","4","1x Ham And Cheese Croissant; 1x Breakfast Wrap; 2x 12oz/Medium","352","2025-12-12 07:41:08","2025-12-12 07:47:00","",""
"MILK","","Point of Sale","1","1x 16oz/ICED MEDIUM","329","2025-12-12 07:41:31","2025-12-12 07:47:00","",""
"MILK","","Point of Sale","2","1x TOASTIE; 1x 20oz\ICED LARGE","284","2025-12-12 07:42:14","2025-12-12 07:46:58","",""
"MILK","","Point of Sale","2","1x Plain Croissant; 1x 8oz/Small","99","2025-12-12 07:45:20","2025-12-12 07:46:59","",""
"MILK","DILSHAAAAAAN","Point of Sale","2","1x 20oz\ICED LARGE; 1x 16oz/ICED MEDIUM","313","2025-12-12 07:48:06","2025-12-12 07:53:19","",""
"MILK","","Point of Sale","1","1x 16oz/Large","198","2025-12-12 07:50:00","2025-12-12 07:53:18","",""
"MILK","Dav","Point of Sale","1","1x 16oz/ICED MEDIUM","166","2025-12-12 07:50:30","2025-12-12 07:53:16","",""
"MILK","1386050891","Square Online","2","1x 16oz/ICED MEDIUM; 1x 8oz/Small","293","2025-12-12 07:52:42","2025-12-12 07:57:35","2025-12-12 07:52:38",""
"MILK","","Point of Sale","2","2x 12oz/Medium","237","2025-12-12 07:53:58","2025-12-12 07:57:55","",""
"MILK","","Point of Sale","3","1x Sweet Pastry; 1x Kombucha; 1x 12oz/ICED SMALL","181","2025-12-12 07:54:43","2025-12-12 07:57:44","",""
"MILK","Chester","Point of Sale","3","2x Pupacino; 1x 12oz/ICED SMALL","316","2025-12-12 07:55:16","2025-12-12 08:00:32","",""
"MILK","Gary","Point of Sale","2","1x 16oz/Large; 1x A Sweet Muffin","200","2025-12-12 07:57:12","2025-12-12 08:00:32","",""
"MILK","","Point of Sale","1","1x 16oz/Large","302","2025-12-12 08:00:15","2025-12-12 08:05:17","",""
"MILK","","Point of Sale","2","1x 12oz/ICED SMALL; 1x Babycino","225","2025-12-12 08:01:32","2025-12-12 08:05:17","",""
"MILK","","Point of Sale","3","1x 6oz; 1x 6oz; 1x Babycino","207","2025-12-12 08:01:51","2025-12-12 08:05:18","",""
"MILK","Shauna","Point of Sale","1","1x 8oz/Small","187","2025-12-12 08:02:12","2025-12-12 08:05:19","",""
"MILK","Brkan shirt","Point of Sale","1","1x 8oz/Small","483","2025-12-12 08:02:37","2025-12-12 08:10:40","",""
"MILK","","Point of Sale","1","1x 12oz/Medium","440","2025-12-12 08:03:28","2025-12-12 08:10:48","",""
"MILK","","Point of Sale","1","1x 16oz/ICED MEDIUM","404","2025-12-12 08:03:57","2025-12-12 08:10:41","",""
"MILK","Dav","Point of Sale","4","1x 12oz/Medium; 1x 12oz/Medium; 2x Babycino","316","2025-12-12 08:05:25","2025-12-12 08:10:41","",""
"MILK","Snglet","Point of Sale","2","1x TOASTIE; 1x 12oz/Medium","367","2025-12-12 08:06:24","2025-12-12 08:12:31","",""
"MILK","Maddie","Point of Sale","2","1x BUTTERBOY; 1x Babycino","329","2025-12-12 08:07:02","2025-12-12 08:12:31","",""
"MILK","Red wshirtt","Point of Sale","1","1x 12oz/Medium","613","2025-12-12 08:07:22","2025-12-12 08:17:35","",""
"MILK","","Point of Sale","1","1x 8oz/Small","597","2025-12-12 08:07:41","2025-12-12 08:17:38","",""
"MILK","","Point of Sale","1","1x 8oz/Small","510","2025-12-12 08:09:06","2025-12-12 08:17:36","",""
"MILK","","Point of Sale","1","1x 12oz/Medium","215","2025-12-12 08:14:04","2025-12-12 08:17:39","",""
"MILK","","Point of Sale","2","1x Babycino; 1x 6oz","98","2025-12-12 08:16:01","2025-12-12 08:17:39","",""
"MILK","","Point of Sale","1","1x 12oz/Medium","96","2025-12-12 08:19:35","2025-12-12 08:21:11","",""
"MILK","","Point of Sale","2","1x 12oz/Medium; 1x 12oz/Medium","420","2025-12-12 08:21:09","2025-12-12 08:28:09","",""
"MILK","","Point of Sale","2","1x 16oz/ICED MEDIUM; 1x BUTTERBOY","369","2025-12-12 08:22:02","2025-12-12 08:28:11","",""
"MILK","","Point of Sale","3","2x 6oz; 1x TOASTIE","334","2025-12-12 08:22:37","2025-12-12 08:28:11","",""
"MILK","Blkue dress","Point of Sale","2","1x 16oz/ICED MEDIUM; 1x 16oz/ICED MEDIUM","264","2025-12-12 08:23:48","2025-12-12 08:28:12","",""
"MILK","","Point of Sale","1","1x Sweet Pastry","276","2025-12-12 08:24:14","2025-12-12 08:28:50","",""
"MILK","","Point of Sale","1","1x 20oz\ICED LARGE","450","2025-12-12 08:26:01","2025-12-12 08:33:31","",""
"MILK","","Point of Sale","1","1x TOASTIE","353","2025-12-12 08:27:38","2025-12-12 08:33:31","",""
"MILK","","Point of Sale","1","1x 16oz/Large","305","2025-12-12 08:30:13","2025-12-12 08:35:18","",""
"MILK","","Point of Sale","1","1x 12oz/Medium","176","2025-12-12 08:30:35","2025-12-12 08:33:31","",""
"MILK","","Point of Sale","2","1x 8oz/Small; 1x 8oz/Small","242","2025-12-12 08:31:17","2025-12-12 08:35:19","",""
"MILK","Aurora","Point of Sale","2","1x 16oz/Large; 1x 16oz/ICED MEDIUM","381","2025-12-12 08:32:05","2025-12-12 08:38:26","",""
"MILK","Sam","Point of Sale","3","2x 16oz/Large; 1x 12oz/Medium","1147","2025-12-12 08:32:56","2025-12-12 08:52:03","",""
"MILK","Npc","Point of Sale","1","1x 16oz/Large","1127","2025-12-12 08:33:17","2025-12-12 08:52:04","",""
"MILK","Green dress","Point of Sale","2","1x Ham And Cheese Croissant; 1x 12oz/Medium","1042","2025-12-12 08:34:43","2025-12-12 08:52:05","",""
"MILK","","Point of Sale","4","1x Babycino; 1x 16oz/ICED MEDIUM; 1x TOASTIE; 1x Babycino","655","2025-12-12 08:41:09","2025-12-12 08:52:04","",""
"MILK","","Point of Sale","1","1x 8oz/Small","509","2025-12-12 08:43:37","2025-12-12 08:52:06","",""
"MILK","","Point of Sale","1","1x TOASTIE","598","2025-12-12 08:46:14","2025-12-12 08:56:12","",""
"MILK","","Point of Sale","2","1x 16oz/Large; 1x 12oz/Medium","412","2025-12-12 08:49:21","2025-12-12 08:56:13","",""
"MILK","","Point of Sale","1","1x 12oz/Medium","387","2025-12-12 08:49:46","2025-12-12 08:56:13","",""
"MILK","","Point of Sale","1","1x 12oz/ICED SMALL","373","2025-12-12 08:50:01","2025-12-12 08:56:14","",""
"MILK","","Point of Sale","2","1x 8oz/Small; 1x 16oz/ICED MEDIUM","485","2025-12-12 08:50:53","2025-12-12 08:58:58","",""
"MILK","","Point of Sale","1","1x A Savoury Muffin","457","2025-12-12 08:51:22","2025-12-12 08:58:59","",""
"MILK","","Point of Sale","2","1x 8oz/Small; 1x 12oz/ICED SMALL","435","2025-12-12 08:51:44","2025-12-12 08:58:59","",""
"MILK","","Point of Sale","1","1x 8oz/Small","363","2025-12-12 08:56:00","2025-12-12 09:02:03","",""
"MILK","","Point of Sale","2","1x Sweet Pastry; 1x 16oz/Large","311","2025-12-12 08:56:52","2025-12-12 09:02:03","",""
"MILK","Green top","Point of Sale","1","1x 12oz/ICED SMALL","196","2025-12-12 08:58:49","2025-12-12 09:02:05","",""
"MILK","Pijnk shirt","Point of Sale","1","1x 12oz/ICED SMALL","169","2025-12-12 08:59:13","2025-12-12 09:02:02","",""
"MILK","Sarah","Point of Sale","1","1x 12oz/ICED SMALL","151","2025-12-12 08:59:34","2025-12-12 09:02:05","",""
"MILK","","Point of Sale","1","1x Fruit Juice","130","2025-12-12 09:00:00","2025-12-12 09:02:10","",""
"MILK","","Point of Sale","1","1x Fruit Juice","120","2025-12-12 09:00:11","2025-12-12 09:02:11","",""
"MILK","","Point of Sale","3","1x Babycino; 1x 8oz/Small; 1x BUTTERBOY","141","2025-12-12 09:03:43","2025-12-12 09:06:04","",""
"MILK","","Point of Sale","1","1x 8oz/Small","95","2025-12-12 09:04:30","2025-12-12 09:06:05","",""
"MILK","","Point of Sale","1","1x ","85","2025-12-12 09:06:40","2025-12-12 09:08:05","",""
"MILK","","Point of Sale","2","1x Sweet Pastry; 1x 12oz/ICED SMALL","529","2025-12-12 09:09:16","2025-12-12 09:18:05","",""
"MILK","","Point of Sale","1","1x 12oz/Medium","515","2025-12-12 09:09:29","2025-12-12 09:18:04","",""
"MILK","","Point of Sale","2","1x 8oz/Small; 1x Plain Croissant","453","2025-12-12 09:10:30","2025-12-12 09:18:03","",""
"MILK","","Point of Sale","1","1x 12oz/Medium","596","2025-12-12 09:18:58","2025-12-12 09:28:54","",""
"MILK","Sean","Point of Sale","1","1x 12oz/Medium","217","2025-12-12 09:25:18","2025-12-12 09:28:55","",""
"MILK","","Point of Sale","2","1x ; 1x 12oz/ICED SMALL","108","2025-12-12 09:27:05","2025-12-12 09:28:53","",""
"MILK","Green blazer","Point of Sale","4","1x Sweet Pastry; 1x BUTTERBOY; 1x 16oz/ICED MEDIUM; 1x 16oz/ICED MEDIUM","412","2025-12-12 09:29:10","2025-12-12 09:36:02","",""
"MILK","","Point of Sale","1","1x 12oz/Medium","348","2025-12-12 09:30:15","2025-12-12 09:36:03","",""
"MILK","","Point of Sale","3","3x TOASTIE","327","2025-12-12 09:30:37","2025-12-12 09:36:04","",""
"MILK","","Point of Sale","1","1x 16oz/ICED MEDIUM","605","2025-12-12 09:31:44","2025-12-12 09:41:49","",""
"MILK","","Point of Sale","1","1x 12oz/Medium","340","2025-12-12 09:36:07","2025-12-12 09:41:47","",""
"MILK","","Point of Sale","1","1x 12oz/ICED SMALL","544","2025-12-12 09:43:18","2025-12-12 09:52:22","",""
"MILK","","Point of Sale","1","1x 8oz/Small","454","2025-12-12 09:44:49","2025-12-12 09:52:23","",""
"MILK","","Point of Sale","1","1x 12oz/Medium","437","2025-12-12 09:45:06","2025-12-12 09:52:23","",""
"MILK","","Point of Sale","1","1x TOASTIE","718","2025-12-12 09:51:56","2025-12-12 10:03:54","",""
"MILK","","Point of Sale","1","1x 8oz/Small","333","2025-12-12 09:58:20","2025-12-12 10:03:53","",""
"MILK","","Point of Sale","1","1x 12oz/Medium","243","2025-12-12 09:59:51","2025-12-12 10:03:54","",""
"MILK","","Point of Sale","1","1x 12oz/ICED SMALL","134","2025-12-12 10:01:41","2025-12-12 10:03:55","",""
"MILK","","Point of Sale","1","1x 4oz/Pic, Esp, Dop","923","2025-12-12 10:05:33","2025-12-12 10:20:56","",""
"MILK","","Point of Sale","1","1x 12oz/ICED SMALL","905","2025-12-12 10:05:51","2025-12-12 10:20:56","",""
"MILK","","Point of Sale","1","1x 12oz/Medium","888","2025-12-12 10:06:08","2025-12-12 10:20:56","",""
"MILK","","Point of Sale","5","1x BUTTERBOY; 1x 6oz; 1x Babycino; 1x 12oz/Medium; 1x Babycino","862","2025-12-12 10:06:35","2025-12-12 10:20:57","",""
"MILK","","Point of Sale","1","1x 20oz\ICED LARGE","830","2025-12-12 10:06:56","2025-12-12 10:20:46","",""
"MILK","","Point of Sale","1","1x 12oz/Medium","749","2025-12-12 10:08:17","2025-12-12 10:20:46","",""
"MILK","","Point of Sale","1","1x 12oz/Medium","693","2025-12-12 10:09:13","2025-12-12 10:20:46","",""
"MILK","","Point of Sale","4","1x 8oz/Small; 1x Babycino; 1x 8oz/Small; 1x BUTTERBOY","419","2025-12-12 10:13:48","2025-12-12 10:20:47","",""
"MILK","","Point of Sale","2","1x Pupacino; 1x 8oz/Small","382","2025-12-12 10:14:25","2025-12-12 10:20:47","",""
"MILK","","Point of Sale","1","1x 16oz/ICED MEDIUM","347","2025-12-12 10:15:07","2025-12-12 10:20:54","",""
"MILK","","Point of Sale","3","1x ; 1x TOASTIE; 1x 16oz/ICED MEDIUM","1242","2025-12-12 10:23:24","2025-12-12 10:44:06","",""
"MILK","","Point of Sale","1","1x 12oz/ICED SMALL","725","2025-12-12 10:25:06","2025-12-12 10:37:11","",""
"MILK","","Point of Sale","1","1x 12oz/Medium","478","2025-12-12 10:29:11","2025-12-12 10:37:09","",""
"MILK","","Point of Sale","2","1x Sweet Pastry; 1x 16oz/Large","271","2025-12-12 10:32:39","2025-12-12 10:37:10","",""
"MILK","","Point of Sale","1","1x 16oz/Large","239","2025-12-12 10:33:09","2025-12-12 10:37:08","",""
"MILK","","Point of Sale","2","2x 16oz/ICED MEDIUM","439","2025-12-12 10:36:48","2025-12-12 10:44:07","",""
"MILK","","Point of Sale","1","1x 16oz/ICED MEDIUM","390","2025-12-12 10:37:38","2025-12-12 10:44:08","",""
"MILK","","Point of Sale","2","1x 1kg Beans; 1x 16oz/ICED MEDIUM","541","2025-12-12 10:46:05","2025-12-12 10:55:06","",""
"MILK","","Point of Sale","1","1x 16oz/ICED MEDIUM","523","2025-12-12 10:46:26","2025-12-12 10:55:09","",""
"MILK","","Point of Sale","1","1x 12oz/Medium","502","2025-12-12 10:46:45","2025-12-12 10:55:07","",""
"MILK","","Point of Sale","2","1x 12oz/ICED SMALL; 1x 12oz/ICED SMALL","311","2025-12-12 10:49:58","2025-12-12 10:55:09","",""
"MILK","","Point of Sale","1","1x 8oz/Small","243","2025-12-12 10:51:07","2025-12-12 10:55:10","",""
"MILK","","Point of Sale","2","1x 12oz/ICED SMALL; 1x Sweet Pastry","1112","2025-12-12 10:54:53","2025-12-12 11:13:25","",""
"MILK","","Point of Sale","1","1x 8oz/Small","937","2025-12-12 10:57:47","2025-12-12 11:13:24","",""
"MILK","","Point of Sale","1","1x 20oz\ICED LARGE","293","2025-12-12 11:22:56","2025-12-12 11:27:49","",""
"MILK","","Point of Sale","1","1x ","277","2025-12-12 11:23:14","2025-12-12 11:27:51","",""
"MILK","","Point of Sale","1","1x 16oz/ICED MEDIUM","467","2025-12-12 11:24:06","2025-12-12 11:31:53","",""
"MILK","","Point of Sale","1","1x 1kg Beans","154","2025-12-12 11:25:16","2025-12-12 11:27:50","",""
"MILK","","Point of Sale","4","2x 12oz/Medium; 1x 12oz/Medium; 1x 12oz/Medium","685","2025-12-12 11:25:39","2025-12-12 11:37:04","",""
"MILK","","Point of Sale","1","1x 500g Beans","361","2025-12-12 11:25:53","2025-12-12 11:31:54","",""
"MILK","","Point of Sale","2","1x 8oz/Small; 1x A Sweet Muffin","358","2025-12-12 11:31:08","2025-12-12 11:37:06","",""
"MILK","","Point of Sale","1","1x 500g Beans","1160","2025-12-12 11:45:47","2025-12-12 12:05:07","",""
"MILK","","Point of Sale","1","1x 12oz/Medium","57","2025-12-12 12:04:11","2025-12-12 12:05:08","",""
"MILK","","Point of Sale","1","1x 8oz/Small","201","2025-12-12 12:23:55","2025-12-12 12:27:16","",""
"MILK","","Point of Sale","1","1x 12oz/ICED SMALL","322","2025-12-12 12:35:14","2025-12-12 12:40:36","",""
"MILK","","Point of Sale","1","1x Sweet Pastry","285","2025-12-12 12:35:51","2025-12-12 12:40:36","",""
"MILK","","Point of Sale","2","1x 12oz/Medium; 1x BUTTERBOY","162","2025-12-12 12:37:56","2025-12-12 12:40:38","",""
"MILK","","Point of Sale","1","1x 20oz\ICED LARGE","433","2025-12-12 12:47:30","2025-12-12 12:54:43","",""
"MILK","","Point of Sale","1","1x 4oz/Pic, Esp, Dop","396","2025-12-12 12:48:07","2025-12-12 12:54:43","",""
"MILK","","Point of Sale","1","1x 12oz/Medium","407","2025-12-12 13:08:17","2025-12-12 13:15:04","",""
"MILK","","Point of Sale","1","1x 16oz/ICED MEDIUM","118","2025-12-12 13:13:06","2025-12-12 13:15:04","",""
"MILK","","Point of Sale","1","1x 8oz/Small","3206","2025-12-13 04:47:37","2025-12-13 05:41:03","",""
"MILK","","Point of Sale","1","1x 16oz/Large","2490","2025-12-13 04:59:35","2025-12-13 05:41:05","",""
"MILK","","Point of Sale","1","1x 12oz/Medium","2304","2025-12-13 05:02:40","2025-12-13 05:41:04","",""
"MILK","","Point of Sale","2","1x 4oz/Pic, Esp, Dop; 1x Breakfast Wrap","1840","2025-12-13 05:10:26","2025-12-13 05:41:06","",""
"MILK","","Point of Sale","1","1x 6oz","1606","2025-12-13 05:14:20","2025-12-13 05:41:06","",""
"MILK","","Point of Sale","1","1x 12oz/Medium","1476","2025-12-13 05:16:31","2025-12-13 05:41:07","",""
"MILK","","Point of Sale","1","1x 8oz/Small","1461","2025-12-13 05:16:46","2025-12-13 05:41:07","",""
"MILK","","Point of Sale","2","2x 12oz/Medium","1209","2025-12-13 05:20:59","2025-12-13 05:41:08","",""
"MILK","","Point of Sale","1","1x 12oz/Medium","1287","2025-12-13 05:23:38","2025-12-13 05:45:05","",""
"MILK","","Point of Sale","1","1x 4oz/Pic, Esp, Dop","1001","2025-12-13 05:24:27","2025-12-13 05:41:08","",""
"MILK","","Point of Sale","1","1x 12oz/Medium","430","2025-12-13 05:33:59","2025-12-13 05:41:09","",""
"MILK","","Point of Sale","2","1x 12oz/ICED SMALL; 1x 16oz/ICED MEDIUM","405","2025-12-13 05:38:20","2025-12-13 05:45:05","",""
"MILK","","Point of Sale","2","1x 20oz\ICED LARGE; 1x 6oz","380","2025-12-13 05:38:46","2025-12-13 05:45:06","",""
"MILK","","Point of Sale","1","1x 16oz/Large","332","2025-12-13 05:39:35","2025-12-13 05:45:07","",""
"MILK","","Point of Sale","5","1x ; 1x ; 1x Babycino; 1x 8oz/Small; 1x 8oz/Small","754","2025-12-13 05:43:09","2025-12-13 05:55:43","",""
"MILK","","Point of Sale","1","1x ","696","2025-12-13 05:44:06","2025-12-13 05:55:42","",""
"MILK","Maroon cap","Point of Sale","1","1x 12oz/Medium","197","2025-12-13 05:52:24","2025-12-13 05:55:41","",""
"MILK","Logan","Point of Sale","1","1x 16oz/ICED MEDIUM","179","2025-12-13 05:52:42","2025-12-13 05:55:41","",""
"MILK","","Point of Sale","3","1x 12oz/Medium; 1x 500g Beans; 1x 12oz/Medium","476","2025-12-13 05:55:25","2025-12-13 06:03:21","",""
"MILK","Sean","Point of Sale","2","1x TOASTIE; 1x 8oz/Small","263","2025-12-13 05:58:58","2025-12-13 06:03:21","",""
"MILK","","Point of Sale","3","1x 12oz/Medium; 1x 16oz/ICED MEDIUM; 1x 12oz/Medium","302","2025-12-13 06:00:28","2025-12-13 06:05:30","",""
"MILK","Chgeckered shirt","Point of Sale","1","1x 16oz/Large","235","2025-12-13 06:01:36","2025-12-13 06:05:31","",""
"MILK","","Point of Sale","2","1x 12oz/Medium; 1x Babycino","207","2025-12-13 06:02:04","2025-12-13 06:05:31","",""
"MILK","","Point of Sale","1","1x 12oz/Medium","1193","2025-12-13 06:02:47","2025-12-13 06:22:40","",""
"MILK","","Point of Sale","1","1x 12oz/Medium","845","2025-12-13 06:08:34","2025-12-13 06:22:39","",""
"MILK","","Point of Sale","1","1x Sweet Pastry","680","2025-12-13 06:11:21","2025-12-13 06:22:41","",""
"MILK","","Point of Sale","1","1x 6oz","663","2025-12-13 06:11:39","2025-12-13 06:22:42","",""
"MILK","Rach","Point of Sale","1","1x 16oz/ICED MEDIUM","316","2025-12-13 06:17:27","2025-12-13 06:22:43","",""
"MILK","","Point of Sale","1","1x Sweet Pastry","915","2025-12-13 06:21:39","2025-12-13 06:36:54","",""
"MILK","","Point of Sale","1","1x 8oz/Small","759","2025-12-13 06:24:16","2025-12-13 06:36:55","",""
"MILK","","Point of Sale","2","1x 16oz/Large; 1x 20oz\ICED LARGE","312","2025-12-13 06:31:44","2025-12-13 06:36:56","",""
"MILK","","Point of Sale","1","1x 16oz/Large","215","2025-12-13 06:33:22","2025-12-13 06:36:57","",""
"MILK","Michelle","Point of Sale","1","1x 8oz/Small","344","2025-12-13 06:35:09","2025-12-13 06:40:53","",""
"MILK","Michelle","Point of Sale","2","1x Breakfast Wrap; 1x 12oz/Medium","295","2025-12-13 06:35:59","2025-12-13 06:40:54","",""
"MILK","","Point of Sale","1","1x 6oz","271","2025-12-13 06:36:24","2025-12-13 06:40:55","",""
"MILK","","Point of Sale","2","1x 4oz/Pic, Esp, Dop; 1x 8oz/Small","201","2025-12-13 06:37:36","2025-12-13 06:40:57","",""
"MILK","High vis","Point of Sale","2","2x 12oz/Medium","343","2025-12-13 06:37:58","2025-12-13 06:43:41","",""
"MILK","Northwest","Point of Sale","1","1x TOASTIE","318","2025-12-13 06:38:24","2025-12-13 06:43:42","",""
"MILK","","Point of Sale","2","1x ; 1x 12oz/Medium","135","2025-12-13 06:41:27","2025-12-13 06:43:42","",""
"MILK","Adapt guy","Point of Sale","2","1x 16oz/Large; 1x TOASTIE","529","2025-12-13 06:43:18","2025-12-13 06:52:07","",""
"MILK","Green tshirt","Point of Sale","4","1x 12oz/Medium; 1x 12oz/ICED SMALL; 1x Breakfast Wrap; 1x Ham And Cheese Croissant","782","2025-12-13 06:45:07","2025-12-13 06:58:09","",""
"MILK","","Point of Sale","1","1x 4oz/Pic, Esp, Dop","367","2025-12-13 06:46:11","2025-12-13 06:52:18","",""
"MILK","","Point of Sale","1","1x 12oz/Medium","316","2025-12-13 06:48:04","2025-12-13 06:53:20","",""
"MILK","Cycliet","Point of Sale","2","1x 8oz/Small; 1x 6oz","156","2025-12-13 06:52:11","2025-12-13 06:54:47","",""
"MILK","James","Point of Sale","4","1x 12oz/Medium; 2x Babycino; 1x 16oz/Large","262","2025-12-13 06:58:57","2025-12-13 07:03:19","",""
"MILK","","Point of Sale","1","1x 12oz/ICED SMALL","256","2025-12-13 07:00:10","2025-12-13 07:04:26","",""
"MILK","Amy","Point of Sale","2","1x Sweet Pastry; 1x BUTTERBOY","70","2025-12-13 07:03:18","2025-12-13 07:04:28","",""
"MILK","Ryan","Point of Sale","1","1x 20oz\ICED LARGE","397","2025-12-13 07:05:26","2025-12-13 07:12:03","",""
"MILK","Lauren","Point of Sale","2","1x 8oz/Small; 1x Babycino","264","2025-12-13 07:07:39","2025-12-13 07:12:03","",""
"MILK","","Point of Sale","2","1x 16oz/ICED MEDIUM; 1x 12oz/Medium","499","2025-12-13 07:08:04","2025-12-13 07:16:23","","2025-12-12T21:13:28.000Z"
"MILK","Brendan","Point of Sale","2","1x 12oz/Medium; 1x 6oz","440","2025-12-13 07:09:06","2025-12-13 07:16:26","",""
"MILK","Josh twin","Point of Sale","2","1x 12oz/Medium; 1x 12oz/Medium","410","2025-12-13 07:09:34","2025-12-13 07:16:24","",""
"MILK","","Point of Sale","1","1x 8oz/Small","88","2025-12-13 07:15:50","2025-12-13 07:17:18","",""
"MILK","Northwest","Point of Sale","3","1x Famous Soda; 1x 12oz/Medium; 1x A Sweet Muffin","246","2025-12-13 07:16:29","2025-12-13 07:20:35","",""
"MILK","","Point of Sale","2","1x 8oz/Small; 1x 1kg Beans","115","2025-12-13 07:18:41","2025-12-13 07:20:36","",""
"MILK","","Point of Sale","3","1x 12oz/Medium; 1x 500g Beans; 1x 12oz/Medium","128","2025-12-13 07:22:47","2025-12-13 07:24:55","",""
"MILK","Markm","Point of Sale","2","2x 6oz","178","2025-12-13 07:23:14","2025-12-13 07:26:12","",""
"MILK","","Point of Sale","1","1x 20oz\ICED LARGE","115","2025-12-13 07:24:18","2025-12-13 07:26:13","",""
"MILK","Cas","Point of Sale","1","1x 12oz/Medium","123","2025-12-13 07:24:57","2025-12-13 07:27:00","",""
"MILK","","Point of Sale","2","1x 12oz/ICED SMALL; 1x 16oz/Large","128","2025-12-13 07:25:40","2025-12-13 07:27:48","",""
"MILK","Fitstop","Point of Sale","1","1x 12oz/Medium","160","2025-12-13 07:27:26","2025-12-13 07:30:06","",""
"MILK","Kayla","Point of Sale","3","1x 6oz; 2x Babycino","136","2025-12-13 07:27:50","2025-12-13 07:30:06","",""
"MILK","","Point of Sale","1","1x 8oz/Small","123","2025-12-13 07:28:04","2025-12-13 07:30:07","",""
"MILK","","Point of Sale","2","1x 12oz/Medium; 1x 16oz/ICED MEDIUM","182","2025-12-13 07:29:37","2025-12-13 07:32:39","",""
"MILK","Fitstop","Point of Sale","2","2x 16oz/ICED MEDIUM","162","2025-12-13 07:29:58","2025-12-13 07:32:40","",""
"MILK","Alex","Point of Sale","2","1x A Sweet Muffin; 1x 16oz/ICED MEDIUM","261","2025-12-13 07:30:18","2025-12-13 07:34:39","",""
"MILK","Dom","Point of Sale","1","1x 12oz/Medium","230","2025-12-13 07:30:47","2025-12-13 07:34:37","",""
"MILK","Ray","Point of Sale","2","1x 16oz/ICED MEDIUM; 1x Ham And Cheese Croissant","208","2025-12-13 07:31:09","2025-12-13 07:34:37","",""
"MILK","Kelly","Point of Sale","2","1x Sweet Pastry; 1x 12oz/Medium","243","2025-12-13 07:31:41","2025-12-13 07:35:44","",""
"MILK","Jemma","Point of Sale","1","1x 12oz/Medium","289","2025-12-13 07:32:00","2025-12-13 07:36:49","",""
"MILK","Glenn","Point of Sale","2","2x 4oz/Pic, Esp, Dop","303","2025-12-13 07:32:20","2025-12-13 07:37:23","",""
"MILK","","Point of Sale","3","1x 12oz/ICED SMALL; 1x 12oz/ICED SMALL; 1x Fruit Juice","278","2025-12-13 07:32:46","2025-12-13 07:37:24","",""
"MILK","","Point of Sale","6","1x 12oz/Medium; 1x 20oz\ICED LARGE; 1x 12oz/Medium; 1x 12oz/Medium; 2x Babycino","323","2025-12-13 07:35:09","2025-12-13 07:40:32","",""
"MILK","Karen","Point of Sale","2","1x 12oz/ICED SMALL; 1x Ham And Cheese Croissant","446","2025-12-13 07:36:10","2025-12-13 07:43:36","",""
"MILK","Gym couple","Point of Sale","2","1x 12oz/Medium; 1x 8oz/Small","371","2025-12-13 07:37:26","2025-12-13 07:43:37","",""
"MILK","Veryday rewards card","Point of Sale","2","2x 16oz/ICED MEDIUM","327","2025-12-13 07:38:11","2025-12-13 07:43:38","",""
"MILK","Alex","Point of Sale","3","1x Fiji Water; 1x 16oz/ICED MEDIUM; 1x 12oz/Medium","318","2025-12-13 07:38:40","2025-12-13 07:43:58","",""
"MILK","Ros","Point of Sale","1","1x 12oz/ICED SMALL","320","2025-12-13 07:39:00","2025-12-13 07:44:20","",""
"MILK","Karen","Point of Sale","1","1x 12oz/Medium","365","2025-12-13 07:39:19","2025-12-13 07:45:24","",""
"MILK","Mel","Point of Sale","1","1x 8oz/Small","329","2025-12-13 07:39:56","2025-12-13 07:45:25","",""
"MILK","Damien","Point of Sale","3","1x 16oz/Large; 1x Babycino; 1x BUTTERBOY","383","2025-12-13 07:40:24","2025-12-13 07:46:47","",""
"MILK","","Point of Sale","2","2x 12oz/Medium","371","2025-12-13 07:43:24","2025-12-13 07:49:35","",""
"MILK","","Point of Sale","2","1x 12oz/Medium; 1x 12oz/Medium","179","2025-12-13 07:48:16","2025-12-13 07:51:15","",""
"MILK","","Point of Sale","2","1x 12oz/Medium; 1x 12oz/Medium","404","2025-12-13 07:51:01","2025-12-13 07:57:45","",""
"MILK","Blaxk cap","Point of Sale","2","1x TOASTIE; 1x 12oz/ICED SMALL","287","2025-12-13 07:53:20","2025-12-13 07:58:07","",""
"MILK","Damien","Point of Sale","1","1x 16oz/ICED MEDIUM","264","2025-12-13 07:53:41","2025-12-13 07:58:05","",""
"MILK","Paul","Point of Sale","4","2x Pupacino; 1x 12oz/Medium; 1x 12oz/Medium","347","2025-12-13 07:54:13","2025-12-13 08:00:00","",""
"MILK","","Point of Sale","1","1x 16oz/ICED MEDIUM","353","2025-12-13 07:55:41","2025-12-13 08:01:34","",""
"MILK","","Point of Sale","2","1x 20oz\ICED LARGE; 1x Kombucha","271","2025-12-13 07:57:03","2025-12-13 08:01:34","",""
"MILK","Adapt","Point of Sale","1","1x 16oz/ICED MEDIUM","239","2025-12-13 07:57:36","2025-12-13 08:01:35","",""
"MILK","Gaylia","Point of Sale","1","1x 6oz","224","2025-12-13 07:57:52","2025-12-13 08:01:36","",""
"MILK","","Point of Sale","2","1x 6oz; 1x 6oz","309","2025-12-13 07:58:24","2025-12-13 08:03:33","",""
"MILK","Dog","Point of Sale","2","1x A Sweet Muffin; 1x 12oz/Medium","553","2025-12-13 07:59:02","2025-12-13 08:08:15","",""
"MILK","Adapt glasses","Point of Sale","1","1x 16oz/ICED MEDIUM","304","2025-12-13 07:59:41","2025-12-13 08:04:45","",""
"MILK","Felicity glasses adapt","Point of Sale","1","1x 20oz\ICED LARGE","421","2025-12-13 08:00:00","2025-12-13 08:07:01","",""
"MILK","Dan adapt","Point of Sale","1","1x 20oz\ICED LARGE","470","2025-12-13 08:00:25","2025-12-13 08:08:15","",""
"MILK","Maree","Point of Sale","2","1x 12oz/ICED SMALL; 1x A Savoury Muffin","434","2025-12-13 08:01:02","2025-12-13 08:08:16","",""
"MILK","White singlet","Point of Sale","1","1x 12oz/ICED SMALL","359","2025-12-13 08:03:36","2025-12-13 08:09:35","",""
"MILK","","Point of Sale","1","1x 16oz/Large","377","2025-12-13 08:04:29","2025-12-13 08:10:46","",""
"MILK","Marcello","Point of Sale","1","1x 12oz/Medium","206","2025-12-13 08:07:20","2025-12-13 08:10:46","",""
"MILK","Npc","Point of Sale","1","1x 16oz/Large","145","2025-12-13 08:09:41","2025-12-13 08:12:06","",""
"MILK","Northwest","Point of Sale","2","1x 12oz/Medium; 1x 16oz/ICED MEDIUM","142","2025-12-13 08:11:34","2025-12-13 08:13:56","",""
"MILK","","Point of Sale","1","1x 8oz/Small","79","2025-12-13 08:18:23","2025-12-13 08:19:42","",""
"MILK","","Point of Sale","1","1x 8oz/Small","101","2025-12-13 08:19:39","2025-12-13 08:21:20","",""
"MILK","","Point of Sale","1","1x 16oz/ICED MEDIUM","65","2025-12-13 08:20:16","2025-12-13 08:21:21","",""
"MILK","Mae","Point of Sale","3","1x 12oz/Medium; 1x 12oz/Medium; 1x 16oz/Large","316","2025-12-13 08:24:00","2025-12-13 08:29:16","",""
"MILK","Rob","Point of Sale","2","1x 16oz/Large; 1x 12oz/Medium","144","2025-12-13 08:29:00","2025-12-13 08:31:24","",""
"MILK","Dom","Point of Sale","1","1x 8oz/Small","114","2025-12-13 08:29:30","2025-12-13 08:31:24","",""
"MILK","","Point of Sale","3","1x Babycino; 2x 16oz/ICED MEDIUM","156","2025-12-13 08:30:45","2025-12-13 08:33:21","",""
"MILK","","Point of Sale","2","2x 16oz/ICED MEDIUM","361","2025-12-13 08:31:22","2025-12-13 08:37:23","",""
"MILK","","Point of Sale","2","1x 6oz; 1x BUTTERBOY","242","2025-12-13 08:31:50","2025-12-13 08:35:52","",""
"MILK","","Point of Sale","2","2x 16oz/ICED MEDIUM","284","2025-12-13 08:32:40","2025-12-13 08:37:24","",""
"MILK","762220990","Square Online","1","1x 12oz/Medium","462","2025-12-13 08:35:20","2025-12-13 08:43:02","2025-12-13 08:35:15",""
"MILK","","Point of Sale","2","1x 12oz/Medium; 1x 20oz\ICED LARGE","231","2025-12-13 08:36:22","2025-12-13 08:40:13","",""
"MILK","Yellow shirt","Point of Sale","5","1x 16oz/ICED MEDIUM; 1x Fruit Juice; 1x Plain Croissant; 1x Ham And Cheese Croissant; 1x Sweet Pastry","254","2025-12-13 08:37:03","2025-12-13 08:41:17","",""
"MILK","Red top","Point of Sale","3","1x 12oz/Medium; 1x 12oz/ICED SMALL; 1x 8oz/Small","318","2025-12-13 08:37:44","2025-12-13 08:43:02","",""
"MILK","Stipes shirt","Point of Sale","1","1x 20oz\ICED LARGE","267","2025-12-13 08:38:36","2025-12-13 08:43:03","",""
"MILK","","Point of Sale","3","1x Breakfast Wrap; 1x 12oz/Medium; 1x 16oz/Large","562","2025-12-13 08:41:10","2025-12-13 08:50:32","",""
"MILK","Kate","Point of Sale","1","1x 12oz/Medium","219","2025-12-13 08:41:30","2025-12-13 08:45:09","",""
"MILK","","Point of Sale","2","1x Plain Croissant; 1x A Sweet Muffin","132","2025-12-13 08:43:34","2025-12-13 08:45:46","",""
"MILK","","Point of Sale","1","1x 12oz/Medium","50","2025-12-13 08:44:55","2025-12-13 08:45:45","",""
"MILK","Dylame","Point of Sale","1","1x 12oz/Medium","182","2025-12-13 08:49:18","2025-12-13 08:52:20","",""
"MILK","","Point of Sale","1","1x Sweet Pastry","7","2025-12-13 08:52:13","2025-12-13 08:52:20","",""
"MILK","","Point of Sale","1","1x 16oz/Large","76","2025-12-13 08:52:39","2025-12-13 08:53:55","",""
"MILK","David","Point of Sale","2","1x 12oz/Medium; 1x 12oz/Medium","187","2025-12-13 08:53:06","2025-12-13 08:56:13","",""
"MILK","","Point of Sale","1","1x 250g Beans","11","2025-12-13 08:53:17","2025-12-13 08:53:28","",""
"MILK","Orange shirt","Point of Sale","2","1x 16oz/ICED MEDIUM; 1x 16oz/ICED MEDIUM","144","2025-12-13 08:53:47","2025-12-13 08:56:11","",""
"MILK","Tiger tshirt","Point of Sale","2","1x Pupacino; 1x 8oz/Small","121","2025-12-13 08:54:11","2025-12-13 08:56:12","",""
"MILK","","Point of Sale","2","1x 8oz/Small; 1x 8oz/Small","139","2025-12-13 08:57:06","2025-12-13 08:59:25","",""
"MILK","","Point of Sale","1","1x Breakfast Wrap","175","2025-12-13 08:59:37","2025-12-13 09:02:32","",""
"MILK","","Point of Sale","1","1x 12oz/ICED SMALL","86","2025-12-13 09:01:07","2025-12-13 09:02:33","",""
"MILK","","Point of Sale","1","1x 8oz/Small","89","2025-12-13 09:02:26","2025-12-13 09:03:55","",""
"MILK","","Point of Sale","2","1x Sweet Pastry; 1x 12oz/Medium","142","2025-12-13 09:05:53","2025-12-13 09:08:15","",""
"MILK","","Point of Sale","1","1x TOASTIE","377","2025-12-13 09:07:58","2025-12-13 09:14:15","",""
"MILK","","Point of Sale","3","1x 16oz/Large; 1x 16oz/Large; 1x BUTTERBOY","122","2025-12-13 09:15:34","2025-12-13 09:17:36","",""
"MILK","Mels friend","Point of Sale","1","1x Breakfast Wrap","397","2025-12-13 09:18:20","2025-12-13 09:24:57","",""
"MILK","Tall guy","Point of Sale","1","1x 20oz\ICED LARGE","34","2025-12-13 09:18:42","2025-12-13 09:19:16","",""
"MILK","Another tall white shirt","Point of Sale","2","2x 20oz\ICED LARGE","300","2025-12-13 09:19:02","2025-12-13 09:24:02","",""
"MILK","Black tshit long hair dude","Point of Sale","1","1x 16oz/ICED MEDIUM","333","2025-12-13 09:19:25","2025-12-13 09:24:58","",""
"MILK","Black singlet dude","Point of Sale","1","1x 16oz/ICED MEDIUM","316","2025-12-13 09:19:43","2025-12-13 09:24:59","",""
"MILK","Green top","Point of Sale","3","3x 12oz/Medium","450","2025-12-13 09:20:48","2025-12-13 09:28:18","",""
"MILK","Boxer dog lady","Point of Sale","2","1x 8oz/Small; 1x Pupacino","434","2025-12-13 09:21:26","2025-12-13 09:28:40","",""
"MILK","Cyclist orange","Point of Sale","1","1x Breakfast Wrap","457","2025-12-13 09:21:55","2025-12-13 09:29:32","",""
"MILK","Cyclist black","Point of Sale","1","1x 8oz/Small","438","2025-12-13 09:22:15","2025-12-13 09:29:33","",""
"MILK","Cyclist colourful","Point of Sale","2","1x Breakfast Wrap; 1x 8oz/Small","666","2025-12-13 09:22:49","2025-12-13 09:33:55","",""
"MILK","Cyclist grey","Point of Sale","2","1x TOASTIE; 1x 4oz/Pic, Esp, Dop","637","2025-12-13 09:23:18","2025-12-13 09:33:55","",""
"MILK","Gilr glasses","Point of Sale","1","1x 6oz","423","2025-12-13 09:24:15","2025-12-13 09:31:18","",""
"MILK","Couple","Point of Sale","4","2x Sweet Pastry; 1x 16oz/Large; 1x 8oz/Small","542","2025-12-13 09:25:10","2025-12-13 09:34:12","",""
"MILK","Red s'agir","Point of Sale","1","1x 16oz/ICED MEDIUM","528","2025-12-13 09:26:08","2025-12-13 09:34:56","",""
"MILK","","Point of Sale","1","1x Fruit Juice","516","2025-12-13 09:26:21","2025-12-13 09:34:57","",""
"MILK","Ash","Point of Sale","3","1x Fruit Juice; 1x 6oz; 1x BUTTERBOY","518","2025-12-13 09:27:58","2025-12-13 09:36:36","",""
"MILK","Gary","Point of Sale","2","1x 16oz/Large; 1x A Sweet Muffin","468","2025-12-13 09:30:50","2025-12-13 09:38:38","",""
"MILK","","Point of Sale","1","1x 8oz/Small","370","2025-12-13 09:32:28","2025-12-13 09:38:38","",""
"MILK","","Point of Sale","1","1x 6oz","59","2025-12-13 09:47:56","2025-12-13 09:48:55","",""
"MILK","Coupe","Point of Sale","2","1x 4oz/Pic, Esp, Dop; 1x 12oz/Medium","177","2025-12-13 09:48:22","2025-12-13 09:51:19","",""
"MILK","Trent","Point of Sale","2","1x 20oz\ICED LARGE; 1x Babycino","153","2025-12-13 09:48:46","2025-12-13 09:51:19","",""
"MILK","","Point of Sale","4","1x 4oz/Pic, Esp, Dop; 1x 8oz/Small; 1x 16oz/ICED MEDIUM; 1x 12oz/Medium","241","2025-12-13 09:50:29","2025-12-13 09:54:30","",""
"MILK","Matt","Point of Sale","1","1x 16oz/Large","300","2025-12-13 09:52:08","2025-12-13 09:57:08","",""
"MILK","","Point of Sale","1","1x 6oz","250","2025-12-13 09:52:59","2025-12-13 09:57:09","",""
"MILK","","Point of Sale","2","1x Sweet Pastry; 1x 16oz/ICED MEDIUM","317","2025-12-13 09:53:35","2025-12-13 09:58:52","",""
"MILK","Matt","Point of Sale","1","1x 16oz/ICED MEDIUM","260","2025-12-13 09:54:32","2025-12-13 09:58:52","",""
"MILK","","Point of Sale","1","1x A Savoury Muffin","382","2025-12-13 09:55:46","2025-12-13 10:02:08","",""
"MILK","","Point of Sale","2","1x Sweet Pastry; 1x 12oz/Medium","112","2025-12-13 09:58:04","2025-12-13 09:59:56","",""
"MILK","","Point of Sale","3","1x 16oz/ICED MEDIUM; 2x 16oz/Large","174","2025-12-13 10:01:55","2025-12-13 10:04:49","",""
"MILK","","Point of Sale","1","1x A Sweet Muffin","333","2025-12-13 10:04:35","2025-12-13 10:10:08","",""
"MILK","","Point of Sale","2","1x 12oz/ICED SMALL; 1x 20oz\ICED LARGE","220","2025-12-13 10:06:30","2025-12-13 10:10:10","",""
"MILK","","Point of Sale","2","1x 12oz/Medium; 1x 16oz/ICED MEDIUM","482","2025-12-13 10:12:34","2025-12-13 10:20:36","",""
"MILK","Murphy dog","Point of Sale","2","1x Pupacino; 1x 12oz/Medium","302","2025-12-13 10:19:50","2025-12-13 10:24:52","",""
"MILK","","Point of Sale","1","1x 4oz/Pic, Esp, Dop","278","2025-12-13 10:20:14","2025-12-13 10:24:52","",""
"MILK","","Point of Sale","2","1x 16oz/ICED MEDIUM; 1x Plain Croissant","420","2025-12-13 10:27:16","2025-12-13 10:34:16","",""
"MILK","","Point of Sale","2","1x 12oz/Medium; 1x Sweet Pastry","375","2025-12-13 10:28:01","2025-12-13 10:34:16","",""
"MILK","","Point of Sale","3","2x Plain Croissant; 1x 12oz/Medium","400","2025-12-13 10:28:31","2025-12-13 10:35:11","",""
"MILK","","Point of Sale","1","1x 12oz/ICED SMALL","560","2025-12-13 10:29:00","2025-12-13 10:38:20","",""
"MILK","","Point of Sale","5","1x 20oz\ICED LARGE; 2x TOASTIE; 1x 16oz/ICED MEDIUM; 1x 1kg Beans","682","2025-12-13 10:29:59","2025-12-13 10:41:21","",""
"MILK","Kieran","Point of Sale","2","1x 12oz/Medium; 1x 8oz/Small","566","2025-12-13 10:31:28","2025-12-13 10:40:54","",""
"MILK","","Point of Sale","2","1x 12oz/ICED SMALL; 1x 16oz/ICED MEDIUM","484","2025-12-13 10:36:47","2025-12-13 10:44:51","",""
"MILK","","Point of Sale","2","1x 8oz/Small; 1x 12oz/Medium","464","2025-12-13 10:37:08","2025-12-13 10:44:52","",""
"MILK","","Point of Sale","2","1x 12oz/ICED SMALL; 1x 12oz/ICED SMALL","451","2025-12-13 10:37:42","2025-12-13 10:45:13","",""
"MILK","","Point of Sale","2","1x 16oz/ICED MEDIUM; 1x 20oz\ICED LARGE","298","2025-12-13 10:44:27","2025-12-13 10:49:25","",""
"MILK","","Point of Sale","1","1x TOASTIE","1148","2025-12-13 10:47:48","2025-12-13 11:06:56","",""
"MILK","","Point of Sale","3","1x 4oz/Pic, Esp, Dop; 1x Babycino; 1x 8oz/Small","1090","2025-12-13 10:48:47","2025-12-13 11:06:57","",""
"MILK","","Point of Sale","3","1x Pupacino; 1x 12oz/ICED SMALL; 1x 12oz/Medium","984","2025-12-13 10:50:34","2025-12-13 11:06:58","",""
"MILK","","Point of Sale","1","1x 8oz/Small","496","2025-12-14 05:56:07","2025-12-14 06:04:23","",""
"MILK","1585483877","Square Online","1","1x 12oz/Medium","370","2025-12-14 05:58:12","2025-12-14 06:04:22","2025-12-14 06:00:00",""
"MILK","Tom","Point of Sale","1","1x 8oz/Small","300","2025-12-14 05:59:24","2025-12-14 06:04:24","",""
"MILK","","Point of Sale","1","1x 6oz","208","2025-12-14 06:00:57","2025-12-14 06:04:25","",""
"MILK","","Point of Sale","1","1x 8oz/Small","159","2025-12-14 06:01:46","2025-12-14 06:04:25","",""
"MILK","","Point of Sale","2","1x 12oz/Medium; 1x 4oz/Pic, Esp, Dop","613","2025-12-14 06:04:16","2025-12-14 06:14:29","",""
"MILK","Alex","Point of Sale","2","1x 16oz/Large; 1x 16oz/Large","430","2025-12-14 06:07:18","2025-12-14 06:14:28","",""
"MILK","Rose","Point of Sale","1","1x 12oz/Medium","398","2025-12-14 06:07:49","2025-12-14 06:14:27","",""
"MILK","Jono","Point of Sale","2","1x 12oz/Medium; 1x 12oz/Medium","224","2025-12-14 06:10:42","2025-12-14 06:14:26","",""
"MILK","Ralph","Point of Sale","2","1x A Sweet Muffin; 1x 12oz/Medium","192","2025-12-14 06:11:15","2025-12-14 06:14:27","",""
"MILK","Dom","Point of Sale","2","1x 12oz/ICED SMALL; 1x ","521","2025-12-14 06:12:11","2025-12-14 06:20:52","",""
"MILK","Stu","Point of Sale","2","1x Sweet Pastry; 1x 12oz/Medium","483","2025-12-14 06:12:49","2025-12-14 06:20:52","",""
"MILK","Wally","Point of Sale","1","1x 16oz/ICED MEDIUM","820","2025-12-14 06:13:23","2025-12-14 06:27:03","",""
"MILK","Jason","Point of Sale","1","1x 12oz/ICED SMALL","695","2025-12-14 06:15:29","2025-12-14 06:27:04","",""
"MILK","","Point of Sale","1","1x 12oz/Medium","632","2025-12-14 06:16:33","2025-12-14 06:27:05","",""
"MILK","","Point of Sale","3","1x A Sweet Muffin; 1x 16oz/ICED MEDIUM; 1x 12oz/Medium","523","2025-12-14 06:18:22","2025-12-14 06:27:05","",""
"MILK","Sean","Point of Sale","1","1x 8oz/Small","280","2025-12-14 06:22:26","2025-12-14 06:27:06","",""
"MILK","Eddie","Point of Sale","1","1x 16oz/Large","1166","2025-12-14 06:28:21","2025-12-14 06:47:47","",""
"MILK","","Point of Sale","2","1x 12oz/Medium; 1x 12oz/Medium","692","2025-12-14 06:36:15","2025-12-14 06:47:47","",""
"MILK","Captian","Point of Sale","1","1x 6oz","619","2025-12-14 06:37:29","2025-12-14 06:47:48","",""
"MILK","Connor","Point of Sale","1","1x 16oz/Large","527","2025-12-14 06:39:02","2025-12-14 06:47:49","",""
"MILK","Tom","Point of Sale","3","2x 6oz; 1x 500g Beans","223","2025-12-14 06:44:06","2025-12-14 06:47:49","",""
"MILK","","Point of Sale","2","2x 6oz","95","2025-12-14 06:46:21","2025-12-14 06:47:56","",""
"MILK","Linda","Point of Sale","1","1x 16oz/Large","419","2025-12-14 06:46:49","2025-12-14 06:53:48","",""
"MILK","Ryan","Point of Sale","1","1x 20oz\ICED LARGE","399","2025-12-14 06:47:09","2025-12-14 06:53:48","",""
"MILK","Damien","Point of Sale","2","1x Babycino; 1x 16oz/Large","369","2025-12-14 06:47:41","2025-12-14 06:53:50","",""
"MILK","Tim","Point of Sale","1","1x 8oz/Small","197","2025-12-14 06:50:33","2025-12-14 06:53:50","",""
"MILK","J","Point of Sale","2","1x A Sweet Muffin; 1x 16oz/Large","509","2025-12-14 06:53:08","2025-12-14 07:01:37","",""
"MILK","James","Point of Sale","4","1x BUTTERBOY; 1x Babycino; 1x 12oz/Medium; 1x 16oz/Large","420","2025-12-14 06:54:38","2025-12-14 07:01:38","",""
"MILK","Logan","Point of Sale","2","1x 8oz/Small; 1x 16oz/ICED MEDIUM","504","2025-12-14 06:56:32","2025-12-14 07:04:56","",""
"MILK","Princess","Point of Sale","1","1x 12oz/Medium","473","2025-12-14 06:57:02","2025-12-14 07:04:55","",""
"MILK","Pat","Point of Sale","1","1x 16oz/ICED MEDIUM","442","2025-12-14 06:57:32","2025-12-14 07:04:54","",""
"MILK","Glenda","Point of Sale","1","1x 16oz/ICED MEDIUM","343","2025-12-14 06:59:11","2025-12-14 07:04:54","",""
"MILK","Bronte","Point of Sale","1","1x 8oz/Small","453","2025-12-14 06:59:40","2025-12-14 07:07:13","",""
"MILK","Cyclist","Point of Sale","2","1x 16oz/ICED MEDIUM; 1x A Sweet Muffin","419","2025-12-14 07:00:14","2025-12-14 07:07:13","",""
"MILK","Tom","Point of Sale","2","1x 6oz; 1x 6oz","672","2025-12-14 07:01:24","2025-12-14 07:12:36","",""
"MILK","","Point of Sale","2","1x 12oz/Medium; 1x 16oz/ICED MEDIUM","413","2025-12-14 07:05:44","2025-12-14 07:12:37","",""
"MILK","Glenn","Point of Sale","2","2x 4oz/Pic, Esp, Dop","386","2025-12-14 07:06:11","2025-12-14 07:12:37","",""
"MILK","Jasmine","Point of Sale","2","1x 6oz; 1x 4oz/Pic, Esp, Dop","231","2025-12-14 07:08:51","2025-12-14 07:12:42","",""
"MILK","Judy","Point of Sale","4","3x Pupacino; 1x 12oz/ICED SMALL","481","2025-12-14 07:11:34","2025-12-14 07:19:35","",""
"MILK","Kiren","Point of Sale","2","1x 8oz/Small; 1x 8oz/Small","266","2025-12-14 07:12:06","2025-12-14 07:16:32","",""
"MILK","Tim","Point of Sale","1","1x 6oz","379","2025-12-14 07:13:16","2025-12-14 07:19:35","",""
"MILK","Micheal","Point of Sale","2","1x 8oz/Small; 1x 8oz/Small","493","2025-12-14 07:13:59","2025-12-14 07:22:12","",""
"MILK","Damo","Point of Sale","1","1x 16oz/ICED MEDIUM","410","2025-12-14 07:14:29","2025-12-14 07:21:19","",""
"MILK","Jack","Point of Sale","2","1x 12oz/Medium; 1x 16oz/ICED MEDIUM","641","2025-12-14 07:16:30","2025-12-14 07:27:11","",""
"MILK","","Point of Sale","1","1x 16oz/ICED MEDIUM","608","2025-12-14 07:17:02","2025-12-14 07:27:10","",""
"MILK","Sally","Point of Sale","3","1x 12oz/ICED SMALL; 1x Pupacino; 1x 12oz/ICED SMALL","506","2025-12-14 07:18:43","2025-12-14 07:27:09","",""
"MILK","","Point of Sale","1","1x 16oz/ICED MEDIUM","423","2025-12-14 07:20:05","2025-12-14 07:27:08","",""
"MILK","Andy","Point of Sale","6","2x Babycino; 2x 12oz/Medium; 1x 12oz/Medium; 1x 12oz/Medium","568","2025-12-14 07:23:58","2025-12-14 07:33:26","",""
"MILK","","Point of Sale","2","1x 12oz/Medium; 1x 12oz/Medium","531","2025-12-14 07:24:35","2025-12-14 07:33:26","",""
"MILK","Darcy","Point of Sale","3","1x 12oz/Medium; 1x 8oz/Small; 1x 6oz","253","2025-12-14 07:31:09","2025-12-14 07:35:22","",""
"MILK","","Point of Sale","1","1x 16oz/ICED MEDIUM","225","2025-12-14 07:31:37","2025-12-14 07:35:22","",""
"MILK","Matt","Point of Sale","3","1x 1kg Beans; 1x 12oz/Medium; 1x 12oz/Medium","460","2025-12-14 07:34:41","2025-12-14 07:42:21","",""
"MILK","","Point of Sale","2","1x 500g Beans; 1x 16oz/ICED MEDIUM","366","2025-12-14 07:36:14","2025-12-14 07:42:20","",""
"MILK","","Point of Sale","1","1x 12oz/Medium","225","2025-12-14 07:38:35","2025-12-14 07:42:20","",""
"MILK","","Point of Sale","1","1x 6oz","509","2025-12-14 07:42:37","2025-12-14 07:51:06","",""
"MILK","","Point of Sale","1","1x 16oz/Large","462","2025-12-14 07:43:23","2025-12-14 07:51:05","",""
"MILK","Brendan","Point of Sale","2","1x 6oz; 1x 12oz/Medium","355","2025-12-14 07:45:10","2025-12-14 07:51:05","",""
"MILK","","Point of Sale","2","2x 12oz/Medium","244","2025-12-14 07:47:00","2025-12-14 07:51:04","",""
"MILK","Ryan","Point of Sale","2","1x 16oz/ICED MEDIUM; 1x 12oz/Medium","461","2025-12-14 07:49:32","2025-12-14 07:57:13","",""
"MILK","Gsf","Point of Sale","5","1x 12oz/Medium; 1x Sweet Pastry; 1x 6oz; 1x 16oz/ICED MEDIUM; 1x 8oz/Small","367","2025-12-14 07:51:07","2025-12-14 07:57:14","",""
"MILK","Dave","Point of Sale","1","1x 12oz/Medium","272","2025-12-14 07:52:42","2025-12-14 07:57:14","",""
"MILK","Rob","Point of Sale","2","1x 16oz/Large; 1x 12oz/Medium","410","2025-12-14 07:53:57","2025-12-14 08:00:47","",""
"MILK","Liam","Point of Sale","3","1x 12oz/Medium; 1x 12oz/Medium; 1x 8oz/Small","357","2025-12-14 07:54:50","2025-12-14 08:00:47","",""
"MILK","Sue","Point of Sale","1","1x 12oz/Medium","151","2025-12-14 07:58:17","2025-12-14 08:00:48","",""
"MILK","","Point of Sale","2","2x Fiji Water","708","2025-12-14 07:58:43","2025-12-14 08:10:31","",""
"MILK","","Point of Sale","2","1x 12oz/Medium; 1x 20oz\ICED LARGE","360","2025-12-14 08:04:30","2025-12-14 08:10:30","",""
"MILK","","Point of Sale","1","1x 12oz/Medium","321","2025-12-14 08:05:10","2025-12-14 08:10:31","",""
"MILK","","Point of Sale","3","1x 16oz/Large; 1x Babycino; 1x 16oz/ICED MEDIUM","199","2025-12-14 08:07:13","2025-12-14 08:10:32","",""
"MILK","","Point of Sale","3","1x 8oz/Small; 1x A Savoury Muffin; 1x 8oz/Small","247","2025-12-14 08:10:50","2025-12-14 08:14:57","",""
"MILK","","Point of Sale","2","1x 12oz/Medium; 1x 12oz/Medium","194","2025-12-14 08:13:02","2025-12-14 08:16:16","",""
"MILK","","Point of Sale","2","1x 12oz/Medium; 1x 12oz/Medium","787","2025-12-14 08:14:01","2025-12-14 08:27:08","",""
"MILK","","Point of Sale","3","2x 12oz/Medium; 1x A Sweet Muffin","434","2025-12-14 08:19:55","2025-12-14 08:27:09","",""
"MILK","","Point of Sale","1","1x 16oz/Large","402","2025-12-14 08:20:27","2025-12-14 08:27:09","",""
"MILK","","Point of Sale","2","1x 12oz/ICED SMALL; 1x 8oz/Small","173","2025-12-14 08:24:28","2025-12-14 08:27:21","",""
"MILK","","Point of Sale","5","1x Fruit Juice; 1x Sweet Pastry; 2x 8oz/Small; 1x TOASTIE","841","2025-12-14 08:26:54","2025-12-14 08:40:55","",""
"MILK","","Point of Sale","2","1x ; 1x 500g Beans","211","2025-12-14 08:27:24","2025-12-14 08:30:55","",""
"MILK","Rosie","Point of Sale","3","1x 6oz; 1x 6oz; 1x Kombucha","217","2025-12-14 08:28:00","2025-12-14 08:31:37","",""
"MILK","1088984639","Square Online","1","1x 12oz/Medium","742","2025-12-14 08:28:32","2025-12-14 08:40:54","2025-12-14 08:28:28",""
"MILK","","Point of Sale","2","1x 16oz/ICED MEDIUM; 1x 12oz/Medium","671","2025-12-14 08:29:42","2025-12-14 08:40:53","",""
"MILK","","Point of Sale","2","1x 4oz/Pic, Esp, Dop; 1x 8oz/Small","405","2025-12-14 08:34:07","2025-12-14 08:40:52","",""
"MILK","John","Point of Sale","2","2x 6oz","104","2025-12-14 08:39:09","2025-12-14 08:40:53","",""
"MILK","","Point of Sale","2","1x 16oz/ICED MEDIUM; 1x 20oz\ICED LARGE","212","2025-12-14 08:40:36","2025-12-14 08:44:08","",""
"MILK","","Point of Sale","1","1x 8oz/Small","121","2025-12-14 08:46:23","2025-12-14 08:48:24","",""
"MILK","","Point of Sale","4","1x Babycino; 1x 20oz\ICED LARGE; 1x Plain Croissant; 1x 12oz/ICED SMALL","607","2025-12-14 08:47:32","2025-12-14 08:57:39","",""
"MILK","","Point of Sale","1","1x 12oz/Medium","222","2025-12-14 08:49:18","2025-12-14 08:53:00","",""
"MILK","","Point of Sale","1","1x 12oz/Medium","132","2025-12-14 08:50:49","2025-12-14 08:53:01","",""
"MILK","","Point of Sale","6","1x 16oz/Large; 2x Babycino; 1x 12oz/Medium; 1x Fiji Water; 1x Plain Croissant","166","2025-12-14 08:53:10","2025-12-14 08:55:56","",""
"MILK","","Point of Sale","2","1x 16oz/ICED MEDIUM; 1x 16oz/ICED MEDIUM","216","2025-12-14 08:54:04","2025-12-14 08:57:40","",""
"MILK","","Point of Sale","2","1x Breakfast Wrap; 1x 8oz/Small","466","2025-12-14 08:54:38","2025-12-14 09:02:24","",""
"MILK","Hkt pink tshjjrt","Point of Sale","3","1x 12oz/ICED SMALL; 1x TOASTIE; 1x 20oz\ICED LARGE","364","2025-12-14 08:56:20","2025-12-14 09:02:24","",""
"MILK","","Point of Sale","2","1x 6oz; 1x 6oz","299","2025-12-14 08:58:29","2025-12-14 09:03:28","",""
"MILK","","Point of Sale","1","1x Plain Croissant","253","2025-12-14 08:59:15","2025-12-14 09:03:28","",""
"MILK","","Point of Sale","2","1x BUTTERBOY; 1x 12oz/Medium","147","2025-12-14 09:01:00","2025-12-14 09:03:27","",""
"MILK","","Point of Sale","1","1x 8oz/Small","93","2025-12-14 09:01:53","2025-12-14 09:03:26","",""
"MILK","","Point of Sale","2","1x 12oz/Medium; 1x 12oz/Medium","371","2025-12-14 09:03:21","2025-12-14 09:09:32","",""
"MILK","White skirt","Point of Sale","2","1x A Sweet Muffin; 1x 12oz/Medium","226","2025-12-14 09:05:45","2025-12-14 09:09:31","",""
"MILK","Mochelle","Point of Sale","1","1x 8oz/Small","197","2025-12-14 09:06:13","2025-12-14 09:09:30","",""
"MILK","Anne","Point of Sale","1","1x 6oz","18","2025-12-14 09:09:11","2025-12-14 09:09:29","",""
"MILK","","Point of Sale","2","1x 12oz/Medium; 1x Babycino","6","2025-12-14 09:09:23","2025-12-14 09:09:29","",""
"MILK","","Point of Sale","1","1x Fiji Water","358","2025-12-14 09:15:50","2025-12-14 09:21:48","",""
"MILK","Grey tshirr","Point of Sale","1","1x 12oz/Medium","263","2025-12-14 09:17:25","2025-12-14 09:21:48","",""
"MILK","","Point of Sale","2","1x 16oz/Large; 1x 16oz/Large","226","2025-12-14 09:18:01","2025-12-14 09:21:47","",""
"MILK","Dine ins","Point of Sale","3","1x 12oz/Medium; 1x 8oz/Small; 1x 16oz/ICED MEDIUM","436","2025-12-14 09:19:33","2025-12-14 09:26:49","",""
"MILK","","Point of Sale","1","1x 12oz/Medium","897","2025-12-14 09:23:57","2025-12-14 09:38:54","","2025-12-13T23:31:00.000Z"
"MILK","","Point of Sale","3","1x 16oz/ICED MEDIUM; 1x 16oz/ICED MEDIUM; 1x BUTTERBOY","117","2025-12-14 09:24:53","2025-12-14 09:26:50","",""
"MILK","Brlwn top","Point of Sale","1","1x 12oz/ICED SMALL","766","2025-12-14 09:26:07","2025-12-14 09:38:53","",""
"MILK","Dom","Point of Sale","1","1x 8oz/Small","747","2025-12-14 09:26:25","2025-12-14 09:38:52","",""
"MILK","","Point of Sale","1","1x 20oz\ICED LARGE","565","2025-12-14 09:29:27","2025-12-14 09:38:52","",""
"MILK","","Point of Sale","2","1x 12oz/Medium; 1x 12oz/Medium","105","2025-12-14 09:37:06","2025-12-14 09:38:51","",""
"MILK","","Point of Sale","6","1x 12oz/Medium; 2x Pupacino; 1x 20oz\ICED LARGE; 1x 20oz\ICED LARGE; 1x TOASTIE","515","2025-12-14 09:38:27","2025-12-14 09:47:02","",""
"MILK","","Point of Sale","1","1x Kombucha","487","2025-12-14 09:38:55","2025-12-14 09:47:02","",""
"MILK","Blue and white stripes","Point of Sale","5","1x 12oz/Medium; 1x 16oz/ICED MEDIUM; 1x 16oz/ICED MEDIUM; 2x BUTTERBOY","436","2025-12-14 09:39:52","2025-12-14 09:47:08","",""
"MILK","","Point of Sale","1","1x 12oz/ICED SMALL","482","2025-12-14 09:40:42","2025-12-14 09:48:44","",""
"MILK","","Point of Sale","1","1x Fruit Juice","471","2025-12-14 09:40:53","2025-12-14 09:48:44","",""
"MILK","Mae","Point of Sale","1","1x 12oz/Medium","317","2025-12-14 09:43:28","2025-12-14 09:48:45","",""
"MILK","Michael","Point of Sale","2","1x 12oz/Medium; 1x 12oz/Medium","693","2025-12-14 09:44:21","2025-12-14 09:55:54","",""
"MILK","Striped shirt amd cap","Point of Sale","3","1x 8oz/Small; 2x 12oz/ICED SMALL","568","2025-12-14 09:46:27","2025-12-14 09:55:55","",""
"MILK","White top and cap","Point of Sale","1","1x BUTTERBOY","550","2025-12-14 09:46:46","2025-12-14 09:55:56","",""
"MILK","","Point of Sale","2","1x 12oz/ICED SMALL; 1x BUTTERBOY","598","2025-12-14 09:48:14","2025-12-14 09:58:12","",""
"MILK","Pat","Point of Sale","4","1x 12oz/ICED SMALL; 1x TOASTIE; 1x 16oz/Large; 1x Sweet Pastry","538","2025-12-14 09:49:13","2025-12-14 09:58:11","",""
"MILK","Green tshirt glasses","Point of Sale","2","1x 6oz; 1x 8oz/Small","492","2025-12-14 09:49:59","2025-12-14 09:58:11","",""
"MILK","Pibk akirt","Point of Sale","4","1x A Sweet Muffin; 1x A Sweet Muffin; 1x 16oz/Large; 1x 16oz/Large","1408","2025-12-14 09:53:11","2025-12-14 10:16:39","",""
"MILK","","Point of Sale","1","1x TOASTIE","593","2025-12-14 10:06:46","2025-12-14 10:16:39","",""
"MILK","","Point of Sale","3","1x 12oz/ICED SMALL; 1x Babycino; 1x 6oz","387","2025-12-14 10:10:11","2025-12-14 10:16:38","",""
"MILK","","Point of Sale","1","1x 16oz/ICED MEDIUM","249","2025-12-14 10:12:28","2025-12-14 10:16:37","",""
"MILK","","Point of Sale","2","1x 12oz/Medium; 1x 12oz/Medium","563","2025-12-14 10:14:25","2025-12-14 10:23:48","",""
"MILK","","Point of Sale","1","1x 16oz/Large","363","2025-12-14 10:17:45","2025-12-14 10:23:48","",""
"MILK","","Point of Sale","1","1x 16oz/Large","302","2025-12-14 10:18:47","2025-12-14 10:23:49","",""
"MILK","","Point of Sale","1","1x 8oz/Small","108","2025-12-14 10:22:02","2025-12-14 10:23:50","",""
"MILK","","Point of Sale","1","1x 12oz/Medium","363","2025-12-14 10:26:45","2025-12-14 10:32:48","",""
"MILK","","Point of Sale","1","1x 12oz/Medium","332","2025-12-14 10:27:16","2025-12-14 10:32:48","",""
"MILK","","Point of Sale","2","1x 16oz/ICED MEDIUM; 1x 20oz\ICED LARGE","290","2025-12-14 10:27:58","2025-12-14 10:32:48","",""
"MILK","","Point of Sale","2","1x 12oz/ICED SMALL; 1x 16oz/Large","239","2025-12-14 10:28:50","2025-12-14 10:32:49","",""
"MILK","","Point of Sale","2","2x 20oz\ICED LARGE","538","2025-12-14 10:32:08","2025-12-14 10:41:06","",""
"MILK","","Point of Sale","2","2x 20oz\ICED LARGE","520","2025-12-14 10:32:26","2025-12-14 10:41:06","",""
"MILK","Cyclist","Point of Sale","2","1x 12oz/ICED SMALL; 1x 16oz/ICED MEDIUM","479","2025-12-14 10:33:09","2025-12-14 10:41:08","",""
"MILK","Dollar","Point of Sale","1","1x 6oz","421","2025-12-14 10:34:06","2025-12-14 10:41:07","",""
"MILK","","Point of Sale","1","1x 20oz\ICED LARGE","218","2025-12-14 10:37:30","2025-12-14 10:41:08","",""
"MILK","","Point of Sale","4","1x 8oz/Small; 2x Babycino; 1x 16oz/ICED MEDIUM","458","2025-12-14 10:40:35","2025-12-14 10:48:13","",""
"MILK","","Point of Sale","2","1x 12oz/Medium; 1x 16oz/ICED MEDIUM","236","2025-12-14 10:42:36","2025-12-14 10:46:32","",""
"MILK","","Point of Sale","2","1x 12oz/ICED SMALL; 1x TOASTIE","307","2025-12-14 10:43:07","2025-12-14 10:48:14","",""
"MILK","","Point of Sale","2","1x 4oz/Pic, Esp, Dop; 1x 12oz/Medium","525","2025-12-14 10:43:56","2025-12-14 10:52:41","",""
"MILK","","Point of Sale","1","1x 12oz/ICED SMALL","429","2025-12-14 10:45:32","2025-12-14 10:52:41","",""
"MILK","","Point of Sale","1","1x 12oz/ICED SMALL","398","2025-12-14 10:46:03","2025-12-14 10:52:41","",""
"MILK","","Point of Sale","1","1x 8oz/Small","495","2025-12-14 10:51:07","2025-12-14 10:59:22","",""
"MILK","","Point of Sale","1","1x 12oz/Medium","418","2025-12-14 10:52:24","2025-12-14 10:59:22","",""
"MILK","","Point of Sale","2","1x 16oz/Large; 1x A Sweet Muffin","304","2025-12-14 10:54:18","2025-12-14 10:59:22","",""
"MILK","","Point of Sale","2","1x 12oz/Medium; 1x 8oz/Small","207","2025-12-14 10:55:56","2025-12-14 10:59:23","",""
"MILK","","Point of Sale","2","2x 16oz/ICED MEDIUM","68096","2025-12-14 11:10:47","2025-12-15 06:05:43","",""
"MILK","","Point of Sale","1","1x A Cookie","68061","2025-12-14 11:11:22","2025-12-15 06:05:43","",""
"MILK","","Point of Sale","2","2x 4oz/Pic, Esp, Dop","4374","2025-12-15 04:52:49","2025-12-15 06:05:43","",""
"MILK","","Point of Sale","1","1x A Sweet Muffin","3536","2025-12-15 05:06:48","2025-12-15 06:05:44","",""
"MILK","","Point of Sale","1","1x 12oz/Medium","3463","2025-12-15 05:08:02","2025-12-15 06:05:45","",""
"MILK","","Point of Sale","1","1x 4oz/Pic, Esp, Dop","560","2025-12-15 05:09:30","2025-12-15 05:18:50","",""
"MILK","","Point of Sale","1","1x 16oz/ICED MEDIUM","448","2025-12-15 05:11:22","2025-12-15 05:18:50","",""
"MILK","","Point of Sale","1","1x 12oz/ICED SMALL","426","2025-12-15 05:11:44","2025-12-15 05:18:50","",""
"MILK","","Point of Sale","1","1x 12oz/Medium","206","2025-12-15 05:15:23","2025-12-15 05:18:49","",""
"MILK","","Point of Sale","1","1x 8oz/Small","1067","2025-12-15 05:17:42","2025-12-15 05:35:29","",""
"MILK","","Point of Sale","1","1x 12oz/Medium","1046","2025-12-15 05:18:04","2025-12-15 05:35:30","",""
"MILK","","Point of Sale","1","1x 12oz/Medium","888","2025-12-15 05:20:43","2025-12-15 05:35:31","",""
"MILK","","Point of Sale","1","1x 6oz","837","2025-12-15 05:21:34","2025-12-15 05:35:31","",""
"MILK","1708972341","Square Online","3","2x 8oz/Small; 1x 6oz","526","2025-12-15 05:26:45","2025-12-15 05:35:31","2025-12-15 05:26:40",""
"MILK","","Point of Sale","2","1x 12oz/Medium; 1x 12oz/ICED SMALL","262","2025-12-15 05:31:11","2025-12-15 05:35:33","",""
"MILK","","Point of Sale","1","1x 16oz/Large","355","2025-12-15 05:32:54","2025-12-15 05:38:49","",""
"MILK","","Point of Sale","1","1x 16oz/Large","279","2025-12-15 05:34:11","2025-12-15 05:38:50","",""
"MILK","","Point of Sale","2","1x 8oz/Small; 1x 12oz/Medium","443","2025-12-15 05:34:45","2025-12-15 05:42:08","",""
"MILK","","Point of Sale","2","1x 16oz/Large; 1x Ham And Cheese Croissant","410","2025-12-15 05:35:19","2025-12-15 05:42:09","",""
"MILK","Bronte","Point of Sale","1","1x 8oz/Small","320","2025-12-15 05:36:49","2025-12-15 05:42:09","",""
"MILK","","Point of Sale","3","3x 6oz","512","2025-12-15 05:37:09","2025-12-15 05:45:41","",""
"MILK","Singlet","Point of Sale","1","1x 12oz/Medium","597","2025-12-15 05:37:31","2025-12-15 05:47:28","",""
"MILK","Chris","Point of Sale","1","1x 12oz/Medium","404","2025-12-15 05:40:44","2025-12-15 05:47:28","",""
"MILK","","Point of Sale","1","1x 16oz/Large","375","2025-12-15 05:41:14","2025-12-15 05:47:29","",""
"MILK","Tall dude","Point of Sale","1","1x 4oz/Pic, Esp, Dop","347","2025-12-15 05:41:43","2025-12-15 05:47:30","",""
"MILK","","Point of Sale","2","1x 20oz\ICED LARGE; 1x 20oz\ICED LARGE","473","2025-12-15 05:43:37","2025-12-15 05:51:30","",""
"MILK","Lady","Point of Sale","1","1x 12oz/Medium","384","2025-12-15 05:45:06","2025-12-15 05:51:30","",""
"MILK","","Point of Sale","1","1x 16oz/ICED MEDIUM","94","2025-12-15 05:49:55","2025-12-15 05:51:29","",""
"MILK","","Point of Sale","1","1x 8oz/Small","873","2025-12-15 05:51:08","2025-12-15 06:05:41","",""
"MILK","","Point of Sale","1","1x 16oz/ICED MEDIUM","523","2025-12-15 05:56:58","2025-12-15 06:05:41","",""
"MILK","","Point of Sale","1","1x 8oz/Small","304","2025-12-15 06:00:36","2025-12-15 06:05:40","",""
"MILK","","Point of Sale","1","1x 12oz/Medium","226","2025-12-15 06:01:52","2025-12-15 06:05:38","",""
"MILK","","Point of Sale","5","1x 16oz/ICED MEDIUM; 1x 16oz/ICED MEDIUM; 3x Pupacino","193","2025-12-15 06:02:29","2025-12-15 06:05:42","",""
"MILK","","Point of Sale","3","1x 12oz/Medium; 1x 12oz/Medium; 1x 12oz/Medium","501","2025-12-15 06:07:07","2025-12-15 06:15:28","",""
"MILK","Blondie","Point of Sale","1","1x 16oz/ICED MEDIUM","473","2025-12-15 06:07:34","2025-12-15 06:15:27","",""
"MILK","Gym dude black singlet","Point of Sale","3","1x 12oz/Medium; 1x 12oz/Medium; 1x 12oz/Medium","421","2025-12-15 06:08:25","2025-12-15 06:15:26","",""
"MILK","Ann","Point of Sale","1","1x 6oz","395","2025-12-15 06:08:51","2025-12-15 06:15:26","",""
"MILK","David","Point of Sale","1","1x 12oz/Medium","376","2025-12-15 06:12:36","2025-12-15 06:18:52","",""
"MILK","","Point of Sale","1","1x 6oz","343","2025-12-15 06:13:09","2025-12-15 06:18:52","",""
"MILK","Mel","Point of Sale","1","1x ","292","2025-12-15 06:14:01","2025-12-15 06:18:53","",""
"MILK","Worker","Point of Sale","1","1x 12oz/Medium","255","2025-12-15 06:14:39","2025-12-15 06:18:54","",""
"MILK","Tall dude","Point of Sale","2","1x 20oz\ICED LARGE; 1x 16oz/Large","664","2025-12-15 06:17:39","2025-12-15 06:28:43","",""
"MILK","","Point of Sale","2","1x 12oz/Medium; 1x 12oz/Medium","553","2025-12-15 06:19:30","2025-12-15 06:28:43","",""
"MILK","Blue tshirt","Point of Sale","1","1x 8oz/Small","499","2025-12-15 06:20:23","2025-12-15 06:28:42","",""
"MILK","","Point of Sale","1","1x 20oz\ICED LARGE","285","2025-12-15 06:23:56","2025-12-15 06:28:41","",""
"MILK","","Point of Sale","3","1x 8oz/Small; 1x Sweet Pastry; 1x ","437","2025-12-15 06:27:48","2025-12-15 06:35:05","",""
"MILK","Toby","Point of Sale","1","1x 12oz/ICED SMALL","214","2025-12-15 06:28:34","2025-12-15 06:32:08","",""
"MILK","","Point of Sale","1","1x 16oz/ICED MEDIUM","188","2025-12-15 06:29:00","2025-12-15 06:32:08","",""
"MILK","","Point of Sale","1","1x 12oz/Medium","308","2025-12-15 06:29:33","2025-12-15 06:34:41","",""
"MILK","Black singlet","Point of Sale","1","1x 16oz/ICED MEDIUM","472","2025-12-15 06:30:13","2025-12-15 06:38:05","",""
"MILK","Grey single","Point of Sale","3","2x Pupacino; 1x 12oz/ICED SMALL","439","2025-12-15 06:30:45","2025-12-15 06:38:04","",""
"MILK","Tatoo girl","Point of Sale","1","1x 6oz","411","2025-12-15 06:31:13","2025-12-15 06:38:04","",""
"MILK","","Point of Sale","1","1x 8oz/Small","785","2025-12-15 06:34:03","2025-12-15 06:47:08","",""
"MILK","","Point of Sale","1","1x 12oz/Medium","765","2025-12-15 06:34:23","2025-12-15 06:47:08","",""
"MILK","Blue dress","Point of Sale","1","1x 12oz/ICED SMALL","630","2025-12-15 06:36:37","2025-12-15 06:47:07","",""
"MILK","","Point of Sale","2","1x TOASTIE; 1x 16oz/ICED MEDIUM","661","2025-12-15 06:39:44","2025-12-15 06:50:45","",""
"MILK","","Point of Sale","1","1x 12oz/Medium","288","2025-12-15 06:45:57","2025-12-15 06:50:45","",""
"MILK","Workers outside","Point of Sale","1","1x 12oz/Medium","260","2025-12-15 06:46:24","2025-12-15 06:50:44","",""
"MILK","Dogs lqdy","Point of Sale","1","1x 12oz/ICED SMALL","227","2025-12-15 06:46:57","2025-12-15 06:50:44","",""
"MILK","Worker","Point of Sale","2","1x Breakfast Wrap; 1x 8oz/Small","286","2025-12-15 06:51:27","2025-12-15 06:56:13","",""
"MILK","White hat","Point of Sale","1","1x 8oz/Small","148","2025-12-15 06:52:50","2025-12-15 06:55:18","",""
"MILK","Penske polo","Point of Sale","1","1x 8oz/Small","162","2025-12-15 06:53:30","2025-12-15 06:56:12","",""
"MILK","","Point of Sale","1","1x 8oz/Small","1017","2025-12-15 06:56:33","2025-12-15 07:13:30","",""
"MILK","","Point of Sale","6","1x 12oz/Medium; 1x 12oz/Medium; 1x 12oz/Medium; 2x Babycino; 1x 20oz\ICED LARGE","547","2025-12-15 07:00:56","2025-12-15 07:10:03","",""
"MILK","Apl","Point of Sale","2","1x 16oz/Large; 1x 12oz/Medium","521","2025-12-15 07:01:23","2025-12-15 07:10:04","",""
"MILK","Physio","Point of Sale","2","1x 12oz/Medium; 1x 12oz/ICED SMALL","434","2025-12-15 07:02:50","2025-12-15 07:10:04","",""
"MILK","","Point of Sale","1","1x 16oz/Large","226","2025-12-15 07:09:43","2025-12-15 07:13:29","",""
"MILK","","Point of Sale","3","1x Babycino; 2x 6oz","1131","2025-12-15 07:14:11","2025-12-15 07:33:02","",""
"MILK","","Point of Sale","1","1x 8oz/Small","1102","2025-12-15 07:14:39","2025-12-15 07:33:01","",""
"MILK","","Point of Sale","2","1x 12oz/ICED SMALL; 1x Breakfast Wrap","977","2025-12-15 07:16:44","2025-12-15 07:33:01","",""
"MILK","","Point of Sale","1","1x 16oz/Large","905","2025-12-15 07:17:55","2025-12-15 07:33:00","",""
"MILK","","Point of Sale","1","1x 12oz/Medium","480","2025-12-15 07:25:00","2025-12-15 07:33:00","",""
"MILK","","Point of Sale","1","1x 16oz/Large","487","2025-12-15 07:28:25","2025-12-15 07:36:32","",""
"MILK","","Point of Sale","1","1x 4oz/Pic, Esp, Dop","469","2025-12-15 07:28:45","2025-12-15 07:36:34","",""
"MILK","","Point of Sale","2","1x 4oz/Pic, Esp, Dop; 1x Breakfast Wrap","257","2025-12-15 07:32:18","2025-12-15 07:36:35","",""
"MILK","","Point of Sale","1","1x 16oz/Large","216","2025-12-15 07:32:58","2025-12-15 07:36:34","",""
"MILK","","Point of Sale","1","1x 4oz/Pic, Esp, Dop","174","2025-12-15 07:33:41","2025-12-15 07:36:35","",""
"MILK","","Point of Sale","2","2x 500g Beans","776","2025-12-15 07:34:26","2025-12-15 07:47:22","",""
"MILK","","Point of Sale","3","1x 16oz/ICED MEDIUM; 1x Ham And Cheese Croissant; 1x TOASTIE","692","2025-12-15 07:35:50","2025-12-15 07:47:22","",""
"MILK","","Point of Sale","1","1x 12oz/Medium","459","2025-12-15 07:39:44","2025-12-15 07:47:23","",""
"MILK","","Point of Sale","2","1x 8oz/Small; 1x BUTTERBOY","331","2025-12-15 07:41:53","2025-12-15 07:47:24","",""
"MILK","Marchelo","Point of Sale","1","1x 12oz/Medium","300","2025-12-15 07:42:23","2025-12-15 07:47:23","",""
"MILK","Glasses dude","Point of Sale","2","1x Sweet Pastry; 1x 8oz/Small","406","2025-12-15 07:44:32","2025-12-15 07:51:18","",""
"MILK","Christmas shirt","Point of Sale","1","1x 16oz/ICED MEDIUM","345","2025-12-15 07:45:33","2025-12-15 07:51:18","",""
"MILK","1832066961","Square Online","1","1x 16oz/ICED MEDIUM","340","2025-12-15 07:45:38","2025-12-15 07:51:18","2025-12-15 07:45:34",""
"MILK","","Point of Sale","1","1x 16oz/Large","117","2025-12-15 07:49:23","2025-12-15 07:51:20","",""
"MILK","","Point of Sale","2","1x 16oz/Large; 1x 8oz/Small","443","2025-12-15 07:50:34","2025-12-15 07:57:57","",""
"MILK","","Point of Sale","1","1x Sweet Pastry","427","2025-12-15 07:50:50","2025-12-15 07:57:57","",""
"MILK","Nice dress","Point of Sale","1","1x 8oz/Small","352","2025-12-15 07:52:04","2025-12-15 07:57:56","",""
"MILK","","Point of Sale","2","1x 16oz/Large; 1x 16oz/Large","164","2025-12-15 07:55:13","2025-12-15 07:57:57","",""
"MILK","","Point of Sale","2","1x 12oz/Medium; 1x 16oz/ICED MEDIUM","498","2025-12-15 07:55:56","2025-12-15 08:04:14","",""
"MILK","Pink top","Point of Sale","1","1x 16oz/Large","382","2025-12-15 07:57:50","2025-12-15 08:04:12","",""
"MILK","","Point of Sale","4","1x TOASTIE; 1x TOASTIE; 1x 12oz/Medium; 1x 8oz/Small","560","2025-12-15 08:00:22","2025-12-15 08:09:42","",""
"MILK","Oldie","Point of Sale","1","1x 16oz/Large","483","2025-12-15 08:01:38","2025-12-15 08:09:41","",""
"MILK","","Point of Sale","1","1x 20oz\ICED LARGE","266","2025-12-15 08:05:15","2025-12-15 08:09:41","",""
"MILK","","Point of Sale","1","1x 16oz/Large","126","2025-12-15 08:08:43","2025-12-15 08:10:49","",""
"MILK","","Point of Sale","1","1x 12oz/Medium","102","2025-12-15 08:09:07","2025-12-15 08:10:49","",""
"MILK","","Point of Sale","1","1x 12oz/Medium","350","2025-12-15 08:09:21","2025-12-15 08:15:11","",""
"MILK","","Point of Sale","1","1x 8oz/Small","582","2025-12-15 08:09:39","2025-12-15 08:19:21","",""
"MILK","Business","Point of Sale","1","1x 16oz/Large","298","2025-12-15 08:10:13","2025-12-15 08:15:11","",""
"MILK","","Point of Sale","1","1x 12oz/ICED SMALL","91","2025-12-15 08:13:39","2025-12-15 08:15:10","",""
"MILK","","Point of Sale","2","1x 8oz/Small; 1x Sweet Pastry","277","2025-12-15 08:14:44","2025-12-15 08:19:21","",""
"MILK","Bi","Point of Sale","1","1x 12oz/Medium","513","2025-12-15 08:15:33","2025-12-15 08:24:06","",""
"MILK","Prime group","Point of Sale","6","1x 12oz/Medium; 1x 12oz/Medium; 1x 12oz/Medium; 1x 8oz/Small; 1x 16oz/Large; 1x 8oz/Small","386","2025-12-15 08:17:41","2025-12-15 08:24:07","",""
"MILK","Glasses girk","Point of Sale","1","1x 12oz/ICED SMALL","416","2025-12-15 08:18:27","2025-12-15 08:25:23","",""
"MILK","Lady glasses","Point of Sale","1","1x 12oz/Medium","446","2025-12-15 08:19:07","2025-12-15 08:26:33","",""
"MILK","Lady sunnies","Point of Sale","1","1x 16oz/Large","422","2025-12-15 08:19:31","2025-12-15 08:26:33","",""
"MILK","The other lady sunnies","Point of Sale","1","1x 16oz/ICED MEDIUM","399","2025-12-15 08:19:52","2025-12-15 08:26:31","",""
"MILK","Marrom shirt dude","Point of Sale","3","1x 12oz/Medium; 1x 12oz/Medium; 1x 8oz/Small","539","2025-12-15 08:20:42","2025-12-15 08:29:41","",""
"MILK","White hat dude","Point of Sale","3","1x 12oz/Medium; 1x 16oz/Large; 1x Breakfast Wrap","693","2025-12-15 08:21:12","2025-12-15 08:32:45","",""
"MILK","Grey singlet dude","Point of Sale","1","1x 16oz/ICED MEDIUM","637","2025-12-15 08:21:39","2025-12-15 08:32:16","",""
"MILK","Pearl necklace lady","Point of Sale","1","1x 12oz/Medium","631","2025-12-15 08:22:13","2025-12-15 08:32:44","",""
"MILK","","Point of Sale","1","1x 16oz/Large","340","2025-12-15 08:29:29","2025-12-15 08:35:09","",""
"MILK","Hat dude","Point of Sale","3","1x Pupacino; 1x 4oz/Pic, Esp, Dop; 1x 16oz/ICED MEDIUM","247","2025-12-15 08:31:03","2025-12-15 08:35:10","",""
"MILK","Grey hair dude singlet","Point of Sale","1","1x 8oz/Small","409","2025-12-15 08:31:37","2025-12-15 08:38:26","",""
"MILK","Rob","Point of Sale","2","1x 16oz/Large; 1x 12oz/Medium","329","2025-12-15 08:32:58","2025-12-15 08:38:27","",""
"MILK","","Point of Sale","1","1x 16oz/Large","252","2025-12-15 08:34:15","2025-12-15 08:38:27","",""
"MILK","","Point of Sale","1","1x 12oz/ICED SMALL","954","2025-12-15 08:35:38","2025-12-15 08:51:32","",""
"MILK","","Point of Sale","1","1x 20oz\ICED LARGE","711","2025-12-15 08:39:39","2025-12-15 08:51:30","",""
"MILK","","Point of Sale","2","1x A Sweet Muffin; 1x 12oz/ICED SMALL","533","2025-12-15 08:42:38","2025-12-15 08:51:31","",""
"MILK","","Point of Sale","2","1x A Sweet Muffin; 1x 8oz/Small","403","2025-12-15 08:44:47","2025-12-15 08:51:30","",""
"MILK","","Point of Sale","1","1x 8oz/Small","364","2025-12-15 08:45:25","2025-12-15 08:51:29","",""
"MILK","","Point of Sale","1","1x 6oz","528","2025-12-15 08:47:56","2025-12-15 08:56:44","",""
"MILK","","Point of Sale","2","1x 8oz/Small; 1x 16oz/ICED MEDIUM","435","2025-12-15 08:49:30","2025-12-15 08:56:45","",""
"MILK","","Point of Sale","1","1x 20oz\ICED LARGE","372","2025-12-15 08:50:33","2025-12-15 08:56:45","",""
"MILK","Chris","Point of Sale","1","1x 12oz/Medium","319","2025-12-15 08:51:27","2025-12-15 08:56:46","",""
"MILK","","Point of Sale","1","1x Kombucha","133","2025-12-15 08:54:33","2025-12-15 08:56:46","",""
"MILK","","Point of Sale","2","1x 12oz/ICED SMALL; 1x 12oz/Medium","742","2025-12-15 08:57:02","2025-12-15 09:09:24","",""
"MILK","Long hair due","Point of Sale","1","1x 12oz/Medium","394","2025-12-15 09:02:48","2025-12-15 09:09:22","",""
"MILK","","Point of Sale","2","1x Babycino; 1x 16oz/ICED MEDIUM","372","2025-12-15 09:03:11","2025-12-15 09:09:23","",""
"MILK","","Point of Sale","1","1x 12oz/ICED SMALL","353","2025-12-15 09:12:55","2025-12-15 09:18:48","",""
"MILK","","Point of Sale","1","1x 16oz/Large","167","2025-12-15 09:16:02","2025-12-15 09:18:49","",""
"MILK","","Point of Sale","1","1x 12oz/Medium","131","2025-12-15 09:16:39","2025-12-15 09:18:50","",""
"MILK","","Point of Sale","1","1x Sweet Pastry","90","2025-12-15 09:17:20","2025-12-15 09:18:50","",""
"MILK","","Point of Sale","2","1x 12oz/Medium; 1x 12oz/Medium","942","2025-12-15 09:19:28","2025-12-15 09:35:10","",""
"MILK","","Point of Sale","1","1x 12oz/ICED SMALL","907","2025-12-15 09:20:02","2025-12-15 09:35:09","",""
"MILK","","Point of Sale","1","1x 8oz/Small","802","2025-12-15 09:21:49","2025-12-15 09:35:11","",""
"MILK","","Point of Sale","1","1x 4oz/Pic, Esp, Dop","742","2025-12-15 09:22:48","2025-12-15 09:35:10","",""
"MILK","","Point of Sale","1","1x 12oz/Medium","619","2025-12-15 09:24:52","2025-12-15 09:35:11","",""
"MILK","","Point of Sale","1","1x 12oz/ICED SMALL","523","2025-12-15 09:26:29","2025-12-15 09:35:12","",""
"MILK","","Point of Sale","1","1x 8oz/Small","467","2025-12-15 09:27:25","2025-12-15 09:35:12","",""
"MILK","","Point of Sale","1","1x 16oz/ICED MEDIUM","429","2025-12-15 09:28:03","2025-12-15 09:35:12","",""
"MILK","","Point of Sale","1","1x 8oz/Small","944","2025-12-15 09:39:33","2025-12-15 09:55:17","",""
"MILK","","Point of Sale","1","1x 20oz\ICED LARGE","713","2025-12-15 09:43:23","2025-12-15 09:55:16","",""
"MILK","","Point of Sale","3","1x 12oz/ICED SMALL; 1x 8oz/Small; 1x TOASTIE","622","2025-12-15 09:44:53","2025-12-15 09:55:15","",""
"MILK","","Point of Sale","2","1x 12oz/Medium; 1x 4oz/Pic, Esp, Dop","433","2025-12-15 09:48:02","2025-12-15 09:55:15","",""
"MILK","","Point of Sale","1","1x 12oz/ICED SMALL","182","2025-12-15 09:52:12","2025-12-15 09:55:14","",""
"MILK","","Point of Sale","1","1x 12oz/ICED SMALL","150","2025-12-15 09:53:12","2025-12-15 09:55:42","",""
"MILK","","Point of Sale","1","1x Fiji Water","110","2025-12-15 09:53:53","2025-12-15 09:55:43","",""
"MILK","","Point of Sale","1","1x 12oz/ICED SMALL","680","2025-12-15 09:55:53","2025-12-15 10:07:13","",""
"MILK","","Point of Sale","1","1x 16oz/ICED MEDIUM","191","2025-12-15 10:04:02","2025-12-15 10:07:13","",""
"MILK","","Point of Sale","1","1x 16oz/ICED MEDIUM","581","2025-12-15 10:07:11","2025-12-15 10:16:52","",""
"MILK","","Point of Sale","1","1x 12oz/Medium","482","2025-12-15 10:08:49","2025-12-15 10:16:51","",""
"MILK","","Point of Sale","2","1x 16oz/ICED MEDIUM; 1x A Sweet Muffin","435","2025-12-15 10:09:37","2025-12-15 10:16:52","",""
"MILK","","Point of Sale","2","1x 8oz/Small; 1x 8oz/Small","366","2025-12-15 10:10:48","2025-12-15 10:16:54","",""
"MILK","","Point of Sale","1","1x 16oz/ICED MEDIUM","851","2025-12-15 10:20:41","2025-12-15 10:34:52","",""
"MILK","","Point of Sale","1","1x Famous Soda","830","2025-12-15 10:21:00","2025-12-15 10:34:50","",""
"MILK","","Point of Sale","2","1x 12oz/Medium; 1x Breakfast Wrap","713","2025-12-15 10:22:57","2025-12-15 10:34:50","",""
"MILK","","Point of Sale","1","1x 12oz/ICED SMALL","186","2025-12-15 10:31:47","2025-12-15 10:34:53","",""
"MILK","","Point of Sale","1","1x 16oz/ICED MEDIUM","25","2025-12-15 10:34:25","2025-12-15 10:34:50","",""
"MILK","","Point of Sale","1","1x 6oz","658","2025-12-15 10:36:16","2025-12-15 10:47:14","",""
"MILK","","Point of Sale","1","1x 16oz/ICED MEDIUM","346","2025-12-15 10:41:28","2025-12-15 10:47:14","",""
"MILK","","Point of Sale","4","2x 12oz/Medium; 1x 12oz/Medium; 1x 12oz/Medium","764","2025-12-15 10:43:37","2025-12-15 10:56:21","",""
"MILK","","Point of Sale","2","1x 1kg Beans; 1x 500g Beans","606","2025-12-15 10:46:16","2025-12-15 10:56:22","",""
"MILK","","Point of Sale","1","1x 8oz/Small","460","2025-12-15 10:48:42","2025-12-15 10:56:22","",""
"MILK","","Point of Sale","1","1x 12oz/Medium","278","2025-12-15 10:51:45","2025-12-15 10:56:23","",""
"MILK","","Point of Sale","1","1x 12oz/ICED SMALL","6268","2025-12-15 10:56:55","2025-12-15 12:41:23","",""
"MILK","","Point of Sale","1","1x 12oz/Medium","6149","2025-12-15 10:58:53","2025-12-15 12:41:22","",""
"MILK","","Point of Sale","1","1x 12oz/Medium","4718","2025-12-15 11:22:44","2025-12-15 12:41:22","",""
"MILK","","Point of Sale","1","1x 12oz/ICED SMALL","4603","2025-12-15 11:24:41","2025-12-15 12:41:24","",""
"MILK","","Point of Sale","1","1x 12oz/ICED SMALL","4215","2025-12-15 11:31:09","2025-12-15 12:41:24","",""
"MILK","","Point of Sale","1","1x 12oz/ICED SMALL","3038","2025-12-15 11:50:47","2025-12-15 12:41:25","",""
"MILK","","Point of Sale","1","1x 20oz\ICED LARGE","2428","2025-12-15 12:00:57","2025-12-15 12:41:25","",""
"MILK","","Point of Sale","1","1x 500g Beans","1898","2025-12-15 12:09:48","2025-12-15 12:41:26","",""
"MILK","","Point of Sale","1","1x 12oz/ICED SMALL","1808","2025-12-15 12:11:19","2025-12-15 12:41:27","",""
"MILK","","Point of Sale","1","1x 16oz/ICED MEDIUM","1764","2025-12-15 12:12:04","2025-12-15 12:41:28","",""
"MILK","","Point of Sale","1","1x 12oz/Medium","57896","2025-12-15 13:04:02","2025-12-16 05:08:58","",""
"MILK","","Point of Sale","2","2x 12oz/ICED SMALL","57342","2025-12-15 13:13:18","2025-12-16 05:09:00","",""
"MILK","","Point of Sale","2","1x 12oz/ICED SMALL; 1x BUTTERBOY","56290","2025-12-15 13:30:50","2025-12-16 05:09:00","",""
"MILK","","Point of Sale","1","1x 8oz/Small","56210","2025-12-15 13:32:11","2025-12-16 05:09:01","",""
"MILK","","Point of Sale","1","1x 250g Beans","56063","2025-12-15 13:34:38","2025-12-16 05:09:01","",""
"MILK","","Point of Sale","2","2x 4oz/Pic, Esp, Dop","886","2025-12-16 04:54:17","2025-12-16 05:09:03","",""
"MILK","","Point of Sale","2","1x A Sweet Muffin; 1x 16oz/Large","620","2025-12-16 04:58:48","2025-12-16 05:09:08","",""
"MILK","","Point of Sale","1","1x 8oz/Small","563","2025-12-16 04:59:40","2025-12-16 05:09:03","",""
"MILK","","Point of Sale","1","1x 16oz/ICED MEDIUM","1137","2025-12-16 05:11:26","2025-12-16 05:30:23","",""
"MILK","","Point of Sale","1","1x 12oz/Medium","677","2025-12-16 05:19:07","2025-12-16 05:30:24","",""
"MILK","","Point of Sale","1","1x 12oz/Medium","307","2025-12-16 05:25:17","2025-12-16 05:30:24","",""
"MILK","","Point of Sale","1","1x 12oz/Medium","129","2025-12-16 05:28:17","2025-12-16 05:30:26","",""
"MILK","","Point of Sale","1","1x 20oz\ICED LARGE","509","2025-12-16 05:29:23","2025-12-16 05:37:52","",""
"MILK","","Point of Sale","3","3x 6oz","394","2025-12-16 05:31:18","2025-12-16 05:37:52","",""
"MILK","","Point of Sale","1","1x 8oz/Small","336","2025-12-16 05:32:16","2025-12-16 05:37:52","",""
"MILK","","Point of Sale","1","1x 12oz/ICED SMALL","143","2025-12-16 05:39:34","2025-12-16 05:41:57","",""
"MILK","","Point of Sale","2","1x 16oz/Large; 1x 16oz/Large","608","2025-12-16 05:45:44","2025-12-16 05:55:52","",""
"MILK","","Point of Sale","2","1x 12oz/Medium; 1x 12oz/Medium","529","2025-12-16 05:47:01","2025-12-16 05:55:50","",""
"MILK","","Point of Sale","3","3x 6oz","324","2025-12-16 05:50:27","2025-12-16 05:55:51","",""
"MILK","","Point of Sale","2","1x 16oz/ICED MEDIUM; 1x 20oz\ICED LARGE","398","2025-12-16 05:52:05","2025-12-16 05:58:43","",""
"MILK","","Point of Sale","1","1x 12oz/Medium","365","2025-12-16 05:52:38","2025-12-16 05:58:43","",""
"MILK","","Point of Sale","1","1x 12oz/Medium","266","2025-12-16 05:54:16","2025-12-16 05:58:42","",""
"MILK","","Point of Sale","2","1x A Sweet Muffin; 1x Breakfast Wrap","558","2025-12-16 05:54:38","2025-12-16 06:03:56","",""
"MILK","","Point of Sale","1","1x 16oz/Large","517","2025-12-16 05:55:19","2025-12-16 06:03:56","",""
"MILK","","Point of Sale","1","1x 12oz/Medium","496","2025-12-16 05:55:41","2025-12-16 06:03:57","",""
"MILK","","Point of Sale","1","1x 16oz/Large","479","2025-12-16 05:55:58","2025-12-16 06:03:57","",""
"MILK","","Point of Sale","2","2x 4oz/Pic, Esp, Dop","527","2025-12-16 05:56:11","2025-12-16 06:04:58","",""
"MILK","Schlong","Point of Sale","1","1x 6oz","767","2025-12-16 05:56:24","2025-12-16 06:09:11","",""
"MILK","","Point of Sale","1","1x 12oz/Medium","661","2025-12-16 05:58:11","2025-12-16 06:09:12","",""
"MILK","Ros","Point of Sale","1","1x 12oz/ICED SMALL","386","2025-12-16 05:58:34","2025-12-16 06:05:00","",""
"MILK","","Point of Sale","1","1x 1kg Beans","259","2025-12-16 06:00:44","2025-12-16 06:05:03","",""
"MILK","","Point of Sale","1","1x 16oz/Large","132","2025-12-16 06:07:01","2025-12-16 06:09:13","",""
"MILK","","Point of Sale","1","1x 12oz/Medium","296","2025-12-16 06:07:53","2025-12-16 06:12:49","",""
"MILK","Caz","Point of Sale","1","1x 12oz/Medium","269","2025-12-16 06:08:21","2025-12-16 06:12:50","",""
"MILK","","Point of Sale","1","1x 16oz/ICED MEDIUM","207","2025-12-16 06:09:22","2025-12-16 06:12:49","",""
"MILK","","Point of Sale","4","3x Pupacino; 1x 12oz/ICED SMALL","852","2025-12-16 06:10:24","2025-12-16 06:24:36","",""
"MILK","","Point of Sale","1","1x 16oz/ICED MEDIUM","624","2025-12-16 06:14:11","2025-12-16 06:24:35","",""
"MILK","","Point of Sale","1","1x 12oz/Medium","353","2025-12-16 06:18:42","2025-12-16 06:24:35","",""
"MILK","Rach","Point of Sale","2","1x 12oz/Medium; 1x Breakfast Wrap","266","2025-12-16 06:20:07","2025-12-16 06:24:33","",""
"MILK","Kelly","Point of Sale","1","1x 12oz/Medium","252","2025-12-16 06:20:22","2025-12-16 06:24:34","",""
"MILK","","Point of Sale","5","1x 12oz/ICED SMALL; 1x 8oz/Small; 3x 8oz/Small","713","2025-12-16 06:21:27","2025-12-16 06:33:20","",""
"MILK","Karwn and mel","Point of Sale","2","1x 12oz/ICED SMALL; 1x 12oz/Medium","988","2025-12-16 06:22:58","2025-12-16 06:39:26","",""
"MILK","","Point of Sale","1","1x 12oz/ICED SMALL","272","2025-12-16 06:23:15","2025-12-16 06:27:47","",""
"MILK","Rach","Point of Sale","1","1x 16oz/ICED MEDIUM","593","2025-12-16 06:23:30","2025-12-16 06:33:23","",""
"MILK","Orangw","Point of Sale","1","1x 12oz/Medium","374","2025-12-16 06:27:10","2025-12-16 06:33:24","",""
"MILK","","Point of Sale","1","1x 20oz\ICED LARGE","468","2025-12-16 06:31:37","2025-12-16 06:39:25","",""
"MILK","","Point of Sale","1","1x 16oz/Large","330","2025-12-16 06:33:57","2025-12-16 06:39:27","",""
"MILK","","Point of Sale","1","1x 16oz/Large","235","2025-12-16 06:35:33","2025-12-16 06:39:28","",""
"MILK","","Point of Sale","2","1x 20oz\ICED LARGE; 1x 20oz\ICED LARGE","296","2025-12-16 06:36:15","2025-12-16 06:41:11","",""
"MILK","","Point of Sale","1","1x 6oz","195","2025-12-16 06:37:56","2025-12-16 06:41:11","",""
"MILK","","Point of Sale","1","1x 8oz/Small","849","2025-12-16 06:38:18","2025-12-16 06:52:27","",""
"MILK","","Point of Sale","1","1x 8oz/Small","815","2025-12-16 06:38:53","2025-12-16 06:52:28","",""
"MILK","","Point of Sale","2","1x 16oz/Large; 1x Babycino","245","2025-12-16 06:48:23","2025-12-16 06:52:28","",""
"MILK","","Point of Sale","1","1x 12oz/Medium","201","2025-12-16 06:49:08","2025-12-16 06:52:29","",""
"MILK","","Point of Sale","4","1x 8oz/Small; 2x Babycino; 1x 8oz/Small","872","2025-12-16 06:50:25","2025-12-16 07:04:57","",""
"MILK","","Point of Sale","1","1x 8oz/Small","571","2025-12-16 06:55:28","2025-12-16 07:04:59","",""
"MILK","","Point of Sale","2","1x A Sweet Muffin; 1x 16oz/Large","548","2025-12-16 06:55:52","2025-12-16 07:05:00","",""
"MILK","","Point of Sale","1","1x 12oz/Medium","529","2025-12-16 06:56:12","2025-12-16 07:05:01","",""
"MILK","","Point of Sale","1","1x 16oz/ICED MEDIUM","255","2025-12-16 07:00:47","2025-12-16 07:05:02","",""
"MILK","","Point of Sale","1","1x 12oz/Medium","205","2025-12-16 07:01:39","2025-12-16 07:05:04","",""
"MILK","","Point of Sale","2","2x 6oz","111","2025-12-16 07:03:56","2025-12-16 07:05:47","",""
"MILK","","Point of Sale","1","1x 12oz/Medium","96","2025-12-16 07:04:12","2025-12-16 07:05:48","",""
"MILK","","Point of Sale","1","1x 12oz/ICED SMALL","484","2025-12-16 07:07:05","2025-12-16 07:15:09","",""
"MILK","","Point of Sale","2","1x 4oz/Pic, Esp, Dop; 1x 16oz/ICED MEDIUM","399","2025-12-16 07:08:30","2025-12-16 07:15:09","",""
"MILK","","Point of Sale","1","1x 8oz/Small","51","2025-12-16 07:14:19","2025-12-16 07:15:10","",""
"MILK","","Point of Sale","1","1x 12oz/Medium","315","2025-12-16 07:15:35","2025-12-16 07:20:50","",""
"MILK","","Point of Sale","1","1x 12oz/Medium","231","2025-12-16 07:17:00","2025-12-16 07:20:51","",""
"MILK","","Point of Sale","1","1x 16oz/Large","213","2025-12-16 07:17:19","2025-12-16 07:20:52","",""
"MILK","","Point of Sale","1","1x 16oz/Large","235","2025-12-16 07:17:52","2025-12-16 07:21:47","",""
"MILK","","Point of Sale","1","1x 12oz/Medium","220","2025-12-16 07:18:07","2025-12-16 07:21:47","",""
"MILK","","Point of Sale","2","1x 6oz; 1x 6oz","147","2025-12-16 07:23:13","2025-12-16 07:25:40","",""
"MILK","","Point of Sale","1","1x 8oz/Small","120","2025-12-16 07:23:39","2025-12-16 07:25:39","",""
"MILK","","Point of Sale","1","1x 16oz/Large","616","2025-12-16 07:30:42","2025-12-16 07:40:58","",""
"MILK","","Point of Sale","3","1x Plain Croissant; 1x 16oz/Large; 1x 16oz/ICED MEDIUM","299","2025-12-16 07:35:59","2025-12-16 07:40:58","",""
"MILK","","Point of Sale","1","1x 16oz/ICED MEDIUM","263","2025-12-16 07:36:34","2025-12-16 07:40:57","",""
"MILK","","Point of Sale","1","1x Breakfast Wrap","124","2025-12-16 07:38:53","2025-12-16 07:40:57","",""
"MILK","","Point of Sale","2","1x 12oz/ICED SMALL; 1x 6oz","95","2025-12-16 07:39:21","2025-12-16 07:40:56","",""
"MILK","","Point of Sale","3","1x A Sweet Muffin; 1x 8oz/Small; 1x 12oz/Medium","484","2025-12-16 07:42:30","2025-12-16 07:50:34","",""
"MILK","","Point of Sale","1","1x 20oz\ICED LARGE","467","2025-12-16 07:42:47","2025-12-16 07:50:34","",""
"MILK","","Point of Sale","1","1x Fruit Juice","453","2025-12-16 07:43:02","2025-12-16 07:50:35","",""
"MILK","","Point of Sale","1","1x 12oz/ICED SMALL","439","2025-12-16 07:43:20","2025-12-16 07:50:39","",""
"MILK","","Point of Sale","4","1x 12oz/ICED SMALL; 2x Pupacino; 1x ","383","2025-12-16 07:44:17","2025-12-16 07:50:40","",""
"MILK","","Point of Sale","1","1x 16oz/Large","595","2025-12-16 07:45:25","2025-12-16 07:55:20","",""
"MILK","","Point of Sale","1","1x 8oz/Small","278","2025-12-16 07:50:41","2025-12-16 07:55:19","",""
"MILK","","Point of Sale","2","2x 8oz/Small","245","2025-12-16 07:51:16","2025-12-16 07:55:21","",""
"MILK","","Point of Sale","1","1x 12oz/Medium","130","2025-12-16 07:53:10","2025-12-16 07:55:20","",""
"MILK","","Point of Sale","1","1x 12oz/Medium","257","2025-12-16 07:53:46","2025-12-16 07:58:03","",""
"MILK","","Point of Sale","1","1x 8oz/Small","221","2025-12-16 08:02:32","2025-12-16 08:06:13","",""
"MILK","Anna","Point of Sale","1","1x 12oz/Medium","170","2025-12-16 08:03:24","2025-12-16 08:06:14","",""
"MILK","","Point of Sale","2","1x 12oz/Medium; 1x A Sweet Muffin","73","2025-12-16 08:05:00","2025-12-16 08:06:13","",""
"MILK","","Point of Sale","3","1x 20oz\ICED LARGE; 1x 12oz/ICED SMALL; 1x Babycino","212","2025-12-16 08:06:47","2025-12-16 08:10:19","",""
"MILK","","Point of Sale","1","1x 4oz/Pic, Esp, Dop","187","2025-12-16 08:07:13","2025-12-16 08:10:20","",""
"MILK","","Point of Sale","1","1x 16oz/ICED MEDIUM","481","2025-12-16 08:07:46","2025-12-16 08:15:47","",""
"MILK","","Point of Sale","4","1x 16oz/ICED MEDIUM; 1x TOASTIE; 2x 16oz/Large","362","2025-12-16 08:09:46","2025-12-16 08:15:48","",""
"MILK","","Point of Sale","1","1x 8oz/Small","342","2025-12-16 08:10:08","2025-12-16 08:15:50","",""
"MILK","","Point of Sale","1","1x 6oz","490","2025-12-16 08:12:46","2025-12-16 08:20:56","",""
"MILK","","Point of Sale","3","1x Pupacino; 1x 12oz/ICED SMALL; 1x 12oz/ICED SMALL","415","2025-12-16 08:14:02","2025-12-16 08:20:57","",""
"MILK","","Point of Sale","2","1x 16oz/Large; 1x A Sweet Muffin","298","2025-12-16 08:16:27","2025-12-16 08:21:25","",""
"MILK","","Point of Sale","1","1x 12oz/ICED SMALL","234","2025-12-16 08:17:04","2025-12-16 08:20:58","",""
"MILK","","Point of Sale","2","1x 8oz/Small; 1x A Sweet Muffin","115","2025-12-16 08:19:04","2025-12-16 08:20:59","",""
"MILK","","Point of Sale","1","1x 12oz/Medium","206","2025-12-16 08:19:59","2025-12-16 08:23:25","",""
"MILK","","Point of Sale","1","1x 16oz/Large","315","2025-12-16 08:20:13","2025-12-16 08:25:28","",""
"MILK","","Point of Sale","1","1x 8oz/Small","179","2025-12-16 08:20:27","2025-12-16 08:23:26","",""
"MILK","","Point of Sale","1","1x 12oz/Medium","362","2025-12-16 08:20:38","2025-12-16 08:26:40","",""
"MILK","","Point of Sale","1","1x 12oz/Medium","339","2025-12-16 08:21:01","2025-12-16 08:26:40","",""
"MILK","","Point of Sale","1","1x 12oz/Medium","407","2025-12-16 08:22:11","2025-12-16 08:28:58","",""
"MILK","","Point of Sale","1","1x 6oz","380","2025-12-16 08:22:39","2025-12-16 08:28:59","",""
"MILK","","Point of Sale","1","1x 12oz/Medium","346","2025-12-16 08:23:13","2025-12-16 08:28:59","",""
"MILK","","Point of Sale","2","1x 8oz/Small; 1x 12oz/Medium","434","2025-12-16 08:25:15","2025-12-16 08:32:29","",""
"MILK","","Point of Sale","1","1x 12oz/Medium","398","2025-12-16 08:25:52","2025-12-16 08:32:30","",""
"MILK","","Point of Sale","2","1x 6oz; 1x 16oz/Large","168","2025-12-16 08:29:42","2025-12-16 08:32:30","",""
"MILK","","Point of Sale","2","1x 8oz/Small; 1x Babycino","614","2025-12-16 08:30:32","2025-12-16 08:40:46","",""
"MILK","","Point of Sale","2","1x 8oz/Small; 1x 8oz/Small","230","2025-12-16 08:34:17","2025-12-16 08:38:07","",""
"MILK","","Point of Sale","2","1x 12oz/Medium; 1x Ham And Cheese Croissant","206","2025-12-16 08:34:40","2025-12-16 08:38:06","",""
"MILK","","Point of Sale","4","1x 12oz/Medium; 1x 12oz/Medium; 2x 12oz/Medium","585","2025-12-16 08:37:08","2025-12-16 08:46:53","",""
"MILK","","Point of Sale","1","1x Breakfast Wrap","548","2025-12-16 08:37:46","2025-12-16 08:46:54","",""
"MILK","","Point of Sale","2","1x 16oz/ICED MEDIUM; 1x 16oz/ICED MEDIUM","278","2025-12-16 08:42:17","2025-12-16 08:46:55","",""
"MILK","","Point of Sale","1","1x 16oz/Large","251","2025-12-16 08:42:45","2025-12-16 08:46:56","",""
"MILK","","Point of Sale","2","1x A Sweet Muffin; 1x 12oz/ICED SMALL","217","2025-12-16 08:43:19","2025-12-16 08:46:56","",""
"MILK","","Point of Sale","1","1x 12oz/Medium","256","2025-12-16 08:46:09","2025-12-16 08:50:25","",""
"MILK","","Point of Sale","1","1x 8oz/Small","132","2025-12-16 08:48:14","2025-12-16 08:50:26","",""
"MILK","","Point of Sale","2","1x TOASTIE; 1x 12oz/Medium","473","2025-12-16 08:50:47","2025-12-16 08:58:40","",""
"MILK","","Point of Sale","1","1x 6oz","454","2025-12-16 08:51:04","2025-12-16 08:58:38","",""
"MILK","","Point of Sale","2","2x 20oz\ICED LARGE","391","2025-12-16 08:52:07","2025-12-16 08:58:38","",""
"MILK","","Point of Sale","3","1x Babycino; 2x 6oz","165","2025-12-16 08:55:52","2025-12-16 08:58:37","",""
"MILK","","Point of Sale","4","1x 16oz/ICED MEDIUM; 1x Babycino; 1x 12oz/ICED SMALL; 1x A Sweet Muffin","149","2025-12-16 08:57:35","2025-12-16 09:00:04","",""
"MILK","","Point of Sale","1","1x 16oz/Large","247","2025-12-16 08:57:53","2025-12-16 09:02:00","",""
"MILK","","Point of Sale","1","1x 12oz/Medium","239","2025-12-16 08:58:04","2025-12-16 09:02:03","",""
"MILK","","Point of Sale","2","1x 16oz/Large; 1x BUTTERBOY","225","2025-12-16 08:58:17","2025-12-16 09:02:02","",""
"MILK","","Point of Sale","1","1x 8oz/Small","525","2025-12-16 08:59:56","2025-12-16 09:08:41","",""
"MILK","","Point of Sale","2","1x 16oz/ICED MEDIUM; 1x 16oz/ICED MEDIUM","338","2025-12-16 09:03:01","2025-12-16 09:08:39","",""
"MILK","","Point of Sale","1","1x 12oz/Medium","143","2025-12-16 09:06:16","2025-12-16 09:08:39","",""
"MILK","","Point of Sale","1","1x 16oz/Large","79","2025-12-16 09:07:20","2025-12-16 09:08:39","",""
"MILK","","Point of Sale","2","1x 16oz/Large; 1x 16oz/ICED MEDIUM","183","2025-12-16 09:08:21","2025-12-16 09:11:24","",""
"MILK","","Point of Sale","2","1x 12oz/Medium; 1x 12oz/Medium","668","2025-12-16 09:13:28","2025-12-16 09:24:36","",""
"MILK","","Point of Sale","1","1x 16oz/ICED MEDIUM","446","2025-12-16 09:17:10","2025-12-16 09:24:36","",""
"MILK","","Point of Sale","1","1x 12oz/Medium","342","2025-12-16 09:18:54","2025-12-16 09:24:36","",""
"MILK","","Point of Sale","1","1x 8oz/Small","120","2025-12-16 09:22:37","2025-12-16 09:24:37","",""
"MILK","","Point of Sale","1","1x 12oz/ICED SMALL","92","2025-12-16 09:23:06","2025-12-16 09:24:38","",""
"MILK","","Point of Sale","1","1x 16oz/ICED MEDIUM","413","2025-12-16 09:27:25","2025-12-16 09:34:18","",""
"MILK","","Point of Sale","1","1x 8oz/Small","79","2025-12-16 09:32:58","2025-12-16 09:34:17","",""
"MILK","","Point of Sale","1","1x 12oz/ICED SMALL","323","2025-12-16 09:42:07","2025-12-16 09:47:30","",""
"MILK","","Point of Sale","4","1x 8oz/Small; 2x Ham And Cheese Croissant; 1x 12oz/Medium","292","2025-12-16 09:42:38","2025-12-16 09:47:30","",""
"MILK","","Point of Sale","2","1x 12oz/Medium; 1x 12oz/Medium","448","2025-12-16 09:46:11","2025-12-16 09:53:39","",""
"MILK","","Point of Sale","1","1x 16oz/Large","379","2025-12-16 09:47:21","2025-12-16 09:53:40","",""
"MILK","","Point of Sale","2","1x 12oz/Medium; 1x 20oz\ICED LARGE","206","2025-12-16 09:50:15","2025-12-16 09:53:41","",""
"MILK","","Point of Sale","1","1x 16oz/ICED MEDIUM","179","2025-12-16 09:50:43","2025-12-16 09:53:42","",""
"MILK","","Point of Sale","2","1x 16oz/Large; 1x Plain Croissant","676","2025-12-16 09:53:10","2025-12-16 10:04:26","",""
"MILK","","Point of Sale","1","1x 12oz/ICED SMALL","196","2025-12-16 10:01:09","2025-12-16 10:04:25","",""
"MILK","","Point of Sale","1","1x 12oz/ICED SMALL","176","2025-12-16 10:01:30","2025-12-16 10:04:26","",""
"MILK","Hkorse shirt","Point of Sale","1","1x 8oz/Small","542","2025-12-16 10:03:11","2025-12-16 10:12:13","",""
"MILK","Ehite shirt","Point of Sale","1","1x 8oz/Small","516","2025-12-16 10:03:37","2025-12-16 10:12:13","",""
"MILK","","Point of Sale","1","1x ","499","2025-12-16 10:03:55","2025-12-16 10:12:14","",""
"MILK","","Point of Sale","1","1x 16oz/ICED MEDIUM","483","2025-12-16 10:04:12","2025-12-16 10:12:15","",""
"MILK","","Point of Sale","1","1x 12oz/ICED SMALL","665","2025-12-16 10:10:30","2025-12-16 10:21:35","",""
"MILK","","Point of Sale","1","1x TOASTIE","632","2025-12-16 10:11:03","2025-12-16 10:21:35","",""
"MILK","","Point of Sale","1","1x 16oz/ICED MEDIUM","568","2025-12-16 10:12:08","2025-12-16 10:21:36","",""
"MILK","","Point of Sale","1","1x 12oz/ICED SMALL","404","2025-12-16 10:14:53","2025-12-16 10:21:37","",""
"MILK","","Point of Sale","1","1x 1kg Beans","341","2025-12-16 10:15:56","2025-12-16 10:21:37","",""
"MILK","","Point of Sale","1","1x 16oz/Large","755","2025-12-16 10:17:31","2025-12-16 10:30:06","",""
"MILK","","Point of Sale","1","1x 16oz/Large","490","2025-12-16 10:21:57","2025-12-16 10:30:07","",""
"MILK","","Point of Sale","2","1x 8oz/Small; 1x 16oz/ICED MEDIUM","593","2025-12-16 10:38:08","2025-12-16 10:48:01","",""
"MILK","","Point of Sale","1","1x 12oz/Medium","445","2025-12-16 10:40:37","2025-12-16 10:48:02","",""
"MILK","","Point of Sale","1","1x Ham And Cheese Croissant","309","2025-12-16 10:49:29","2025-12-16 10:54:38","",""
"MILK","","Point of Sale","1","1x 16oz/Large","230","2025-12-16 10:50:47","2025-12-16 10:54:37","",""
"MILK","","Point of Sale","1","1x 6oz","78","2025-12-16 10:53:22","2025-12-16 10:54:40","",""
"MILK","","Point of Sale","2","1x 12oz/Medium; 1x TOASTIE","414","2025-12-16 11:04:22","2025-12-16 11:11:16","",""
"MILK","","Point of Sale","3","1x 12oz/ICED SMALL; 1x 12oz/ICED SMALL; 1x Sweet Pastry","325","2025-12-16 11:15:17","2025-12-16 11:20:42","",""
"MILK","","Point of Sale","2","1x 16oz/ICED MEDIUM; 1x Famous Soda","288","2025-12-16 11:15:54","2025-12-16 11:20:42","",""
"MILK","","Point of Sale","2","1x A Sweet Muffin; 1x 16oz/Large","267","2025-12-16 11:16:16","2025-12-16 11:20:43","",""
"MILK","","Point of Sale","2","1x 16oz/ICED MEDIUM; 1x 20oz\ICED LARGE","1094","2025-12-16 11:17:10","2025-12-16 11:35:24","",""
"MILK","","Point of Sale","1","1x TOASTIE","1079","2025-12-16 11:17:25","2025-12-16 11:35:24","",""
"MILK","","Point of Sale","1","1x 16oz/ICED MEDIUM","744","2025-12-16 11:56:14","2025-12-16 12:08:38","",""
"MILK","","Point of Sale","1","1x 12oz/ICED SMALL","106","2025-12-16 12:06:53","2025-12-16 12:08:39","",""
"MILK","","Point of Sale","1","1x 16oz/Large","184","2025-12-16 12:10:36","2025-12-16 12:13:40","",""
"MILK","","Point of Sale","1","1x 12oz/ICED SMALL","462","2025-12-16 12:20:40","2025-12-16 12:28:22","",""
"MILK","","Point of Sale","1","1x 12oz/Medium","398","2025-12-16 12:21:44","2025-12-16 12:28:22","",""
"MILK","","Point of Sale","1","1x 16oz/Large","160","2025-12-16 12:25:43","2025-12-16 12:28:23","",""
"MILK","","Point of Sale","2","2x 20oz\ICED LARGE","745","2025-12-16 12:34:09","2025-12-16 12:46:34","",""
"MILK","","Point of Sale","1","1x 6oz","144","2025-12-16 13:07:32","2025-12-16 13:09:56","",""
"MILK","","Point of Sale","2","2x 4oz/Pic, Esp, Dop","2618","2025-12-17 04:53:27","2025-12-17 05:37:05","",""
"MILK","","Point of Sale","1","1x 12oz/Medium","2395","2025-12-17 04:57:08","2025-12-17 05:37:03","",""
"MILK","Kim","Point of Sale","1","1x 6oz","2369","2025-12-17 04:57:34","2025-12-17 05:37:03","",""
"MILK","Tina","Point of Sale","1","1x 16oz/Large","1972","2025-12-17 05:04:14","2025-12-17 05:37:06","",""
"MILK","Maree","Point of Sale","1","1x 8oz/Small","1620","2025-12-17 05:10:05","2025-12-17 05:37:05","",""
"MILK","Corey","Point of Sale","1","1x 12oz/Medium","1617","2025-12-17 05:10:24","2025-12-17 05:37:21","",""
"MILK","","Point of Sale","1","1x 16oz/ICED MEDIUM","1550","2025-12-17 05:11:31","2025-12-17 05:37:21","",""
"MILK","Jack","Point of Sale","1","1x 12oz/Medium","1332","2025-12-17 05:15:09","2025-12-17 05:37:21","",""
"MILK","B","Point of Sale","1","1x 8oz/Small","1309","2025-12-17 05:15:33","2025-12-17 05:37:22","",""
"MILK","","Point of Sale","1","1x 16oz/Large","1188","2025-12-17 05:17:34","2025-12-17 05:37:22","",""
"MILK","","Point of Sale","1","1x 8oz/Small","1059","2025-12-17 05:20:20","2025-12-17 05:37:59","",""
"MILK","","Point of Sale","1","1x Sweet Pastry","873","2025-12-17 05:23:26","2025-12-17 05:37:59","",""
"MILK","","Point of Sale","1","1x 12oz/ICED SMALL","422","2025-12-17 05:30:58","2025-12-17 05:38:00","",""
"MILK","","Point of Sale","1","1x 12oz/ICED SMALL","370","2025-12-17 05:31:51","2025-12-17 05:38:01","",""
"MILK","","Point of Sale","1","1x 8oz/Small","334","2025-12-17 05:32:28","2025-12-17 05:38:02","",""
"MILK","","Point of Sale","1","1x 12oz/Medium","789","2025-12-17 05:32:46","2025-12-17 05:45:55","",""
"MILK","","Point of Sale","1","1x 16oz/Large","700","2025-12-17 05:34:16","2025-12-17 05:45:56","",""
"MILK","","Point of Sale","1","1x 12oz/Medium","343","2025-12-17 05:40:13","2025-12-17 05:45:56","",""
"MILK","","Point of Sale","1","1x 8oz/Small","271","2025-12-17 05:41:25","2025-12-17 05:45:56","",""
"MILK","","Point of Sale","1","1x 6oz","180","2025-12-17 05:42:57","2025-12-17 05:45:57","",""
"MILK","","Point of Sale","4","1x 12oz/ICED SMALL; 3x Pupacino","260","2025-12-17 05:45:40","2025-12-17 05:50:00","",""
"MILK","","Point of Sale","2","1x 16oz/Large; 1x 16oz/Large","291","2025-12-17 05:47:25","2025-12-17 05:52:16","",""
"MILK","","Point of Sale","2","1x 16oz/Large; 1x 16oz/Large","274","2025-12-17 05:47:43","2025-12-17 05:52:17","",""
"MILK","775775549","Square Online","1","1x 12oz/Medium","482","2025-12-17 05:48:04","2025-12-17 05:56:06","2025-12-17 05:48:00",""
"MILK","Pink","Point of Sale","1","1x 8oz/Small","410","2025-12-17 05:49:17","2025-12-17 05:56:07","",""
"MILK","","Point of Sale","1","1x 16oz/ICED MEDIUM","273","2025-12-17 05:51:35","2025-12-17 05:56:08","",""
"MILK","","Point of Sale","3","1x 8oz/Small; 1x BUTTERBOY; 1x Babycino","169","2025-12-17 05:55:22","2025-12-17 05:58:11","",""
"MILK","","Point of Sale","1","1x 16oz/ICED MEDIUM","295","2025-12-17 05:56:03","2025-12-17 06:00:58","",""
"MILK","","Point of Sale","3","1x 16oz/ICED MEDIUM; 1x 12oz/Medium; 1x 12oz/Medium","232","2025-12-17 05:57:07","2025-12-17 06:00:59","",""
"MILK","","Point of Sale","1","1x 16oz/Large","381","2025-12-17 05:59:56","2025-12-17 06:06:17","",""
"MILK","","Point of Sale","1","1x 16oz/ICED MEDIUM","299","2025-12-17 06:01:17","2025-12-17 06:06:16","",""
"MILK","","Point of Sale","1","1x 8oz/Small","272","2025-12-17 06:01:46","2025-12-17 06:06:18","",""
"MILK","","Point of Sale","1","1x 4oz/Pic, Esp, Dop","258","2025-12-17 06:01:59","2025-12-17 06:06:17","",""
"MILK","","Point of Sale","2","2x 4oz/Pic, Esp, Dop","359","2025-12-17 06:03:29","2025-12-17 06:09:28","",""
"MILK","Red gymshark","Point of Sale","2","1x 16oz/ICED MEDIUM; 1x 12oz/Medium","308","2025-12-17 06:04:21","2025-12-17 06:09:29","",""
"MILK","","Point of Sale","1","1x 12oz/Medium","252","2025-12-17 06:07:32","2025-12-17 06:11:44","",""
"MILK","","Point of Sale","2","2x 12oz/Medium","108","2025-12-17 06:09:56","2025-12-17 06:11:44","",""
"MILK","","Point of Sale","1","1x 8oz/Small","76","2025-12-17 06:11:41","2025-12-17 06:12:57","",""
"MILK","","Point of Sale","2","1x Babycino; 1x 8oz/Small","211","2025-12-17 06:13:06","2025-12-17 06:16:37","",""
"MILK","","Point of Sale","1","1x 12oz/ICED SMALL","387","2025-12-17 06:13:19","2025-12-17 06:19:46","",""
"MILK","","Point of Sale","2","1x Ham And Cheese Croissant; 1x 16oz/ICED MEDIUM","336","2025-12-17 06:14:12","2025-12-17 06:19:48","",""
"MILK","","Point of Sale","2","1x 8oz/Small; 1x 8oz/Small","440","2025-12-17 06:14:32","2025-12-17 06:21:52","",""
"MILK","Rach","Point of Sale","1","1x 12oz/Medium","361","2025-12-17 06:15:52","2025-12-17 06:21:53","",""
"MILK","","Point of Sale","2","1x 6oz; 1x 8oz/Small","434","2025-12-17 06:17:02","2025-12-17 06:24:16","",""
"MILK","Karen","Point of Sale","1","1x 12oz/Medium","674","2025-12-17 06:17:24","2025-12-17 06:28:38","",""
"MILK","Mel","Point of Sale","1","1x 12oz/ICED SMALL","639","2025-12-17 06:17:59","2025-12-17 06:28:38","",""
"MILK","","Point of Sale","1","1x 8oz/Small","595","2025-12-17 06:18:44","2025-12-17 06:28:39","",""
"MILK","Raxh","Point of Sale","2","1x 16oz/ICED MEDIUM; 1x Breakfast Wrap","434","2025-12-17 06:21:25","2025-12-17 06:28:39","",""
"MILK","","Point of Sale","5","1x 20oz\ICED LARGE; 1x 12oz/Medium; 1x 12oz/Medium; 2x Babycino","524","2025-12-17 06:23:29","2025-12-17 06:32:13","",""
"MILK","","Point of Sale","1","1x 12oz/ICED SMALL","469","2025-12-17 06:24:23","2025-12-17 06:32:12","",""
"MILK","Yellow","Point of Sale","2","1x 4oz/Pic, Esp, Dop; 1x 16oz/Large","541","2025-12-17 06:25:26","2025-12-17 06:34:27","",""
"MILK","Red cap","Point of Sale","4","1x 8oz/Small; 2x Babycino; 1x 12oz/Medium","573","2025-12-17 06:27:23","2025-12-17 06:36:56","",""
"MILK","Kelly","Point of Sale","1","1x 12oz/Medium","552","2025-12-17 06:27:44","2025-12-17 06:36:56","",""
"MILK","Greenshirt","Point of Sale","2","2x 12oz/Medium","564","2025-12-17 06:29:41","2025-12-17 06:39:05","",""
"MILK","","Point of Sale","1","1x Kombucha","403","2025-12-17 06:30:25","2025-12-17 06:37:08","",""
"MILK","Backpack","Point of Sale","1","1x 16oz/Large","541","2025-12-17 06:31:24","2025-12-17 06:40:25","",""
"MILK","Tommy","Point of Sale","1","1x 20oz\ICED LARGE","619","2025-12-17 06:31:38","2025-12-17 06:41:57","",""
"MILK","Cap snd pram","Point of Sale","1","1x 12oz/ICED SMALL","636","2025-12-17 06:32:32","2025-12-17 06:43:08","",""
"MILK","Energy qld","Point of Sale","2","1x Breakfast Wrap; 1x 12oz/Medium","568","2025-12-17 06:34:10","2025-12-17 06:43:38","",""
"MILK","Ryan","Point of Sale","1","1x 20oz\ICED LARGE","440","2025-12-17 06:34:38","2025-12-17 06:41:58","",""
"MILK","Black tahir","Point of Sale","1","1x 8oz/Small","605","2025-12-17 06:35:00","2025-12-17 06:45:05","",""
"MILK","Bianca","Point of Sale","2","1x 12oz/Medium; 1x 8oz/Small","578","2025-12-17 06:39:23","2025-12-17 06:49:01","",""
"MILK","1854082652","Square Online","2","1x 16oz/Large; 1x 16oz/Large","477","2025-12-17 06:41:03","2025-12-17 06:49:00","2025-12-17 06:40:58",""
"MILK","White top","Point of Sale","1","1x 8oz/Small","419","2025-12-17 06:42:02","2025-12-17 06:49:01","",""
"MILK","","Point of Sale","1","1x 12oz/Medium","438","2025-12-17 06:44:17","2025-12-17 06:51:35","",""
"MILK","","Point of Sale","1","1x 16oz/ICED MEDIUM","410","2025-12-17 06:44:45","2025-12-17 06:51:35","",""
"MILK","Qld shir","Point of Sale","1","1x 12oz/Medium","470","2025-12-17 06:46:05","2025-12-17 06:53:55","",""
"MILK","Backpack","Point of Sale","1","1x 12oz/Medium","317","2025-12-17 06:48:37","2025-12-17 06:53:54","",""
"MILK","Jimmy","Point of Sale","1","1x ","162","2025-12-17 06:51:13","2025-12-17 06:53:55","",""
"MILK","","Point of Sale","1","1x 8oz/Small","329","2025-12-17 06:52:57","2025-12-17 06:58:26","",""
"MILK","","Point of Sale","1","1x 16oz/Large","283","2025-12-17 06:53:44","2025-12-17 06:58:27","",""
"MILK","","Point of Sale","3","1x Babycino; 2x 6oz","237","2025-12-17 06:54:29","2025-12-17 06:58:26","",""
"MILK","","Point of Sale","1","1x 8oz/Small","124","2025-12-17 06:58:43","2025-12-17 07:00:47","",""
"MILK","","Point of Sale","1","1x 8oz/Small","27","2025-12-17 07:00:19","2025-12-17 07:00:46","",""
"MILK","","Point of Sale","2","1x 8oz/Small; 1x 16oz/Large","248","2025-12-17 07:01:46","2025-12-17 07:05:54","",""
"MILK","","Point of Sale","2","2x 16oz/Large","472","2025-12-17 07:02:29","2025-12-17 07:10:21","",""
"MILK","Miles","Point of Sale","1","1x 16oz/ICED MEDIUM","422","2025-12-17 07:03:19","2025-12-17 07:10:21","",""
"MILK","","Point of Sale","2","1x 20oz\ICED LARGE; 1x 8oz/Small","244","2025-12-17 07:06:17","2025-12-17 07:10:21","",""
"MILK","","Point of Sale","2","1x 12oz/ICED SMALL; 1x 16oz/ICED MEDIUM","405","2025-12-17 07:06:38","2025-12-17 07:13:23","",""
"MILK","","Point of Sale","1","1x 8oz/Small","388","2025-12-17 07:06:53","2025-12-17 07:13:21","",""
"MILK","Anne","Point of Sale","1","1x 6oz","378","2025-12-17 07:07:56","2025-12-17 07:14:14","",""
"MILK","Marco","Point of Sale","1","1x 8oz/Small","519","2025-12-17 07:09:37","2025-12-17 07:18:16","",""
"MILK","","Point of Sale","2","1x 4oz/Pic, Esp, Dop; 1x 16oz/ICED MEDIUM","248","2025-12-17 07:10:05","2025-12-17 07:14:13","",""
"MILK","Red shirt","Point of Sale","1","1x 16oz/ICED MEDIUM","458","2025-12-17 07:10:38","2025-12-17 07:18:16","",""
"MILK","","Point of Sale","2","1x 16oz/Large; 1x 12oz/Medium","203","2025-12-17 07:17:25","2025-12-17 07:20:48","",""
"MILK","","Point of Sale","1","1x 4oz/Pic, Esp, Dop","167","2025-12-17 07:18:02","2025-12-17 07:20:49","",""
"MILK","","Point of Sale","1","1x 16oz/Large","161","2025-12-17 07:23:10","2025-12-17 07:25:51","",""
"MILK","","Point of Sale","1","1x 16oz/Large","73","2025-12-17 07:24:50","2025-12-17 07:26:03","",""
"MILK","","Point of Sale","2","1x TOASTIE; 1x Fruit Juice","639","2025-12-17 07:28:17","2025-12-17 07:38:56","",""
"MILK","","Point of Sale","2","2x 12oz/Medium","442","2025-12-17 07:31:35","2025-12-17 07:38:57","",""
"MILK","","Point of Sale","3","1x 12oz/Medium; 1x 12oz/Medium; 1x 500g Beans","282","2025-12-17 07:34:15","2025-12-17 07:38:57","",""
"MILK","","Point of Sale","1","1x 6oz","309","2025-12-17 07:34:38","2025-12-17 07:39:47","",""
"MILK","","Point of Sale","1","1x 12oz/Medium","247","2025-12-17 07:40:14","2025-12-17 07:44:21","",""
"MILK","","Point of Sale","1","1x 12oz/Medium","196","2025-12-17 07:41:06","2025-12-17 07:44:22","",""
"MILK","","Point of Sale","1","1x 16oz/Large","291","2025-12-17 07:41:40","2025-12-17 07:46:31","",""
"MILK","","Point of Sale","1","1x 16oz/Large","275","2025-12-17 07:41:57","2025-12-17 07:46:32","",""
"MILK","","Point of Sale","3","2x Pupacino; 1x 12oz/ICED SMALL","219","2025-12-17 07:43:43","2025-12-17 07:47:22","",""
"MILK","","Point of Sale","1","1x 8oz/Small","283","2025-12-17 07:44:10","2025-12-17 07:48:53","",""
"MILK","","Point of Sale","3","1x 12oz/Medium; 1x 16oz/Large; 1x BUTTERBOY","375","2025-12-17 07:45:50","2025-12-17 07:52:05","",""
"MILK","","Point of Sale","2","1x 12oz/Medium; 1x 16oz/ICED MEDIUM","480","2025-12-17 07:46:23","2025-12-17 07:54:23","",""
"MILK","","Point of Sale","1","1x 12oz/Medium","456","2025-12-17 07:46:47","2025-12-17 07:54:23","",""
"MILK","","Point of Sale","1","1x 20oz\ICED LARGE","515","2025-12-17 07:47:05","2025-12-17 07:55:40","",""
"MILK","","Point of Sale","1","1x 16oz/Large","408","2025-12-17 07:49:52","2025-12-17 07:56:40","",""
"MILK","","Point of Sale","4","1x 12oz/Medium; 1x 12oz/ICED SMALL; 1x 16oz/ICED MEDIUM; 1x 12oz/ICED SMALL","574","2025-12-17 07:51:30","2025-12-17 08:01:04","",""
"MILK","","Point of Sale","2","1x 12oz/Medium; 1x 12oz/ICED SMALL","540","2025-12-17 07:53:14","2025-12-17 08:02:14","",""
"MILK","","Point of Sale","1","1x 8oz/Small","595","2025-12-17 07:54:29","2025-12-17 08:04:24","",""
"MILK","","Point of Sale","2","1x 12oz/ICED SMALL; 1x A Savoury Muffin","559","2025-12-17 07:55:05","2025-12-17 08:04:24","",""
"MILK","","Point of Sale","1","1x 4oz/Pic, Esp, Dop","525","2025-12-17 07:55:40","2025-12-17 08:04:25","",""
"MILK","","Point of Sale","2","1x Babycino; 1x 16oz/ICED MEDIUM","526","2025-12-17 07:58:47","2025-12-17 08:07:33","",""
"MILK","","Point of Sale","2","1x BUTTERBOY; 1x 12oz/ICED SMALL","252","2025-12-17 08:03:23","2025-12-17 08:07:35","",""
"MILK","","Point of Sale","1","1x 12oz/ICED SMALL","239","2025-12-17 08:03:36","2025-12-17 08:07:35","",""
"MILK","","Point of Sale","1","1x 16oz/Large","253","2025-12-17 08:09:57","2025-12-17 08:14:10","",""
"MILK","","Point of Sale","1","1x 12oz/Medium","243","2025-12-17 08:10:08","2025-12-17 08:14:11","",""
"MILK","","Point of Sale","1","1x 12oz/Medium","283","2025-12-17 08:10:22","2025-12-17 08:15:05","",""
"MILK","","Point of Sale","1","1x 12oz/ICED SMALL","357","2025-12-17 08:11:38","2025-12-17 08:17:35","",""
"MILK","","Point of Sale","2","2x 12oz/Medium","466","2025-12-17 08:12:39","2025-12-17 08:20:25","",""
"MILK","","Point of Sale","3","1x Sweet Pastry; 1x 12oz/Medium; 1x Pupacino","348","2025-12-17 08:14:36","2025-12-17 08:20:24","",""
"MILK","","Point of Sale","4","1x A Sweet Muffin; 1x Pupacino; 2x 6oz","329","2025-12-17 08:17:34","2025-12-17 08:23:03","",""
"MILK","","Point of Sale","2","1x 12oz/Medium; 1x A Sweet Muffin","440","2025-12-17 08:17:52","2025-12-17 08:25:12","",""
"MILK","","Point of Sale","1","1x 12oz/Medium","338","2025-12-17 08:19:35","2025-12-17 08:25:13","",""
"MILK","","Point of Sale","1","1x 12oz/Medium","325","2025-12-17 08:19:48","2025-12-17 08:25:13","",""
"MILK","","Point of Sale","1","1x 16oz/Large","607","2025-12-17 08:21:00","2025-12-17 08:31:07","",""
"MILK","","Point of Sale","1","1x 12oz/Medium","584","2025-12-17 08:21:23","2025-12-17 08:31:07","",""
"MILK","","Point of Sale","1","1x 12oz/Medium","572","2025-12-17 08:21:36","2025-12-17 08:31:08","",""
"MILK","","Point of Sale","2","1x Sweet Pastry; 1x 16oz/Large","512","2025-12-17 08:22:36","2025-12-17 08:31:08","",""
"MILK","","Point of Sale","2","1x A Savoury Muffin; 1x 12oz/Medium","311","2025-12-17 08:27:03","2025-12-17 08:32:14","",""
"MILK","Prtim","Point of Sale","6","1x 12oz/Medium; 1x 12oz/Medium; 1x 8oz/Small; 1x 12oz/Medium; 1x 12oz/Medium; 1x 16oz/Large","574","2025-12-17 08:27:58","2025-12-17 08:37:32","",""
"MILK","","Point of Sale","1","1x 6oz","659","2025-12-17 08:28:30","2025-12-17 08:39:29","",""
"MILK","","Point of Sale","1","1x 12oz/Medium","641","2025-12-17 08:28:48","2025-12-17 08:39:29","",""
"MILK","White singlwt","Point of Sale","1","1x 12oz/Medium","550","2025-12-17 08:30:19","2025-12-17 08:39:29","",""
"MILK","","Point of Sale","1","1x 6oz","550","2025-12-17 08:30:52","2025-12-17 08:40:02","",""
"MILK","","Point of Sale","2","1x 16oz/Large; 1x 16oz/Large","415","2025-12-17 08:36:06","2025-12-17 08:43:01","",""
"MILK","Blaxk top","Point of Sale","1","1x 16oz/Large","352","2025-12-17 08:37:09","2025-12-17 08:43:01","",""
"MILK","","Point of Sale","2","1x 500g Beans; 1x 12oz/Medium","424","2025-12-17 08:38:17","2025-12-17 08:45:21","",""
"MILK","","Point of Sale","1","1x 12oz/Medium","288","2025-12-17 08:40:32","2025-12-17 08:45:20","",""
"MILK","","Point of Sale","1","1x 20oz\ICED LARGE","235","2025-12-17 08:42:43","2025-12-17 08:46:38","",""
"MILK","","Point of Sale","2","1x 12oz/Medium; 1x 12oz/Medium","381","2025-12-17 08:45:13","2025-12-17 08:51:34","",""
"MILK","","Point of Sale","1","1x 12oz/Medium","366","2025-12-17 08:45:28","2025-12-17 08:51:34","",""
"MILK","","Point of Sale","1","1x 12oz/Medium","191","2025-12-17 08:50:20","2025-12-17 08:53:31","",""
"MILK","","Point of Sale","2","1x Sweet Pastry; 1x 12oz/Medium","121","2025-12-17 08:51:30","2025-12-17 08:53:31","",""
"MILK","","Point of Sale","3","1x 16oz/ICED MEDIUM; 1x 16oz/ICED MEDIUM; 1x 16oz/Large","639","2025-12-17 08:54:01","2025-12-17 09:04:40","",""
"MILK","","Point of Sale","2","1x 12oz/ICED SMALL; 1x 6oz","479","2025-12-17 08:56:42","2025-12-17 09:04:41","",""
"MILK","","Point of Sale","1","1x 20oz\ICED LARGE","485","2025-12-17 08:57:27","2025-12-17 09:05:32","",""
"MILK","","Point of Sale","2","1x 6oz; 1x 6oz","615","2025-12-17 08:57:48","2025-12-17 09:08:03","",""
"MILK","","Point of Sale","4","1x 12oz/Medium; 1x TOASTIE; 1x TOASTIE; 1x 16oz/ICED MEDIUM","799","2025-12-17 08:58:47","2025-12-17 09:12:06","",""
"MILK","","Point of Sale","1","1x 8oz/Small","608","2025-12-17 08:59:05","2025-12-17 09:09:13","",""
"MILK","Misty","Point of Sale","2","1x 12oz/ICED SMALL; 1x 8oz/Small","885","2025-12-17 08:59:29","2025-12-17 09:14:14","",""
"MILK","","Point of Sale","1","1x 12oz/ICED SMALL","809","2025-12-17 09:00:45","2025-12-17 09:14:14","",""
"MILK","Australiq","Point of Sale","1","1x 12oz/Medium","787","2025-12-17 09:01:06","2025-12-17 09:14:13","",""
"MILK","","Point of Sale","3","1x ; 1x 16oz/ICED MEDIUM; 1x ","643","2025-12-17 09:03:29","2025-12-17 09:14:12","",""
"MILK","Strips shirt pram","Point of Sale","2","1x 12oz/Medium; 1x 8oz/Small","878","2025-12-17 09:04:38","2025-12-17 09:19:16","",""
"MILK","","Point of Sale","1","1x 8oz/Small","544","2025-12-17 09:10:13","2025-12-17 09:19:17","",""
"MILK","","Point of Sale","1","1x 12oz/ICED SMALL","520","2025-12-17 09:10:37","2025-12-17 09:19:17","",""
"MILK","","Point of Sale","2","1x 12oz/Medium; 1x 8oz/Small","249","2025-12-17 09:17:15","2025-12-17 09:21:24","",""
"MILK","","Point of Sale","1","1x 12oz/ICED SMALL","291","2025-12-17 09:17:40","2025-12-17 09:22:31","",""
"MILK","","Point of Sale","1","1x 12oz/Medium","185","2025-12-17 09:19:27","2025-12-17 09:22:32","",""
"MILK","","Point of Sale","1","1x 16oz/Large","209","2025-12-17 09:25:14","2025-12-17 09:28:43","",""
"MILK","","Point of Sale","2","1x 16oz/Large; 1x 16oz/ICED MEDIUM","536","2025-12-17 09:29:32","2025-12-17 09:38:28","",""
"MILK","","Point of Sale","1","1x 16oz/ICED MEDIUM","432","2025-12-17 09:31:17","2025-12-17 09:38:29","",""
"MILK","","Point of Sale","1","1x 16oz/Large","173","2025-12-17 09:35:37","2025-12-17 09:38:30","",""
"MILK","","Point of Sale","1","1x 12oz/Medium","162","2025-12-17 09:35:48","2025-12-17 09:38:30","",""
"MILK","","Point of Sale","3","2x 12oz/ICED SMALL; 1x 12oz/ICED SMALL","280","2025-12-17 09:38:09","2025-12-17 09:42:49","",""
"MILK","","Point of Sale","1","1x 20oz\ICED LARGE","190","2025-12-17 09:39:37","2025-12-17 09:42:47","",""
"MILK","","Point of Sale","1","1x Fiji Water","26","2025-12-17 09:44:28","2025-12-17 09:44:54","",""
"MILK","","Point of Sale","1","1x 12oz/ICED SMALL","335","2025-12-17 09:47:51","2025-12-17 09:53:26","",""
"MILK","","Point of Sale","2","1x A Savoury Muffin; 1x 20oz\ICED LARGE","267","2025-12-17 09:48:58","2025-12-17 09:53:25","",""
"MILK","","Point of Sale","7","1x A Sweet Muffin; 1x TOASTIE; 1x A Sweet Muffin; 3x 12oz/ICED SMALL; 1x 12oz/ICED SMALL","708","2025-12-17 09:53:08","2025-12-17 10:04:56","",""
"MILK","","Point of Sale","3","1x 16oz/ICED MEDIUM; 2x 16oz/ICED MEDIUM","669","2025-12-17 09:53:48","2025-12-17 10:04:57","",""
"MILK","","Point of Sale","2","1x 16oz/ICED MEDIUM; 1x 12oz/Medium","750","2025-12-17 09:54:22","2025-12-17 10:06:52","",""
"MILK","","Point of Sale","2","1x 8oz/Small; 1x Sweet Pastry","409","2025-12-17 10:02:18","2025-12-17 10:09:07","",""
"MILK","","Point of Sale","1","1x 8oz/Small","310","2025-12-17 10:03:58","2025-12-17 10:09:08","",""
"MILK","","Point of Sale","2","1x 12oz/Medium; 1x 12oz/Medium","318","2025-12-17 10:06:35","2025-12-17 10:11:53","",""
"MILK","","Point of Sale","1","1x 12oz/Medium","393","2025-12-17 10:07:21","2025-12-17 10:13:54","",""
"MILK","","Point of Sale","1","1x 500g Beans","317","2025-12-17 10:08:38","2025-12-17 10:13:55","",""
"MILK","","Point of Sale","1","1x 8oz/Small","298","2025-12-17 10:08:57","2025-12-17 10:13:55","",""
"MILK","","Point of Sale","1","1x 16oz/ICED MEDIUM","255","2025-12-17 10:19:41","2025-12-17 10:23:56","",""
"MILK","","Point of Sale","1","1x 16oz/Large","227","2025-12-17 10:20:09","2025-12-17 10:23:56","",""
"MILK","","Point of Sale","1","1x 16oz/Large","180","2025-12-17 10:20:57","2025-12-17 10:23:57","",""
"MILK","","Point of Sale","1","1x 12oz/ICED SMALL","317","2025-12-17 10:22:21","2025-12-17 10:27:38","",""
"MILK","","Point of Sale","1","1x 6oz","72","2025-12-17 10:28:37","2025-12-17 10:29:49","",""
"MILK","","Point of Sale","2","1x 12oz/Medium; 1x 12oz/Medium","267","2025-12-17 10:32:34","2025-12-17 10:37:01","",""
"MILK","","Point of Sale","1","1x 16oz/Large","249","2025-12-17 10:32:50","2025-12-17 10:36:59","",""
"MILK","","Point of Sale","11","1x 12oz/Medium; 1x 12oz/Medium; 2x 12oz/Medium; 1x 12oz/Medium; 1x 12oz/Medium; 1x 16oz/ICED MEDIUM; 1x 12oz/Medium; 1x 16oz/ICED MEDIUM; 1x 6oz; 1x 16oz/ICED MEDIUM","727","2025-12-17 10:35:15","2025-12-17 10:47:22","",""
"MILK","","Point of Sale","1","1x 12oz/Medium","706","2025-12-17 10:35:43","2025-12-17 10:47:29","",""
"MILK","","Point of Sale","2","1x 8oz/Small; 1x BUTTERBOY","684","2025-12-17 10:36:06","2025-12-17 10:47:30","",""
"MILK","","Point of Sale","1","1x 16oz/ICED MEDIUM","419","2025-12-17 10:42:25","2025-12-17 10:49:24","",""
"MILK","","Point of Sale","2","1x 16oz/Large; 1x A Sweet Muffin","453","2025-12-17 10:42:46","2025-12-17 10:50:19","",""
"MILK","","Point of Sale","1","1x 12oz/Medium","562","2025-12-17 10:43:51","2025-12-17 10:53:13","",""
"MILK","","Point of Sale","1","1x 12oz/Medium","431","2025-12-17 10:46:02","2025-12-17 10:53:13","",""
"MILK","","Point of Sale","2","2x 12oz/Medium","284","2025-12-17 10:48:30","2025-12-17 10:53:14","",""
"MILK","","Point of Sale","1","1x 8oz/Small","1234","2025-12-17 10:54:26","2025-12-17 11:15:00","",""
"MILK","","Point of Sale","1","1x 16oz/Large","699","2025-12-17 11:03:21","2025-12-17 11:15:00","",""
"MILK","","Point of Sale","1","1x 8oz/Small","439","2025-12-17 11:15:06","2025-12-17 11:22:25","",""
"MILK","","Point of Sale","1","1x 16oz/ICED MEDIUM","350","2025-12-17 11:16:36","2025-12-17 11:22:26","",""
"MILK","","Point of Sale","2","1x 12oz/ICED SMALL; 1x 12oz/ICED SMALL","112","2025-12-17 11:20:34","2025-12-17 11:22:26","",""
"MILK","","Point of Sale","1","1x 8oz/Small","734","2025-12-17 11:29:56","2025-12-17 11:42:10","",""
"MILK","","Point of Sale","2","1x 500g Beans; 1x 8oz/Small","261","2025-12-17 11:37:49","2025-12-17 11:42:10","",""
"MILK","","Point of Sale","1","1x 20oz\ICED LARGE","247","2025-12-17 11:46:58","2025-12-17 11:51:05","",""
"MILK","","Point of Sale","2","1x 8oz/Small; 1x 500g Beans","175","2025-12-17 11:48:11","2025-12-17 11:51:06","",""
"MILK","","Point of Sale","1","1x BUTTERBOY","32","2025-12-17 11:50:34","2025-12-17 11:51:06","",""
"MILK","","Point of Sale","1","1x 16oz/ICED MEDIUM","985","2025-12-17 11:55:59","2025-12-17 12:12:24","",""
"MILK","","Point of Sale","2","1x A Sweet Muffin; 1x 16oz/ICED MEDIUM","799","2025-12-17 11:59:06","2025-12-17 12:12:25","",""
"MILK","","Point of Sale","1","1x 500g Beans","727","2025-12-17 12:00:18","2025-12-17 12:12:25","",""
"MILK","","Point of Sale","1","1x 12oz/ICED SMALL","937","2025-12-17 12:24:30","2025-12-17 12:40:07","",""
"MILK","","Point of Sale","1","1x 16oz/Large","291","2025-12-18 05:00:05","2025-12-18 05:04:56","",""
"MILK","","Point of Sale","1","1x 20oz\ICED LARGE","250","2025-12-18 05:03:19","2025-12-18 05:07:29","",""
"MILK","","Point of Sale","2","1x 12oz/Medium; 1x 12oz/Medium","224","2025-12-18 05:04:23","2025-12-18 05:08:07","",""
"MILK","","Point of Sale","5","2x Babycino; 1x 20oz\ICED LARGE; 1x 12oz/Medium; 1x 12oz/Medium","507","2025-12-18 05:04:58","2025-12-18 05:13:25","",""
"MILK","","Point of Sale","1","1x 8oz/Small","366","2025-12-18 05:07:16","2025-12-18 05:13:22","",""
"MILK","","Point of Sale","1","1x 12oz/Medium","294","2025-12-18 05:08:31","2025-12-18 05:13:25","",""
"MILK","","Point of Sale","1","1x 12oz/ICED SMALL","187","2025-12-18 05:16:25","2025-12-18 05:19:32","",""
"MILK","","Point of Sale","1","1x 8oz/Small","143","2025-12-18 05:17:10","2025-12-18 05:19:33","",""
"MILK","","Point of Sale","2","1x 8oz/Small; 1x 12oz/Medium","262","2025-12-18 05:18:33","2025-12-18 05:22:55","",""
"MILK","","Point of Sale","1","1x 16oz/ICED MEDIUM","244","2025-12-18 05:18:51","2025-12-18 05:22:55","",""
"MILK","","Point of Sale","1","1x 8oz/Small","346","2025-12-18 05:19:08","2025-12-18 05:24:54","",""
"MILK","","Point of Sale","1","1x 12oz/Medium","252","2025-12-18 05:19:20","2025-12-18 05:23:32","",""
"MILK","Bucket hat","Point of Sale","1","1x 12oz/Medium","316","2025-12-18 05:19:39","2025-12-18 05:24:55","",""
"MILK","Orange","Point of Sale","1","1x 12oz/Medium","354","2025-12-18 05:22:18","2025-12-18 05:28:12","",""
"MILK","","Point of Sale","1","1x 12oz/Medium","301","2025-12-18 05:23:12","2025-12-18 05:28:13","",""
"MILK","Headphones amd cap","Point of Sale","1","1x 16oz/Large","219","2025-12-18 05:24:34","2025-12-18 05:28:13","",""
"MILK","","Point of Sale","2","1x 8oz/Small; 1x Babycino","332","2025-12-18 05:25:41","2025-12-18 05:31:13","",""
"MILK","","Point of Sale","1","1x 12oz/Medium","197","2025-12-18 05:27:55","2025-12-18 05:31:12","",""
"MILK","","Point of Sale","1","1x 12oz/Medium","120","2025-12-18 05:32:06","2025-12-18 05:34:06","",""
"MILK","","Point of Sale","1","1x 6oz","152","2025-12-18 05:32:56","2025-12-18 05:35:28","",""
"MILK","Brad","Point of Sale","2","2x 12oz/Medium","215","2025-12-18 05:33:14","2025-12-18 05:36:49","",""
"MILK","Blue tshirt","Point of Sale","1","1x 12oz/ICED SMALL","295","2025-12-18 05:33:36","2025-12-18 05:38:31","",""
"MILK","","Point of Sale","1","1x 16oz/Large","271","2025-12-18 05:34:00","2025-12-18 05:38:31","",""
"MILK","","Point of Sale","3","3x 6oz","324","2025-12-18 05:34:47","2025-12-18 05:40:11","",""
"MILK","Ash","Point of Sale","4","1x Babycino; 1x 6oz; 1x 6oz; 1x 500g Beans","229","2025-12-18 05:41:08","2025-12-18 05:44:57","",""
"MILK","Grey polo","Point of Sale","2","1x 16oz/Large; 1x 16oz/Large","325","2025-12-18 05:42:10","2025-12-18 05:47:35","",""
"MILK","Rach","Point of Sale","3","1x 12oz/Medium; 1x 12oz/Medium; 1x BUTTERBOY","553","2025-12-18 05:42:38","2025-12-18 05:51:51","",""
"MILK","Gaelia","Point of Sale","1","1x 6oz","403","2025-12-18 05:45:08","2025-12-18 05:51:51","",""
"MILK","","Point of Sale","1","1x 8oz/Small","367","2025-12-18 05:45:43","2025-12-18 05:51:50","",""
"MILK","Orangw","Point of Sale","1","1x 16oz/Large","471","2025-12-18 05:46:20","2025-12-18 05:54:11","",""
"MILK","Big y","Point of Sale","1","1x 16oz/Large","396","2025-12-18 05:47:35","2025-12-18 05:54:11","",""
"MILK","","Point of Sale","3","3x 6oz","301","2025-12-18 05:49:11","2025-12-18 05:54:12","",""
"MILK","black shirt tats","Point of Sale","2","1x 20oz\ICED LARGE; 1x 20oz\ICED LARGE","498","2025-12-18 05:50:19","2025-12-18 05:58:37","",""
"MILK","","Point of Sale","1","1x 12oz/Medium","271","2025-12-18 05:54:06","2025-12-18 05:58:37","",""
"MILK","","Point of Sale","1","1x 12oz/Medium","141","2025-12-18 05:59:05","2025-12-18 06:01:26","",""
"MILK","Ray","Point of Sale","1","1x 16oz/Large","203","2025-12-18 05:59:15","2025-12-18 06:02:38","",""
"MILK","Alex","Point of Sale","1","1x 20oz\ICED LARGE","400","2025-12-18 05:59:28","2025-12-18 06:06:08","",""
"MILK","","Point of Sale","2","2x 12oz/Medium","384","2025-12-18 05:59:43","2025-12-18 06:06:07","",""
"MILK","Aqua","Point of Sale","1","1x 12oz/Medium","426","2025-12-18 05:59:57","2025-12-18 06:07:03","",""
"MILK","Glen","Point of Sale","2","2x 4oz/Pic, Esp, Dop","415","2025-12-18 06:00:09","2025-12-18 06:07:04","",""
"MILK","Ros","Point of Sale","1","1x 8oz/Small","598","2025-12-18 06:00:26","2025-12-18 06:10:24","",""
"MILK","Beige tshirt","Point of Sale","3","1x 16oz/Large; 1x Babycino; 1x 16oz/Large","561","2025-12-18 06:01:03","2025-12-18 06:10:24","",""
"MILK","Backpack","Point of Sale","1","1x 12oz/Medium","543","2025-12-18 06:03:35","2025-12-18 06:12:38","",""
"MILK","Keely","Point of Sale","1","1x 12oz/Medium","477","2025-12-18 06:04:40","2025-12-18 06:12:37","",""
"MILK","Mitch","Point of Sale","1","1x 16oz/ICED MEDIUM","577","2025-12-18 06:04:59","2025-12-18 06:14:36","",""
"MILK","Ywllow and black shirt","Point of Sale","1","1x 12oz/Medium","611","2025-12-18 06:05:24","2025-12-18 06:15:35","",""
"MILK","Karen","Point of Sale","4","1x Breakfast Wrap; 1x 12oz/Medium; 1x 12oz/ICED SMALL; 1x Ham And Cheese Croissant","701","2025-12-18 06:06:29","2025-12-18 06:18:10","",""
"MILK","Black singlet blonde","Point of Sale","1","1x 16oz/ICED MEDIUM","675","2025-12-18 06:06:55","2025-12-18 06:18:10","",""
"MILK","Gingam shirt","Point of Sale","2","1x 12oz/Medium; 1x 16oz/ICED MEDIUM","638","2025-12-18 06:07:33","2025-12-18 06:18:11","",""
"MILK","Black and yellow again","Point of Sale","1","1x 12oz/Medium","550","2025-12-18 06:08:37","2025-12-18 06:17:47","",""
"MILK","Beard snd csap","Point of Sale","1","1x 16oz/ICED MEDIUM","630","2025-12-18 06:12:46","2025-12-18 06:23:16","",""
"MILK","Blue dress","Point of Sale","1","1x 8oz/Small","333","2025-12-18 06:17:43","2025-12-18 06:23:16","",""
"MILK","","Point of Sale","1","1x 16oz/ICED MEDIUM","115","2025-12-18 06:21:24","2025-12-18 06:23:19","",""
"MILK","","Point of Sale","1","1x ","118","2025-12-18 06:22:26","2025-12-18 06:24:24","",""
"MILK","","Point of Sale","1","1x 20oz\ICED LARGE","239","2025-12-18 06:22:44","2025-12-18 06:26:43","",""
"MILK","Dad","Point of Sale","7","1x 12oz/Medium; 5x 8oz/Small; 1x 8oz/Small","382","2025-12-18 06:24:13","2025-12-18 06:30:35","",""
"MILK","Toby","Point of Sale","2","1x 12oz/ICED SMALL; 1x Pupacino","355","2025-12-18 06:24:42","2025-12-18 06:30:37","",""
"MILK","","Point of Sale","1","1x 6oz","62","2025-12-18 06:31:31","2025-12-18 06:32:33","",""
"MILK","","Point of Sale","1","1x 12oz/ICED SMALL","129","2025-12-18 06:38:53","2025-12-18 06:41:02","",""
"MILK","","Point of Sale","1","1x ","288","2025-12-18 06:45:30","2025-12-18 06:50:18","",""
"MILK","Kelly","Point of Sale","1","1x 12oz/Medium","271","2025-12-18 06:45:48","2025-12-18 06:50:19","",""
"MILK","","Point of Sale","1","1x 16oz/ICED MEDIUM","197","2025-12-18 06:47:02","2025-12-18 06:50:19","",""
"MILK","","Point of Sale","1","1x 12oz/Medium","394","2025-12-18 06:49:09","2025-12-18 06:55:43","",""
"MILK","","Point of Sale","1","1x 16oz/ICED MEDIUM","143","2025-12-18 06:53:20","2025-12-18 06:55:43","",""
"MILK","","Point of Sale","1","1x TOASTIE","636","2025-12-18 06:54:43","2025-12-18 07:05:19","",""
"MILK","","Point of Sale","2","1x 6oz; 1x 6oz","65","2025-12-18 06:55:53","2025-12-18 06:56:58","",""
"MILK","","Point of Sale","24","1x 6oz; 2x 16oz/ICED MEDIUM; 1x 16oz/ICED MEDIUM; 1x 20oz\ICED LARGE; 1x 16oz/ICED MEDIUM; 1x 12oz/Medium; 1x 12oz/Medium; 1x 4oz/Pic, Esp, Dop; 1x 8oz/Small; 1x 8oz/Small; 1x 4oz/Pic, Esp, Dop; 1x 12oz/Medium; 1x 12oz/Medium; 1x 8oz/Small; 2x 12oz/Medium; 1x 20oz\ICED LARGE; 1x 12oz/Medium; 1x 6oz; 1x 12oz/Medium; 1x 4oz/Pic, Esp, Dop; 1x 12oz/Medium; 1x 6oz","949","2025-12-18 07:03:25","2025-12-18 07:19:14","",""
"MILK","","Point of Sale","2","1x 16oz/ICED MEDIUM; 1x 12oz/Medium","789","2025-12-18 07:06:05","2025-12-18 07:19:14","",""
"MILK","White tshirt glasses","Point of Sale","1","1x 16oz/ICED MEDIUM","754","2025-12-18 07:08:56","2025-12-18 07:21:30","",""
"MILK","Striped dress","Point of Sale","1","1x 20oz\ICED LARGE","293","2025-12-18 07:16:38","2025-12-18 07:21:31","",""
"MILK","Floral shirt","Point of Sale","1","1x 8oz/Small","225","2025-12-18 07:18:53","2025-12-18 07:22:38","",""
"MILK","Red shir","Point of Sale","1","1x 16oz/ICED MEDIUM","283","2025-12-18 07:19:57","2025-12-18 07:24:40","",""
"MILK","Damien","Point of Sale","2","1x Babycino; 1x 16oz/Large","228","2025-12-18 07:20:52","2025-12-18 07:24:40","",""
"MILK","Tshirt with mkna lisa","Point of Sale","2","1x 8oz/Small; 1x 16oz/Large","353","2025-12-18 07:21:16","2025-12-18 07:27:09","",""
"MILK","","Point of Sale","1","1x 16oz/Large","228","2025-12-18 07:23:34","2025-12-18 07:27:22","",""
"MILK","","Point of Sale","4","1x 12oz/Medium; 2x A Savoury Muffin; 1x 12oz/Medium","206","2025-12-18 07:27:02","2025-12-18 07:30:28","",""
"MILK","Wite lace top","Point of Sale","1","1x 6oz","185","2025-12-18 07:27:24","2025-12-18 07:30:29","",""
"MILK","Aussie christmws shirt","Point of Sale","1","1x 12oz/Medium","346","2025-12-18 07:27:58","2025-12-18 07:33:44","",""
"MILK","Aussie christmas shirt pt 2","Point of Sale","2","1x 8oz/Small; 1x 16oz/Large","314","2025-12-18 07:28:30","2025-12-18 07:33:44","",""
"MILK","Black tshirt","Point of Sale","1","1x 20oz\ICED LARGE","291","2025-12-18 07:28:54","2025-12-18 07:33:45","",""
"MILK","Black tshirt snd mo","Point of Sale","1","1x 12oz/ICED SMALL","135","2025-12-18 07:31:30","2025-12-18 07:33:45","",""
"MILK","","Point of Sale","1","1x 12oz/Medium","141","2025-12-18 07:33:27","2025-12-18 07:35:48","",""
"MILK","","Point of Sale","2","1x 12oz/Medium; 1x 8oz/Small","127","2025-12-18 07:36:06","2025-12-18 07:38:13","",""
"MILK","","Point of Sale","1","1x 12oz/Medium","141","2025-12-18 07:38:04","2025-12-18 07:40:25","",""
"MILK","Rosie","Point of Sale","2","1x 12oz/ICED SMALL; 1x 6oz","118","2025-12-18 07:38:30","2025-12-18 07:40:28","",""
"MILK","","Point of Sale","1","1x 12oz/Medium","123","2025-12-18 07:39:54","2025-12-18 07:41:57","",""
"MILK","Adapt","Point of Sale","2","1x 12oz/ICED SMALL; 1x BUTTERBOY","236","2025-12-18 07:42:50","2025-12-18 07:46:46","",""
"MILK","","Point of Sale","2","1x 12oz/ICED SMALL; 1x 500g Beans","215","2025-12-18 07:43:11","2025-12-18 07:46:46","",""
"MILK","","Point of Sale","2","1x 16oz/ICED MEDIUM; 1x 12oz/Medium","279","2025-12-18 07:43:28","2025-12-18 07:48:07","",""
"MILK","Raxh","Point of Sale","3","1x 12oz/ICED SMALL; 2x Pupacino","275","2025-12-18 07:43:55","2025-12-18 07:48:30","",""
"MILK","Mze","Point of Sale","1","1x 16oz/Large","160","2025-12-18 07:45:49","2025-12-18 07:48:29","",""
"MILK","","Point of Sale","2","1x 16oz/ICED MEDIUM; 1x Babycino","371","2025-12-18 07:48:19","2025-12-18 07:54:30","",""
"MILK","","Point of Sale","3","1x Babycino; 1x 20oz\ICED LARGE; 1x 12oz/ICED SMALL","278","2025-12-18 07:52:39","2025-12-18 07:57:17","",""
"MILK","","Point of Sale","1","1x 20oz\ICED LARGE","259","2025-12-18 07:55:38","2025-12-18 07:59:57","",""
"MILK","","Point of Sale","1","1x 12oz/Medium","158","2025-12-18 08:02:55","2025-12-18 08:05:33","",""
"MILK","","Point of Sale","2","1x Babycino; 1x 12oz/Medium","129","2025-12-18 08:03:23","2025-12-18 08:05:32","",""
"MILK","Couple","Point of Sale","2","1x 12oz/Medium; 1x 12oz/Medium","224","2025-12-18 08:05:49","2025-12-18 08:09:33","",""
"MILK","Girl white tshirt and ","Point of Sale","2","1x 6oz; 1x 8oz/Small","177","2025-12-18 08:06:37","2025-12-18 08:09:34","",""
"MILK","Gym lady blondie black t","Point of Sale","1","1x 12oz/ICED SMALL","192","2025-12-18 08:07:04","2025-12-18 08:10:16","",""
"MILK","Girl w headphones","Point of Sale","1","1x 16oz/ICED MEDIUM","160","2025-12-18 08:07:36","2025-12-18 08:10:16","",""
"MILK","","Point of Sale","2","1x BUTTERBOY; 1x 4oz/Pic, Esp, Dop","470","2025-12-18 08:09:32","2025-12-18 08:17:22","",""
"MILK","","Point of Sale","1","1x 8oz/Small","93","2025-12-18 08:15:49","2025-12-18 08:17:22","",""
"MILK","","Point of Sale","2","1x 500g Beans; 1x 12oz/Medium","147","2025-12-18 08:17:18","2025-12-18 08:19:45","",""
"MILK","","Point of Sale","4","1x ; 1x 16oz/ICED MEDIUM; 1x 16oz/Large; 1x 4oz/Pic, Esp, Dop","97","2025-12-18 08:19:57","2025-12-18 08:21:34","",""
"MILK","Prime","Point of Sale","8","1x 12oz/Medium; 1x 8oz/Small; 1x 12oz/Medium; 1x 16oz/Large; 2x Ham And Cheese Croissant; 1x 8oz/Small; 1x 8oz/Small","323","2025-12-18 08:21:00","2025-12-18 08:26:23","",""
"MILK","","Point of Sale","2","1x 12oz/Medium; 1x A Sweet Muffin","261","2025-12-18 08:23:04","2025-12-18 08:27:25","",""
"MILK","Green ","Point of Sale","1","1x 6oz","528","2025-12-18 08:24:49","2025-12-18 08:33:37","",""
"MILK","White buttonup","Point of Sale","1","1x 12oz/Medium","444","2025-12-18 08:26:13","2025-12-18 08:33:37","",""
"MILK","","Point of Sale","1","1x 20oz\ICED LARGE","56","2025-12-18 08:32:42","2025-12-18 08:33:38","",""
"MILK","","Point of Sale","1","1x 500g Beans","71","2025-12-18 08:35:51","2025-12-18 08:37:02","",""
"MILK","","Point of Sale","1","1x 12oz/Medium","183","2025-12-18 08:36:41","2025-12-18 08:39:44","",""
"MILK","","Point of Sale","2","1x 12oz/Medium; 1x 12oz/Medium","224","2025-12-18 08:37:20","2025-12-18 08:41:04","",""
"MILK","","Point of Sale","1","1x 16oz/ICED MEDIUM","146","2025-12-18 08:38:38","2025-12-18 08:41:04","",""
"MILK","","Point of Sale","2","1x 16oz/Large; 1x 12oz/Medium","331","2025-12-18 08:44:42","2025-12-18 08:50:13","",""
"MILK","","Point of Sale","1","1x 12oz/Medium","89","2025-12-18 08:49:23","2025-12-18 08:50:52","",""
"MILK","","Point of Sale","2","1x A Sweet Muffin; 1x 16oz/Large","163","2025-12-18 08:51:54","2025-12-18 08:54:37","",""
"MILK","","Point of Sale","2","1x 16oz/Large; 1x Ham And Cheese Croissant","507","2025-12-18 08:52:48","2025-12-18 09:01:15","",""
"MILK","","Point of Sale","3","1x 8oz/Small; 1x 12oz/ICED SMALL; 1x A Sweet Muffin","127","2025-12-18 09:00:19","2025-12-18 09:02:26","",""
"MILK","","Point of Sale","2","1x 12oz/Medium; 1x 20oz\ICED LARGE","173","2025-12-18 09:04:02","2025-12-18 09:06:55","",""
"MILK","","Point of Sale","2","1x 8oz/Small; 1x 8oz/Small","299","2025-12-18 09:04:45","2025-12-18 09:09:44","",""
"MILK","","Point of Sale","1","1x 16oz/Large","135","2025-12-18 09:09:51","2025-12-18 09:12:06","",""
"MILK","","Point of Sale","1","1x 12oz/Medium","117","2025-12-18 09:10:10","2025-12-18 09:12:07","",""
"MILK","","Point of Sale","1","1x 16oz/Large","137","2025-12-18 09:10:33","2025-12-18 09:12:50","",""
"MILK","","Point of Sale","1","1x 12oz/ICED SMALL","124","2025-12-18 09:10:47","2025-12-18 09:12:51","",""
"MILK","","Point of Sale","6","2x Sweet Pastry; 2x Pupacino; 1x 12oz/Medium; 1x 12oz/Medium","202","2025-12-18 09:13:13","2025-12-18 09:16:35","",""
"MILK","","Point of Sale","1","1x 12oz/Medium","137","2025-12-18 09:14:20","2025-12-18 09:16:37","",""
"MILK","","Point of Sale","1","1x 16oz/Large","93","2025-12-18 09:15:07","2025-12-18 09:16:40","",""
"MILK","","Point of Sale","1","1x 12oz/Medium","158","2025-12-18 09:16:36","2025-12-18 09:19:14","",""
"MILK","Green t","Point of Sale","3","1x 16oz/ICED MEDIUM; 1x Breakfast Wrap; 1x 16oz/ICED MEDIUM","341","2025-12-18 09:17:56","2025-12-18 09:23:37","",""
"MILK","","Point of Sale","1","1x Sweet Pastry","48","2025-12-18 09:18:27","2025-12-18 09:19:15","",""
"MILK","Oldie","Point of Sale","1","1x 8oz/Small","268","2025-12-18 09:19:13","2025-12-18 09:23:41","",""
"MILK","","Point of Sale","3","1x 8oz/Small; 1x Fiji Water; 1x Breakfast Wrap","360","2025-12-18 09:21:04","2025-12-18 09:27:04","",""
"MILK","","Point of Sale","1","1x ","489","2025-12-18 09:27:54","2025-12-18 09:36:03","",""
"MILK","","Point of Sale","1","1x 12oz/ICED SMALL","198","2025-12-18 09:32:51","2025-12-18 09:36:09","",""
"MILK","","Point of Sale","2","1x 8oz/Small; 1x 8oz/Small","124","2025-12-18 09:34:05","2025-12-18 09:36:09","",""
"MILK","","Point of Sale","1","1x 8oz/Small","175","2025-12-18 09:35:28","2025-12-18 09:38:23","",""
"MILK","Ylid","Point of Sale","1","1x 12oz/ICED SMALL","149","2025-12-18 09:35:54","2025-12-18 09:38:23","",""
"MILK","Ylead","Point of Sale","1","1x 8oz/Small","141","2025-12-18 09:36:19","2025-12-18 09:38:40","",""
"MILK","Ylead","Point of Sale","1","1x 8oz/Small","132","2025-12-18 09:37:08","2025-12-18 09:39:20","",""
"MILK","","Point of Sale","1","1x Kombucha","117","2025-12-18 09:37:23","2025-12-18 09:39:20","",""
"MILK","Asian girl","Point of Sale","1","1x 16oz/ICED MEDIUM","164","2025-12-18 09:37:51","2025-12-18 09:40:35","",""
"MILK","","Point of Sale","5","1x 12oz/ICED SMALL; 1x 16oz/Large; 1x 8oz/Small; 2x 12oz/Medium","250","2025-12-18 09:40:16","2025-12-18 09:44:26","",""
"MILK","","Point of Sale","1","1x 4oz/Pic, Esp, Dop","669","2025-12-18 09:40:29","2025-12-18 09:51:38","",""
"MILK","","Point of Sale","1","1x 20oz\ICED LARGE","115","2025-12-18 09:49:43","2025-12-18 09:51:38","",""
"MILK","","Point of Sale","3","2x 6oz; 1x BUTTERBOY","362","2025-12-18 09:52:24","2025-12-18 09:58:26","",""
"MILK","","Point of Sale","1","1x 16oz/ICED MEDIUM","86","2025-12-18 09:58:18","2025-12-18 09:59:44","",""
"MILK","","Point of Sale","3","1x 8oz/Small; 1x 8oz/Small; 1x Sweet Pastry","330","2025-12-18 09:59:46","2025-12-18 10:05:16","",""
"MILK","","Point of Sale","1","1x 16oz/ICED MEDIUM","683","2025-12-18 10:10:37","2025-12-18 10:22:00","",""
"MILK","","Point of Sale","1","1x 12oz/Medium","670","2025-12-18 10:10:50","2025-12-18 10:22:00","",""
"MILK","","Point of Sale","1","1x 12oz/Medium","311","2025-12-18 10:16:50","2025-12-18 10:22:01","",""
"MILK","","Point of Sale","2","1x 12oz/Medium; 1x BUTTERBOY","102","2025-12-18 10:20:19","2025-12-18 10:22:01","",""
"MILK","","Point of Sale","3","1x 12oz/Medium; 1x Famous Soda; 1x A Sweet Muffin","118","2025-12-18 10:21:22","2025-12-18 10:23:20","",""
"MILK","","Point of Sale","1","1x 4oz/Pic, Esp, Dop","3535","2025-12-18 10:41:20","2025-12-18 11:40:15","",""
"MILK","","Point of Sale","1","1x 16oz/ICED MEDIUM","3367","2025-12-18 10:44:08","2025-12-18 11:40:15","",""
"MILK","","Point of Sale","1","1x 6oz","2561","2025-12-18 10:57:36","2025-12-18 11:40:17","",""
"MILK","","Point of Sale","1","1x 8oz/Small","2420","2025-12-18 10:59:58","2025-12-18 11:40:18","",""
"MILK","","Point of Sale","2","1x 8oz/Small; 1x Pupacino","1455","2025-12-18 11:16:02","2025-12-18 11:40:17","",""
"MILK","","Point of Sale","3","1x Fiji Water; 1x 20oz\ICED LARGE; 1x Sweet Pastry","2243","2025-12-18 11:18:22","2025-12-18 11:55:45","",""
"MILK","","Point of Sale","1","1x ","1981","2025-12-18 11:22:45","2025-12-18 11:55:46","",""
"MILK","","Point of Sale","1","1x 12oz/ICED SMALL","1815","2025-12-18 11:25:31","2025-12-18 11:55:46","",""
"MILK","","Point of Sale","1","1x 8oz/Small","1644","2025-12-18 11:55:07","2025-12-18 12:22:31","",""
"MILK","","Point of Sale","2","2x 16oz/ICED MEDIUM","1226","2025-12-18 12:02:06","2025-12-18 12:22:32","",""
"MILK","","Point of Sale","1","1x 8oz/Small","152","2025-12-18 12:20:00","2025-12-18 12:22:32","",""
"MILK","","Point of Sale","1","1x 8oz/Small","296","2025-12-19 04:52:47","2025-12-19 04:57:43","",""
"MILK","","Point of Sale","2","1x 6oz; 1x 16oz/Large","427","2025-12-19 05:01:02","2025-12-19 05:08:09","",""
"MILK","","Point of Sale","2","1x Ham And Cheese Croissant; 1x 16oz/Large","406","2025-12-19 05:01:24","2025-12-19 05:08:10","",""
"MILK","","Point of Sale","1","1x 16oz/Large","383","2025-12-19 05:01:47","2025-12-19 05:08:10","",""
"MILK","","Point of Sale","5","2x 8oz/Small; 1x 6oz; 2x Babycino","210","2025-12-19 05:11:00","2025-12-19 05:14:30","",""
"MILK","","Point of Sale","1","1x 12oz/Medium","318","2025-12-19 05:11:16","2025-12-19 05:16:34","",""
"MILK","","Point of Sale","1","1x 16oz/Large","280","2025-12-19 05:11:53","2025-12-19 05:16:33","",""
"MILK","Asics","Point of Sale","1","1x 8oz/Small","266","2025-12-19 05:12:09","2025-12-19 05:16:35","",""
"MILK","","Point of Sale","1","1x 8oz/Small","342","2025-12-19 05:12:25","2025-12-19 05:18:07","",""
"MILK","","Point of Sale","1","1x 12oz/Medium","303","2025-12-19 05:15:47","2025-12-19 05:20:50","",""
"MILK","","Point of Sale","2","1x 12oz/Medium; 1x 12oz/Medium","270","2025-12-19 05:16:21","2025-12-19 05:20:51","",""
"MILK","","Point of Sale","1","1x 12oz/Medium","323","2025-12-19 05:20:34","2025-12-19 05:25:57","",""
"MILK","","Point of Sale","1","1x 12oz/Medium","237","2025-12-19 05:22:00","2025-12-19 05:25:57","",""
"MILK","","Point of Sale","1","1x 12oz/ICED SMALL","107","2025-12-19 05:29:24","2025-12-19 05:31:11","",""
"MILK","","Point of Sale","2","1x 12oz/Medium; 1x 12oz/Medium","176","2025-12-19 05:34:35","2025-12-19 05:37:31","",""
"MILK","","Point of Sale","1","1x 12oz/Medium","117","2025-12-19 05:37:23","2025-12-19 05:39:20","",""
"MILK","Rose","Point of Sale","1","1x 12oz/Medium","195","2025-12-19 05:39:20","2025-12-19 05:42:35","",""
"MILK","","Point of Sale","1","1x 4oz/Pic, Esp, Dop","94","2025-12-19 05:47:24","2025-12-19 05:48:58","",""
"MILK","","Point of Sale","1","1x 16oz/Large","124","2025-12-19 05:47:42","2025-12-19 05:49:46","",""
"MILK","","Point of Sale","3","1x 12oz/ICED SMALL; 1x 12oz/ICED SMALL; 1x A Sweet Muffin","288","2025-12-19 05:50:23","2025-12-19 05:55:11","",""
"MILK","","Point of Sale","1","1x 16oz/Large","262","2025-12-19 05:50:52","2025-12-19 05:55:14","",""
"MILK","Judy","Point of Sale","4","1x 12oz/ICED SMALL; 3x Pupacino","182","2025-12-19 05:52:10","2025-12-19 05:55:12","",""
"MILK","Mini","Point of Sale","1","1x 4oz/Pic, Esp, Dop","309","2025-12-19 05:52:34","2025-12-19 05:57:43","",""
"MILK","","Point of Sale","1","1x 16oz/Large","191","2025-12-19 05:54:33","2025-12-19 05:57:44","",""
"MILK","Rach","Point of Sale","3","1x 16oz/ICED MEDIUM; 1x 16oz/ICED MEDIUM; 1x Ham And Cheese Croissant","426","2025-12-19 05:55:11","2025-12-19 06:02:17","",""
"MILK","Gaylia","Point of Sale","1","1x 6oz","258","2025-12-19 05:55:31","2025-12-19 05:59:49","",""
"MILK","","Point of Sale","1","1x 8oz/Small","315","2025-12-19 05:56:15","2025-12-19 06:01:30","",""
"MILK","","Point of Sale","1","1x 8oz/Small","241","2025-12-19 05:58:16","2025-12-19 06:02:17","",""
"MILK","Kim","Point of Sale","2","1x 6oz; 1x 16oz/ICED MEDIUM","284","2025-12-19 05:58:52","2025-12-19 06:03:36","",""
"MILK","Dqvid","Point of Sale","1","1x 12oz/Medium","332","2025-12-19 06:00:04","2025-12-19 06:05:36","",""
"MILK","Campbell","Point of Sale","1","1x 12oz/Medium","238","2025-12-19 06:01:39","2025-12-19 06:05:37","",""
"MILK","Ros","Point of Sale","1","1x 8oz/Small","302","2025-12-19 06:02:07","2025-12-19 06:07:09","",""
"MILK","Alex","Point of Sale","1","1x 16oz/ICED MEDIUM","288","2025-12-19 06:02:22","2025-12-19 06:07:10","",""
"MILK","Nick","Point of Sale","2","2x 12oz/Medium","492","2025-12-19 06:02:48","2025-12-19 06:11:00","",""
"MILK","Glenn","Point of Sale","2","2x 4oz/Pic, Esp, Dop","549","2025-12-19 06:03:12","2025-12-19 06:12:21","",""
"MILK","Cas","Point of Sale","1","1x 12oz/Medium","282","2025-12-19 06:06:19","2025-12-19 06:11:01","",""
"MILK","","Point of Sale","1","1x 12oz/Medium","284","2025-12-19 06:07:38","2025-12-19 06:12:22","",""
"MILK","","Point of Sale","1","1x 12oz/Medium","229","2025-12-19 06:14:31","2025-12-19 06:18:20","",""
"MILK","","Point of Sale","1","1x 16oz/ICED MEDIUM","177","2025-12-19 06:15:23","2025-12-19 06:18:20","",""
"MILK","","Point of Sale","1","1x 12oz/Medium","237","2025-12-19 06:16:31","2025-12-19 06:20:28","",""
"MILK","","Point of Sale","2","1x 20oz\ICED LARGE; 1x Sweet Pastry","179","2025-12-19 06:17:30","2025-12-19 06:20:29","",""
"MILK","Jeremy","Point of Sale","1","1x 8oz/Small","208","2025-12-19 06:17:52","2025-12-19 06:21:20","",""
"MILK","","Point of Sale","1","1x 16oz/ICED MEDIUM","214","2025-12-19 06:18:58","2025-12-19 06:22:32","",""
"MILK","","Point of Sale","2","1x 16oz/ICED MEDIUM; 1x 8oz/Small","182","2025-12-19 06:19:31","2025-12-19 06:22:33","",""
"MILK","","Point of Sale","1","1x 12oz/Medium","212","2025-12-19 06:20:43","2025-12-19 06:24:15","",""
"MILK","","Point of Sale","1","1x Fruit Juice","33","2025-12-19 06:20:57","2025-12-19 06:21:30","",""
"MILK","Beard","Point of Sale","1","1x Sweet Pastry","250","2025-12-19 06:22:14","2025-12-19 06:26:24","",""
"MILK","Toby","Point of Sale","2","1x 12oz/ICED SMALL; 1x 12oz/ICED SMALL","333","2025-12-19 06:22:46","2025-12-19 06:28:19","",""
"MILK","","Point of Sale","1","1x 12oz/Medium","304","2025-12-19 06:23:16","2025-12-19 06:28:20","",""
"MILK","","Point of Sale","1","1x 16oz/ICED MEDIUM","436","2025-12-19 06:24:17","2025-12-19 06:31:33","",""
"MILK","","Point of Sale","1","1x Breakfast Wrap","522","2025-12-19 06:25:22","2025-12-19 06:34:04","",""
"MILK","Brad","Point of Sale","2","1x 12oz/Medium; 1x 12oz/Medium","323","2025-12-19 06:26:11","2025-12-19 06:31:34","",""
"MILK","","Point of Sale","2","2x 12oz/Medium","217","2025-12-19 06:30:27","2025-12-19 06:34:04","",""
"MILK","972111759","Square Online","1","1x 16oz/ICED MEDIUM","166","2025-12-19 06:31:20","2025-12-19 06:34:06","2025-12-19 06:31:16",""
"MILK","Pijnk hair","Point of Sale","2","1x 12oz/ICED SMALL; 1x 8oz/Small","101","2025-12-19 06:37:02","2025-12-19 06:38:43","",""
"MILK","Darcy","Point of Sale","2","1x 8oz/Small; 1x 8oz/Small","336","2025-12-19 06:45:13","2025-12-19 06:50:49","",""
"MILK","","Point of Sale","1","1x 8oz/Small","92","2025-12-19 06:49:17","2025-12-19 06:50:49","",""
"MILK","Rach","Point of Sale","1","1x Breakfast Wrap","443","2025-12-19 06:50:28","2025-12-19 06:57:51","",""
"MILK","","Point of Sale","1","1x 16oz/Large","207","2025-12-19 06:50:48","2025-12-19 06:54:15","",""
"MILK","","Point of Sale","3","2x 6oz; 1x Babycino","157","2025-12-19 06:51:39","2025-12-19 06:54:16","",""
"MILK","","Point of Sale","2","1x 8oz/Small; 1x 8oz/Small","236","2025-12-19 06:53:55","2025-12-19 06:57:51","",""
"MILK","","Point of Sale","1","1x ","181","2025-12-19 06:54:52","2025-12-19 06:57:53","",""
"MILK","Judy","Point of Sale","1","1x Plain Croissant","88","2025-12-19 06:56:23","2025-12-19 06:57:51","",""
"MILK","","Point of Sale","1","1x 12oz/ICED SMALL","213","2025-12-19 06:58:43","2025-12-19 07:02:16","",""
"MILK","","Point of Sale","1","1x 12oz/Medium","203","2025-12-19 06:58:54","2025-12-19 07:02:17","",""
"MILK","","Point of Sale","1","1x 16oz/ICED MEDIUM","184","2025-12-19 06:59:14","2025-12-19 07:02:18","",""
"MILK","","Point of Sale","1","1x 8oz/Small","225","2025-12-19 06:59:32","2025-12-19 07:03:17","",""
"MILK","Tony","Point of Sale","1","1x 12oz/ICED SMALL","131","2025-12-19 07:02:17","2025-12-19 07:04:28","",""
"MILK","","Point of Sale","2","1x 12oz/Medium; 1x 8oz/Small","130","2025-12-19 07:02:52","2025-12-19 07:05:02","",""
"MILK","","Point of Sale","1","1x 8oz/Small","149","2025-12-19 07:05:24","2025-12-19 07:07:53","",""
"MILK","","Point of Sale","2","1x 16oz/ICED MEDIUM; 1x BUTTERBOY","124","2025-12-19 07:05:47","2025-12-19 07:07:51","",""
"MILK","","Point of Sale","1","1x 16oz/Large","94","2025-12-19 07:08:28","2025-12-19 07:10:02","",""
"MILK","","Point of Sale","1","1x 12oz/ICED SMALL","118","2025-12-19 07:12:45","2025-12-19 07:14:43","",""
"MILK","","Point of Sale","1","1x 12oz/ICED SMALL","102","2025-12-19 07:13:03","2025-12-19 07:14:45","",""
"MILK","","Point of Sale","1","1x 20oz\ICED LARGE","164","2025-12-19 07:13:29","2025-12-19 07:16:13","",""
"MILK","Tyler","Point of Sale","1","1x 4oz/Pic, Esp, Dop","114","2025-12-19 07:14:20","2025-12-19 07:16:14","",""
"MILK","Glenn","Point of Sale","1","1x 16oz/Large","91","2025-12-19 07:17:55","2025-12-19 07:19:26","",""
"MILK","","Point of Sale","1","1x 6oz","328","2025-12-19 07:21:55","2025-12-19 07:27:23","",""
"MILK","Michael","Point of Sale","2","1x 12oz/Medium; 1x 12oz/Medium","296","2025-12-19 07:22:28","2025-12-19 07:27:24","",""
"MILK","","Point of Sale","1","1x 16oz/Large","203","2025-12-19 07:24:02","2025-12-19 07:27:25","",""
"MILK","","Point of Sale","1","1x 12oz/Medium","216","2025-12-19 07:26:07","2025-12-19 07:29:43","",""
"MILK","","Point of Sale","1","1x 16oz/Large","124","2025-12-19 07:27:40","2025-12-19 07:29:44","",""
"MILK","","Point of Sale","2","1x TOASTIE; 1x 12oz/ICED SMALL","397","2025-12-19 07:28:15","2025-12-19 07:34:52","",""
"MILK","","Point of Sale","2","1x 6oz; 1x 12oz/Medium","320","2025-12-19 07:29:33","2025-12-19 07:34:53","",""
"MILK","","Point of Sale","2","1x Babycino; 1x 6oz","248","2025-12-19 07:30:45","2025-12-19 07:34:53","",""
"MILK","","Point of Sale","1","1x 8oz/Small","218","2025-12-19 07:31:16","2025-12-19 07:34:54","",""
"MILK","","Point of Sale","2","1x 8oz/Small; 1x 12oz/Medium","363","2025-12-19 07:36:14","2025-12-19 07:42:17","",""
"MILK","","Point of Sale","1","1x 8oz/Small","348","2025-12-19 07:36:28","2025-12-19 07:42:16","",""
"MILK","","Point of Sale","6","2x Babycino; 2x Breakfast Wrap; 2x 8oz/Small","374","2025-12-19 07:37:20","2025-12-19 07:43:34","",""
"MILK","","Point of Sale","2","1x 20oz\ICED LARGE; 1x 20oz\ICED LARGE","241","2025-12-19 07:38:22","2025-12-19 07:42:23","",""
"MILK","","Point of Sale","1","1x 12oz/Medium","161","2025-12-19 07:43:32","2025-12-19 07:46:13","",""
"MILK","Carlos","Point of Sale","1","1x 20oz\ICED LARGE","88","2025-12-19 07:44:47","2025-12-19 07:46:15","",""
"MILK","","Point of Sale","2","1x 12oz/ICED SMALL; 1x Sweet Pastry","428","2025-12-19 07:52:15","2025-12-19 07:59:23","",""
"MILK","","Point of Sale","1","1x 16oz/Large","84","2025-12-19 07:58:00","2025-12-19 07:59:24","",""
"MILK","","Point of Sale","1","1x 12oz/Medium","396","2025-12-19 08:00:27","2025-12-19 08:07:03","",""
"MILK","","Point of Sale","1","1x 12oz/Medium","376","2025-12-19 08:00:47","2025-12-19 08:07:03","",""
"MILK","","Point of Sale","2","1x Babycino; 1x 16oz/ICED MEDIUM","348","2025-12-19 08:01:16","2025-12-19 08:07:04","",""
"MILK","","Point of Sale","1","1x 12oz/Medium","357","2025-12-19 08:04:27","2025-12-19 08:10:24","",""
"MILK","","Point of Sale","2","1x A Sweet Muffin; 1x 12oz/Medium","280","2025-12-19 08:05:44","2025-12-19 08:10:24","",""
"MILK","","Point of Sale","1","1x 8oz/Small","240","2025-12-19 08:07:37","2025-12-19 08:11:37","",""
"MILK","","Point of Sale","1","1x 12oz/Medium","105","2025-12-19 08:11:54","2025-12-19 08:13:39","",""
"MILK","","Point of Sale","2","1x 12oz/Medium; 1x 12oz/Medium","194","2025-12-19 08:12:34","2025-12-19 08:15:48","",""
"MILK","Prime building","Point of Sale","5","1x 12oz/Medium; 1x 16oz/Large; 1x 12oz/Medium; 1x 8oz/Small; 1x 8oz/Small","399","2025-12-19 08:13:24","2025-12-19 08:20:03","",""
"MILK","","Point of Sale","2","1x 500g Beans; 1x 20oz\ICED LARGE","555","2025-12-19 08:13:57","2025-12-19 08:23:12","",""
"MILK","Harry potter glasses","Point of Sale","2","1x Sweet Pastry; 1x 6oz","511","2025-12-19 08:14:40","2025-12-19 08:23:11","",""
"MILK","White top","Point of Sale","1","1x 12oz/Medium","527","2025-12-19 08:16:03","2025-12-19 08:24:50","",""
"MILK","Energy qld","Point of Sale","1","1x 12oz/Medium","497","2025-12-19 08:16:32","2025-12-19 08:24:49","",""
"MILK","","Point of Sale","1","1x TOASTIE","502","2025-12-19 08:16:53","2025-12-19 08:25:15","",""
"MILK","","Point of Sale","2","1x 16oz/ICED MEDIUM; 1x 16oz/ICED MEDIUM","546","2025-12-19 08:19:14","2025-12-19 08:28:20","",""
"MILK","","Point of Sale","2","1x 16oz/ICED MEDIUM; 1x TOASTIE","621","2025-12-19 08:20:29","2025-12-19 08:30:50","",""
"MILK","","Point of Sale","2","1x 4oz/Pic, Esp, Dop; 1x Breakfast Wrap","593","2025-12-19 08:20:57","2025-12-19 08:30:50","",""
"MILK","Old gym","Point of Sale","2","1x 16oz/ICED MEDIUM; 1x 16oz/Large","565","2025-12-19 08:21:26","2025-12-19 08:30:51","",""
"MILK","Old gym","Point of Sale","2","1x A Savoury Muffin; 1x 12oz/Medium","531","2025-12-19 08:22:00","2025-12-19 08:30:51","",""
"MILK","Rob","Point of Sale","2","1x 12oz/Medium; 1x 16oz/Large","576","2025-12-19 08:22:21","2025-12-19 08:31:57","",""
"MILK","Marcleoo","Point of Sale","1","1x 12oz/Medium","609","2025-12-19 08:22:42","2025-12-19 08:32:51","",""
"MILK","Older guy","Point of Sale","2","1x 16oz/Large; 1x 500g Beans","631","2025-12-19 08:23:25","2025-12-19 08:33:56","",""
"MILK","Red hair","Point of Sale","1","1x 12oz/Medium","559","2025-12-19 08:26:36","2025-12-19 08:35:55","",""
"MILK","1240041088","Square Online","1","1x 12oz/Medium","536","2025-12-19 08:26:59","2025-12-19 08:35:55","2025-12-19 08:26:54",""
"MILK","White button up","Point of Sale","1","1x 20oz\ICED LARGE","415","2025-12-19 08:31:44","2025-12-19 08:38:39","",""
"MILK","Brown top","Point of Sale","1","1x 16oz/ICED MEDIUM","261","2025-12-19 08:34:17","2025-12-19 08:38:38","",""
"MILK","","Point of Sale","1","1x 8oz/Small","206","2025-12-19 08:35:13","2025-12-19 08:38:39","",""
"MILK","Billagonb","Point of Sale","1","1x 12oz/Medium","301","2025-12-19 08:35:58","2025-12-19 08:40:59","",""
"MILK","Grey shirt","Point of Sale","1","1x 16oz/ICED MEDIUM","272","2025-12-19 08:36:28","2025-12-19 08:41:00","",""
"MILK","Karen","Point of Sale","3","1x 12oz/Medium; 1x 16oz/ICED MEDIUM; 1x 12oz/Medium","462","2025-12-19 08:37:50","2025-12-19 08:45:32","",""
"MILK","Striped hat","Point of Sale","1","1x 12oz/Medium","426","2025-12-19 08:38:26","2025-12-19 08:45:32","",""
"MILK","Tom","Point of Sale","1","1x 16oz/ICED MEDIUM","371","2025-12-19 08:39:21","2025-12-19 08:45:32","",""
"MILK","","Point of Sale","1","1x 12oz/ICED SMALL","209","2025-12-19 08:45:16","2025-12-19 08:48:45","",""
"MILK","","Point of Sale","1","1x 500g Beans","167","2025-12-19 08:45:57","2025-12-19 08:48:44","",""
"MILK","","Point of Sale","2","1x 20oz\ICED LARGE; 1x 20oz\ICED LARGE","156","2025-12-19 08:49:50","2025-12-19 08:52:26","",""
"MILK","","Point of Sale","1","1x 20oz\ICED LARGE","97","2025-12-19 08:50:49","2025-12-19 08:52:26","",""
"MILK","","Point of Sale","2","1x 12oz/ICED SMALL; 1x BUTTERBOY","929","2025-12-19 08:54:40","2025-12-19 09:10:09","",""
"MILK","","Point of Sale","1","1x 8oz/Small","747","2025-12-19 08:57:42","2025-12-19 09:10:09","",""
"MILK","","Point of Sale","1","1x 12oz/Medium","341","2025-12-19 09:04:28","2025-12-19 09:10:09","",""
"MILK","","Point of Sale","2","1x 12oz/Medium; 1x Sweet Pastry","238","2025-12-19 09:09:14","2025-12-19 09:13:12","",""
"MILK","","Point of Sale","1","1x 8oz/Small","219","2025-12-19 09:09:33","2025-12-19 09:13:12","",""
"MILK","","Point of Sale","1","1x 16oz/ICED MEDIUM","130","2025-12-19 09:11:03","2025-12-19 09:13:13","",""
"MILK","","Point of Sale","1","1x 12oz/Medium","305","2025-12-19 09:13:13","2025-12-19 09:18:18","",""
"MILK","","Point of Sale","1","1x 16oz/ICED MEDIUM","275","2025-12-19 09:17:41","2025-12-19 09:22:16","",""
"MILK","","Point of Sale","2","1x 8oz/Small; 1x Sweet Pastry","248","2025-12-19 09:18:08","2025-12-19 09:22:16","",""
"MILK","","Point of Sale","2","1x 8oz/Small; 1x ","222","2025-12-19 09:18:35","2025-12-19 09:22:17","",""
"MILK","","Point of Sale","2","1x 16oz/Large; 1x Plain Croissant","277","2025-12-19 09:19:41","2025-12-19 09:24:18","",""
"MILK","","Point of Sale","1","1x 12oz/ICED SMALL","258","2025-12-19 09:19:59","2025-12-19 09:24:17","",""
"MILK","Mike","Point of Sale","2","1x 12oz/Medium; 1x A Savoury Muffin","228","2025-12-19 09:26:34","2025-12-19 09:30:22","",""
"MILK","","Point of Sale","1","1x 16oz/ICED MEDIUM","146","2025-12-19 09:27:56","2025-12-19 09:30:22","",""
"MILK","","Point of Sale","1","1x 12oz/Medium","127","2025-12-19 09:32:09","2025-12-19 09:34:16","",""
"MILK","","Point of Sale","2","1x 12oz/Medium; 1x 12oz/Medium","207","2025-12-19 09:35:29","2025-12-19 09:38:56","",""
"MILK","","Point of Sale","1","1x 8oz/Small","115","2025-12-19 09:37:02","2025-12-19 09:38:57","",""
"MILK","","Point of Sale","1","1x 12oz/Medium","83","2025-12-19 09:37:34","2025-12-19 09:38:57","",""
"MILK","","Point of Sale","1","1x Fiji Water","1180","2025-12-19 09:37:54","2025-12-19 09:57:34","",""
"MILK","","Point of Sale","2","1x 12oz/ICED SMALL; 1x 12oz/Medium","762","2025-12-19 09:44:53","2025-12-19 09:57:35","",""
"MILK","","Point of Sale","1","1x 12oz/Medium","197","2025-12-19 09:57:41","2025-12-19 10:00:58","",""
"MILK","","Point of Sale","1","1x 12oz/ICED SMALL","177","2025-12-19 09:58:02","2025-12-19 10:00:59","",""
"MILK","","Point of Sale","1","1x 16oz/ICED MEDIUM","157","2025-12-19 09:58:23","2025-12-19 10:01:00","",""
"MILK","","Point of Sale","1","1x 12oz/ICED SMALL","221","2025-12-19 09:58:37","2025-12-19 10:02:18","",""
"MILK","","Point of Sale","1","1x 16oz/ICED MEDIUM","128","2025-12-19 10:01:50","2025-12-19 10:03:58","",""
"MILK","","Point of Sale","1","1x 16oz/ICED MEDIUM","94","2025-12-19 10:02:24","2025-12-19 10:03:58","",""
"MILK","","Point of Sale","2","1x 16oz/ICED MEDIUM; 1x 6oz","292","2025-12-19 10:05:50","2025-12-19 10:10:42","",""
"MILK","","Point of Sale","1","1x 12oz/ICED SMALL","248","2025-12-19 10:06:34","2025-12-19 10:10:42","",""
"MILK","","Point of Sale","3","2x Babycino; 1x 12oz/Medium","576","2025-12-19 10:12:47","2025-12-19 10:22:23","",""
"MILK","","Point of Sale","4","1x 12oz/Medium; 3x Babycino","433","2025-12-19 10:15:13","2025-12-19 10:22:26","",""
"MILK","","Point of Sale","1","1x 12oz/Medium","293","2025-12-19 10:17:31","2025-12-19 10:22:24","",""
"MILK","","Point of Sale","1","1x 8oz/Small","120","2025-12-19 10:20:25","2025-12-19 10:22:25","",""
"MILK","","Point of Sale","1","1x 8oz/Small","62","2025-12-19 10:26:22","2025-12-19 10:27:24","",""
"MILK","","Point of Sale","2","1x 12oz/ICED SMALL; 1x 6oz","105","2025-12-19 10:30:12","2025-12-19 10:31:57","",""
"MILK","","Point of Sale","2","1x 16oz/Large; 1x A Sweet Muffin","552","2025-12-19 10:34:17","2025-12-19 10:43:29","",""
"MILK","","Point of Sale","1","1x 12oz/Medium","103","2025-12-19 10:41:46","2025-12-19 10:43:29","",""
"MILK","","Point of Sale","1","1x 12oz/ICED SMALL","653","2025-12-19 10:46:48","2025-12-19 10:57:41","",""
"MILK","","Point of Sale","1","1x 12oz/Medium","332","2025-12-19 10:52:10","2025-12-19 10:57:42","",""
"MILK","","Point of Sale","1","1x 12oz/Medium","311","2025-12-19 10:52:31","2025-12-19 10:57:42","",""
"MILK","","Point of Sale","2","1x 12oz/Medium; 1x 12oz/Medium","578","2025-12-19 10:56:56","2025-12-19 11:06:34","",""
"MILK","","Point of Sale","1","1x 6oz","200","2025-12-19 11:11:34","2025-12-19 11:14:54","",""
"MILK","","Point of Sale","6","3x 12oz/Medium; 2x 12oz/Medium; 1x 12oz/Medium","285","2025-12-19 11:12:19","2025-12-19 11:17:04","",""
"MILK","","Point of Sale","1","1x 1kg Beans","223","2025-12-19 11:13:22","2025-12-19 11:17:05","",""
"MILK","","Point of Sale","2","1x Pupacino; 1x 8oz/Small","873","2025-12-19 11:28:19","2025-12-19 11:42:52","",""
"MILK","","Point of Sale","2","1x 12oz/Medium; 1x 12oz/Medium","832","2025-12-19 11:28:59","2025-12-19 11:42:51","",""
"MILK","","Point of Sale","1","1x 8oz/Small","813","2025-12-19 11:29:19","2025-12-19 11:42:52","",""
"MILK","","Point of Sale","1","1x 16oz/ICED MEDIUM","726","2025-12-19 11:30:47","2025-12-19 11:42:53","",""
"MILK","","Point of Sale","2","1x 16oz/ICED MEDIUM; 1x TOASTIE","640","2025-12-19 11:32:13","2025-12-19 11:42:53","",""
"MILK","","Point of Sale","1","1x 8oz/Small","285","2025-12-19 11:38:13","2025-12-19 11:42:58","",""
"MILK","","Point of Sale","2","1x 4oz/Pic, Esp, Dop; 1x Fiji Water","939","2025-12-19 11:55:47","2025-12-19 12:11:26","",""
"MILK","","Point of Sale","1","1x 8oz/Small","548","2025-12-19 12:02:18","2025-12-19 12:11:26","",""
"MILK","","Point of Sale","2","1x 12oz/ICED SMALL; 1x TOASTIE","733","2025-12-19 12:12:19","2025-12-19 12:24:32","",""
"MILK","","Point of Sale","1","1x 16oz/Large","133","2025-12-20 05:01:04","2025-12-20 05:03:17","",""
"MILK","","Point of Sale","1","1x ","86","2025-12-20 05:08:36","2025-12-20 05:10:02","",""
"MILK","","Point of Sale","2","1x 6oz; 1x 12oz/Medium","136","2025-12-20 05:15:09","2025-12-20 05:17:25","",""
"MILK","","Point of Sale","1","1x 16oz/Large","123","2025-12-20 05:17:49","2025-12-20 05:19:52","",""
"MILK","","Point of Sale","1","1x 8oz/Small","159","2025-12-20 05:24:14","2025-12-20 05:26:53","",""
"MILK","","Point of Sale","2","1x Sweet Pastry; 1x 8oz/Small","83","2025-12-20 05:27:08","2025-12-20 05:28:31","",""
"MILK","","Point of Sale","5","1x BUTTERBOY; 1x 16oz/ICED MEDIUM; 1x 12oz/Medium; 2x Pupacino","546","2025-12-20 05:28:57","2025-12-20 05:38:03","",""
"MILK","","Point of Sale","3","1x Babycino; 1x 8oz/Small; 1x BUTTERBOY","345","2025-12-20 05:32:19","2025-12-20 05:38:04","",""
"MILK","","Point of Sale","1","1x 20oz\ICED LARGE","107","2025-12-20 05:38:40","2025-12-20 05:40:27","",""
"MILK","","Point of Sale","1","1x 12oz/Medium","84","2025-12-20 05:40:37","2025-12-20 05:42:01","",""
"MILK","","Point of Sale","4","1x 12oz/Medium; 1x 8oz/Small; 1x 12oz/Medium; 1x 12oz/Medium","143","2025-12-20 05:46:29","2025-12-20 05:48:52","",""
"MILK","","Point of Sale","1","1x 16oz/Large","195","2025-12-20 05:46:51","2025-12-20 05:50:06","",""
"MILK","","Point of Sale","1","1x 8oz/Small","136","2025-12-20 05:50:08","2025-12-20 05:52:24","",""
"MILK","","Point of Sale","2","1x Babycino; 1x 12oz/Medium","116","2025-12-20 05:50:29","2025-12-20 05:52:25","",""
"MILK","","Point of Sale","1","1x 12oz/Medium","138","2025-12-20 05:57:24","2025-12-20 05:59:42","",""
"MILK","","Point of Sale","1","1x 12oz/Medium","66","2025-12-20 05:59:00","2025-12-20 06:00:06","",""
"MILK","","Point of Sale","1","1x 8oz/Small","205","2025-12-20 06:00:06","2025-12-20 06:03:31","",""
"MILK","","Point of Sale","1","1x 8oz/Small","176","2025-12-20 06:00:36","2025-12-20 06:03:32","",""
"MILK","Logan","Point of Sale","1","1x 16oz/ICED MEDIUM","119","2025-12-20 06:05:59","2025-12-20 06:07:58","",""
"MILK","","Point of Sale","1","1x 12oz/Medium","98","2025-12-20 06:06:22","2025-12-20 06:08:00","",""
"MILK","","Point of Sale","2","1x 12oz/Medium; 1x 12oz/Medium","195","2025-12-20 06:07:29","2025-12-20 06:10:44","",""
"MILK","","Point of Sale","1","1x Famous Soda","161","2025-12-20 06:08:03","2025-12-20 06:10:44","",""
"MILK","","Point of Sale","1","1x Sweet Pastry","251","2025-12-20 06:13:30","2025-12-20 06:17:41","",""
"MILK","","Point of Sale","1","1x 12oz/Medium","196","2025-12-20 06:14:27","2025-12-20 06:17:43","",""
"MILK","","Point of Sale","2","2x 12oz/Medium","218","2025-12-20 06:14:57","2025-12-20 06:18:35","",""
"MILK","","Point of Sale","1","1x 16oz/Large","363","2025-12-20 06:17:32","2025-12-20 06:23:35","",""
"MILK","Gaylia","Point of Sale","1","1x 6oz","197","2025-12-20 06:28:22","2025-12-20 06:31:39","",""
"MILK","Judy","Point of Sale","5","3x Pupacino; 1x 12oz/ICED SMALL; 1x 16oz/ICED MEDIUM","245","2025-12-20 06:31:57","2025-12-20 06:36:02","",""
"MILK","","Point of Sale","1","1x 12oz/Medium","218","2025-12-20 06:32:24","2025-12-20 06:36:02","",""
"MILK","","Point of Sale","2","2x 12oz/Medium","362","2025-12-20 06:36:02","2025-12-20 06:42:04","",""
"MILK","","Point of Sale","3","2x 12oz/Medium; 1x 12oz/Medium","325","2025-12-20 06:36:40","2025-12-20 06:42:05","",""
"MILK","","Point of Sale","1","1x 12oz/Medium","185","2025-12-20 06:39:01","2025-12-20 06:42:06","",""
"MILK","","Point of Sale","1","1x Kombucha","8","2025-12-20 06:39:23","2025-12-20 06:39:31","",""
"MILK","","Point of Sale","1","1x 16oz/ICED MEDIUM","66","2025-12-20 06:45:14","2025-12-20 06:46:20","",""
"MILK","","Point of Sale","1","1x 12oz/ICED SMALL","461","2025-12-20 06:46:56","2025-12-20 06:54:37","",""
"MILK","Highvis","Point of Sale","1","1x 6oz","353","2025-12-20 06:48:45","2025-12-20 06:54:38","",""
"MILK","Darcy","Point of Sale","2","1x 8oz/Small; 1x 8oz/Small","167","2025-12-20 06:51:52","2025-12-20 06:54:39","",""
"MILK","","Point of Sale","2","1x 12oz/Medium; 1x Babycino","144","2025-12-20 06:55:57","2025-12-20 06:58:21","",""
"MILK","Kelly","Point of Sale","1","1x 16oz/ICED MEDIUM","172","2025-12-20 06:56:28","2025-12-20 06:59:20","",""
"MILK","","Point of Sale","4","2x 16oz/ICED MEDIUM; 1x 16oz/ICED MEDIUM; 1x 16oz/ICED MEDIUM","238","2025-12-20 06:57:43","2025-12-20 07:01:41","",""
"MILK","","Point of Sale","3","2x A Sweet Muffin; 1x 12oz/Medium","271","2025-12-20 07:03:11","2025-12-20 07:07:42","",""
"MILK","James wife","Point of Sale","3","1x Babycino; 1x 16oz/Large; 1x 16oz/ICED MEDIUM","229","2025-12-20 07:03:55","2025-12-20 07:07:44","",""
"MILK","","Point of Sale","2","1x Babycino; 1x BUTTERBOY","302","2025-12-20 07:05:27","2025-12-20 07:10:29","",""
"MILK","Cyclists","Point of Sale","3","1x 8oz/Small; 1x 8oz/Small; 1x 12oz/Medium","265","2025-12-20 07:06:05","2025-12-20 07:10:30","",""
"MILK","Damien","Point of Sale","2","1x Babycino; 1x 16oz/Large","158","2025-12-20 07:08:36","2025-12-20 07:11:14","",""
"MILK","","Point of Sale","1","1x 8oz/Small","190","2025-12-20 07:09:43","2025-12-20 07:12:53","",""
"MILK","Amy","Point of Sale","4","1x Ham And Cheese Croissant; 1x 6oz; 1x 12oz/ICED SMALL; 1x Sweet Pastry","392","2025-12-20 07:11:22","2025-12-20 07:17:54","",""
"MILK","","Point of Sale","3","1x 12oz/Medium; 1x 16oz/ICED MEDIUM; 1x 12oz/Medium","148","2025-12-20 07:15:27","2025-12-20 07:17:55","",""
"MILK","Damien","Point of Sale","2","1x Breakfast Wrap; 1x 8oz/Small","433","2025-12-20 07:16:25","2025-12-20 07:23:38","",""
"MILK","","Point of Sale","2","1x 500g Beans; 1x 6oz","283","2025-12-20 07:18:55","2025-12-20 07:23:38","",""
"MILK","","Point of Sale","5","1x 12oz/Medium; 1x 8oz/Small; 1x 12oz/Medium; 2x Babycino","223","2025-12-20 07:19:56","2025-12-20 07:23:39","",""
"MILK","Karen","Point of Sale","1","1x 16oz/ICED MEDIUM","117","2025-12-20 07:23:13","2025-12-20 07:25:10","",""
"MILK","","Point of Sale","1","1x 12oz/Medium","326","2025-12-20 07:25:04","2025-12-20 07:30:30","",""
"MILK","","Point of Sale","2","1x 8oz/Small; 1x 12oz/Medium","295","2025-12-20 07:30:19","2025-12-20 07:35:14","",""
"MILK","Green and black cyclist","Point of Sale","2","1x 20oz\ICED LARGE; 1x 20oz\ICED LARGE","271","2025-12-20 07:30:43","2025-12-20 07:35:14","",""
"MILK","White and bluecyclist","Point of Sale","1","1x 12oz/ICED SMALL","291","2025-12-20 07:31:03","2025-12-20 07:35:54","",""
"MILK","Tallest cyclist","Point of Sale","1","1x 16oz/ICED MEDIUM","270","2025-12-20 07:31:23","2025-12-20 07:35:53","",""
"MILK","Stew","Point of Sale","2","1x 16oz/ICED MEDIUM; 1x Sweet Pastry","240","2025-12-20 07:31:55","2025-12-20 07:35:55","",""
"MILK","Ralph","Point of Sale","2","1x 12oz/Medium; 1x A Sweet Muffin","389","2025-12-20 07:32:18","2025-12-20 07:38:47","",""
"MILK","Guy","Point of Sale","2","1x BUTTERBOY; 1x 16oz/Large","72","2025-12-20 07:40:30","2025-12-20 07:41:42","",""
"MILK","Mel","Point of Sale","1","1x 4oz/Pic, Esp, Dop","235","2025-12-20 07:42:41","2025-12-20 07:46:36","",""
"MILK","Karen","Point of Sale","3","1x 12oz/Medium; 1x Fruit Juice; 1x Ham And Cheese Croissant","479","2025-12-20 07:43:10","2025-12-20 07:51:09","",""
"MILK","Josh twin","Point of Sale","2","1x 12oz/Medium; 1x 12oz/Medium","218","2025-12-20 07:43:31","2025-12-20 07:47:09","",""
"MILK","Kelly","Point of Sale","3","1x 12oz/ICED SMALL; 1x 12oz/ICED SMALL; 1x Babycino","272","2025-12-20 07:44:19","2025-12-20 07:48:51","",""
"MILK","Blkue cyclist","Point of Sale","2","2x 8oz/Small","334","2025-12-20 07:45:35","2025-12-20 07:51:09","",""
"MILK","Blue cyclist","Point of Sale","1","1x TOASTIE","403","2025-12-20 07:48:11","2025-12-20 07:54:54","",""
"MILK","Marcello","Point of Sale","1","1x 12oz/Medium","316","2025-12-20 07:49:38","2025-12-20 07:54:54","",""
"MILK","Alex","Point of Sale","2","1x A Sweet Muffin; 1x 16oz/ICED MEDIUM","250","2025-12-20 07:54:59","2025-12-20 07:59:09","",""
"MILK","","Point of Sale","3","1x 12oz/ICED SMALL; 1x Babycino; 1x Babycino","201","2025-12-20 07:55:50","2025-12-20 07:59:11","",""
"MILK","","Point of Sale","1","1x 16oz/ICED MEDIUM","219","2025-12-20 07:56:13","2025-12-20 07:59:52","",""
"MILK","Cas","Point of Sale","1","1x 8oz/Small","187","2025-12-20 07:56:45","2025-12-20 07:59:52","",""
"MILK","Ros","Point of Sale","1","1x 12oz/ICED SMALL","206","2025-12-20 07:57:02","2025-12-20 08:00:28","",""
"MILK","Kayla red shirt fitatop","Point of Sale","3","1x Babycino; 1x 6oz; 1x 12oz/ICED SMALL","274","2025-12-20 07:57:36","2025-12-20 08:02:10","",""
"MILK","Pink shirt fitstop","Point of Sale","2","1x 12oz/ICED SMALL; 1x 12oz/ICED SMALL","282","2025-12-20 07:58:22","2025-12-20 08:03:04","",""
"MILK","Pink and green dftistop","Point of Sale","1","1x 8oz/Small","280","2025-12-20 07:58:44","2025-12-20 08:03:24","",""
"MILK","Rob","Point of Sale","2","1x 12oz/Medium; 1x 16oz/Large","373","2025-12-20 07:59:02","2025-12-20 08:05:15","",""
"MILK","","Point of Sale","2","1x ; 1x 8oz/Small","385","2025-12-20 07:59:29","2025-12-20 08:05:54","",""
"MILK","Kate red shirt fitstop","Point of Sale","2","1x 12oz/Medium; 1x 16oz/ICED MEDIUM","389","2025-12-20 07:59:59","2025-12-20 08:06:28","",""
"MILK","Beck","Point of Sale","1","1x 8oz/Small","371","2025-12-20 08:00:25","2025-12-20 08:06:36","",""
"MILK","Nick","Point of Sale","2","1x 16oz/ICED MEDIUM; 1x TOASTIE","578","2025-12-20 08:00:58","2025-12-20 08:10:36","",""
"MILK","Dav","Point of Sale","1","1x 16oz/ICED MEDIUM","392","2025-12-20 08:01:28","2025-12-20 08:08:00","",""
"MILK","Withb mel","Point of Sale","2","1x 16oz/ICED MEDIUM; 1x TOASTIE","587","2025-12-20 08:02:05","2025-12-20 08:11:52","",""
"MILK","Long hair guy","Point of Sale","1","1x 6oz","381","2025-12-20 08:02:26","2025-12-20 08:08:47","",""
"MILK","Alex","Point of Sale","2","1x 16oz/Large; 1x 16oz/Large","470","2025-12-20 08:02:47","2025-12-20 08:10:37","",""
"MILK","Dokm fitstop balck outfit","Point of Sale","2","1x Fiji Water; 1x 20oz\ICED LARGE","507","2025-12-20 08:03:19","2025-12-20 08:11:46","",""
"MILK","Kate","Point of Sale","1","1x 16oz/ICED MEDIUM","524","2025-12-20 08:04:19","2025-12-20 08:13:03","",""
"MILK","Glenn","Point of Sale","2","2x 4oz/Pic, Esp, Dop","558","2025-12-20 08:04:39","2025-12-20 08:13:57","",""
"MILK","Dylan","Point of Sale","1","1x 12oz/Medium","560","2025-12-20 08:05:09","2025-12-20 08:14:29","",""
"MILK","","Point of Sale","1","1x Sweet Pastry","414","2025-12-20 08:06:16","2025-12-20 08:13:10","",""
"MILK","Man bun","Point of Sale","1","1x 16oz/ICED MEDIUM","501","2025-12-20 08:07:04","2025-12-20 08:15:25","",""
"MILK","Little kate","Point of Sale","1","1x 12oz/Medium","546","2025-12-20 08:07:22","2025-12-20 08:16:28","",""
"MILK","","Point of Sale","1","1x 12oz/Medium","329","2025-12-20 08:07:51","2025-12-20 08:13:20","",""
"MILK","Northwest","Point of Sale","4","1x 12oz/Medium; 1x Breakfast Wrap; 1x 12oz/Medium; 1x 12oz/ICED SMALL","612","2025-12-20 08:09:26","2025-12-20 08:19:38","","2025-12-19T22:18:49.000Z"
"MILK","Maroon shirt","Point of Sale","1","1x 8oz/Small","479","2025-12-20 08:10:11","2025-12-20 08:18:10","",""
"MILK","Lis","Point of Sale","1","1x 12oz/ICED SMALL","506","2025-12-20 08:12:31","2025-12-20 08:20:57","",""
"MILK","","Point of Sale","1","1x 8oz/Small","323","2025-12-20 08:18:12","2025-12-20 08:23:35","",""
"MILK","Jemma","Point of Sale","2","1x 1kg Beans; 1x 12oz/Medium","255","2025-12-20 08:19:55","2025-12-20 08:24:10","",""
"MILK","Marcello","Point of Sale","2","1x 16oz/ICED MEDIUM; 1x BUTTERBOY","482","2025-12-20 08:20:41","2025-12-20 08:28:43","",""
"MILK","Family","Point of Sale","6","1x Plain Croissant; 1x 12oz/Medium; 2x Babycino; 1x 16oz/ICED MEDIUM; 1x A Sweet Muffin","317","2025-12-20 08:23:29","2025-12-20 08:28:46","",""
"MILK","","Point of Sale","1","1x 12oz/ICED SMALL","126","2025-12-20 08:29:07","2025-12-20 08:31:13","",""
"MILK","","Point of Sale","1","1x A Sweet Muffin","107","2025-12-20 08:31:40","2025-12-20 08:33:27","",""
"MILK","","Point of Sale","3","1x Sweet Pastry; 2x 16oz/ICED MEDIUM","192","2025-12-20 08:36:07","2025-12-20 08:39:19","",""
"MILK","Pink top lady","Point of Sale","2","1x 16oz/ICED MEDIUM; 1x 16oz/ICED MEDIUM","165","2025-12-20 08:37:41","2025-12-20 08:40:26","",""
"MILK","Pink shirtadapt ","Point of Sale","1","1x 8oz/Small","127","2025-12-20 08:38:20","2025-12-20 08:40:27","",""
"MILK","Blue white and red shirtt adapt","Point of Sale","1","1x 12oz/Medium","237","2025-12-20 08:38:38","2025-12-20 08:42:35","",""
"MILK","White shirt glasses ADSL","Point of Sale","1","1x 12oz/ICED SMALL","217","2025-12-20 08:38:59","2025-12-20 08:42:36","",""
"MILK","Maree adapt cyan shirt","Point of Sale","2","1x 12oz/ICED SMALL; 1x A Savoury Muffin","236","2025-12-20 08:39:25","2025-12-20 08:43:21","",""
"MILK","Blue top adapt","Point of Sale","1","1x 16oz/Large","244","2025-12-20 08:39:45","2025-12-20 08:43:49","",""
"MILK","Blue shuirt adapt","Point of Sale","1","1x 12oz/Medium","224","2025-12-20 08:40:05","2025-12-20 08:43:49","",""
"MILK","Red water bhottlw white top adapt","Point of Sale","1","1x 12oz/Medium","262","2025-12-20 08:40:28","2025-12-20 08:44:50","",""
"MILK","Dan adapt red shirt","Point of Sale","3","1x Fruit Juice; 1x 12oz/Medium; 1x 12oz/Medium","328","2025-12-20 08:41:06","2025-12-20 08:46:34","",""
"MILK","","Point of Sale","1","1x Kombucha","144","2025-12-20 08:41:30","2025-12-20 08:43:54","",""
"MILK","","Point of Sale","2","1x 6oz; 1x 6oz","280","2025-12-20 08:41:55","2025-12-20 08:46:35","",""
"MILK","Whote shirt","Point of Sale","2","1x Sweet Pastry; 1x 12oz/Medium","415","2025-12-20 08:42:34","2025-12-20 08:49:29","",""
"MILK","","Point of Sale","2","1x Ham And Cheese Croissant; 1x 16oz/Large","396","2025-12-20 08:42:56","2025-12-20 08:49:32","",""
"MILK","Dom balck shurt","Point of Sale","2","1x 20oz\ICED LARGE; 1x Breakfast Wrap","573","2025-12-20 08:43:18","2025-12-20 08:52:51","",""
"MILK","Cyan shjrt","Point of Sale","2","1x 20oz\ICED LARGE; 1x 20oz\ICED LARGE","584","2025-12-20 08:44:03","2025-12-20 08:53:47","",""
"MILK","Toby","Point of Sale","2","1x 4oz/Pic, Esp, Dop; 1x 12oz/ICED SMALL","329","2025-12-20 08:48:43","2025-12-20 08:54:12","",""
"MILK","Davif","Point of Sale","1","1x 12oz/Medium","283","2025-12-20 08:49:27","2025-12-20 08:54:10","",""
"MILK","","Point of Sale","1","1x Sweet Pastry","298","2025-12-20 08:51:07","2025-12-20 08:56:05","",""
"MILK","","Point of Sale","1","1x 500g Beans","248","2025-12-20 08:51:57","2025-12-20 08:56:05","",""
"MILK","White and black shirtt couple","Point of Sale","2","1x 16oz/ICED MEDIUM; 1x 16oz/ICED MEDIUM","274","2025-12-20 08:52:57","2025-12-20 08:57:31","",""
"MILK","Carlos","Point of Sale","2","1x 12oz/Medium; 1x 20oz\ICED LARGE","304","2025-12-20 08:53:41","2025-12-20 08:58:45","",""
"MILK","Blue shirt","Point of Sale","1","1x 12oz/Medium","414","2025-12-20 08:54:01","2025-12-20 09:00:55","",""
"MILK","Blasvk lskd shirt","Point of Sale","1","1x 12oz/Medium","390","2025-12-20 08:54:23","2025-12-20 09:00:53","",""
"MILK","Brown shorts","Point of Sale","1","1x 8oz/Small","369","2025-12-20 08:54:46","2025-12-20 09:00:55","",""
"MILK","Green dress","Point of Sale","3","1x A Sweet Muffin; 1x 12oz/ICED SMALL; 1x 16oz/ICED MEDIUM","420","2025-12-20 08:58:23","2025-12-20 09:05:23","",""
"MILK","Black tshirt","Point of Sale","2","1x 16oz/ICED MEDIUM; 1x 16oz/ICED MEDIUM","285","2025-12-20 09:00:37","2025-12-20 09:05:22","",""
"MILK","Neil","Point of Sale","1","1x 16oz/Large","110","2025-12-20 09:03:32","2025-12-20 09:05:22","",""
"MILK","","Point of Sale","1","1x Fruit Juice","111","2025-12-20 09:05:23","2025-12-20 09:07:14","",""
"MILK","","Point of Sale","2","1x 12oz/Medium; 1x Kombucha","89","2025-12-20 09:05:47","2025-12-20 09:07:16","",""
"MILK","","Point of Sale","4","2x Breakfast Wrap; 1x 12oz/ICED SMALL; 1x 6oz","254","2025-12-20 09:06:48","2025-12-20 09:11:02","",""
"MILK","","Point of Sale","2","1x Babycino; 1x 12oz/ICED SMALL","190","2025-12-20 09:17:58","2025-12-20 09:21:08","",""
"MILK","","Point of Sale","1","1x TOASTIE","71","2025-12-20 09:21:34","2025-12-20 09:22:45","",""
"MILK","","Point of Sale","1","1x 16oz/Large","85","2025-12-20 09:21:48","2025-12-20 09:23:13","",""
"MILK","","Point of Sale","1","1x 16oz/Large","171","2025-12-20 09:22:08","2025-12-20 09:24:59","",""
"MILK","","Point of Sale","1","1x 8oz/Small","120","2025-12-20 09:26:41","2025-12-20 09:28:41","",""
"MILK","","Point of Sale","2","1x Famous Soda; 1x 12oz/Medium","74","2025-12-20 09:28:23","2025-12-20 09:29:37","",""
"MILK","","Point of Sale","1","1x 8oz/Small","318","2025-12-20 09:39:44","2025-12-20 09:45:02","",""
"MILK","","Point of Sale","1","1x 20oz\ICED LARGE","232","2025-12-20 09:41:09","2025-12-20 09:45:01","",""
"MILK","Paul","Point of Sale","2","1x 12oz/Medium; 1x Ham And Cheese Croissant","127","2025-12-20 09:42:56","2025-12-20 09:45:03","",""
"MILK","","Point of Sale","1","1x 6oz","101","2025-12-20 09:44:56","2025-12-20 09:46:37","",""
"MILK","","Point of Sale","1","1x 12oz/Medium","180","2025-12-20 09:45:19","2025-12-20 09:48:19","",""
"MILK","Npc","Point of Sale","1","1x 16oz/Large","147","2025-12-20 09:45:51","2025-12-20 09:48:18","",""
"MILK","","Point of Sale","3","1x 12oz/ICED SMALL; 2x 16oz/ICED MEDIUM","142","2025-12-20 09:49:09","2025-12-20 09:51:31","",""
"MILK","","Point of Sale","2","1x 12oz/Medium; 1x 8oz/Small","269","2025-12-20 09:49:38","2025-12-20 09:54:07","",""
"MILK","Blond guy","Point of Sale","2","1x 12oz/ICED SMALL; 1x 8oz/Small","200","2025-12-20 09:50:46","2025-12-20 09:54:06","",""
"MILK","","Point of Sale","1","1x 16oz/ICED MEDIUM","1132","2025-12-20 09:51:45","2025-12-20 10:10:37","",""
"MILK","","Point of Sale","1","1x ","689","2025-12-20 09:59:09","2025-12-20 10:10:38","",""
"MILK","","Point of Sale","2","1x Fruit Juice; 1x 12oz/Medium","424","2025-12-20 10:03:34","2025-12-20 10:10:38","",""
"MILK","","Point of Sale","3","1x 6oz; 1x 12oz/ICED SMALL; 1x Babycino","258","2025-12-20 10:09:57","2025-12-20 10:14:15","",""
"MILK","","Point of Sale","1","1x 16oz/Large","196","2025-12-20 10:14:32","2025-12-20 10:17:48","",""
"MILK","","Point of Sale","1","1x 12oz/Medium","140","2025-12-20 10:15:26","2025-12-20 10:17:46","",""
"MILK","May","Point of Sale","1","1x 16oz/Large","422","2025-12-20 10:15:49","2025-12-20 10:22:51","",""
"MILK","Black shirt","Point of Sale","3","1x 8oz/Small; 1x 12oz/Medium; 1x Sweet Pastry","333","2025-12-20 10:17:19","2025-12-20 10:22:52","",""
"MILK","Sam","Point of Sale","3","1x 12oz/Medium; 2x 16oz/Large","300","2025-12-20 10:17:53","2025-12-20 10:22:53","",""
"MILK","Grey tshirt","Point of Sale","1","1x 12oz/Medium","194","2025-12-20 10:22:12","2025-12-20 10:25:26","",""
"MILK","","Point of Sale","1","1x 12oz/ICED SMALL","135","2025-12-20 10:23:11","2025-12-20 10:25:26","",""
"MILK","","Point of Sale","1","1x 8oz/Small","163","2025-12-20 10:25:42","2025-12-20 10:28:25","",""
"MILK","","Point of Sale","1","1x 12oz/ICED SMALL","141","2025-12-20 10:26:04","2025-12-20 10:28:25","",""
"MILK","","Point of Sale","1","1x 16oz/ICED MEDIUM","355","2025-12-20 10:26:39","2025-12-20 10:32:34","",""
"MILK","","Point of Sale","2","1x Sweet Pastry; 1x 12oz/Medium","129","2025-12-20 10:30:15","2025-12-20 10:32:24","",""
"MILK","","Point of Sale","2","1x 16oz/Large; 1x 12oz/ICED SMALL","605","2025-12-20 10:30:40","2025-12-20 10:40:45","",""
"MILK","","Point of Sale","4","1x ; 1x 16oz/ICED MEDIUM; 1x TOASTIE; 1x ","409","2025-12-20 10:38:17","2025-12-20 10:45:06","",""
"MILK","Flower dess","Point of Sale","2","1x 12oz/Medium; 1x 8oz/Small","265","2025-12-20 10:39:00","2025-12-20 10:43:25","",""
"MILK","Blond lafy","Point of Sale","2","1x 8oz/Small; 1x Sweet Pastry","193","2025-12-20 10:40:03","2025-12-20 10:43:16","",""
"MILK","","Point of Sale","3","1x Sweet Pastry; 1x 20oz\ICED LARGE; 1x Kombucha","244","2025-12-20 10:41:04","2025-12-20 10:45:08","",""
"MILK","","Point of Sale","1","1x 8oz/Small","207","2025-12-20 10:41:41","2025-12-20 10:45:08","",""
"MILK","","Point of Sale","2","1x 8oz/Small; 1x Pupacino","826","2025-12-20 10:45:05","2025-12-20 10:58:51","",""
"MILK","","Point of Sale","4","1x TOASTIE; 1x 20oz\ICED LARGE; 1x 12oz/Medium; 1x TOASTIE","709","2025-12-20 10:47:03","2025-12-20 10:58:52","",""
"MILK","","Point of Sale","1","1x 8oz/Small","997","2025-12-20 10:47:18","2025-12-20 11:03:55","",""
"MILK","","Point of Sale","2","1x 8oz/Small; 1x ","175","2025-12-20 10:55:59","2025-12-20 10:58:54","",""
"MILK","","Point of Sale","2","2x 6oz","2415","2025-12-21 05:21:19","2025-12-21 06:01:34","",""
"MILK","Rose","Point of Sale","1","1x 12oz/Medium","992","2025-12-21 05:45:03","2025-12-21 06:01:35","",""
"MILK","","Point of Sale","1","1x 20oz\ICED LARGE","516","2025-12-21 05:53:01","2025-12-21 06:01:37","",""
"MILK","","Point of Sale","1","1x 4oz/Pic, Esp, Dop","422","2025-12-21 05:54:34","2025-12-21 06:01:36","",""
"MILK","","Point of Sale","1","1x 12oz/Medium","213","2025-12-21 05:58:05","2025-12-21 06:01:38","",""
"MILK","","Point of Sale","1","1x 12oz/ICED SMALL","626","2025-12-21 06:01:22","2025-12-21 06:11:48","",""
"MILK","","Point of Sale","2","2x 12oz/Medium","536","2025-12-21 06:02:53","2025-12-21 06:11:49","",""
"MILK","","Point of Sale","1","1x 12oz/Medium","329","2025-12-21 06:06:19","2025-12-21 06:11:48","",""
"MILK","Brendan","Point of Sale","2","1x 6oz; 1x 12oz/ICED SMALL","245","2025-12-21 06:07:44","2025-12-21 06:11:49","",""
"MILK","","Point of Sale","1","1x A Sweet Muffin","198","2025-12-21 06:08:32","2025-12-21 06:11:50","",""
"MILK","","Point of Sale","5","1x 12oz/ICED SMALL; 3x Pupacino; 1x 16oz/ICED MEDIUM","296","2025-12-21 06:10:10","2025-12-21 06:15:06","",""
"MILK","","Point of Sale","5","1x 8oz/Small; 2x Babycino; 1x 8oz/Small; 1x 8oz/Small","229","2025-12-21 06:11:18","2025-12-21 06:15:07","",""
"MILK","Kurt","Point of Sale","1","1x 16oz/Large","883","2025-12-21 06:13:49","2025-12-21 06:28:32","",""
"MILK","Eddie","Point of Sale","1","1x 16oz/Large","415","2025-12-21 06:21:38","2025-12-21 06:28:33","",""
"MILK","Darcy","Point of Sale","4","1x 8oz/Small; 2x Babycino; 1x 8oz/Small","362","2025-12-21 06:22:32","2025-12-21 06:28:34","",""
"MILK","Aden","Point of Sale","2","1x 12oz/ICED SMALL; 1x 4oz/Pic, Esp, Dop","489","2025-12-21 06:23:25","2025-12-21 06:31:34","",""
"MILK","","Point of Sale","1","1x 12oz/Medium","258","2025-12-21 06:24:15","2025-12-21 06:28:33","",""
"MILK","Michelle","Point of Sale","1","1x 8oz/Small","162","2025-12-21 06:28:51","2025-12-21 06:31:33","",""
"MILK","","Point of Sale","1","1x Fiji Water","27","2025-12-21 06:31:06","2025-12-21 06:31:33","",""
"MILK","Kellie","Point of Sale","1","1x 16oz/ICED MEDIUM","726","2025-12-21 06:32:55","2025-12-21 06:45:01","",""
"MILK","Paddy","Point of Sale","2","1x 16oz/ICED MEDIUM; 1x Babycino","602","2025-12-21 06:35:00","2025-12-21 06:45:02","",""
"MILK","Ed","Point of Sale","3","2x A Sweet Muffin; 1x 6oz","477","2025-12-21 06:37:06","2025-12-21 06:45:03","",""
"MILK","Aden","Point of Sale","1","1x A Sweet Muffin","434","2025-12-21 06:37:49","2025-12-21 06:45:03","",""
"MILK","Jez","Point of Sale","2","1x 12oz/Medium; 1x 20oz\ICED LARGE","264","2025-12-21 06:40:40","2025-12-21 06:45:04","",""
"MILK","Sam","Point of Sale","2","1x 8oz/Small; 1x 12oz/ICED SMALL","285","2025-12-21 06:41:42","2025-12-21 06:46:27","",""
"MILK","","Point of Sale","1","1x 16oz/Large","156","2025-12-21 06:43:51","2025-12-21 06:46:27","",""
"MILK","Daniel","Point of Sale","1","1x 12oz/Medium","97","2025-12-21 06:46:49","2025-12-21 06:48:26","",""
"MILK","Nathan","Point of Sale","1","1x 12oz/Medium","1266","2025-12-21 06:48:49","2025-12-21 07:09:55","",""
"MILK","Lovely","Point of Sale","1","1x 16oz/Large","995","2025-12-21 06:53:21","2025-12-21 07:09:56","",""
"MILK","","Point of Sale","1","1x 6oz","565","2025-12-21 07:00:32","2025-12-21 07:09:57","",""
"MILK","Heemaine","Point of Sale","1","1x 12oz/Medium","432","2025-12-21 07:02:46","2025-12-21 07:09:58","",""
"MILK","","Point of Sale","2","1x 16oz/Large; 1x Babycino","400","2025-12-21 07:03:18","2025-12-21 07:09:58","",""
"MILK","Darcy","Point of Sale","2","1x 8oz/Small; 1x 6oz","550","2025-12-21 07:11:03","2025-12-21 07:20:13","",""
"MILK","Kristine","Point of Sale","1","1x 16oz/Large","523","2025-12-21 07:11:30","2025-12-21 07:20:13","",""
"MILK","Mijchelle","Point of Sale","1","1x 16oz/Large","421","2025-12-21 07:13:12","2025-12-21 07:20:13","",""
"MILK","","Point of Sale","1","1x 12oz/Medium","315","2025-12-21 07:14:59","2025-12-21 07:20:14","",""
"MILK","","Point of Sale","1","1x 16oz/ICED MEDIUM","243","2025-12-21 07:16:12","2025-12-21 07:20:15","",""
"MILK","Damo","Point of Sale","1","1x 16oz/ICED MEDIUM","245","2025-12-21 07:17:09","2025-12-21 07:21:14","",""
"MILK","Amie","Point of Sale","3","1x 16oz/ICED MEDIUM; 1x Ham And Cheese Croissant; 1x 16oz/ICED MEDIUM","366","2025-12-21 07:19:31","2025-12-21 07:25:37","",""
"MILK","Dom","Point of Sale","1","1x 8oz/Small","323","2025-12-21 07:20:14","2025-12-21 07:25:37","",""
"MILK","Rierly","Point of Sale","1","1x 12oz/Medium","283","2025-12-21 07:20:55","2025-12-21 07:25:38","",""
"MILK","Steve","Point of Sale","1","1x 8oz/Small","163","2025-12-21 07:22:58","2025-12-21 07:25:41","",""
"MILK","Shaun","Point of Sale","2","1x A Sweet Muffin; 1x 8oz/Small","370","2025-12-21 07:24:18","2025-12-21 07:30:28","",""
"MILK","Tom","Point of Sale","2","2x 12oz/Medium","301","2025-12-21 07:25:27","2025-12-21 07:30:28","",""
"MILK","Glenn","Point of Sale","1","1x 4oz/Pic, Esp, Dop","242","2025-12-21 07:26:25","2025-12-21 07:30:27","",""
"MILK","Micheal","Point of Sale","2","1x 8oz/Small; 1x 16oz/ICED MEDIUM","336","2025-12-21 07:27:05","2025-12-21 07:32:41","",""
"MILK","Mike","Point of Sale","2","2x 12oz/Medium","268","2025-12-21 07:28:13","2025-12-21 07:32:41","",""
"MILK","Bronte","Point of Sale","2","1x 12oz/ICED SMALL; 1x Babycino","916","2025-12-21 07:29:14","2025-12-21 07:44:30","",""
"MILK","Mark","Point of Sale","2","1x 16oz/ICED MEDIUM; 1x 12oz/ICED SMALL","592","2025-12-21 07:34:39","2025-12-21 07:44:31","",""
"MILK","1892256743","Square Online","1","1x 12oz/Medium","398","2025-12-21 07:39:43","2025-12-21 07:46:21","2025-12-21 07:39:39",""
"MILK","","Point of Sale","5","1x 12oz/Medium; 1x 12oz/Medium; 1x 8oz/Small; 1x 12oz/ICED SMALL; 1x 12oz/Medium","276","2025-12-21 07:39:56","2025-12-21 07:44:32","",""
"MILK","Cyclist shaun","Point of Sale","2","1x 12oz/Medium; 1x 12oz/Medium","550","2025-12-21 07:40:36","2025-12-21 07:49:46","",""
"MILK","Bec","Point of Sale","1","1x 12oz/ICED SMALL","527","2025-12-21 07:40:59","2025-12-21 07:49:46","",""
"MILK","Meg","Point of Sale","4","1x Sweet Pastry; 1x Sweet Pastry; 1x 16oz/ICED MEDIUM; 1x Babycino","662","2025-12-21 07:43:50","2025-12-21 07:54:52","",""
"MILK","Old girls","Point of Sale","2","1x 8oz/Small; 1x 8oz/Small","544","2025-12-21 07:45:47","2025-12-21 07:54:51","",""
"MILK","Luke","Point of Sale","2","1x Babycino; 1x 12oz/Medium","481","2025-12-21 07:46:50","2025-12-21 07:54:51","",""
"MILK","Caz","Point of Sale","1","1x 12oz/Medium","192","2025-12-21 07:51:38","2025-12-21 07:54:50","",""
"MILK","Meg","Point of Sale","3","1x TOASTIE; 1x Sweet Pastry; 1x 16oz/ICED MEDIUM","785","2025-12-21 07:55:15","2025-12-21 08:08:20","",""
"MILK","Nate","Point of Sale","4","2x 8oz/Small; 1x 8oz/Small; 1x 8oz/Small","484","2025-12-21 07:58:09","2025-12-21 08:06:13","",""
"MILK","Chelsea","Point of Sale","2","1x 16oz/ICED MEDIUM; 1x 16oz/ICED MEDIUM","567","2025-12-21 07:59:08","2025-12-21 08:08:35","",""
"MILK","Gingam top","Point of Sale","2","1x 16oz/ICED MEDIUM; 1x Breakfast Wrap","527","2025-12-21 08:00:09","2025-12-21 08:08:56","",""
"MILK","","Point of Sale","1","1x BUTTERBOY","372","2025-12-21 08:02:46","2025-12-21 08:08:58","",""
"MILK","","Point of Sale","2","1x 8oz/Small; 1x 12oz/ICED SMALL","485","2025-12-21 08:03:25","2025-12-21 08:11:30","",""
"MILK","Lauren and trent","Point of Sale","4","1x 20oz\ICED LARGE; 1x A Sweet Muffin; 1x Babycino; 1x 12oz/ICED SMALL","351","2025-12-21 08:05:39","2025-12-21 08:11:30","",""
"MILK","Green shjrt white cap","Point of Sale","4","2x Pupacino; 1x 16oz/ICED MEDIUM; 1x 16oz/ICED MEDIUM","505","2025-12-21 08:06:37","2025-12-21 08:15:02","",""
"MILK","Kelsey","Point of Sale","1","1x 12oz/ICED SMALL","370","2025-12-21 08:08:53","2025-12-21 08:15:03","",""
"MILK","","Point of Sale","1","1x Fruit Juice","502","2025-12-21 08:09:14","2025-12-21 08:17:36","",""
"MILK","Floral dress","Point of Sale","2","2x 12oz/Medium","457","2025-12-21 08:09:59","2025-12-21 08:17:36","",""
"MILK","Whie singlwt","Point of Sale","1","1x Breakfast Wrap","372","2025-12-21 08:11:25","2025-12-21 08:17:37","",""
"MILK","Npc","Point of Sale","1","1x 16oz/Large","367","2025-12-21 08:13:19","2025-12-21 08:19:26","",""
"MILK","Logan","Point of Sale","2","1x 8oz/Small; 1x 12oz/Medium","182","2025-12-21 08:16:24","2025-12-21 08:19:26","",""
"MILK","Ros","Point of Sale","1","1x 8oz/Small","473","2025-12-21 08:19:59","2025-12-21 08:27:52","",""
"MILK","Dave","Point of Sale","1","1x 12oz/Medium","331","2025-12-21 08:22:21","2025-12-21 08:27:52","",""
"MILK","Finn","Point of Sale","3","1x 16oz/ICED MEDIUM; 2x 16oz/ICED MEDIUM","195","2025-12-21 08:24:38","2025-12-21 08:27:53","",""
"MILK","Josh","Point of Sale","2","2x 20oz\ICED LARGE","575","2025-12-21 08:27:49","2025-12-21 08:37:24","",""
"MILK","Phillip","Point of Sale","2","1x 12oz/ICED SMALL; 1x 12oz/ICED SMALL","489","2025-12-21 08:29:14","2025-12-21 08:37:23","",""
"MILK","","Point of Sale","1","1x 12oz/ICED SMALL","280","2025-12-21 08:32:42","2025-12-21 08:37:22","",""
"MILK","","Point of Sale","1","1x 6oz","194","2025-12-21 08:37:53","2025-12-21 08:41:07","",""
"MILK","","Point of Sale","2","1x Ham And Cheese Croissant; 1x 12oz/ICED SMALL","400","2025-12-21 08:38:18","2025-12-21 08:44:58","",""
"MILK","Green dress","Point of Sale","2","1x 12oz/Medium; 1x A Sweet Muffin","117","2025-12-21 08:39:12","2025-12-21 08:41:09","",""
"MILK","White tshirt","Point of Sale","1","1x 16oz/Large","202","2025-12-21 08:39:41","2025-12-21 08:43:03","",""
"MILK","","Point of Sale","1","1x 12oz/Medium","50","2025-12-21 08:44:22","2025-12-21 08:45:12","",""
"MILK","Maroon top","Point of Sale","4","1x 16oz/Large; 1x 12oz/Medium; 2x Babycino","485","2025-12-21 08:47:12","2025-12-21 08:55:17","",""
"MILK","Bieber shirt","Point of Sale","3","2x TOASTIE; 1x 16oz/ICED MEDIUM","282","2025-12-21 08:50:35","2025-12-21 08:55:17","",""
"MILK","Sam","Point of Sale","2","1x 12oz/ICED SMALL; 1x 6oz","227","2025-12-21 08:55:14","2025-12-21 08:59:01","",""
"MILK","Francis","Point of Sale","2","1x 500g Beans; 1x 8oz/Small","156","2025-12-21 08:56:23","2025-12-21 08:58:59","",""
"MILK","Elkie","Point of Sale","1","1x 20oz\ICED LARGE","549","2025-12-21 09:00:37","2025-12-21 09:09:46","",""
"MILK","Marcus","Point of Sale","2","1x 16oz/Large; 1x 16oz/Large","522","2025-12-21 09:01:03","2025-12-21 09:09:45","",""
"MILK","","Point of Sale","1","1x ","416","2025-12-21 09:09:37","2025-12-21 09:16:33","",""
"MILK","Troy","Point of Sale","4","1x 12oz/Medium; 1x 8oz/Small; 2x TOASTIE","328","2025-12-21 09:11:03","2025-12-21 09:16:31","",""
"MILK","Brett","Point of Sale","3","1x 12oz/ICED SMALL; 1x Ham And Cheese Croissant; 1x 16oz/ICED MEDIUM","296","2025-12-21 09:11:35","2025-12-21 09:16:31","",""
"MILK","Sue","Point of Sale","2","1x Pupacino; 1x 12oz/Medium","340","2025-12-21 09:14:39","2025-12-21 09:20:19","",""
"MILK","James","Point of Sale","1","1x 6oz","299","2025-12-21 09:15:19","2025-12-21 09:20:18","",""
"MILK","Sam","Point of Sale","1","1x 16oz/ICED MEDIUM","246","2025-12-21 09:16:11","2025-12-21 09:20:17","",""
"MILK","Rach","Point of Sale","4","1x 12oz/ICED SMALL; 1x 12oz/ICED SMALL; 2x Pupacino","496","2025-12-21 09:32:51","2025-12-21 09:41:07","",""
"MILK","1130578276","Square Online","2","1x 12oz/ICED SMALL; 1x 6oz","361","2025-12-21 09:35:05","2025-12-21 09:41:06","2025-12-21 09:35:01",""
"MILK","Bianca","Point of Sale","3","1x 12oz/ICED SMALL; 1x Ham And Cheese Croissant; 1x Fiji Water","194","2025-12-21 09:37:53","2025-12-21 09:41:07","",""
"MILK","Aimee","Point of Sale","1","1x 16oz/ICED MEDIUM","162","2025-12-21 09:38:25","2025-12-21 09:41:07","",""
"MILK","Locklan","Point of Sale","4","1x 12oz/Medium; 1x 500g Beans; 2x 16oz/ICED MEDIUM","581","2025-12-21 09:40:32","2025-12-21 09:50:13","",""
"MILK","Loz","Point of Sale","2","1x 12oz/ICED SMALL; 1x 12oz/ICED SMALL","639","2025-12-21 09:41:45","2025-12-21 09:52:24","",""
"MILK","Bikash","Point of Sale","2","1x 12oz/Medium; 1x A Sweet Muffin","418","2025-12-21 09:43:16","2025-12-21 09:50:14","",""
"MILK","Sam","Point of Sale","6","3x Sweet Pastry; 1x 16oz/ICED MEDIUM; 2x 16oz/Large","278","2025-12-21 09:45:36","2025-12-21 09:50:14","",""
"MILK","Luke","Point of Sale","2","1x BUTTERBOY; 1x 8oz/Small","342","2025-12-21 09:46:41","2025-12-21 09:52:23","",""
"MILK","Alician","Point of Sale","2","2x 12oz/Medium","436","2025-12-21 09:47:09","2025-12-21 09:54:25","",""
"MILK","Adam","Point of Sale","2","1x A Sweet Muffin; 1x 16oz/Large","406","2025-12-21 09:47:40","2025-12-21 09:54:26","",""
"MILK","","Point of Sale","2","1x ; 1x 12oz/Medium","311","2025-12-21 09:49:16","2025-12-21 09:54:27","",""
"MILK","Hannah","Point of Sale","3","2x 12oz/ICED SMALL; 1x A Sweet Muffin","631","2025-12-21 09:50:24","2025-12-21 10:00:55","",""
"MILK","Young kid","Point of Sale","1","1x 16oz/ICED MEDIUM","533","2025-12-21 09:52:01","2025-12-21 10:00:54","",""
"MILK","Julz","Point of Sale","3","1x 8oz/Small; 1x 12oz/Medium; 1x TOASTIE","493","2025-12-21 09:52:41","2025-12-21 10:00:54","",""
"MILK","Mark","Point of Sale","2","1x 16oz/ICED MEDIUM; 1x 500g Beans","289","2025-12-21 09:56:03","2025-12-21 10:00:52","",""
"MILK","Adhley","Point of Sale","4","2x 16oz/Large; 1x TOASTIE; 1x TOASTIE","536","2025-12-21 09:57:33","2025-12-21 10:06:29","",""
"MILK","Green shirt","Point of Sale","1","1x 12oz/Medium","349","2025-12-21 10:00:41","2025-12-21 10:06:30","",""
"MILK","Blue ansd white strioes","Point of Sale","1","1x 12oz/ICED SMALL","307","2025-12-21 10:01:24","2025-12-21 10:06:31","",""
"MILK","","Point of Sale","1","1x Fruit Juice","263","2025-12-21 10:02:09","2025-12-21 10:06:32","",""
"MILK","Rowan","Point of Sale","2","1x 4oz/Pic, Esp, Dop; 1x Babycino","231","2025-12-21 10:02:42","2025-12-21 10:06:33","",""
"MILK","Jarred","Point of Sale","1","1x 16oz/ICED MEDIUM","670","2025-12-21 10:05:59","2025-12-21 10:17:09","",""
"MILK","Emily","Point of Sale","3","2x TOASTIE; 1x 16oz/ICED MEDIUM","331","2025-12-21 10:11:37","2025-12-21 10:17:08","",""
"MILK","Kylie","Point of Sale","3","2x 12oz/ICED SMALL; 1x 500g Beans","291","2025-12-21 10:12:17","2025-12-21 10:17:08","",""
"MILK","Loz","Point of Sale","1","1x TOASTIE","674","2025-12-21 10:12:37","2025-12-21 10:23:51","",""
"MILK","Rachel","Point of Sale","1","1x 20oz\ICED LARGE","647","2025-12-21 10:13:04","2025-12-21 10:23:51","",""
"MILK","Geoff","Point of Sale","1","1x 16oz/Large","577","2025-12-21 10:14:14","2025-12-21 10:23:51","",""
"MILK","Allie","Point of Sale","2","1x 6oz; 1x 12oz/Medium","355","2025-12-21 10:17:57","2025-12-21 10:23:52","",""
"MILK","Michael","Point of Sale","2","1x 12oz/Medium; 1x 12oz/Medium","279","2025-12-21 10:22:18","2025-12-21 10:26:57","",""
"MILK","Shaun","Point of Sale","3","1x Pupacino; 1x 4oz/Pic, Esp, Dop; 1x 12oz/ICED SMALL","182","2025-12-21 10:22:50","2025-12-21 10:25:52","",""
"MILK","Maree","Point of Sale","1","1x 8oz/Small","202","2025-12-21 10:23:35","2025-12-21 10:26:57","",""
"MILK","Dollar man","Point of Sale","1","1x 6oz","99","2025-12-21 10:25:19","2025-12-21 10:26:58","",""
"MILK","","Point of Sale","2","1x 16oz/ICED MEDIUM; 1x 12oz/ICED SMALL","272","2025-12-21 10:26:18","2025-12-21 10:30:50","",""
"MILK","Tall","Point of Sale","1","1x 8oz/Small","234","2025-12-21 10:26:57","2025-12-21 10:30:51","",""
"MILK","","Point of Sale","1","1x 12oz/Medium","74","2025-12-21 10:27:27","2025-12-21 10:28:41","",""
"MILK","","Point of Sale","1","1x 8oz/Small","178","2025-12-21 10:29:05","2025-12-21 10:32:03","",""
"MILK","","Point of Sale","1","1x 16oz/ICED MEDIUM","203","2025-12-21 10:29:17","2025-12-21 10:32:40","",""
"MILK","","Point of Sale","2","1x 12oz/Medium; 1x A Sweet Muffin","351","2025-12-21 10:29:59","2025-12-21 10:35:50","",""
"MILK","","Point of Sale","1","1x A Sweet Muffin","75","2025-12-21 10:34:36","2025-12-21 10:35:51","",""
"MILK","","Point of Sale","2","1x 12oz/ICED SMALL; 1x 12oz/ICED SMALL","447","2025-12-21 10:38:14","2025-12-21 10:45:41","",""
"MILK","","Point of Sale","1","1x 16oz/Large","352","2025-12-21 10:39:53","2025-12-21 10:45:45","",""
"MILK","","Point of Sale","3","1x 12oz/Medium; 1x 12oz/Medium; 1x 16oz/ICED MEDIUM","526","2025-12-21 10:42:09","2025-12-21 10:50:55","",""
"MILK","","Point of Sale","2","1x 12oz/Medium; 1x 12oz/Medium","493","2025-12-21 10:42:42","2025-12-21 10:50:55","",""
"MILK","","Point of Sale","2","1x 500g Beans; 1x 16oz/ICED MEDIUM","491","2025-12-21 10:43:34","2025-12-21 10:51:45","",""
"MILK","","Point of Sale","2","1x 12oz/Medium; 1x 8oz/Small","770","2025-12-21 10:44:00","2025-12-21 10:56:50","",""
"MILK","","Point of Sale","2","1x 500g Beans; 1x 6oz","742","2025-12-21 10:44:30","2025-12-21 10:56:52","",""
"MILK","","Point of Sale","2","1x 16oz/ICED MEDIUM; 1x 16oz/ICED MEDIUM","609","2025-12-21 10:46:41","2025-12-21 10:56:50","",""
"MILK","","Point of Sale","1","1x 12oz/Medium","390","2025-12-21 10:50:21","2025-12-21 10:56:51","",""
"MILK","","Point of Sale","2","1x Kombucha; 1x 8oz/Small","1376","2025-12-21 10:51:42","2025-12-21 11:14:38","",""
"MILK","","Point of Sale","1","1x Kombucha","1307","2025-12-21 10:52:49","2025-12-21 11:14:36","",""
"MILK","","Point of Sale","2","1x Pupacino; 1x 8oz/Small","1141","2025-12-21 10:55:34","2025-12-21 11:14:35","",""
"MILK","","Point of Sale","1","1x 12oz/Medium","960","2025-12-21 10:58:35","2025-12-21 11:14:35","",""
"MILK","","Point of Sale","1","1x 16oz/Large","719","2025-12-21 11:02:36","2025-12-21 11:14:35","",""
"MILK","","Point of Sale","1","1x 8oz/Small","2071","2025-12-22 04:47:42","2025-12-22 05:22:13","",""
"MILK","","Point of Sale","2","2x 4oz/Pic, Esp, Dop","1898","2025-12-22 04:50:34","2025-12-22 05:22:12","",""
"MILK","","Point of Sale","1","1x 16oz/Large","784","2025-12-22 05:09:07","2025-12-22 05:22:11","",""
"MILK","","Point of Sale","2","1x A Sweet Muffin; 1x 16oz/Large","745","2025-12-22 05:09:46","2025-12-22 05:22:11","",""
"MILK","","Point of Sale","1","1x 12oz/ICED SMALL","513","2025-12-22 05:13:41","2025-12-22 05:22:14","",""
"MILK","","Point of Sale","1","1x 8oz/Small","646","2025-12-22 05:13:53","2025-12-22 05:24:39","",""
"MILK","","Point of Sale","5","1x 12oz/Medium; 1x 12oz/Medium; 1x 20oz\ICED LARGE; 2x Babycino","575","2025-12-22 05:15:05","2025-12-22 05:24:40","",""
"MILK","","Point of Sale","1","1x 20oz\ICED LARGE","400","2025-12-22 05:18:00","2025-12-22 05:24:40","",""
"MILK","","Point of Sale","1","1x 16oz/Large","481","2025-12-22 05:19:05","2025-12-22 05:27:06","",""
"MILK","","Point of Sale","1","1x Kombucha","389","2025-12-22 05:20:38","2025-12-22 05:27:07","",""
"MILK","","Point of Sale","1","1x 8oz/Small","350","2025-12-22 05:21:18","2025-12-22 05:27:08","",""
"MILK","","Point of Sale","1","1x 8oz/Small","608","2025-12-22 05:21:33","2025-12-22 05:31:41","",""
"MILK","","Point of Sale","2","1x Fruit Juice; 1x 12oz/Medium","587","2025-12-22 05:21:55","2025-12-22 05:31:42","",""
"MILK","","Point of Sale","1","1x 4oz/Pic, Esp, Dop","455","2025-12-22 05:26:35","2025-12-22 05:34:10","",""
"MILK","","Point of Sale","1","1x 16oz/ICED MEDIUM","286","2025-12-22 05:29:26","2025-12-22 05:34:12","",""
"MILK","","Point of Sale","1","1x 16oz/ICED MEDIUM","286","2025-12-22 05:29:26","2025-12-22 05:34:12","",""
"MILK","","Point of Sale","1","1x 12oz/Medium","382","2025-12-22 05:36:23","2025-12-22 05:42:45","",""
"MILK","","Point of Sale","1","1x 16oz/Large","354","2025-12-22 05:36:51","2025-12-22 05:42:45","",""
"MILK","","Point of Sale","1","1x 12oz/Medium","305","2025-12-22 05:37:41","2025-12-22 05:42:46","",""
"MILK","","Point of Sale","1","1x 12oz/Medium","215","2025-12-22 05:39:11","2025-12-22 05:42:46","",""
"MILK","","Point of Sale","1","1x 6oz","579","2025-12-22 05:41:07","2025-12-22 05:50:46","",""
"MILK","","Point of Sale","2","1x Fiji Water; 1x 12oz/Medium","531","2025-12-22 05:41:56","2025-12-22 05:50:47","",""
"MILK","","Point of Sale","1","1x 12oz/Medium","454","2025-12-22 05:43:13","2025-12-22 05:50:47","",""
"MILK","","Point of Sale","2","1x 12oz/Medium; 1x 12oz/Medium","344","2025-12-22 05:45:04","2025-12-22 05:50:48","",""
"MILK","","Point of Sale","1","1x 12oz/ICED SMALL","170","2025-12-22 05:47:58","2025-12-22 05:50:48","",""
"MILK","","Point of Sale","2","1x 12oz/Medium; 1x 16oz/ICED MEDIUM","681","2025-12-22 05:48:57","2025-12-22 06:00:18","",""
"MILK","","Point of Sale","2","1x 12oz/Medium; 1x 12oz/Medium","505","2025-12-22 05:50:07","2025-12-22 05:58:32","",""
"MILK","","Point of Sale","2","1x 16oz/Large; 1x 16oz/ICED MEDIUM","409","2025-12-22 05:51:42","2025-12-22 05:58:31","",""
"MILK","","Point of Sale","1","1x 4oz/Pic, Esp, Dop","255","2025-12-22 05:54:16","2025-12-22 05:58:31","",""
"MILK","","Point of Sale","2","1x 12oz/ICED SMALL; 1x 12oz/Medium","191","2025-12-22 05:55:23","2025-12-22 05:58:34","",""
"MILK","","Point of Sale","1","1x 16oz/ICED MEDIUM","170","2025-12-22 05:57:28","2025-12-22 06:00:18","",""
"MILK","","Point of Sale","2","1x 12oz/ICED SMALL; 1x Pupacino","148","2025-12-22 05:57:49","2025-12-22 06:00:17","",""
"MILK","","Point of Sale","1","1x 8oz/Small","81","2025-12-22 05:58:56","2025-12-22 06:00:17","",""
"MILK","","Point of Sale","1","1x 6oz","89","2025-12-22 06:06:03","2025-12-22 06:07:32","",""
"MILK","","Point of Sale","1","1x 16oz/Large","576","2025-12-22 06:10:48","2025-12-22 06:20:24","",""
"MILK","","Point of Sale","1","1x 8oz/Small","466","2025-12-22 06:12:38","2025-12-22 06:20:24","",""
"MILK","","Point of Sale","1","1x 20oz\ICED LARGE","452","2025-12-22 06:12:53","2025-12-22 06:20:25","",""
"MILK","","Point of Sale","1","1x 16oz/ICED MEDIUM","316","2025-12-22 06:15:09","2025-12-22 06:20:25","",""
"MILK","","Point of Sale","1","1x 8oz/Small","118","2025-12-22 06:18:27","2025-12-22 06:20:25","",""
"MILK","","Point of Sale","1","1x 12oz/Medium","363","2025-12-22 06:20:01","2025-12-22 06:26:04","",""
"MILK","","Point of Sale","1","1x 16oz/Large","343","2025-12-22 06:20:21","2025-12-22 06:26:04","",""
"MILK","","Point of Sale","1","1x 12oz/Medium","330","2025-12-22 06:20:33","2025-12-22 06:26:03","",""
"MILK","","Point of Sale","1","1x 12oz/ICED SMALL","314","2025-12-22 06:20:49","2025-12-22 06:26:03","",""
"MILK","","Point of Sale","1","1x 8oz/Small","329","2025-12-22 06:23:59","2025-12-22 06:29:28","",""
"MILK","","Point of Sale","1","1x 4oz/Pic, Esp, Dop","317","2025-12-22 06:24:11","2025-12-22 06:29:28","",""
"MILK","","Point of Sale","1","1x 8oz/Small","285","2025-12-22 06:24:42","2025-12-22 06:29:27","",""
"MILK","","Point of Sale","3","1x 12oz/ICED SMALL; 1x Ham And Cheese Croissant; 1x Fruit Juice","450","2025-12-22 06:28:32","2025-12-22 06:36:02","",""
"MILK","","Point of Sale","1","1x TOASTIE","624","2025-12-22 06:31:32","2025-12-22 06:41:56","",""
"MILK","","Point of Sale","2","2x 12oz/Medium","247","2025-12-22 06:31:54","2025-12-22 06:36:01","",""
"MILK","","Point of Sale","1","1x 4oz/Pic, Esp, Dop","475","2025-12-22 06:34:02","2025-12-22 06:41:57","",""
"MILK","","Point of Sale","1","1x 16oz/ICED MEDIUM","438","2025-12-22 06:34:40","2025-12-22 06:41:58","",""
"MILK","","Point of Sale","1","1x 16oz/ICED MEDIUM","413","2025-12-22 06:35:05","2025-12-22 06:41:58","",""
"MILK","","Point of Sale","1","1x 12oz/Medium","985","2025-12-22 06:36:02","2025-12-22 06:52:27","",""
"MILK","","Point of Sale","1","1x Kombucha","969","2025-12-22 06:36:18","2025-12-22 06:52:27","",""
"MILK","","Point of Sale","2","1x 6oz; 1x 16oz/ICED MEDIUM","800","2025-12-22 06:39:06","2025-12-22 06:52:26","",""
"MILK","","Point of Sale","4","1x 16oz/Large; 1x 16oz/ICED MEDIUM; 1x A Sweet Muffin; 1x Sweet Pastry","276","2025-12-22 06:47:50","2025-12-22 06:52:26","",""
"MILK","","Point of Sale","1","1x 8oz/Small","638","2025-12-22 06:50:19","2025-12-22 07:00:57","",""
"MILK","","Point of Sale","3","1x Babycino; 2x 16oz/ICED MEDIUM","351","2025-12-22 06:55:06","2025-12-22 07:00:57","",""
"MILK","","Point of Sale","1","1x 12oz/ICED SMALL","317","2025-12-22 06:55:38","2025-12-22 07:00:55","",""
"MILK","","Point of Sale","1","1x 12oz/ICED SMALL","457","2025-12-22 06:56:01","2025-12-22 07:03:38","",""
"MILK","","Point of Sale","1","1x 16oz/ICED MEDIUM","445","2025-12-22 06:56:13","2025-12-22 07:03:38","",""
"MILK","","Point of Sale","2","2x 4oz/Pic, Esp, Dop","427","2025-12-22 06:56:32","2025-12-22 07:03:39","",""
"MILK","","Point of Sale","1","1x 12oz/ICED SMALL","412","2025-12-22 06:56:47","2025-12-22 07:03:39","",""
"MILK","","Point of Sale","1","1x 12oz/Medium","688","2025-12-22 06:57:03","2025-12-22 07:08:31","",""
"MILK","","Point of Sale","1","1x 16oz/ICED MEDIUM","632","2025-12-22 06:57:59","2025-12-22 07:08:31","",""
"MILK","","Point of Sale","2","1x 12oz/ICED SMALL; 1x 8oz/Small","684","2025-12-22 06:58:27","2025-12-22 07:09:51","",""
"MILK","","Point of Sale","1","1x 16oz/ICED MEDIUM","811","2025-12-22 06:58:36","2025-12-22 07:12:07","",""
"MILK","","Point of Sale","1","1x 16oz/Large","693","2025-12-22 06:59:01","2025-12-22 07:10:34","",""
"MILK","Bot hat","Point of Sale","1","1x 8oz/Small","621","2025-12-22 07:01:46","2025-12-22 07:12:07","",""
"MILK","","Point of Sale","2","1x Babycino; 1x 16oz/Large","919","2025-12-22 07:02:41","2025-12-22 07:18:00","",""
"MILK","","Point of Sale","2","1x 12oz/Medium; 1x 12oz/ICED SMALL","685","2025-12-22 07:06:35","2025-12-22 07:18:00","",""
"MILK","","Point of Sale","2","1x Pupacino; 1x 12oz/Medium","558","2025-12-22 07:08:43","2025-12-22 07:18:01","",""
"MILK","","Point of Sale","4","1x Plain Croissant; 1x Babycino; 2x 6oz","452","2025-12-22 07:10:29","2025-12-22 07:18:01","",""
"MILK","","Point of Sale","2","2x 16oz/ICED MEDIUM","753","2025-12-22 07:13:07","2025-12-22 07:25:40","",""
"MILK","","Point of Sale","1","1x 12oz/Medium","528","2025-12-22 07:13:41","2025-12-22 07:22:29","",""
"MILK","","Point of Sale","1","1x 16oz/Large","276","2025-12-22 07:17:53","2025-12-22 07:22:29","",""
"MILK","","Point of Sale","1","1x 6oz","371","2025-12-22 07:19:28","2025-12-22 07:25:39","",""
"MILK","","Point of Sale","1","1x 12oz/Medium","350","2025-12-22 07:19:49","2025-12-22 07:25:39","",""
"MILK","","Point of Sale","1","1x 16oz/ICED MEDIUM","187","2025-12-22 07:22:31","2025-12-22 07:25:38","",""
"MILK","","Point of Sale","1","1x 12oz/Medium","789","2025-12-22 07:23:57","2025-12-22 07:37:06","",""
"MILK","","Point of Sale","1","1x 16oz/ICED MEDIUM","350","2025-12-22 07:24:30","2025-12-22 07:30:20","",""
"MILK","","Point of Sale","2","1x 12oz/Medium; 1x 6oz","532","2025-12-22 07:28:15","2025-12-22 07:37:07","",""
"MILK","","Point of Sale","2","1x 8oz/Small; 1x 16oz/ICED MEDIUM","201","2025-12-22 07:33:46","2025-12-22 07:37:07","",""
"MILK","","Point of Sale","1","1x 16oz/ICED MEDIUM","190","2025-12-22 07:34:00","2025-12-22 07:37:10","",""
"MILK","","Point of Sale","1","1x 12oz/Medium","134","2025-12-22 07:34:53","2025-12-22 07:37:07","",""
"MILK","","Point of Sale","1","1x 6oz","650","2025-12-22 07:35:32","2025-12-22 07:46:22","",""
"MILK","","Point of Sale","1","1x 20oz\ICED LARGE","410","2025-12-22 07:39:32","2025-12-22 07:46:22","",""
"MILK","","Point of Sale","1","1x 8oz/Small","323","2025-12-22 07:40:58","2025-12-22 07:46:21","",""
"MILK","","Point of Sale","2","2x 12oz/Medium","173","2025-12-22 07:43:28","2025-12-22 07:46:21","",""
"MILK","354170069","Square Online","2","1x 12oz/ICED SMALL; 1x 16oz/ICED MEDIUM","617","2025-12-22 07:43:34","2025-12-22 07:53:51","2025-12-22 07:43:29",""
"MILK","","Point of Sale","1","1x 8oz/Small","504","2025-12-22 07:45:26","2025-12-22 07:53:50","",""
"MILK","","Point of Sale","1","1x 16oz/Large","430","2025-12-22 07:46:38","2025-12-22 07:53:48","",""
"MILK","","Point of Sale","1","1x 8oz/Small","102","2025-12-22 07:52:06","2025-12-22 07:53:48","",""
"MILK","","Point of Sale","1","1x 6oz","352","2025-12-22 07:52:47","2025-12-22 07:58:39","",""
"MILK","","Point of Sale","1","1x 12oz/Medium","313","2025-12-22 07:53:27","2025-12-22 07:58:40","",""
"MILK","","Point of Sale","1","1x 12oz/Medium","621","2025-12-22 07:53:45","2025-12-22 08:04:06","",""
"MILK","","Point of Sale","3","1x 12oz/ICED SMALL; 1x 12oz/Medium; 1x Pupacino","558","2025-12-22 07:54:48","2025-12-22 08:04:06","",""
"MILK","","Point of Sale","1","1x 12oz/Medium","681","2025-12-22 07:55:04","2025-12-22 08:06:25","",""
"MILK","","Point of Sale","2","1x Sweet Pastry; 1x 12oz/ICED SMALL","543","2025-12-22 07:55:20","2025-12-22 08:04:23","",""
"MILK","","Point of Sale","1","1x 8oz/Small","633","2025-12-22 07:55:51","2025-12-22 08:06:24","",""
"MILK","","Point of Sale","1","1x 6oz","541","2025-12-22 07:57:25","2025-12-22 08:06:26","",""
"MILK","","Point of Sale","1","1x 12oz/Medium","531","2025-12-22 07:57:35","2025-12-22 08:06:26","",""
"MILK","","Point of Sale","2","1x Ham And Cheese Croissant; 1x 16oz/Large","833","2025-12-22 07:58:25","2025-12-22 08:12:18","",""
"MILK","","Point of Sale","2","1x 12oz/ICED SMALL; 1x 12oz/ICED SMALL","656","2025-12-22 08:01:23","2025-12-22 08:12:19","",""
"MILK","","Point of Sale","3","1x 20oz\ICED LARGE; 1x Babycino; 1x 20oz\ICED LARGE","601","2025-12-22 08:02:19","2025-12-22 08:12:20","",""
"MILK","","Point of Sale","2","1x 250g Beans; 1x 16oz/ICED MEDIUM","720","2025-12-22 08:03:26","2025-12-22 08:15:26","",""
"MILK","","Point of Sale","1","1x Breakfast Wrap","704","2025-12-22 08:03:43","2025-12-22 08:15:27","",""
"MILK","","Point of Sale","1","1x 12oz/Medium","671","2025-12-22 08:04:15","2025-12-22 08:15:26","",""
"MILK","","Point of Sale","2","1x 12oz/Medium; 1x Breakfast Wrap","597","2025-12-22 08:08:18","2025-12-22 08:18:15","",""
"MILK","","Point of Sale","2","1x Plain Croissant; 1x 16oz/ICED MEDIUM","485","2025-12-22 08:10:11","2025-12-22 08:18:16","",""
"MILK","","Point of Sale","2","1x 12oz/Medium; 1x 16oz/Large","438","2025-12-22 08:10:59","2025-12-22 08:18:17","",""
"MILK","","Point of Sale","2","1x 12oz/ICED SMALL; 1x Sweet Pastry","908","2025-12-22 08:11:19","2025-12-22 08:26:27","",""
"MILK","","Point of Sale","1","1x 12oz/Medium","690","2025-12-22 08:14:56","2025-12-22 08:26:26","",""
"MILK","","Point of Sale","1","1x 16oz/Large","290","2025-12-22 08:21:37","2025-12-22 08:26:27","",""
"MILK","","Point of Sale","1","1x 16oz/Large","248","2025-12-22 08:22:17","2025-12-22 08:26:25","",""
"MILK","","Point of Sale","1","1x 16oz/ICED MEDIUM","210","2025-12-22 08:22:56","2025-12-22 08:26:26","",""
"MILK","","Point of Sale","1","1x 20oz\ICED LARGE","477","2025-12-22 08:25:02","2025-12-22 08:32:59","",""
"MILK","","Point of Sale","1","1x 12oz/Medium","420","2025-12-22 08:25:59","2025-12-22 08:32:59","",""
"MILK","","Point of Sale","1","1x 12oz/Medium","408","2025-12-22 08:26:12","2025-12-22 08:33:00","",""
"MILK","","Point of Sale","2","1x Breakfast Wrap; 1x 8oz/Small","333","2025-12-22 08:27:28","2025-12-22 08:33:01","",""
"MILK","","Point of Sale","1","1x 12oz/Medium","373","2025-12-22 08:30:41","2025-12-22 08:36:54","",""
"MILK","","Point of Sale","1","1x 20oz\ICED LARGE","350","2025-12-22 08:31:05","2025-12-22 08:36:55","",""
"MILK","","Point of Sale","1","1x 8oz/Small","315","2025-12-22 08:31:42","2025-12-22 08:36:57","",""
"MILK","","Point of Sale","2","1x 12oz/ICED SMALL; 1x 4oz/Pic, Esp, Dop","369","2025-12-22 08:34:23","2025-12-22 08:40:32","",""
"MILK","","Point of Sale","1","1x 12oz/ICED SMALL","257","2025-12-22 08:36:14","2025-12-22 08:40:31","",""
"MILK","","Point of Sale","2","1x 12oz/Medium; 1x 12oz/Medium","769","2025-12-22 08:42:14","2025-12-22 08:55:03","",""
"MILK","","Point of Sale","1","1x 12oz/Medium","754","2025-12-22 08:42:28","2025-12-22 08:55:02","",""
"MILK","","Point of Sale","1","1x 6oz","604","2025-12-22 08:45:00","2025-12-22 08:55:04","",""
"MILK","","Point of Sale","2","1x 20oz\ICED LARGE; 1x 16oz/ICED MEDIUM","1489","2025-12-22 08:55:46","2025-12-22 09:20:35","",""
"MILK","","Point of Sale","1","1x 12oz/ICED SMALL","389","2025-12-22 08:57:08","2025-12-22 09:03:37","",""
"MILK","","Point of Sale","1","1x 12oz/Medium","367","2025-12-22 08:57:30","2025-12-22 09:03:37","",""
"MILK","","Point of Sale","1","1x 12oz/ICED SMALL","355","2025-12-22 08:57:41","2025-12-22 09:03:36","",""
"MILK","","Point of Sale","1","1x 8oz/Small","328","2025-12-22 08:58:07","2025-12-22 09:03:35","",""
"MILK","","Point of Sale","1","1x 12oz/ICED SMALL","1142","2025-12-22 09:01:33","2025-12-22 09:20:35","",""
"MILK","","Point of Sale","3","1x A Sweet Muffin; 1x Fruit Juice; 1x 12oz/ICED SMALL","1086","2025-12-22 09:02:29","2025-12-22 09:20:35","",""
"MILK","","Point of Sale","2","1x 12oz/Medium; 1x 4oz/Pic, Esp, Dop","961","2025-12-22 09:04:32","2025-12-22 09:20:33","",""
"MILK","","Point of Sale","2","1x 12oz/ICED SMALL; 1x 12oz/ICED SMALL","319","2025-12-22 09:15:14","2025-12-22 09:20:33","",""
"MILK","","Point of Sale","2","1x Breakfast Wrap; 1x 16oz/ICED MEDIUM","330","2025-12-22 09:17:26","2025-12-22 09:22:56","",""
"MILK","","Point of Sale","1","1x ","229","2025-12-22 09:19:06","2025-12-22 09:22:55","",""
"MILK","","Point of Sale","1","1x 12oz/ICED SMALL","414","2025-12-22 09:24:08","2025-12-22 09:31:02","",""
"MILK","","Point of Sale","3","1x 12oz/Medium; 2x 16oz/ICED MEDIUM","381","2025-12-22 09:24:42","2025-12-22 09:31:03","",""
"MILK","","Point of Sale","1","1x 20oz\ICED LARGE","589","2025-12-22 09:32:03","2025-12-22 09:41:52","",""
"MILK","","Point of Sale","2","1x 16oz/ICED MEDIUM; 1x 12oz/ICED SMALL","406","2025-12-22 09:35:09","2025-12-22 09:41:55","",""
"MILK","","Point of Sale","1","1x 8oz/Small","241","2025-12-22 09:37:52","2025-12-22 09:41:53","",""
"MILK","","Point of Sale","1","1x Breakfast Wrap","921","2025-12-22 09:44:20","2025-12-22 09:59:41","",""
"MILK","","Point of Sale","1","1x 16oz/ICED MEDIUM","537","2025-12-22 09:45:58","2025-12-22 09:54:55","",""
"MILK","","Point of Sale","1","1x 12oz/Medium","487","2025-12-22 09:46:48","2025-12-22 09:54:55","",""
"MILK","","Point of Sale","2","2x 20oz\ICED LARGE","312","2025-12-22 09:49:42","2025-12-22 09:54:54","",""
"MILK","","Point of Sale","1","1x 12oz/ICED SMALL","298","2025-12-22 09:49:58","2025-12-22 09:54:56","",""
"MILK","","Point of Sale","1","1x 16oz/ICED MEDIUM","523","2025-12-22 09:50:58","2025-12-22 09:59:41","",""
"MILK","","Point of Sale","3","1x 8oz/Small; 1x 12oz/Medium; 1x 8oz/Small","296","2025-12-22 09:54:46","2025-12-22 09:59:42","",""
"MILK","","Point of Sale","1","1x 16oz/Large","267","2025-12-22 09:55:16","2025-12-22 09:59:43","",""
"MILK","","Point of Sale","1","1x 8oz/Small","595","2025-12-22 10:01:42","2025-12-22 10:11:37","",""
"MILK","","Point of Sale","2","1x 12oz/ICED SMALL; 1x 500g Beans","519","2025-12-22 10:02:58","2025-12-22 10:11:37","",""
"MILK","","Point of Sale","1","1x 12oz/Medium","488","2025-12-22 10:03:29","2025-12-22 10:11:37","",""
"MILK","","Point of Sale","2","1x 8oz/Small; 1x 8oz/Small","281","2025-12-22 10:06:55","2025-12-22 10:11:36","",""
"MILK","","Point of Sale","1","1x 8oz/Small","198","2025-12-22 10:08:17","2025-12-22 10:11:35","",""
"MILK","","Point of Sale","1","1x 12oz/ICED SMALL","1059","2025-12-22 10:08:40","2025-12-22 10:26:19","",""
"MILK","","Point of Sale","2","1x 12oz/Medium; 1x Babycino","911","2025-12-22 10:11:09","2025-12-22 10:26:20","",""
"MILK","","Point of Sale","2","1x 16oz/ICED MEDIUM; 1x 16oz/ICED MEDIUM","391","2025-12-22 10:19:49","2025-12-22 10:26:20","",""
"MILK","","Point of Sale","2","1x 12oz/ICED SMALL; 1x 16oz/ICED MEDIUM","214","2025-12-22 10:22:47","2025-12-22 10:26:21","",""
"MILK","","Point of Sale","1","1x 16oz/Large","197","2025-12-22 10:23:04","2025-12-22 10:26:21","",""
"MILK","","Point of Sale","1","1x TOASTIE","701","2025-12-22 10:24:20","2025-12-22 10:36:01","",""
"MILK","","Point of Sale","1","1x 4oz/Pic, Esp, Dop","614","2025-12-22 10:25:48","2025-12-22 10:36:02","",""
"MILK","","Point of Sale","3","1x BUTTERBOY; 1x 12oz/ICED SMALL; 1x 6oz","505","2025-12-22 10:27:38","2025-12-22 10:36:03","",""
"MILK","","Point of Sale","1","1x 8oz/Small","456","2025-12-22 10:28:27","2025-12-22 10:36:03","",""
"MILK","","Point of Sale","1","1x 12oz/Medium","210","2025-12-22 10:32:21","2025-12-22 10:35:51","",""
"MILK","","Point of Sale","1","1x 16oz/ICED MEDIUM","232","2025-12-22 10:48:43","2025-12-22 10:52:35","",""
"MILK","","Point of Sale","1","1x 16oz/ICED MEDIUM","163","2025-12-22 10:49:53","2025-12-22 10:52:36","",""
"MILK","","Point of Sale","1","1x 8oz/Small","955","2025-12-22 10:53:45","2025-12-22 11:09:40","",""
"MILK","","Point of Sale","1","1x 16oz/Large","898","2025-12-22 10:54:51","2025-12-22 11:09:49","",""
"MILK","","Point of Sale","2","1x 8oz/Small; 1x Plain Croissant","850","2025-12-22 10:55:31","2025-12-22 11:09:41","",""
"MILK","","Point of Sale","5","2x Pupacino; 1x 4oz/Pic, Esp, Dop; 1x 12oz/ICED SMALL; 1x Sweet Pastry","826","2025-12-22 10:56:03","2025-12-22 11:09:49","",""
"MILK","","Point of Sale","3","1x Babycino; 2x 16oz/ICED MEDIUM","737","2025-12-22 10:57:33","2025-12-22 11:09:50","",""
"MILK","","Point of Sale","1","1x Fruit Juice","719","2025-12-22 10:57:51","2025-12-22 11:09:50","",""
"MILK","","Point of Sale","1","1x 12oz/Medium","1436","2025-12-22 10:59:57","2025-12-22 11:23:53","",""
"MILK","","Point of Sale","1","1x A Sweet Muffin","1360","2025-12-22 11:01:14","2025-12-22 11:23:54","",""
"MILK","","Point of Sale","2","1x 6oz; 1x 8oz/Small","906","2025-12-22 11:08:48","2025-12-22 11:23:54","",""
"MILK","","Point of Sale","1","1x 16oz/Large","881","2025-12-22 11:09:13","2025-12-22 11:23:54","",""
"MILK","","Point of Sale","2","2x 4oz/Pic, Esp, Dop","1238","2025-12-23 04:51:26","2025-12-23 05:12:04","",""
"MILK","","Point of Sale","1","1x 12oz/Medium","915","2025-12-23 04:56:48","2025-12-23 05:12:03","",""
"MILK","","Point of Sale","2","2x 12oz/Medium","613","2025-12-23 05:01:50","2025-12-23 05:12:03","",""
"MILK","","Point of Sale","1","1x 16oz/Large","555","2025-12-23 05:02:46","2025-12-23 05:12:01","",""
"MILK","","Point of Sale","1","1x Ham And Cheese Croissant","530","2025-12-23 05:03:12","2025-12-23 05:12:02","",""
"MILK","Maree","Point of Sale","1","1x 8oz/Small","1186","2025-12-23 05:08:21","2025-12-23 05:28:07","",""
"MILK","","Point of Sale","1","1x 12oz/ICED SMALL","1028","2025-12-23 05:11:00","2025-12-23 05:28:08","",""
"MILK","","Point of Sale","1","1x 16oz/ICED MEDIUM","945","2025-12-23 05:12:23","2025-12-23 05:28:08","",""
"MILK","","Point of Sale","1","1x 12oz/ICED SMALL","894","2025-12-23 05:13:15","2025-12-23 05:28:09","",""
"MILK","","Point of Sale","3","1x 12oz/Medium; 1x 20oz\ICED LARGE; 1x 12oz/Medium","652","2025-12-23 05:18:50","2025-12-23 05:29:42","",""
"MILK","","Point of Sale","1","1x 8oz/Small","465","2025-12-23 05:21:58","2025-12-23 05:29:43","",""
"MILK","","Point of Sale","1","1x 8oz/Small","240","2025-12-23 05:25:43","2025-12-23 05:29:43","",""
"MILK","","Point of Sale","1","1x 16oz/Large","814","2025-12-23 05:28:46","2025-12-23 05:42:20","",""
"MILK","","Point of Sale","2","1x 12oz/ICED SMALL; 1x 6oz","448","2025-12-23 05:34:53","2025-12-23 05:42:21","",""
"MILK","","Point of Sale","1","1x 4oz/Pic, Esp, Dop","433","2025-12-23 05:35:07","2025-12-23 05:42:20","",""
"MILK","","Point of Sale","2","1x 12oz/Medium; 1x 500g Beans","262","2025-12-23 05:37:59","2025-12-23 05:42:21","",""
"MILK","","Point of Sale","1","1x 4oz/Pic, Esp, Dop","59","2025-12-23 05:41:24","2025-12-23 05:42:23","",""
"MILK","","Point of Sale","2","1x 12oz/Medium; 1x 12oz/Medium","763","2025-12-23 05:41:53","2025-12-23 05:54:36","",""
"MILK","","Point of Sale","2","2x 16oz/Large","586","2025-12-23 05:44:51","2025-12-23 05:54:37","",""
"MILK","","Point of Sale","1","1x 12oz/Medium","570","2025-12-23 05:45:07","2025-12-23 05:54:37","",""
"MILK","","Point of Sale","1","1x 12oz/Medium","301","2025-12-23 05:49:36","2025-12-23 05:54:37","",""
"MILK","","Point of Sale","1","1x 8oz/Small","146","2025-12-23 05:52:11","2025-12-23 05:54:37","",""
"MILK","","Point of Sale","3","2x 12oz/Medium; 1x Sweet Pastry","436","2025-12-23 05:55:37","2025-12-23 06:02:53","",""
"MILK","","Point of Sale","2","1x Ham And Cheese Croissant; 1x 16oz/ICED MEDIUM","568","2025-12-23 05:59:03","2025-12-23 06:08:31","",""
"MILK","","Point of Sale","1","1x 16oz/ICED MEDIUM","198","2025-12-23 05:59:38","2025-12-23 06:02:56","",""
"MILK","","Point of Sale","2","1x 16oz/Large; 1x 16oz/Large","282","2025-12-23 06:03:51","2025-12-23 06:08:33","",""
"MILK","","Point of Sale","2","1x 20oz\ICED LARGE; 1x 20oz\ICED LARGE","202","2025-12-23 06:05:11","2025-12-23 06:08:33","",""
"MILK","","Point of Sale","1","1x 8oz/Small","411","2025-12-23 06:05:27","2025-12-23 06:12:18","",""
"MILK","","Point of Sale","2","1x 16oz/ICED MEDIUM; 1x 4oz/Pic, Esp, Dop","395","2025-12-23 06:05:43","2025-12-23 06:12:18","",""
"MILK","","Point of Sale","1","1x 20oz\ICED LARGE","204","2025-12-23 06:08:55","2025-12-23 06:12:19","",""
"MILK","","Point of Sale","1","1x 16oz/Large","569","2025-12-23 06:09:20","2025-12-23 06:18:49","",""
"MILK","","Point of Sale","1","1x 20oz\ICED LARGE","507","2025-12-23 06:10:22","2025-12-23 06:18:49","",""
"MILK","","Point of Sale","2","2x 16oz/Large","469","2025-12-23 06:11:01","2025-12-23 06:18:50","",""
"MILK","","Point of Sale","1","1x 12oz/ICED SMALL","202","2025-12-23 06:15:28","2025-12-23 06:18:50","",""
"MILK","","Point of Sale","2","1x BUTTERBOY; 1x 12oz/Medium","174","2025-12-23 06:15:57","2025-12-23 06:18:51","",""
"MILK","","Point of Sale","1","1x 16oz/ICED MEDIUM","588","2025-12-23 06:16:22","2025-12-23 06:26:10","",""
"MILK","","Point of Sale","1","1x 12oz/ICED SMALL","575","2025-12-23 06:16:36","2025-12-23 06:26:11","",""
"MILK","","Point of Sale","1","1x 6oz","562","2025-12-23 06:16:51","2025-12-23 06:26:13","",""
"MILK","","Point of Sale","1","1x 8oz/Small","549","2025-12-23 06:17:04","2025-12-23 06:26:13","",""
"MILK","","Point of Sale","1","1x 12oz/Medium","408","2025-12-23 06:19:26","2025-12-23 06:26:14","",""
"MILK","","Point of Sale","2","1x 6oz; 1x 8oz/Small","306","2025-12-23 06:23:44","2025-12-23 06:28:50","",""
"MILK","","Point of Sale","2","2x 12oz/Medium","275","2025-12-23 06:24:16","2025-12-23 06:28:51","",""
"MILK","","Point of Sale","1","1x 12oz/ICED SMALL","258","2025-12-23 06:24:33","2025-12-23 06:28:51","",""
"MILK","Bronte","Point of Sale","2","1x 8oz/Small; 1x Babycino","543","2025-12-23 06:24:59","2025-12-23 06:34:02","",""
"MILK","","Point of Sale","5","1x 8oz/Small; 4x 12oz/ICED SMALL","505","2025-12-23 06:25:38","2025-12-23 06:34:03","",""
"MILK","Caitlin","Point of Sale","1","1x 12oz/ICED SMALL","721","2025-12-23 06:25:55","2025-12-23 06:37:56","",""
"MILK","Blaxk singlet","Point of Sale","1","1x 6oz","696","2025-12-23 06:26:20","2025-12-23 06:37:56","",""
"MILK","Beige toip","Point of Sale","1","1x 8oz/Small","655","2025-12-23 06:26:59","2025-12-23 06:37:54","",""
"MILK","Syepohen","Point of Sale","1","1x 8oz/Small","574","2025-12-23 06:28:20","2025-12-23 06:37:54","",""
"MILK","Black and yellow","Point of Sale","1","1x 12oz/Medium","671","2025-12-23 06:29:37","2025-12-23 06:40:48","",""
"MILK","","Point of Sale","2","1x Famous Soda; 1x 16oz/ICED MEDIUM","341","2025-12-23 06:35:08","2025-12-23 06:40:49","",""
"MILK","Mapel","Point of Sale","1","1x 12oz/Medium","529","2025-12-23 06:35:52","2025-12-23 06:44:41","",""
"MILK","Kelly","Point of Sale","1","1x 16oz/ICED MEDIUM","401","2025-12-23 06:37:59","2025-12-23 06:44:40","",""
"MILK","Michael","Point of Sale","3","1x 8oz/Small; 1x A Savoury Muffin; 1x 12oz/Medium","640","2025-12-23 06:38:47","2025-12-23 06:49:27","",""
"MILK","","Point of Sale","1","1x 12oz/ICED SMALL","605","2025-12-23 06:39:23","2025-12-23 06:49:28","",""
"MILK","Johnny","Point of Sale","1","1x 6oz","483","2025-12-23 06:41:25","2025-12-23 06:49:28","",""
"MILK","","Point of Sale","1","1x Sweet Pastry","404","2025-12-23 06:42:44","2025-12-23 06:49:28","",""
"MILK","","Point of Sale","2","1x 8oz/Small; 1x 8oz/Small","526","2025-12-23 06:44:25","2025-12-23 06:53:11","",""
"MILK","","Point of Sale","1","1x 8oz/Small","338","2025-12-23 06:51:32","2025-12-23 06:57:10","",""
"MILK","","Point of Sale","2","2x 16oz/ICED MEDIUM","146","2025-12-23 06:54:45","2025-12-23 06:57:11","",""
"MILK","","Point of Sale","1","1x 16oz/Large","302","2025-12-23 06:55:19","2025-12-23 07:00:21","",""
"MILK","","Point of Sale","2","2x 4oz/Pic, Esp, Dop","502","2025-12-23 06:55:47","2025-12-23 07:04:09","",""
"MILK","Brad","Point of Sale","2","1x 12oz/Medium; 1x 12oz/ICED SMALL","466","2025-12-23 06:56:22","2025-12-23 07:04:08","",""
"MILK","Ros","Point of Sale","1","1x 12oz/ICED SMALL","447","2025-12-23 06:56:42","2025-12-23 07:04:09","",""
"MILK","Ray","Point of Sale","1","1x 16oz/ICED MEDIUM","547","2025-12-23 06:56:54","2025-12-23 07:06:01","",""
"MILK","Energy qld","Point of Sale","1","1x 12oz/Medium","447","2025-12-23 06:58:34","2025-12-23 07:06:01","",""
"MILK","","Point of Sale","1","1x 16oz/Large","363","2025-12-23 06:59:59","2025-12-23 07:06:02","",""
"MILK","","Point of Sale","1","1x 12oz/ICED SMALL","447","2025-12-23 07:01:28","2025-12-23 07:08:55","",""
"MILK","Burgandy top","Point of Sale","2","1x 16oz/Large; 1x 12oz/Medium","413","2025-12-23 07:02:03","2025-12-23 07:08:56","",""
"MILK","Converse tshirt","Point of Sale","1","1x 8oz/Small","565","2025-12-23 07:02:27","2025-12-23 07:11:52","",""
"MILK","","Point of Sale","1","1x 4oz/Pic, Esp, Dop","514","2025-12-23 07:03:17","2025-12-23 07:11:51","",""
"MILK","Kwiran","Point of Sale","1","1x 12oz/Medium","416","2025-12-23 07:04:56","2025-12-23 07:11:52","",""
"MILK","","Point of Sale","2","2x 20oz\ICED LARGE","524","2025-12-23 07:10:45","2025-12-23 07:19:29","",""
"MILK","","Point of Sale","1","1x 16oz/ICED MEDIUM","492","2025-12-23 07:11:18","2025-12-23 07:19:30","",""
"MILK","","Point of Sale","1","1x 8oz/Small","247","2025-12-23 07:15:22","2025-12-23 07:19:29","",""
"MILK","","Point of Sale","2","2x 16oz/ICED MEDIUM","177","2025-12-23 07:16:31","2025-12-23 07:19:28","",""
"MILK","","Point of Sale","3","1x 8oz/Small; 1x 16oz/Large; 1x Babycino","425","2025-12-23 07:17:22","2025-12-23 07:24:27","",""
"MILK","Glen","Point of Sale","1","1x 16oz/Large","395","2025-12-23 07:17:53","2025-12-23 07:24:28","",""
"MILK","","Point of Sale","2","1x 16oz/Large; 1x 8oz/Small","653","2025-12-23 07:18:31","2025-12-23 07:29:24","",""
"MILK","","Point of Sale","1","1x 6oz","502","2025-12-23 07:21:02","2025-12-23 07:29:24","",""
"MILK","","Point of Sale","1","1x 12oz/Medium","578","2025-12-23 07:22:32","2025-12-23 07:32:10","",""
"MILK","Yellowshirt","Point of Sale","1","1x 12oz/Medium","245","2025-12-23 07:25:20","2025-12-23 07:29:25","",""
"MILK","","Point of Sale","2","1x 20oz\ICED LARGE; 1x Sweet Pastry","361","2025-12-23 07:26:08","2025-12-23 07:32:09","",""
"MILK","Pj","Point of Sale","3","1x 12oz/ICED SMALL; 1x Sweet Pastry; 1x 8oz/Small","278","2025-12-23 07:27:30","2025-12-23 07:32:08","",""
"MILK","","Point of Sale","2","1x 12oz/Medium; 1x 12oz/Medium","426","2025-12-23 07:28:51","2025-12-23 07:35:57","",""
"MILK","","Point of Sale","3","1x 8oz/Small; 1x Plain Croissant; 1x 16oz/Large","354","2025-12-23 07:30:04","2025-12-23 07:35:58","",""
"MILK","24638594","Square Online","1","1x 12oz/Medium","382","2025-12-23 07:31:15","2025-12-23 07:37:37","2025-12-23 07:31:10",""
"MILK","","Point of Sale","1","1x 16oz/Large","57","2025-12-23 07:36:40","2025-12-23 07:37:37","",""
"MILK","","Point of Sale","1","1x 500g Beans","22","2025-12-23 07:37:16","2025-12-23 07:37:38","",""
"MILK","","Point of Sale","1","1x 16oz/ICED MEDIUM","507","2025-12-23 07:37:31","2025-12-23 07:45:58","",""
"MILK","","Point of Sale","1","1x 16oz/Large","398","2025-12-23 07:39:21","2025-12-23 07:45:59","",""
"MILK","","Point of Sale","1","1x 8oz/Small","369","2025-12-23 07:39:50","2025-12-23 07:45:59","",""
"MILK","1346963613","Square Online","2","1x 12oz/ICED SMALL; 1x 16oz/ICED MEDIUM","202","2025-12-23 07:42:37","2025-12-23 07:45:59","2025-12-23 07:42:32",""
"MILK","","Point of Sale","3","1x 12oz/Medium; 1x 6oz; 1x 12oz/Medium","308","2025-12-23 07:46:14","2025-12-23 07:51:22","",""
"MILK","","Point of Sale","2","1x 12oz/Medium; 1x Sweet Pastry","612","2025-12-23 07:54:58","2025-12-23 08:05:10","",""
"MILK","","Point of Sale","1","1x 12oz/Medium","563","2025-12-23 07:55:48","2025-12-23 08:05:11","",""
"MILK","","Point of Sale","1","1x 12oz/Medium","450","2025-12-23 08:07:13","2025-12-23 08:14:43","",""
"MILK","","Point of Sale","2","1x 12oz/Medium; 1x 12oz/Medium","405","2025-12-23 08:08:00","2025-12-23 08:14:45","",""
"MILK","","Point of Sale","1","1x 12oz/ICED SMALL","177","2025-12-23 08:08:39","2025-12-23 08:11:36","",""
"MILK","","Point of Sale","1","1x 12oz/Medium","117","2025-12-23 08:09:39","2025-12-23 08:11:36","",""
"MILK","","Point of Sale","1","1x 12oz/Medium","287","2025-12-23 08:09:58","2025-12-23 08:14:45","",""
"MILK","","Point of Sale","1","1x 20oz\ICED LARGE","201","2025-12-23 08:11:25","2025-12-23 08:14:46","",""
"MILK","","Point of Sale","3","1x 16oz/ICED MEDIUM; 1x Babycino; 1x 16oz/ICED MEDIUM","85","2025-12-23 08:13:22","2025-12-23 08:14:47","",""
"MILK","","Point of Sale","1","1x 12oz/Medium","203","2025-12-23 08:13:51","2025-12-23 08:17:14","",""
"MILK","","Point of Sale","1","1x 16oz/ICED MEDIUM","168","2025-12-23 08:14:25","2025-12-23 08:17:13","",""
"MILK","","Point of Sale","1","1x 12oz/Medium","316","2025-12-23 08:14:49","2025-12-23 08:20:05","",""
"MILK","","Point of Sale","1","1x 12oz/Medium","194","2025-12-23 08:16:50","2025-12-23 08:20:04","",""
"MILK","","Point of Sale","1","1x 12oz/ICED SMALL","146","2025-12-23 08:17:39","2025-12-23 08:20:05","",""
"MILK","","Point of Sale","1","1x 16oz/ICED MEDIUM","97","2025-12-23 08:18:30","2025-12-23 08:20:07","",""
"MILK","","Point of Sale","2","2x 4oz/Pic, Esp, Dop","1247","2025-12-24 04:51:18","2025-12-24 05:12:05","",""
"MILK","","Point of Sale","2","1x Ham And Cheese Croissant; 1x 16oz/Large","771","2025-12-24 04:59:14","2025-12-24 05:12:05","",""
"MILK","","Point of Sale","2","1x Ham And Cheese Croissant; 1x 16oz/Large","500","2025-12-24 05:03:46","2025-12-24 05:12:06","",""
"MILK","","Point of Sale","1","1x 12oz/Medium","417","2025-12-24 05:05:08","2025-12-24 05:12:05","",""
"MILK","","Point of Sale","1","1x 8oz/Small","946","2025-12-24 05:08:35","2025-12-24 05:24:21","",""
"MILK","","Point of Sale","1","1x 12oz/Medium","413","2025-12-24 05:17:27","2025-12-24 05:24:20","",""
"MILK","","Point of Sale","5","2x Babycino; 1x 12oz/Medium; 1x 12oz/Medium; 1x 20oz\ICED LARGE","334","2025-12-24 05:18:46","2025-12-24 05:24:20","",""
"MILK","","Point of Sale","1","1x 16oz/Large","887","2025-12-24 05:19:12","2025-12-24 05:33:59","",""
"MILK","","Point of Sale","1","1x 16oz/ICED MEDIUM","861","2025-12-24 05:19:38","2025-12-24 05:33:59","",""
"MILK","","Point of Sale","1","1x 16oz/ICED MEDIUM","860","2025-12-24 05:19:51","2025-12-24 05:34:11","",""
"MILK","","Point of Sale","2","1x 16oz/Large; 1x 12oz/ICED SMALL","460","2025-12-24 05:26:32","2025-12-24 05:34:12","",""
"MILK","","Point of Sale","2","2x 12oz/Medium","354","2025-12-24 05:28:19","2025-12-24 05:34:13","",""
"MILK","","Point of Sale","1","1x 12oz/Medium","1073","2025-12-24 05:30:11","2025-12-24 05:48:04","",""
"MILK","","Point of Sale","2","1x 16oz/Large; 1x 16oz/Large","952","2025-12-24 05:32:13","2025-12-24 05:48:05","",""
"MILK","Girl","Point of Sale","1","1x 8oz/Small","933","2025-12-24 05:32:31","2025-12-24 05:48:04","",""
"MILK","Half ha","Point of Sale","1","1x 12oz/Medium","648","2025-12-24 05:37:17","2025-12-24 05:48:05","",""
"MILK","","Point of Sale","2","2x 16oz/Large","357","2025-12-24 05:42:09","2025-12-24 05:48:06","",""
"MILK","Cocnut wtaer","Point of Sale","1","1x 16oz/ICED MEDIUM","336","2025-12-24 05:42:31","2025-12-24 05:48:07","",""
"MILK","","Point of Sale","1","1x 20oz\ICED LARGE","321","2025-12-24 05:42:47","2025-12-24 05:48:08","",""
"MILK","","Point of Sale","2","1x 12oz/Medium; 1x 1kg Beans","94","2025-12-24 05:46:34","2025-12-24 05:48:08","",""
"MILK","","Point of Sale","1","1x 20oz\ICED LARGE","366","2025-12-24 05:47:52","2025-12-24 05:53:58","",""
"MILK","","Point of Sale","1","1x 8oz/Small","339","2025-12-24 05:48:20","2025-12-24 05:53:59","",""
"MILK","Keep","Point of Sale","1","1x 8oz/Small","316","2025-12-24 05:48:44","2025-12-24 05:54:00","",""
"MILK","","Point of Sale","2","2x 12oz/Medium","164","2025-12-24 05:51:16","2025-12-24 05:54:00","",""
"MILK","","Point of Sale","1","1x 16oz/Large","142","2025-12-24 05:51:39","2025-12-24 05:54:01","",""
"MILK","","Point of Sale","1","1x Sweet Pastry","409","2025-12-24 05:54:28","2025-12-24 06:01:17","",""
"MILK","","Point of Sale","4","1x 16oz/ICED MEDIUM; 3x 16oz/ICED MEDIUM","284","2025-12-24 05:56:34","2025-12-24 06:01:18","",""
"MILK","","Point of Sale","2","1x 20oz\ICED LARGE; 1x 20oz\ICED LARGE","297","2025-12-24 05:57:23","2025-12-24 06:02:20","",""
"MILK","Small tats","Point of Sale","1","1x 16oz/Large","396","2025-12-24 05:58:01","2025-12-24 06:04:37","",""
"MILK","Milos","Point of Sale","1","1x 16oz/ICED MEDIUM","509","2025-12-24 05:58:21","2025-12-24 06:06:50","",""
"MILK","Anne dine in","Point of Sale","1","1x 6oz","420","2025-12-24 05:59:51","2025-12-24 06:06:51","",""
"MILK","","Point of Sale","1","1x 8oz/Small","377","2025-12-24 06:00:44","2025-12-24 06:07:01","",""
"MILK","","Point of Sale","1","1x 16oz/ICED MEDIUM","343","2025-12-24 06:05:41","2025-12-24 06:11:24","",""
"MILK","Randolph","Point of Sale","1","1x 16oz/ICED MEDIUM","320","2025-12-24 06:06:04","2025-12-24 06:11:24","",""
"MILK","Jim","Point of Sale","1","1x 16oz/ICED MEDIUM","302","2025-12-24 06:06:23","2025-12-24 06:11:25","",""
"MILK","Rqch","Point of Sale","1","1x 8oz/Small","326","2025-12-24 06:06:42","2025-12-24 06:12:08","",""
"MILK","Rasch","Point of Sale","2","1x Breakfast Wrap; 1x 16oz/ICED MEDIUM","563","2025-12-24 06:07:50","2025-12-24 06:17:13","",""
"MILK","","Point of Sale","1","1x Kombucha","278","2025-12-24 06:08:07","2025-12-24 06:12:45","",""
"MILK","Keep cup","Point of Sale","1","1x 12oz/ICED SMALL","270","2025-12-24 06:08:45","2025-12-24 06:13:15","",""
"MILK","Bro","Point of Sale","2","2x 12oz/Medium","371","2025-12-24 06:09:30","2025-12-24 06:15:41","",""
"MILK","Brown shirt dad","Point of Sale","1","1x 20oz\ICED LARGE","435","2025-12-24 06:09:58","2025-12-24 06:17:13","",""
"MILK","Blue dine in ","Point of Sale","1","1x 8oz/Small","499","2025-12-24 06:10:22","2025-12-24 06:18:41","",""
"MILK","Old dude","Point of Sale","1","1x 12oz/Medium","660","2025-12-24 06:10:43","2025-12-24 06:21:43","",""
"MILK","Grikl ","Point of Sale","3","1x 8oz/Small; 1x 12oz/Medium; 1x Babycino","638","2025-12-24 06:11:05","2025-12-24 06:21:43","",""
"MILK","Keeley","Point of Sale","1","1x 12oz/Medium","434","2025-12-24 06:16:06","2025-12-24 06:23:20","",""
"MILK","","Point of Sale","1","1x 16oz/ICED MEDIUM","392","2025-12-24 06:18:22","2025-12-24 06:24:54","",""
"MILK","Keep","Point of Sale","1","1x 8oz/Small","314","2025-12-24 06:19:40","2025-12-24 06:24:54","",""
"MILK","Tata","Point of Sale","2","1x Fiji Water; 1x 16oz/ICED MEDIUM","405","2025-12-24 06:20:05","2025-12-24 06:26:50","",""
"MILK","Bald","Point of Sale","1","1x 12oz/Medium","442","2025-12-24 06:20:22","2025-12-24 06:27:44","",""
"MILK","B","Point of Sale","1","1x 16oz/ICED MEDIUM","515","2025-12-24 06:21:24","2025-12-24 06:29:59","",""
"MILK","Mel","Point of Sale","1","1x 4oz/Pic, Esp, Dop","404","2025-12-24 06:23:15","2025-12-24 06:29:59","",""
"MILK","Yound gugd","Point of Sale","1","1x 8oz/Small","362","2025-12-24 06:24:00","2025-12-24 06:30:02","",""
"MILK","","Point of Sale","1","1x 8oz/Small","340","2025-12-24 06:24:57","2025-12-24 06:30:37","",""
"MILK","Lady keep","Point of Sale","2","1x 8oz/Small; 1x 4oz/Pic, Esp, Dop","304","2025-12-24 06:26:37","2025-12-24 06:31:41","",""
"MILK","","Point of Sale","1","1x Plain Croissant","227","2025-12-24 06:27:18","2025-12-24 06:31:05","",""
"MILK","Grey shirt old ddue","Point of Sale","1","1x 16oz/ICED MEDIUM","557","2025-12-24 06:29:50","2025-12-24 06:39:07","",""
"MILK","","Point of Sale","1","1x 250g Beans","209","2025-12-24 06:32:43","2025-12-24 06:36:12","",""
"MILK","Dave","Point of Sale","1","1x 12oz/Medium","184","2025-12-24 06:33:13","2025-12-24 06:36:17","",""
"MILK","Dine in","Point of Sale","2","1x 8oz/Small; 1x 8oz/Small","275","2025-12-24 06:34:32","2025-12-24 06:39:07","",""
"MILK","Kaz","Point of Sale","1","1x 12oz/Medium","244","2025-12-24 06:36:07","2025-12-24 06:40:11","",""
"MILK","Extra hot","Point of Sale","2","2x 6oz","321","2025-12-24 06:36:48","2025-12-24 06:42:09","",""
"MILK","Lots of icd red ","Point of Sale","2","2x 16oz/ICED MEDIUM","479","2025-12-24 06:37:27","2025-12-24 06:45:26","",""
"MILK","","Point of Sale","1","1x 16oz/ICED MEDIUM","519","2025-12-24 06:37:53","2025-12-24 06:46:32","",""
"MILK","","Point of Sale","3","1x 12oz/Medium; 2x 16oz/ICED MEDIUM","437","2025-12-24 06:41:31","2025-12-24 06:48:48","",""
"MILK","","Point of Sale","1","1x 12oz/Medium","300","2025-12-24 06:45:19","2025-12-24 06:50:19","",""
"MILK","","Point of Sale","1","1x 8oz/Small","114","2025-12-24 06:48:29","2025-12-24 06:50:23","",""
"MILK","","Point of Sale","1","1x 8oz/Small","106","2025-12-24 06:49:21","2025-12-24 06:51:07","",""
"MILK","Camo hat","Point of Sale","2","2x 4oz/Pic, Esp, Dop","413","2025-12-24 06:49:47","2025-12-24 06:56:40","",""
"MILK","","Point of Sale","2","1x 16oz/Large; 1x 16oz/Large","396","2025-12-24 06:50:05","2025-12-24 06:56:41","",""
"MILK","","Point of Sale","1","1x 12oz/Medium","145","2025-12-24 06:54:17","2025-12-24 06:56:42","",""
"MILK","","Point of Sale","1","1x 12oz/ICED SMALL","126","2025-12-24 06:54:36","2025-12-24 06:56:42","",""
"MILK","","Point of Sale","2","1x 8oz/Small; 1x 8oz/Small","230","2025-12-24 06:57:24","2025-12-24 07:01:14","",""
"MILK","","Point of Sale","2","1x 12oz/Medium; 1x Breakfast Wrap","454","2025-12-24 06:58:20","2025-12-24 07:05:54","",""
"MILK","Choc","Point of Sale","3","1x 16oz/ICED MEDIUM; 1x Sweet Pastry; 1x 12oz/Medium","428","2025-12-24 06:59:07","2025-12-24 07:06:15","",""
"MILK","Beard","Point of Sale","1","1x 20oz\ICED LARGE","417","2025-12-24 06:59:19","2025-12-24 07:06:16","",""
"MILK","","Point of Sale","1","1x 12oz/ICED SMALL","400","2025-12-24 06:59:37","2025-12-24 07:06:17","",""
"MILK","","Point of Sale","1","1x Fiji Water","394","2025-12-24 06:59:44","2025-12-24 07:06:18","",""
"MILK","","Point of Sale","2","1x 12oz/ICED SMALL; 1x 8oz/Small","610","2025-12-24 07:00:30","2025-12-24 07:10:40","",""
"MILK","Akex","Point of Sale","1","1x 16oz/ICED MEDIUM","643","2025-12-24 07:00:43","2025-12-24 07:11:26","",""
"MILK","Ray","Point of Sale","1","1x 16oz/ICED MEDIUM","627","2025-12-24 07:00:58","2025-12-24 07:11:25","",""
"MILK","","Point of Sale","2","2x 12oz/Medium","530","2025-12-24 07:03:26","2025-12-24 07:12:16","",""
"MILK","","Point of Sale","2","1x 8oz/Small; 1x 16oz/ICED MEDIUM","560","2025-12-24 07:03:50","2025-12-24 07:13:10","",""
"MILK","","Point of Sale","1","1x 8oz/Small","630","2025-12-24 07:04:08","2025-12-24 07:14:38","",""
"MILK","Small guy","Point of Sale","2","2x 16oz/Large","638","2025-12-24 07:05:20","2025-12-24 07:15:58","",""
"MILK","","Point of Sale","1","1x 8oz/Small","658","2025-12-24 07:05:41","2025-12-24 07:16:39","",""
"MILK","Lad green","Point of Sale","1","1x 16oz/Large","587","2025-12-24 07:08:12","2025-12-24 07:17:59","",""
"MILK","Lad beard","Point of Sale","1","1x 16oz/Large","572","2025-12-24 07:08:29","2025-12-24 07:18:01","",""
"MILK","Lad","Point of Sale","1","1x 12oz/Medium","642","2025-12-24 07:08:44","2025-12-24 07:19:26","",""
"MILK","Slated caramel lad","Point of Sale","2","1x 20oz\ICED LARGE; 1x BUTTERBOY","605","2025-12-24 07:09:22","2025-12-24 07:19:27","",""
"MILK","Greenbhat","Point of Sale","2","1x 8oz/Small; 1x 8oz/Small","752","2025-12-24 07:09:47","2025-12-24 07:22:19","",""
"MILK","Moustachw man","Point of Sale","2","1x Breakfast Wrap; 1x 4oz/Pic, Esp, Dop","728","2025-12-24 07:10:12","2025-12-24 07:22:20","",""
"MILK","","Point of Sale","1","1x 16oz/Large","208","2025-12-24 07:20:44","2025-12-24 07:24:12","",""
"MILK","Ing","Point of Sale","3","1x 8oz/Small; 1x 8oz/Small; 1x 12oz/ICED SMALL","340","2025-12-24 07:22:13","2025-12-24 07:27:53","",""
"MILK","","Point of Sale","1","1x 8oz/Small","253","2025-12-24 07:23:39","2025-12-24 07:27:52","",""
"MILK","","Point of Sale","2","1x 12oz/Medium; 1x 16oz/Large","128","2025-12-24 07:28:17","2025-12-24 07:30:25","",""
"MILK","Blojde","Point of Sale","1","1x 12oz/Medium","272","2025-12-24 07:28:38","2025-12-24 07:33:10","",""
"MILK","","Point of Sale","1","1x 16oz/Large","129","2025-12-24 07:31:00","2025-12-24 07:33:09","",""
"MILK","","Point of Sale","2","1x 12oz/Medium; 1x 4oz/Pic, Esp, Dop","324","2025-12-24 07:32:04","2025-12-24 07:37:28","",""
"MILK","","Point of Sale","1","1x 16oz/ICED MEDIUM","172","2025-12-24 07:34:36","2025-12-24 07:37:28","",""
"MILK","","Point of Sale","1","1x 16oz/Large","165","2025-12-24 07:34:58","2025-12-24 07:37:43","",""
"MILK","","Point of Sale","1","1x 8oz/Small","149","2025-12-24 07:37:04","2025-12-24 07:39:33","",""
"MILK","","Point of Sale","1","1x 12oz/Medium","355","2025-12-24 07:43:13","2025-12-24 07:49:08","",""
"MILK","","Point of Sale","5","1x 12oz/Medium; 1x 12oz/Medium; 1x 6oz; 1x 16oz/ICED MEDIUM; 1x 12oz/Medium","313","2025-12-24 07:44:35","2025-12-24 07:49:48","",""
"MILK","","Point of Sale","1","1x 16oz/Large","401","2025-12-24 07:46:11","2025-12-24 07:52:52","",""
"MILK","","Point of Sale","1","1x 12oz/ICED SMALL","337","2025-12-24 07:47:17","2025-12-24 07:52:54","",""
"MILK","","Point of Sale","1","1x 8oz/Small","88","2025-12-24 07:51:27","2025-12-24 07:52:55","",""
"MILK","","Point of Sale","1","1x 16oz/ICED MEDIUM","211","2025-12-24 07:51:39","2025-12-24 07:55:10","",""
"MILK","Gucci","Point of Sale","1","1x 12oz/Medium","161","2025-12-24 07:52:02","2025-12-24 07:54:43","",""
"MILK","","Point of Sale","1","1x 12oz/Medium","1799","2025-12-24 07:52:26","2025-12-24 08:22:25","",""
"MILK","","Point of Sale","2","1x TOASTIE; 1x 8oz/Small","1755","2025-12-24 07:53:11","2025-12-24 08:22:26","",""
"MILK","","Point of Sale","1","1x 16oz/ICED MEDIUM","1711","2025-12-24 07:53:55","2025-12-24 08:22:26","",""
"MILK","Hat","Point of Sale","1","1x 16oz/Large","1657","2025-12-24 07:54:50","2025-12-24 08:22:27","",""
"MILK","","Point of Sale","3","1x Babycino; 2x 16oz/ICED MEDIUM","4054","2025-12-24 07:56:09","2025-12-24 09:03:43","",""
"MILK","Americano","Point of Sale","1","1x 16oz/Large","3885","2025-12-24 07:59:00","2025-12-24 09:03:45","",""
"MILK","Granny","Point of Sale","1","1x 8oz/Small","3828","2025-12-24 07:59:57","2025-12-24 09:03:45","",""
"MILK","","Point of Sale","1","1x 16oz/Large","3727","2025-12-24 08:01:39","2025-12-24 09:03:46","",""
"MILK","Asian","Point of Sale","1","1x 12oz/Medium","3711","2025-12-24 08:01:55","2025-12-24 09:03:46","",""
"MILK","Fizz","Point of Sale","1","1x 12oz/Medium","3690","2025-12-24 08:02:10","2025-12-24 09:03:40","",""
"MILK","Chriamaa ahirt","Point of Sale","1","1x 16oz/ICED MEDIUM","3529","2025-12-24 08:04:52","2025-12-24 09:03:41","",""
"MILK","","Point of Sale","1","1x 500g Beans","3512","2025-12-24 08:05:09","2025-12-24 09:03:41","",""
"MILK","","Point of Sale","1","1x 12oz/Medium","3235","2025-12-24 08:09:46","2025-12-24 09:03:41","",""
"MILK","","Point of Sale","1","1x 16oz/ICED MEDIUM","3093","2025-12-24 08:12:09","2025-12-24 09:03:42","",""
"MILK","","Point of Sale","2","1x 12oz/Medium; 1x 12oz/Medium","501","2025-12-24 08:14:16","2025-12-24 08:22:37","",""
"MILK","","Point of Sale","3","1x 16oz/ICED MEDIUM; 1x 12oz/Medium; 1x Sweet Pastry","458","2025-12-24 08:15:00","2025-12-24 08:22:38","",""
"MILK","","Point of Sale","1","1x 16oz/Large","252","2025-12-24 08:18:27","2025-12-24 08:22:39","",""
"MILK","","Point of Sale","1","1x 12oz/Medium","276","2025-12-24 08:19:57","2025-12-24 08:24:33","",""
"MILK","Kieran","Point of Sale","1","1x 12oz/Medium","243","2025-12-24 08:20:30","2025-12-24 08:24:33","",""
"MILK","Gran","Point of Sale","1","1x 12oz/Medium","233","2025-12-24 08:21:42","2025-12-24 08:25:35","",""
"MILK","Gran","Point of Sale","1","1x 12oz/Medium","239","2025-12-24 08:22:02","2025-12-24 08:26:01","",""
"MILK","","Point of Sale","1","1x 16oz/ICED MEDIUM","429","2025-12-24 08:22:19","2025-12-24 08:29:28","",""
"MILK","","Point of Sale","1","1x 12oz/Medium","399","2025-12-24 08:22:50","2025-12-24 08:29:29","",""
"MILK","","Point of Sale","1","1x 20oz\ICED LARGE","309","2025-12-24 08:24:21","2025-12-24 08:29:30","",""
"MILK","","Point of Sale","2","1x 1kg Beans; 1x 16oz/ICED MEDIUM","234","2025-12-24 08:25:36","2025-12-24 08:29:30","",""
"MILK","","Point of Sale","2","1x 12oz/ICED SMALL; 1x 12oz/Medium","487","2025-12-24 08:26:40","2025-12-24 08:34:47","",""
"MILK","Girkl","Point of Sale","1","1x 8oz/Small","422","2025-12-24 08:27:46","2025-12-24 08:34:48","",""
"MILK","","Point of Sale","1","1x 16oz/Large","2026","2025-12-24 08:29:52","2025-12-24 09:03:38","",""
"MILK","Keep","Point of Sale","2","1x 8oz/Small; 1x Pupacino","127","2025-12-24 08:32:41","2025-12-24 08:34:48","",""
"MILK","","Point of Sale","1","1x 8oz/Small","1753","2025-12-24 08:34:25","2025-12-24 09:03:38","",""
"MILK","","Point of Sale","3","1x Sweet Pastry; 1x Plain Croissant; 1x Kombucha","1671","2025-12-24 08:35:48","2025-12-24 09:03:39","",""
"MILK","","Point of Sale","3","1x 12oz/ICED SMALL; 2x 12oz/ICED SMALL","1529","2025-12-24 08:38:11","2025-12-24 09:03:40","",""
"MILK","","Point of Sale","2","1x 8oz/Small; 1x 8oz/Small","417","2025-12-24 08:40:42","2025-12-24 08:47:39","",""
"MILK","","Point of Sale","1","1x 12oz/Medium","228","2025-12-24 08:43:52","2025-12-24 08:47:40","",""
"MILK","","Point of Sale","2","1x 12oz/ICED SMALL; 1x 12oz/ICED SMALL","535","2025-12-24 08:44:50","2025-12-24 08:53:45","",""
"MILK","","Point of Sale","2","1x 500g Beans; 1x 16oz/ICED MEDIUM","415","2025-12-24 08:46:50","2025-12-24 08:53:45","",""
"MILK","","Point of Sale","1","1x 16oz/ICED MEDIUM","322","2025-12-24 08:48:23","2025-12-24 08:53:45","",""
"MILK","","Point of Sale","1","1x 12oz/Medium","303","2025-12-24 08:48:41","2025-12-24 08:53:44","",""
"MILK","","Point of Sale","2","1x Sweet Pastry; 1x 12oz/ICED SMALL","185","2025-12-24 08:50:41","2025-12-24 08:53:46","",""
"MILK","","Point of Sale","2","2x Breakfast Wrap","496","2025-12-24 08:50:58","2025-12-24 08:59:14","",""
"MILK","","Point of Sale","1","1x 12oz/Medium","290","2025-12-24 08:52:07","2025-12-24 08:56:57","",""
"MILK","","Point of Sale","2","1x 12oz/Medium; 1x Plain Croissant","360","2025-12-24 08:53:15","2025-12-24 08:59:15","",""
"MILK","Wote shirt hat","Point of Sale","1","1x 12oz/Medium","271","2025-12-24 08:54:44","2025-12-24 08:59:15","",""
"MILK","Green sing","Point of Sale","3","1x Sweet Pastry; 1x 6oz; 1x 8oz/Small","394","2025-12-24 08:56:18","2025-12-24 09:02:52","",""
"MILK","","Point of Sale","1","1x 12oz/Medium","549","2025-12-24 08:57:25","2025-12-24 09:06:34","",""
"MILK","","Point of Sale","4","1x TOASTIE; 1x 12oz/Medium; 1x 12oz/Medium; 1x A Savoury Muffin","631","2025-12-24 08:58:27","2025-12-24 09:08:58","",""
"MILK","Gsv coffee","Point of Sale","1","1x A Sweet Muffin","572","2025-12-24 08:59:15","2025-12-24 09:08:47","",""
"MILK","Misty","Point of Sale","3","1x 12oz/ICED SMALL; 1x 8oz/Small; 1x Babycino","474","2025-12-24 09:01:03","2025-12-24 09:08:57","",""
"MILK","Balck shirt guy","Point of Sale","1","1x 12oz/ICED SMALL","576","2025-12-24 09:01:24","2025-12-24 09:11:00","",""
"MILK","","Point of Sale","2","1x A Sweet Muffin; 1x 12oz/ICED SMALL","514","2025-12-24 09:02:27","2025-12-24 09:11:01","",""
"MILK","","Point of Sale","3","2x 16oz/Large; 1x 16oz/ICED MEDIUM","588","2025-12-24 09:03:05","2025-12-24 09:12:53","",""
"MILK","Npxc","Point of Sale","1","1x 16oz/Large","705","2025-12-24 09:04:08","2025-12-24 09:15:53","",""
"MILK","Beige lady","Point of Sale","1","1x 16oz/ICED MEDIUM","709","2025-12-24 09:05:52","2025-12-24 09:17:41","",""
"MILK","Black là","Point of Sale","1","1x 12oz/Medium","685","2025-12-24 09:06:15","2025-12-24 09:17:40","",""
"MILK","","Point of Sale","2","1x 16oz/ICED MEDIUM; 1x ","466","2025-12-24 09:08:06","2025-12-24 09:15:52","",""
"MILK","Keep","Point of Sale","3","1x 8oz/Small; 2x Babycino","385","2025-12-24 09:14:41","2025-12-24 09:21:06","",""
"MILK","","Point of Sale","1","1x ","152","2025-12-24 09:18:36","2025-12-24 09:21:08","",""
"MILK","","Point of Sale","2","1x 12oz/Medium; 1x 16oz/ICED MEDIUM","203","2025-12-24 09:20:02","2025-12-24 09:23:25","",""
"MILK","","Point of Sale","1","1x 12oz/Medium","180","2025-12-24 09:20:26","2025-12-24 09:23:26","",""
"MILK","Carlo and baby","Point of Sale","3","1x 20oz\ICED LARGE; 2x Babycino","349","2025-12-24 09:20:52","2025-12-24 09:26:41","",""
"MILK","","Point of Sale","2","1x 12oz/Medium; 1x 12oz/ICED SMALL","302","2025-12-24 09:23:05","2025-12-24 09:28:07","",""
"MILK","Couple","Point of Sale","2","1x 8oz/Small; 1x 12oz/ICED SMALL","456","2025-12-24 09:24:23","2025-12-24 09:31:59","",""
"MILK","","Point of Sale","2","2x 8oz/Small","429","2025-12-24 09:24:49","2025-12-24 09:31:58","",""
"MILK","Seana","Point of Sale","1","1x 12oz/ICED SMALL","378","2025-12-24 09:25:39","2025-12-24 09:31:57","",""
"MILK","","Point of Sale","1","1x 4oz/Pic, Esp, Dop","329","2025-12-24 09:26:27","2025-12-24 09:31:56","",""
"MILK","","Point of Sale","3","1x 500g Beans; 1x 16oz/ICED MEDIUM; 1x 16oz/ICED MEDIUM","522","2025-12-24 09:30:48","2025-12-24 09:39:30","",""
"MILK","Blue dres","Point of Sale","1","1x 12oz/ICED SMALL","501","2025-12-24 09:31:15","2025-12-24 09:39:36","",""
"MILK","","Point of Sale","1","1x Fiji Water","489","2025-12-24 09:31:27","2025-12-24 09:39:36","",""
"MILK","Dude with hat","Point of Sale","2","1x 16oz/ICED MEDIUM; 1x 16oz/ICED MEDIUM","545","2025-12-24 09:31:56","2025-12-24 09:41:01","",""
"MILK","","Point of Sale","2","1x 12oz/Medium; 1x 16oz/Large","279","2025-12-24 09:39:07","2025-12-24 09:43:46","",""
"MILK","","Point of Sale","2","1x Plain Croissant; 1x 16oz/ICED MEDIUM","310","2025-12-24 09:41:15","2025-12-24 09:46:25","",""
"MILK","Ble dres","Point of Sale","1","1x 12oz/ICED SMALL","292","2025-12-24 09:41:33","2025-12-24 09:46:25","",""
"MILK","","Point of Sale","2","1x 12oz/Medium; 1x ","248","2025-12-24 09:42:18","2025-12-24 09:46:26","",""
"MILK","","Point of Sale","1","1x 6oz","542","2025-12-24 09:43:24","2025-12-24 09:52:26","",""
"MILK","Hair","Point of Sale","1","1x 16oz/ICED MEDIUM","129","2025-12-24 09:45:58","2025-12-24 09:48:07","",""
"MILK","Grewassys","Point of Sale","2","2x 12oz/Medium","363","2025-12-24 09:46:22","2025-12-24 09:52:25","",""
"MILK","Picolo","Point of Sale","1","1x 4oz/Pic, Esp, Dop","248","2025-12-24 09:48:56","2025-12-24 09:53:04","",""
"MILK","","Point of Sale","1","1x 12oz/Medium","307","2025-12-24 09:49:25","2025-12-24 09:54:32","",""
"MILK","Fentrekink","Point of Sale","4","1x 8oz/Small; 1x 8oz/Small; 1x 8oz/Small; 1x 12oz/Medium","501","2025-12-24 09:49:49","2025-12-24 09:58:10","",""
"MILK","","Point of Sale","1","1x TOASTIE","737","2025-12-24 09:50:01","2025-12-24 10:02:18","",""
"MILK","","Point of Sale","1","1x 12oz/Medium","671","2025-12-24 09:51:08","2025-12-24 10:02:19","",""
"MILK","","Point of Sale","1","1x 16oz/ICED MEDIUM","656","2025-12-24 09:51:53","2025-12-24 10:02:49","",""
"MILK","Bawpriews","Point of Sale","2","1x 12oz/Medium; 1x 12oz/Medium","634","2025-12-24 09:52:16","2025-12-24 10:02:50","",""
"MILK","","Point of Sale","3","1x A Sweet Muffin; 2x 12oz/Medium","779","2025-12-24 09:54:12","2025-12-24 10:07:11","",""
"MILK","","Point of Sale","5","1x 16oz/ICED MEDIUM; 1x 6oz; 1x 16oz/ICED MEDIUM; 1x 16oz/ICED MEDIUM; 1x 16oz/ICED MEDIUM","870","2025-12-24 09:57:24","2025-12-24 10:11:54","",""
"MILK","Pink ddue","Point of Sale","2","1x Plain Croissant; 1x 8oz/Small","716","2025-12-24 09:59:59","2025-12-24 10:11:55","",""
"MILK","","Point of Sale","4","1x 12oz/Medium; 1x 8oz/Small; 1x 8oz/Small; 1x 500g Beans","400","2025-12-24 10:10:05","2025-12-24 10:16:45","",""
"MILK","Dije in rudy","Point of Sale","2","1x 4oz/Pic, Esp, Dop; 1x 6oz","310","2025-12-24 10:11:33","2025-12-24 10:16:43","",""
"MILK","","Point of Sale","1","1x 250g Beans","985","2025-12-24 10:13:11","2025-12-24 10:29:36","",""
"MILK","","Point of Sale","1","1x 20oz\ICED LARGE","823","2025-12-24 10:15:54","2025-12-24 10:29:37","",""
"MILK","","Point of Sale","2","1x 6oz; 1x Ham And Cheese Croissant","231","2025-12-24 10:25:47","2025-12-24 10:29:38","",""
"MILK","","Point of Sale","2","1x 4oz/Pic, Esp, Dop; 1x 12oz/ICED SMALL","340","2025-12-24 10:26:27","2025-12-24 10:32:07","",""
"MILK","Keep","Point of Sale","1","1x 16oz/ICED MEDIUM","260","2025-12-24 10:27:47","2025-12-24 10:32:07","",""
"MILK","","Point of Sale","1","1x 12oz/Medium","357","2025-12-24 10:28:00","2025-12-24 10:33:57","",""
"MILK","","Point of Sale","1","1x 16oz/ICED MEDIUM","160","2025-12-24 10:31:15","2025-12-24 10:33:55","",""
"MILK","Fila","Point of Sale","1","1x 12oz/Medium","374","2025-12-24 10:31:55","2025-12-24 10:38:09","",""
"MILK","","Point of Sale","2","1x 8oz/Small; 1x 8oz/Small","198","2025-12-24 10:35:51","2025-12-24 10:39:09","",""
"MILK","Red","Point of Sale","1","1x 12oz/Medium","734","2025-12-24 10:36:43","2025-12-24 10:48:57","",""
"MILK","","Point of Sale","1","1x 6oz","412","2025-12-24 10:42:06","2025-12-24 10:48:58","",""
"MILK","","Point of Sale","2","1x TOASTIE; 1x 12oz/ICED SMALL","691","2025-12-24 10:45:06","2025-12-24 10:56:37","",""
"MILK","","Point of Sale","2","1x 500g Beans; 1x 12oz/Medium","641","2025-12-24 10:45:55","2025-12-24 10:56:36","",""
"MILK","","Point of Sale","1","1x TOASTIE","618","2025-12-24 10:46:17","2025-12-24 10:56:35","",""
"MILK","","Point of Sale","1","1x 8oz/Small","386","2025-12-24 10:50:08","2025-12-24 10:56:34","",""
"MILK","","Point of Sale","4","1x 8oz/Small; 1x 12oz/Medium; 1x TOASTIE; 1x TOASTIE","560","2025-12-24 10:52:36","2025-12-24 11:01:56","",""
"MILK","Fw","Point of Sale","1","1x 16oz/Large","496","2025-12-24 10:53:43","2025-12-24 11:01:59","",""
"MILK","","Point of Sale","1","1x 12oz/Medium","1709","2025-12-30 05:26:25","2025-12-30 05:54:54","",""
"MILK","","Point of Sale","2","1x 16oz/Large; 1x 16oz/Large","662","2025-12-30 05:43:52","2025-12-30 05:54:54","",""
"MILK","","Point of Sale","2","1x 8oz/Small; 1x 12oz/Medium","495","2025-12-30 05:46:40","2025-12-30 05:54:55","",""
"MILK","","Point of Sale","2","1x 16oz/ICED MEDIUM; 1x 8oz/Small","442","2025-12-30 05:47:34","2025-12-30 05:54:56","",""
"MILK","","Point of Sale","1","1x 16oz/Large","382","2025-12-30 05:48:35","2025-12-30 05:54:57","",""
"MILK","","Point of Sale","1","1x 4oz/Pic, Esp, Dop","592","2025-12-30 05:51:00","2025-12-30 06:00:52","",""
"MILK","","Point of Sale","1","1x 12oz/Medium","569","2025-12-30 05:51:23","2025-12-30 06:00:52","",""
"MILK","","Point of Sale","2","1x 20oz\ICED LARGE; 1x 20oz\ICED LARGE","543","2025-12-30 05:51:50","2025-12-30 06:00:53","",""
"MILK","","Point of Sale","1","1x 16oz/ICED MEDIUM","524","2025-12-30 05:52:09","2025-12-30 06:00:53","",""
"MILK","","Point of Sale","1","1x 1kg Beans","877","2025-12-30 05:59:18","2025-12-30 06:13:55","",""
"MILK","","Point of Sale","1","1x 4oz/Pic, Esp, Dop","444","2025-12-30 06:06:31","2025-12-30 06:13:55","",""
"MILK","","Point of Sale","2","1x 8oz/Small; 1x 12oz/Medium","405","2025-12-30 06:07:11","2025-12-30 06:13:56","",""
"MILK","","Point of Sale","1","1x 12oz/Medium","1231","2025-12-30 06:09:54","2025-12-30 06:30:25","",""
"MILK","","Point of Sale","1","1x 8oz/Small","1131","2025-12-30 06:11:35","2025-12-30 06:30:26","",""
"MILK","","Point of Sale","2","2x 6oz","1094","2025-12-30 06:12:12","2025-12-30 06:30:26","",""
"MILK","","Point of Sale","2","1x TOASTIE; 1x 8oz/Small","609","2025-12-30 06:20:19","2025-12-30 06:30:28","",""
"MILK","","Point of Sale","1","1x 12oz/Medium","493","2025-12-30 06:22:15","2025-12-30 06:30:28","",""
"MILK","","Point of Sale","1","1x 16oz/Large","1522","2025-12-30 06:23:01","2025-12-30 06:48:23","",""
"MILK","","Point of Sale","2","1x 12oz/Medium; 1x 250g Beans","1333","2025-12-30 06:26:08","2025-12-30 06:48:21","",""
"MILK","","Point of Sale","2","1x 8oz/Small; 1x 12oz/ICED SMALL","950","2025-12-30 06:32:30","2025-12-30 06:48:20","",""
"MILK","","Point of Sale","1","1x 16oz/Large","807","2025-12-30 06:34:54","2025-12-30 06:48:21","",""
"MILK","Georga","Point of Sale","1","1x 12oz/ICED SMALL","731","2025-12-30 06:36:11","2025-12-30 06:48:22","",""
"MILK","","Point of Sale","3","1x ; 1x 12oz/Medium; 1x Ham And Cheese Croissant","406","2025-12-30 06:41:37","2025-12-30 06:48:23","",""
"MILK","","Point of Sale","2","1x 6oz; 1x 12oz/Medium","707","2025-12-30 06:42:20","2025-12-30 06:54:07","",""
"MILK","","Point of Sale","1","1x 8oz/Small","646","2025-12-30 06:43:23","2025-12-30 06:54:09","",""
"MILK","","Point of Sale","2","1x 16oz/ICED MEDIUM; 1x 16oz/ICED MEDIUM","579","2025-12-30 06:44:30","2025-12-30 06:54:09","",""
"MILK","","Point of Sale","1","1x 12oz/Medium","531","2025-12-30 06:45:19","2025-12-30 06:54:10","",""
"MILK","","Point of Sale","3","2x 12oz/Medium; 1x 12oz/Medium","678","2025-12-30 06:48:07","2025-12-30 06:59:25","",""
"MILK","Renee","Point of Sale","3","1x 16oz/Large; 1x 12oz/ICED SMALL; 1x 12oz/ICED SMALL","633","2025-12-30 06:48:54","2025-12-30 06:59:27","",""
"MILK","Helen","Point of Sale","5","1x 12oz/Medium; 2x Babycino; 1x 12oz/Medium; 1x 16oz/ICED MEDIUM","1519","2025-12-30 06:52:09","2025-12-30 07:17:28","",""
"MILK","Tom","Point of Sale","1","1x 8oz/Small","1431","2025-12-30 06:52:34","2025-12-30 07:16:25","",""
"MILK","Tom","Point of Sale","2","2x 6oz","1408","2025-12-30 06:52:57","2025-12-30 07:16:25","",""
"MILK","","Point of Sale","4","3x Plain Croissant; 1x 8oz/Small","718","2025-12-30 07:04:28","2025-12-30 07:16:26","",""
"MILK","","Point of Sale","2","1x 4oz/Pic, Esp, Dop; 1x 16oz/ICED MEDIUM","549","2025-12-30 07:07:20","2025-12-30 07:16:29","",""
"MILK","","Point of Sale","4","1x Plain Croissant; 2x 6oz; 1x Fruit Juice","447","2025-12-30 07:09:09","2025-12-30 07:16:36","",""
"MILK","","Point of Sale","2","1x 8oz/Small; 1x 8oz/Small","408","2025-12-30 07:09:42","2025-12-30 07:16:30","",""
"MILK","","Point of Sale","2","1x 12oz/ICED SMALL; 1x 16oz/ICED MEDIUM","738","2025-12-30 07:12:01","2025-12-30 07:24:19","",""
"MILK","","Point of Sale","1","1x 16oz/Large","698","2025-12-30 07:12:43","2025-12-30 07:24:21","",""
"MILK","Pink","Point of Sale","1","1x 12oz/ICED SMALL","917","2025-12-30 07:13:23","2025-12-30 07:28:40","",""
"MILK","","Point of Sale","1","1x 8oz/Small","901","2025-12-30 07:13:39","2025-12-30 07:28:40","",""
"MILK","Damien","Point of Sale","1","1x 16oz/Large","810","2025-12-30 07:15:12","2025-12-30 07:28:42","",""
"MILK","","Point of Sale","1","1x TOASTIE","789","2025-12-30 07:15:33","2025-12-30 07:28:42","",""
"MILK","","Point of Sale","1","1x 12oz/Medium","815","2025-12-30 07:16:11","2025-12-30 07:29:46","",""
"MILK","","Point of Sale","2","1x 8oz/Small; 1x 6oz","924","2025-12-30 07:20:13","2025-12-30 07:35:37","",""
"MILK","","Point of Sale","1","1x 12oz/Medium","799","2025-12-30 07:22:18","2025-12-30 07:35:37","",""
"MILK","","Point of Sale","1","1x 6oz","804","2025-12-30 07:23:30","2025-12-30 07:36:54","",""
"MILK","Mostache blkqck tshirt","Point of Sale","2","2x 12oz/Medium","758","2025-12-30 07:24:42","2025-12-30 07:37:20","",""
"MILK","Nat","Point of Sale","1","1x 12oz/ICED SMALL","983","2025-12-30 07:25:28","2025-12-30 07:41:51","",""
"MILK","Bianca","Point of Sale","1","1x 12oz/Medium","865","2025-12-30 07:27:26","2025-12-30 07:41:51","",""
"MILK","King g","Point of Sale","2","1x TOASTIE; 1x 16oz/ICED MEDIUM","813","2025-12-30 07:28:20","2025-12-30 07:41:53","",""
"MILK","Lskd black","Point of Sale","1","1x 20oz\ICED LARGE","913","2025-12-30 07:28:52","2025-12-30 07:44:05","",""
"MILK","Black shirt gym","Point of Sale","1","1x 16oz/ICED MEDIUM","872","2025-12-30 07:29:33","2025-12-30 07:44:05","",""
"MILK","Roz","Point of Sale","1","1x 8oz/Small","830","2025-12-30 07:30:16","2025-12-30 07:44:06","",""
"MILK","Glen","Point of Sale","2","2x 4oz/Pic, Esp, Dop","787","2025-12-30 07:31:00","2025-12-30 07:44:07","",""
"MILK","Numbers shirt","Point of Sale","1","1x 12oz/Medium","756","2025-12-30 07:31:30","2025-12-30 07:44:06","",""
"MILK","","Point of Sale","1","1x 16oz/Large","733","2025-12-30 07:36:23","2025-12-30 07:48:36","",""
"MILK","","Point of Sale","2","1x 16oz/Large; 1x 16oz/Large","371","2025-12-30 07:42:25","2025-12-30 07:48:36","",""
"MILK","","Point of Sale","1","1x 12oz/Medium","151","2025-12-30 07:46:05","2025-12-30 07:48:36","",""
"MILK","Whiteblskd","Point of Sale","1","1x 8oz/Small","894","2025-12-30 07:49:58","2025-12-30 08:04:52","",""
"MILK","Puma lady","Point of Sale","1","1x 16oz/Large","806","2025-12-30 07:51:25","2025-12-30 08:04:51","",""
"MILK","","Point of Sale","1","1x Fiji Water","777","2025-12-30 07:51:57","2025-12-30 08:04:54","",""
"MILK","Baby","Point of Sale","1","1x 16oz/Large","744","2025-12-30 07:52:30","2025-12-30 08:04:54","",""
"MILK","Couple","Point of Sale","2","1x 16oz/Large; 1x 12oz/ICED SMALL","321","2025-12-30 07:59:33","2025-12-30 08:04:54","",""
"MILK","","Point of Sale","1","1x 12oz/Medium","752","2025-12-30 08:00:29","2025-12-30 08:13:01","",""
"MILK","","Point of Sale","2","2x 1kg Beans","721","2025-12-30 08:00:59","2025-12-30 08:13:00","",""
"MILK","","Point of Sale","1","1x 16oz/Large","605","2025-12-30 08:02:55","2025-12-30 08:13:00","",""
"MILK","","Point of Sale","1","1x 12oz/Medium","317","2025-12-30 08:07:42","2025-12-30 08:12:59","",""
"MILK","Pink shirt","Point of Sale","3","1x 12oz/Medium; 2x 16oz/ICED MEDIUM","332","2025-12-30 08:09:34","2025-12-30 08:15:06","",""
"MILK","Disney hazelnut in coffee","Point of Sale","1","1x 16oz/ICED MEDIUM","279","2025-12-30 08:10:27","2025-12-30 08:15:06","",""
"MILK","Gym black t","Point of Sale","1","1x 8oz/Small","387","2025-12-30 08:11:12","2025-12-30 08:17:39","",""
"MILK","Pink gym","Point of Sale","1","1x 12oz/Medium","363","2025-12-30 08:11:37","2025-12-30 08:17:40","",""
"MILK","Blue gym ","Point of Sale","1","1x 16oz/ICED MEDIUM","333","2025-12-30 08:12:08","2025-12-30 08:17:41","",""
"MILK","Khaku gm ","Point of Sale","1","1x 12oz/Medium","445","2025-12-30 08:12:41","2025-12-30 08:20:06","",""
"MILK","Paul","Point of Sale","1","1x 12oz/Medium","404","2025-12-30 08:13:21","2025-12-30 08:20:05","",""
"MILK","","Point of Sale","1","1x 20oz\ICED LARGE","465","2025-12-30 08:16:28","2025-12-30 08:24:13","",""
"MILK","Black shirt sauage","Point of Sale","2","1x 4oz/Pic, Esp, Dop; 1x 16oz/ICED MEDIUM","344","2025-12-30 08:18:30","2025-12-30 08:24:14","",""
"MILK","","Point of Sale","1","1x 16oz/Large","278","2025-12-30 08:19:36","2025-12-30 08:24:14","",""
"MILK","","Point of Sale","1","1x 8oz/Small","402","2025-12-30 08:25:24","2025-12-30 08:32:06","",""
"MILK","","Point of Sale","2","1x 12oz/Medium; 1x 12oz/Medium","308","2025-12-30 08:26:57","2025-12-30 08:32:05","",""
"MILK","Lskd whiute","Point of Sale","3","1x 12oz/ICED SMALL; 1x 6oz; 1x Babycino","546","2025-12-30 08:28:29","2025-12-30 08:37:35","",""
"MILK","Indigenous shirt couple","Point of Sale","2","1x 16oz/Large; 1x 8oz/Small","500","2025-12-30 08:29:16","2025-12-30 08:37:36","",""
"MILK","Beige shirt","Point of Sale","3","2x 16oz/Large; 1x 16oz/ICED MEDIUM","423","2025-12-30 08:30:34","2025-12-30 08:37:37","",""
"MILK","Black singlet young ","Point of Sale","1","1x 12oz/Medium","584","2025-12-30 08:31:20","2025-12-30 08:41:04","",""
"MILK","Nike white singlet","Point of Sale","1","1x 12oz/Medium","550","2025-12-30 08:31:54","2025-12-30 08:41:04","",""
"MILK","Ann","Point of Sale","1","1x 6oz","510","2025-12-30 08:32:33","2025-12-30 08:41:03","",""
"MILK","Yellow tshirt","Point of Sale","1","1x 12oz/Medium","643","2025-12-30 08:33:16","2025-12-30 08:43:59","",""
"MILK","Black crossnover bag","Point of Sale","1","1x 12oz/Medium","1027","2025-12-30 08:33:56","2025-12-30 08:51:03","",""
"MILK","Black tshirt good vibes","Point of Sale","1","1x 20oz\ICED LARGE","961","2025-12-30 08:35:02","2025-12-30 08:51:03","",""
"MILK","Lady checkerd shirt","Point of Sale","1","1x 8oz/Small","919","2025-12-30 08:35:45","2025-12-30 08:51:04","",""
"MILK","Black polo ","Point of Sale","2","1x 12oz/Medium; 1x Ham And Cheese Croissant","795","2025-12-30 08:37:50","2025-12-30 08:51:05","",""
"MILK","","Point of Sale","1","1x 6oz","1125","2025-12-30 08:51:48","2025-12-30 09:10:33","",""
"MILK","","Point of Sale","1","1x 12oz/Medium","1104","2025-12-30 08:52:10","2025-12-30 09:10:34","",""
"MILK","","Point of Sale","1","1x 16oz/ICED MEDIUM","607","2025-12-30 09:00:27","2025-12-30 09:10:34","",""
"MILK","","Point of Sale","1","1x 8oz/Small","339","2025-12-30 09:04:56","2025-12-30 09:10:35","",""
"MILK","","Point of Sale","1","1x 16oz/Large","520","2025-12-30 09:06:04","2025-12-30 09:14:44","",""
"MILK","","Point of Sale","2","1x 16oz/ICED MEDIUM; 1x TOASTIE","1180","2025-12-30 09:06:55","2025-12-30 09:26:35","",""
"MILK","","Point of Sale","2","1x 16oz/ICED MEDIUM; 1x TOASTIE","449","2025-12-30 09:07:14","2025-12-30 09:14:43","",""
"MILK","","Point of Sale","1","1x 20oz\ICED LARGE","425","2025-12-30 09:07:37","2025-12-30 09:14:42","",""
"MILK","","Point of Sale","1","1x 12oz/Medium","1107","2025-12-30 09:08:07","2025-12-30 09:26:34","",""
"MILK","","Point of Sale","1","1x 12oz/Medium","837","2025-12-30 09:12:37","2025-12-30 09:26:34","",""
"MILK","","Point of Sale","1","1x 12oz/Medium","624","2025-12-30 09:16:09","2025-12-30 09:26:33","",""
"MILK","","Point of Sale","2","1x Babycino; 1x 12oz/Medium","540","2025-12-30 09:17:34","2025-12-30 09:26:34","",""
"MILK","","Point of Sale","2","1x Plain Croissant; 1x 12oz/ICED SMALL","1512","2025-12-30 09:19:53","2025-12-30 09:45:05","",""
"MILK","","Point of Sale","2","1x 16oz/ICED MEDIUM; 1x 16oz/ICED MEDIUM","1388","2025-12-30 09:21:57","2025-12-30 09:45:05","",""
"MILK","","Point of Sale","1","1x 12oz/Medium","1330","2025-12-30 09:22:56","2025-12-30 09:45:06","",""
"MILK","","Point of Sale","2","1x 12oz/Medium; 1x 12oz/Medium","1303","2025-12-30 09:23:24","2025-12-30 09:45:07","",""
"MILK","","Point of Sale","1","1x 8oz/Small","1139","2025-12-30 09:26:08","2025-12-30 09:45:07","",""
"MILK","","Point of Sale","1","1x 12oz/Medium","908","2025-12-30 09:30:00","2025-12-30 09:45:08","",""
"MILK","","Point of Sale","1","1x 12oz/Medium","691","2025-12-30 09:33:38","2025-12-30 09:45:09","",""
"MILK","","Point of Sale","1","1x 12oz/Medium","289","2025-12-30 09:40:20","2025-12-30 09:45:09","",""
"MILK","","Point of Sale","1","1x 12oz/Medium","729","2025-12-30 09:42:24","2025-12-30 09:54:33","",""
"MILK","","Point of Sale","1","1x 8oz/Small","690","2025-12-30 09:43:02","2025-12-30 09:54:32","",""
"MILK","","Point of Sale","1","1x 20oz\ICED LARGE","656","2025-12-30 09:43:35","2025-12-30 09:54:31","",""
"MILK","","Point of Sale","2","2x 12oz/Medium","641","2025-12-30 09:43:49","2025-12-30 09:54:30","",""
"MILK","","Point of Sale","1","1x TOASTIE","1181","2025-12-30 09:44:31","2025-12-30 10:04:12","",""
"MILK","","Point of Sale","2","1x 16oz/ICED MEDIUM; 1x 16oz/ICED MEDIUM","897","2025-12-30 09:49:15","2025-12-30 10:04:12","",""
"MILK","","Point of Sale","1","1x 12oz/ICED SMALL","850","2025-12-30 09:50:01","2025-12-30 10:04:11","",""
"MILK","","Point of Sale","2","1x Plain Croissant; 1x 12oz/Medium","639","2025-12-30 09:53:31","2025-12-30 10:04:10","",""
"MILK","","Point of Sale","2","1x 16oz/Large; 1x 16oz/ICED MEDIUM","620","2025-12-30 09:53:50","2025-12-30 10:04:10","",""
"MILK","","Point of Sale","1","1x 16oz/ICED MEDIUM","695","2025-12-30 09:55:30","2025-12-30 10:07:05","",""
"MILK","","Point of Sale","1","1x 12oz/Medium","1194","2025-12-30 10:03:06","2025-12-30 10:23:00","",""
"MILK","","Point of Sale","2","1x 12oz/Medium; 1x 4oz/Pic, Esp, Dop","1044","2025-12-30 10:05:36","2025-12-30 10:23:00","",""
"MILK","","Point of Sale","1","1x 12oz/Medium","536","2025-12-30 10:06:02","2025-12-30 10:14:58","",""
"MILK","","Point of Sale","2","1x 4oz/Pic, Esp, Dop; 1x 12oz/ICED SMALL","483","2025-12-30 10:06:54","2025-12-30 10:14:57","",""
"MILK","","Point of Sale","2","1x 16oz/ICED MEDIUM; 1x 16oz/Large","762","2025-12-30 10:10:19","2025-12-30 10:23:01","",""
"MILK","","Point of Sale","2","1x 12oz/Medium; 1x 12oz/Medium","589","2025-12-30 10:13:13","2025-12-30 10:23:02","",""
"MILK","","Point of Sale","2","1x 12oz/Medium; 1x 16oz/Large","550","2025-12-30 10:13:53","2025-12-30 10:23:03","",""
"MILK","","Point of Sale","2","1x Sweet Pastry; 1x 8oz/Small","1287","2025-12-30 10:14:47","2025-12-30 10:36:14","",""
"MILK","","Point of Sale","2","1x 8oz/Small; 1x 12oz/ICED SMALL","916","2025-12-30 10:21:00","2025-12-30 10:36:16","",""
"MILK","","Point of Sale","4","2x 12oz/ICED SMALL; 2x 12oz/Medium","661","2025-12-30 10:25:13","2025-12-30 10:36:14","",""
"MILK","","Point of Sale","1","1x 12oz/Medium","536","2025-12-30 10:27:19","2025-12-30 10:36:15","",""
"MILK","","Point of Sale","1","1x 12oz/Medium","524","2025-12-30 10:27:32","2025-12-30 10:36:16","",""
"MILK","","Point of Sale","4","1x TOASTIE; 1x 20oz\ICED LARGE; 1x 20oz\ICED LARGE; 1x TOASTIE","1242","2025-12-30 10:31:01","2025-12-30 10:51:43","",""
"MILK","","Point of Sale","2","1x Ham And Cheese Croissant; 1x 8oz/Small","815","2025-12-30 10:38:09","2025-12-30 10:51:44","",""
"MILK","","Point of Sale","2","1x 16oz/ICED MEDIUM; 1x 12oz/Medium","757","2025-12-30 10:39:07","2025-12-30 10:51:44","",""
"MILK","","Point of Sale","1","1x 16oz/ICED MEDIUM","1459","2025-12-30 10:39:40","2025-12-30 11:03:59","",""
"MILK","","Point of Sale","1","1x 12oz/ICED SMALL","1437","2025-12-30 10:40:02","2025-12-30 11:03:59","",""
"MILK","","Point of Sale","1","1x 1kg Beans","1178","2025-12-30 10:44:22","2025-12-30 11:04:00","",""
"MILK","","Point of Sale","2","1x 16oz/ICED MEDIUM; 1x 12oz/ICED SMALL","865","2025-12-30 10:49:35","2025-12-30 11:04:00","",""
"MILK","","Point of Sale","1","1x 16oz/ICED MEDIUM","598","2025-12-30 10:54:03","2025-12-30 11:04:01","",""
"MILK","","Point of Sale","2","1x 12oz/Medium; 1x 12oz/Medium","865","2025-12-30 10:54:55","2025-12-30 11:09:20","",""
"MILK","","Point of Sale","1","1x 16oz/ICED MEDIUM","584","2025-12-30 10:59:37","2025-12-30 11:09:21","",""
"MILK","","Point of Sale","1","1x 16oz/ICED MEDIUM","570","2025-12-30 10:59:51","2025-12-30 11:09:21","",""
"MILK","","Point of Sale","1","1x 20oz\ICED LARGE","528","2025-12-30 11:00:34","2025-12-30 11:09:22","",""
"MILK","","Point of Sale","2","1x 12oz/Medium; 1x 12oz/Medium","60809","2025-12-30 11:04:27","2025-12-31 03:57:56","",""
"MILK","","Point of Sale","1","1x Plain Croissant","1133","2025-12-31 05:16:11","2025-12-31 05:35:04","",""
"MILK","","Point of Sale","1","1x 12oz/Medium","633","2025-12-31 05:24:30","2025-12-31 05:35:03","",""
"MILK","","Point of Sale","2","2x Plain Croissant","501","2025-12-31 05:26:42","2025-12-31 05:35:03","",""
"MILK","","Point of Sale","1","1x 12oz/Medium","211","2025-12-31 05:31:34","2025-12-31 05:35:05","",""
"MILK","","Point of Sale","1","1x 12oz/Medium","87","2025-12-31 05:33:39","2025-12-31 05:35:06","",""
"MILK","","Point of Sale","1","1x 20oz\ICED LARGE","857","2025-12-31 05:33:55","2025-12-31 05:48:12","",""
"MILK","","Point of Sale","1","1x 8oz/Small","831","2025-12-31 05:34:22","2025-12-31 05:48:13","",""
"MILK","","Point of Sale","1","1x 16oz/ICED MEDIUM","816","2025-12-31 05:34:37","2025-12-31 05:48:13","",""
"MILK","","Point of Sale","2","1x 12oz/Medium; 1x 16oz/Large","701","2025-12-31 05:36:32","2025-12-31 05:48:13","",""
"MILK","","Point of Sale","1","1x 12oz/ICED SMALL","420","2025-12-31 05:41:14","2025-12-31 05:48:14","",""
"MILK","","Point of Sale","1","1x 16oz/Large","645","2025-12-31 05:41:55","2025-12-31 05:52:40","",""
"MILK","","Point of Sale","4","1x 12oz/Medium; 1x Famous Soda; 1x TOASTIE; 1x 8oz/Small","1149","2025-12-31 05:47:44","2025-12-31 06:06:53","",""
"MILK","","Point of Sale","2","1x TOASTIE; 1x 8oz/Small","1118","2025-12-31 05:48:15","2025-12-31 06:06:53","",""
"MILK","Rose","Point of Sale","1","1x 12oz/Medium","721","2025-12-31 05:54:51","2025-12-31 06:06:52","",""
"MILK","Jake","Point of Sale","1","1x 16oz/Large","542","2025-12-31 05:57:50","2025-12-31 06:06:52","",""
"MILK","","Point of Sale","3","3x 12oz/Medium","470","2025-12-31 05:59:01","2025-12-31 06:06:51","",""
"MILK","Nathan","Point of Sale","1","1x 12oz/Medium","792","2025-12-31 06:01:59","2025-12-31 06:15:11","",""
"MILK","","Point of Sale","2","1x 12oz/Medium; 1x 12oz/Medium","616","2025-12-31 06:04:55","2025-12-31 06:15:11","",""
"MILK","Chris","Point of Sale","2","1x 16oz/Large; 1x 16oz/Large","580","2025-12-31 06:05:31","2025-12-31 06:15:11","",""
"MILK","","Point of Sale","1","1x 16oz/ICED MEDIUM","87","2025-12-31 06:13:42","2025-12-31 06:15:09","",""
"MILK","Rach","Point of Sale","1","1x 12oz/Medium","265","2025-12-31 06:17:49","2025-12-31 06:22:14","",""
"MILK","Jason","Point of Sale","2","2x 12oz/Medium","233","2025-12-31 06:18:22","2025-12-31 06:22:15","",""
"MILK","Nash","Point of Sale","2","1x Fruit Juice; 1x TOASTIE","290","2025-12-31 06:18:47","2025-12-31 06:23:37","",""
"MILK","Rach","Point of Sale","2","1x 12oz/Medium; 1x Fiji Water","233","2025-12-31 06:19:42","2025-12-31 06:23:35","",""
"MILK","","Point of Sale","1","1x 12oz/Medium","212","2025-12-31 06:20:03","2025-12-31 06:23:35","",""
"MILK","Rach","Point of Sale","1","1x Ham And Cheese Croissant","194","2025-12-31 06:20:19","2025-12-31 06:23:33","",""
"MILK","Leanne","Point of Sale","1","1x 16oz/ICED MEDIUM","177","2025-12-31 06:20:37","2025-12-31 06:23:34","",""
"MILK","Karen","Point of Sale","2","1x 8oz/Small; 1x 12oz/Medium","358","2025-12-31 06:21:33","2025-12-31 06:27:31","",""
"MILK","Mel","Point of Sale","1","1x 12oz/ICED SMALL","323","2025-12-31 06:22:09","2025-12-31 06:27:32","",""
"MILK","Lou","Point of Sale","1","1x Kombucha","299","2025-12-31 06:22:33","2025-12-31 06:27:32","",""
"MILK","Tom","Point of Sale","1","1x 8oz/Small","167","2025-12-31 06:24:46","2025-12-31 06:27:33","",""
"MILK","Kristian","Point of Sale","1","1x 16oz/ICED MEDIUM","236","2025-12-31 06:25:08","2025-12-31 06:29:04","",""
"MILK","Jane","Point of Sale","1","1x 12oz/Medium","129","2025-12-31 06:26:56","2025-12-31 06:29:05","",""
"MILK","Anthony","Point of Sale","1","1x 6oz","406","2025-12-31 06:27:16","2025-12-31 06:34:02","",""
"MILK","Sam","Point of Sale","1","1x 20oz\ICED LARGE","373","2025-12-31 06:27:50","2025-12-31 06:34:03","",""
"MILK","Matt","Point of Sale","1","1x 16oz/Large","357","2025-12-31 06:28:07","2025-12-31 06:34:04","",""
"MILK","Soph","Point of Sale","1","1x 12oz/Medium","176","2025-12-31 06:31:09","2025-12-31 06:34:05","",""
"MILK","Steve","Point of Sale","1","1x 8oz/Small","119","2025-12-31 06:32:06","2025-12-31 06:34:05","",""
"MILK","","Point of Sale","1","1x 12oz/Medium","1811","2025-12-31 06:35:43","2025-12-31 07:05:54","",""
"MILK","Kate","Point of Sale","1","1x 8oz/Small","634","2025-12-31 06:40:02","2025-12-31 06:50:36","",""
"MILK","Luke","Point of Sale","3","1x 12oz/Medium; 1x Babycino; 1x 8oz/Small","315","2025-12-31 06:45:21","2025-12-31 06:50:36","",""
"MILK","Corey","Point of Sale","1","1x 16oz/Large","285","2025-12-31 06:45:52","2025-12-31 06:50:37","",""
"MILK","Loz","Point of Sale","2","1x Babycino; 1x 8oz/Small","220","2025-12-31 06:46:57","2025-12-31 06:50:37","",""
"MILK","Alex","Point of Sale","3","2x 6oz; 1x Babycino","862","2025-12-31 06:51:32","2025-12-31 07:05:54","",""
"MILK","Jess","Point of Sale","1","1x 12oz/Medium","609","2025-12-31 06:55:46","2025-12-31 07:05:55","",""
"MILK","Jasmes","Point of Sale","3","1x 16oz/Large; 2x Babycino","570","2025-12-31 06:56:26","2025-12-31 07:05:56","",""
"MILK","Black tshirt","Point of Sale","1","1x 12oz/Medium","300","2025-12-31 07:00:57","2025-12-31 07:05:57","",""
"MILK","Xtra hot","Point of Sale","1","1x 12oz/Medium","431","2025-12-31 07:02:26","2025-12-31 07:09:37","",""
"MILK","Damian","Point of Sale","2","1x Babycino; 1x 16oz/Large","271","2025-12-31 07:05:07","2025-12-31 07:09:38","",""
"MILK","Black glasses","Point of Sale","1","1x 8oz/Small","246","2025-12-31 07:05:32","2025-12-31 07:09:38","",""
"MILK","Blus tshirt cap","Point of Sale","1","1x 12oz/Medium","917","2025-12-31 07:06:32","2025-12-31 07:21:49","",""
"MILK","Gav","Point of Sale","1","1x TOASTIE","742","2025-12-31 07:09:28","2025-12-31 07:21:50","",""
"MILK","Head band","Point of Sale","2","1x 20oz\ICED LARGE; 1x 16oz/ICED MEDIUM","352","2025-12-31 07:16:00","2025-12-31 07:21:52","",""
"MILK","Damian","Point of Sale","1","1x 16oz/ICED MEDIUM","305","2025-12-31 07:16:48","2025-12-31 07:21:53","",""
"MILK","Blue shirt","Point of Sale","1","1x 16oz/Large","219","2025-12-31 07:18:14","2025-12-31 07:21:53","",""
"MILK","Gym facialnhair ","Point of Sale","3","1x A Sweet Muffin; 2x 12oz/Medium","697","2025-12-31 07:19:08","2025-12-31 07:30:45","",""
"MILK","Mitch","Point of Sale","1","1x 16oz/ICED MEDIUM","395","2025-12-31 07:24:11","2025-12-31 07:30:46","",""
"MILK","Red hat","Point of Sale","1","1x 8oz/Small","349","2025-12-31 07:24:57","2025-12-31 07:30:46","",""
"MILK","Strip shirt","Point of Sale","7","1x 12oz/Medium; 2x Babycino; 2x A Sweet Muffin; 1x 12oz/Medium; 1x 16oz/ICED MEDIUM","60","2025-12-31 07:29:47","2025-12-31 07:30:47","",""
"MILK","Black tshirt cap","Point of Sale","1","1x 16oz/ICED MEDIUM","57","2025-12-31 07:30:47","2025-12-31 07:31:44","",""
"MILK","Black tank top","Point of Sale","1","1x 16oz/ICED MEDIUM","107","2025-12-31 07:31:22","2025-12-31 07:33:09","",""
"MILK","Trent","Point of Sale","1","1x 20oz\ICED LARGE","127","2025-12-31 07:31:46","2025-12-31 07:33:53","",""
"MILK","Red gym","Point of Sale","1","1x 16oz/ICED MEDIUM","251","2025-12-31 07:32:09","2025-12-31 07:36:20","",""
"MILK","Gym man glasses","Point of Sale","1","1x 20oz\ICED LARGE","99","2025-12-31 07:32:33","2025-12-31 07:34:12","",""
"MILK","Bkack gym gkasses","Point of Sale","1","1x 16oz/ICED MEDIUM","192","2025-12-31 07:33:19","2025-12-31 07:36:31","",""
"MILK","Backmpack","Point of Sale","1","1x 16oz/Large","252","2025-12-31 07:34:01","2025-12-31 07:38:13","",""
"MILK","Kgreyvtshirt cap","Point of Sale","2","1x 8oz/Small; 1x 12oz/Medium","257","2025-12-31 07:34:48","2025-12-31 07:39:05","",""
"MILK","Ann","Point of Sale","1","1x 6oz","258","2025-12-31 07:35:19","2025-12-31 07:39:37","",""
"MILK","Whit singler date night shirt","Point of Sale","2","1x 16oz/ICED MEDIUM; 1x 8oz/Small","367","2025-12-31 07:36:25","2025-12-31 07:42:32","",""
"MILK","Purple lskd","Point of Sale","1","1x 12oz/ICED SMALL","393","2025-12-31 07:36:53","2025-12-31 07:43:26","",""
"MILK","Paul","Point of Sale","3","2x 16oz/ICED MEDIUM; 1x Plain Croissant","478","2025-12-31 07:37:33","2025-12-31 07:45:31","",""
"MILK","Roz","Point of Sale","1","1x 8oz/Small","375","2025-12-31 07:38:17","2025-12-31 07:44:32","",""
"MILK","Glen","Point of Sale","2","2x 4oz/Pic, Esp, Dop","757","2025-12-31 07:38:56","2025-12-31 07:51:33","",""
"MILK","Khakiandd cream singlet","Point of Sale","2","1x 8oz/Small; 1x 12oz/ICED SMALL","561","2025-12-31 07:42:12","2025-12-31 07:51:33","",""
"MILK","Bianca","Point of Sale","1","1x 12oz/Medium","490","2025-12-31 07:43:22","2025-12-31 07:51:32","",""
"MILK","Hawaian shirt","Point of Sale","2","1x 12oz/Medium; 1x A Sweet Muffin","218","2025-12-31 07:47:54","2025-12-31 07:51:32","",""
"MILK","Couple ","Point of Sale","3","1x Pupacino; 2x 6oz","490","2025-12-31 07:49:44","2025-12-31 07:57:54","",""
"MILK","Jack willis","Point of Sale","6","1x 8oz/Small; 1x 12oz/ICED SMALL; 1x 16oz/ICED MEDIUM; 1x 16oz/ICED MEDIUM; 2x Fiji Water","375","2025-12-31 07:52:25","2025-12-31 07:58:40","",""
"MILK","Black singletb","Point of Sale","4","1x 8oz/Small; 1x Babycino; 1x 8oz/Small; 1x 12oz/ICED SMALL","696","2025-12-31 07:53:40","2025-12-31 08:05:16","",""
"MILK","Black singlet","Point of Sale","1","1x Ham And Cheese Croissant","432","2025-12-31 07:54:02","2025-12-31 08:01:14","",""
"MILK","","Point of Sale","4","1x 16oz/Large; 1x 500g Beans; 1x Fiji Water; 1x 16oz/Large","783","2025-12-31 07:55:21","2025-12-31 08:08:24","",""
"MILK","French white tshirt","Point of Sale","1","1x 16oz/Large","750","2025-12-31 07:55:55","2025-12-31 08:08:25","",""
"MILK","","Point of Sale","1","1x 1kg Beans","665","2025-12-31 07:57:20","2025-12-31 08:08:25","",""
"MILK","Tshirt hair ha tied back","Point of Sale","1","1x 16oz/Large","668","2025-12-31 07:58:38","2025-12-31 08:09:46","",""
"MILK","","Point of Sale","1","1x Fiji Water","570","2025-12-31 07:59:08","2025-12-31 08:08:38","",""
"MILK","Boack snnies hat","Point of Sale","1","1x 12oz/Medium","713","2025-12-31 07:59:59","2025-12-31 08:11:52","",""
"MILK","Red hat","Point of Sale","2","1x 16oz/Large; 1x 12oz/Medium","724","2025-12-31 08:01:06","2025-12-31 08:13:10","",""
"MILK","Ae shirt","Point of Sale","2","2x 16oz/Large","936","2025-12-31 08:01:44","2025-12-31 08:17:20","",""
"MILK","Bpack polo","Point of Sale","2","1x 12oz/Medium; 1x Plain Croissant","893","2025-12-31 08:02:27","2025-12-31 08:17:20","",""
"MILK","Navy bkue shirt","Point of Sale","1","1x 12oz/Medium","822","2025-12-31 08:03:39","2025-12-31 08:17:21","",""
"MILK","Amour shirt","Point of Sale","1","1x 12oz/ICED SMALL","782","2025-12-31 08:04:20","2025-12-31 08:17:22","",""
"MILK","Brown gym","Point of Sale","1","1x 16oz/ICED MEDIUM","756","2025-12-31 08:04:46","2025-12-31 08:17:22","",""
"MILK","Pink lskd gym ","Point of Sale","1","1x 12oz/Medium","959","2025-12-31 08:05:31","2025-12-31 08:21:30","",""
"MILK","Gym baby blue singlet glasses","Point of Sale","1","1x 12oz/Medium","923","2025-12-31 08:06:06","2025-12-31 08:21:29","",""
"MILK","Male blue tshirt gym","Point of Sale","1","1x 8oz/Small","896","2025-12-31 08:06:32","2025-12-31 08:21:28","",""
"MILK","Adapt blue","Point of Sale","2","1x 12oz/Medium; 1x 12oz/Medium","1056","2025-12-31 08:07:17","2025-12-31 08:24:53","",""
"MILK","Red shirt dog","Point of Sale","1","1x 12oz/Medium","943","2025-12-31 08:10:27","2025-12-31 08:26:10","",""
"MILK","Blondepulled back hair dog","Point of Sale","1","1x 12oz/Medium","929","2025-12-31 08:11:11","2025-12-31 08:26:40","",""
"MILK","Reef house cap","Point of Sale","1","1x 12oz/ICED SMALL","1104","2025-12-31 08:12:05","2025-12-31 08:30:29","",""
"MILK","Checkered shirt  hat","Point of Sale","1","1x 16oz/Large","1061","2025-12-31 08:12:49","2025-12-31 08:30:30","",""
"MILK","Purple shirt oragne cap","Point of Sale","1","1x 16oz/ICED MEDIUM","997","2025-12-31 08:13:54","2025-12-31 08:30:31","",""
"MILK","Curlt hair","Point of Sale","2","1x Breakfast Wrap; 1x 12oz/Medium","1008","2025-12-31 08:17:06","2025-12-31 08:33:54","",""
"MILK","Linen butten up shirt ","Point of Sale","4","1x A Sweet Muffin; 1x 16oz/ICED MEDIUM; 1x A Sweet Muffin; 1x 16oz/ICED MEDIUM","914","2025-12-31 08:18:40","2025-12-31 08:33:54","",""
"MILK","Nike","Point of Sale","2","1x 8oz/Small; 1x 12oz/Medium","1016","2025-12-31 08:20:30","2025-12-31 08:37:26","",""
"MILK","Grey hair ","Point of Sale","1","1x 12oz/Medium","992","2025-12-31 08:20:56","2025-12-31 08:37:28","",""
"MILK","Bob hair gym ","Point of Sale","1","1x 16oz/ICED MEDIUM","1179","2025-12-31 08:21:38","2025-12-31 08:41:17","",""
"MILK","Navy blue shirt gyn","Point of Sale","1","1x 12oz/Medium","1141","2025-12-31 08:22:16","2025-12-31 08:41:17","",""
"MILK","Lskd ","Point of Sale","1","1x Ham And Cheese Croissant","1123","2025-12-31 08:22:35","2025-12-31 08:41:18","",""
"MILK","Cream tshirt little girl","Point of Sale","3","1x Babycino; 1x 8oz/Small; 1x 8oz/Small","1071","2025-12-31 08:23:28","2025-12-31 08:41:19","",""
"MILK","Lskd black tshirt","Point of Sale","3","1x 12oz/ICED SMALL; 1x 6oz; 1x Babycino","965","2025-12-31 08:28:18","2025-12-31 08:44:23","",""
"MILK","Gym white tshirt yeti drink bottle","Point of Sale","1","1x 16oz/ICED MEDIUM","1072","2025-12-31 08:29:05","2025-12-31 08:46:57","",""
"MILK","Blue lskd crop","Point of Sale","1","1x 12oz/ICED SMALL","1046","2025-12-31 08:29:31","2025-12-31 08:46:57","",""
"MILK","Black crop glasses head","Point of Sale","1","1x 12oz/Medium","1002","2025-12-31 08:30:16","2025-12-31 08:46:58","",""
"MILK","Shirt hair lady ","Point of Sale","1","1x 8oz/Small","584","2025-12-31 08:38:28","2025-12-31 08:48:12","",""
"MILK","Physio","Point of Sale","2","1x 12oz/Medium; 1x 12oz/Medium","658","2025-12-31 08:39:11","2025-12-31 08:50:09","",""
"MILK","Pink striped","Point of Sale","1","1x 6oz","623","2025-12-31 08:39:46","2025-12-31 08:50:09","",""
"MILK","Grey molttley shirt","Point of Sale","1","1x 12oz/Medium","658","2025-12-31 08:45:30","2025-12-31 08:56:28","",""
"MILK","Aje stripped ahirt","Point of Sale","1","1x 8oz/Small","543","2025-12-31 08:47:25","2025-12-31 08:56:28","",""
"MILK","Black tshirr rangers western","Point of Sale","1","1x 12oz/Medium","494","2025-12-31 08:48:15","2025-12-31 08:56:29","",""
"MILK","Ralph nlauren polo","Point of Sale","1","1x 12oz/Medium","1422","2025-12-31 08:48:50","2025-12-31 09:12:32","",""
"MILK","Brown tahirt cap","Point of Sale","2","1x 8oz/Small; 1x A Sweet Muffin","409","2025-12-31 08:49:41","2025-12-31 08:56:30","",""
"MILK","Coule greem tshirt man","Point of Sale","4","2x 6oz; 1x TOASTIE; 1x A Savoury Muffin","949","2025-12-31 08:56:44","2025-12-31 09:12:33","",""
"MILK","","Point of Sale","1","1x 20oz\ICED LARGE","860","2025-12-31 08:58:14","2025-12-31 09:12:34","",""
"MILK","Pale pink tshirt","Point of Sale","1","1x 12oz/Medium","524","2025-12-31 09:03:50","2025-12-31 09:12:34","",""
"MILK","Mum and daughter","Point of Sale","2","1x 4oz/Pic, Esp, Dop; 1x 12oz/ICED SMALL","403","2025-12-31 09:05:52","2025-12-31 09:12:35","",""
"MILK","White strapless","Point of Sale","1","1x 12oz/Medium","919","2025-12-31 09:06:31","2025-12-31 09:21:50","",""
"MILK","M hat","Point of Sale","1","1x 16oz/Large","364","2025-12-31 09:15:47","2025-12-31 09:21:51","",""
"MILK","Grey tshirt","Point of Sale","1","1x 12oz/Medium","199","2025-12-31 09:18:30","2025-12-31 09:21:49","",""
"MILK","Tall","Point of Sale","1","1x 8oz/Small","151","2025-12-31 09:19:19","2025-12-31 09:21:50","",""
"MILK","Rachel","Point of Sale","3","1x 16oz/ICED MEDIUM; 1x 12oz/Medium; 1x Sweet Pastry","639","2025-12-31 09:21:46","2025-12-31 09:32:25","",""
"MILK","Black r tshirt","Point of Sale","2","1x 8oz/Small; 1x Breakfast Wrap","608","2025-12-31 09:22:16","2025-12-31 09:32:24","",""
"MILK","Proper twelve cap","Point of Sale","2","1x Fiji Water; 1x 12oz/Medium","574","2025-12-31 09:22:51","2025-12-31 09:32:25","",""
"MILK","Black halter","Point of Sale","1","1x 20oz\ICED LARGE","405","2025-12-31 09:25:40","2025-12-31 09:32:25","",""
"MILK","","Point of Sale","2","1x 16oz/ICED MEDIUM; 1x 12oz/ICED SMALL","192","2025-12-31 09:29:14","2025-12-31 09:32:26","",""
"MILK","","Point of Sale","2","1x 8oz/Small; 1x 8oz/Small","2054","2025-12-31 09:29:56","2025-12-31 10:04:10","",""
"MILK","","Point of Sale","1","1x 16oz/ICED MEDIUM","1715","2025-12-31 09:35:34","2025-12-31 10:04:09","",""
"MILK","","Point of Sale","1","1x 16oz/ICED MEDIUM","1669","2025-12-31 09:36:20","2025-12-31 10:04:09","",""
"MILK","","Point of Sale","1","1x 4oz/Pic, Esp, Dop","1556","2025-12-31 09:38:12","2025-12-31 10:04:08","",""
"MILK","","Point of Sale","1","1x 12oz/ICED SMALL","1283","2025-12-31 09:42:46","2025-12-31 10:04:09","",""
"MILK","","Point of Sale","2","1x 16oz/ICED MEDIUM; 1x 4oz/Pic, Esp, Dop","2316","2025-12-31 09:43:09","2025-12-31 10:21:45","",""
"MILK","","Point of Sale","2","1x 12oz/Medium; 1x A Sweet Muffin","1171","2025-12-31 09:46:07","2025-12-31 10:05:38","",""
"MILK","","Point of Sale","2","2x 12oz/Medium","1148","2025-12-31 09:46:30","2025-12-31 10:05:38","",""
"MILK","","Point of Sale","1","1x 12oz/Medium","694","2025-12-31 09:54:03","2025-12-31 10:05:37","",""
"MILK","","Point of Sale","6","1x 20oz\ICED LARGE; 3x A Sweet Muffin; 1x 16oz/ICED MEDIUM; 1x 16oz/ICED MEDIUM","1114","2025-12-31 10:03:11","2025-12-31 10:21:45","",""
"MILK","","Point of Sale","1","1x 12oz/Medium","408","2025-12-31 10:14:58","2025-12-31 10:21:46","",""
"MILK","","Point of Sale","1","1x ","1197","2025-12-31 10:15:19","2025-12-31 10:35:16","",""
"MILK","","Point of Sale","1","1x TOASTIE","1119","2025-12-31 10:16:38","2025-12-31 10:35:17","",""
"MILK","","Point of Sale","1","1x 16oz/ICED MEDIUM","1089","2025-12-31 10:17:08","2025-12-31 10:35:17","",""
"MILK","","Point of Sale","3","1x 16oz/Large; 1x 16oz/Large; 1x 16oz/ICED MEDIUM","1034","2025-12-31 10:18:03","2025-12-31 10:35:17","",""
"MILK","","Point of Sale","1","1x 8oz/Small","877","2025-12-31 10:20:47","2025-12-31 10:35:24","",""
"MILK","","Point of Sale","1","1x 8oz/Small","773","2025-12-31 10:22:31","2025-12-31 10:35:24","",""
"MILK","","Point of Sale","2","1x 16oz/ICED MEDIUM; 1x 16oz/ICED MEDIUM","708","2025-12-31 10:23:37","2025-12-31 10:35:25","",""
"MILK","","Point of Sale","2","1x 1kg Beans; 1x 12oz/Medium","1608","2025-12-31 10:24:17","2025-12-31 10:51:05","",""
"MILK","","Point of Sale","5","1x 20oz\ICED LARGE; 1x 12oz/ICED SMALL; 1x 12oz/Medium; 2x Plain Croissant","812","2025-12-31 10:29:11","2025-12-31 10:42:43","",""
"MILK","","Point of Sale","1","1x 12oz/Medium","767","2025-12-31 10:29:57","2025-12-31 10:42:44","",""
"MILK","","Point of Sale","1","1x Famous Soda","673","2025-12-31 10:31:31","2025-12-31 10:42:44","",""
"MILK","","Point of Sale","2","1x 16oz/ICED MEDIUM; 1x 12oz/ICED SMALL","998","2025-12-31 10:34:27","2025-12-31 10:51:05","",""
"MILK","","Point of Sale","1","1x Kombucha","475","2025-12-31 10:43:11","2025-12-31 10:51:06","",""
"MILK","","Point of Sale","1","1x 12oz/Medium","68145","2025-12-31 10:46:04","2026-01-01 05:41:49","",""
"MILK","","Point of Sale","1","1x 12oz/Medium","129","2025-12-31 10:48:58","2025-12-31 10:51:07","",""
"MILK","","Point of Sale","1","1x 8oz/Small","67908","2025-12-31 10:50:02","2026-01-01 05:41:50","",""
"MILK","","Point of Sale","1","1x 12oz/ICED SMALL","67655","2025-12-31 10:54:16","2026-01-01 05:41:51","",""
"MILK","","Point of Sale","1","1x 12oz/Medium","67108","2025-12-31 11:03:23","2026-01-01 05:41:51","",""
"MILK","","Point of Sale","1","1x 12oz/Medium","66688","2025-12-31 11:10:35","2026-01-01 05:42:03","",""
